1.000000000 0.000000000 0.000000000 0.000000000 0.000000000 1.000000000 0.000000000 0.000000000 0.000000000 0.000000000 1.000000000 0.000000000
0.999990046 -0.002850440 -0.003428379 -0.006422844 0.002844705 0.999994576 -0.001676625 -0.023559459 0.003433140 0.001666856 0.999992728 0.685452044
0.999968529 -0.001961024 -0.007689579 -0.012915106 0.001939123 0.999994040 -0.002854592 -0.034895431 0.007695132 0.002839591 0.999966383 1.385591626
0.999930322 -0.001865405 -0.011656892 -0.024745906 0.001812637 0.999988079 -0.004535728 -0.031647909 0.011665215 0.004514282 0.999921799 2.095879555
0.999861360 -0.000779938 -0.016632887 -0.045299836 0.000696790 0.999987245 -0.005004259 -0.040528581 0.016636578 0.004991976 0.999849141 2.826734543
0.999780118 -0.001698106 -0.020899812 -0.070118867 0.001591647 0.999985695 -0.005109369 -0.053710602 0.020908190 0.005074981 0.999768496 3.564961433
0.999669313 -0.000010458 -0.025714202 -0.089720316 -0.000150230 0.999980450 -0.006247050 -0.063562289 0.025713766 0.006248847 0.999649823 4.323556900
0.999528944 0.002654198 -0.030575005 -0.124141566 -0.002860450 0.999973416 -0.006704007 -0.077896960 0.030556401 0.006788308 0.999509990 5.092319489
0.999392092 0.003508149 -0.034687020 -0.164896667 -0.003679091 0.999981403 -0.004865529 -0.098572910 0.034669302 0.004990187 0.999386370 5.871718407
0.999233007 0.004050145 -0.038948383 -0.207615435 -0.004135837 0.999989212 -0.002119829 -0.122150026 0.038939375 0.002279287 0.999238968 6.668591499
0.999107897 0.003392045 -0.042093758 -0.268557221 -0.003362304 0.999994040 0.000777314 -0.136850893 0.042096142 -0.000635089 0.999113381 7.498895645
0.998989761 0.005051218 -0.044653416 -0.314556360 -0.005040226 0.999987245 0.000358729 -0.154582217 0.044654660 -0.000133303 0.999002457 8.319260597
0.998890817 0.004510062 -0.046870355 -0.357111514 -0.004503062 0.999989808 0.000254926 -0.165065840 0.046871025 -0.000043583 0.998900950 9.133516312
0.998819947 0.002256367 -0.048513699 -0.405027837 -0.002259812 0.999997437 -0.000016169 -0.183083788 0.048513535 0.000125782 0.998822510 9.972899437
0.998715639 0.001915367 -0.050630566 -0.448090315 -0.001879423 0.999997973 0.000757521 -0.188668191 0.050631914 -0.000661392 0.998717189 10.810389519
0.998654127 0.000637139 -0.051860686 -0.498945415 -0.000603858 0.999999583 0.000657401 -0.203177482 0.051861081 -0.000625200 0.998654127 11.656571388
0.998546839 0.003687581 -0.053764809 -0.546040773 -0.003793459 0.999991059 -0.001867362 -0.211778507 0.053757440 0.002068603 0.998551905 12.509265900
0.998468280 0.004162736 -0.055170219 -0.590728104 -0.004420611 0.999979854 -0.004552950 -0.219686121 0.055150155 0.004789862 0.998466611 13.362783432
0.998362064 0.009240651 -0.056460679 -0.680700719 -0.009592128 0.999936223 -0.005957337 -0.244592026 0.056402028 0.006489157 0.998387039 14.271487236
0.998305917 0.009607510 -0.057384674 -0.742484331 -0.009955474 0.999933720 -0.005780913 -0.250935584 0.057325330 0.006342411 0.998335421 15.161151886
0.998243630 0.008470376 -0.058633178 -0.805662811 -0.008729069 0.999953270 -0.004157333 -0.266676307 0.058595225 0.004661845 0.998270929 16.056318283
0.998156965 0.009553350 -0.059927981 -0.865785480 -0.009724674 0.999949396 -0.002567820 -0.286062270 0.059900422 0.003145867 0.998199403 16.952402115
0.998116314 0.009091802 -0.060672343 -0.942180634 -0.009264268 0.999953806 -0.002561891 -0.298374593 0.060646251 0.003119150 0.998154461 17.872709274
0.998031795 0.008034720 -0.062193390 -1.010334611 -0.008236692 0.999961615 -0.002991784 -0.316391915 0.062166963 0.003498163 0.998059630 18.774202347
0.997975886 0.005937730 -0.063315950 -1.065131187 -0.006170284 0.999974906 -0.003478012 -0.328681350 0.063293718 0.003861649 0.997987449 19.675916672
0.997945070 0.006875955 -0.063705139 -1.130829096 -0.006996854 0.999974132 -0.001674888 -0.347077578 0.063691966 0.002117181 0.997967362 20.594543457
0.997927368 0.007902682 -0.063863449 -1.184290648 -0.007797117 0.999967813 0.001902037 -0.358466387 0.063876428 -0.001400144 0.997956812 21.509130478
0.997971952 0.008926811 -0.063026391 -1.250164747 -0.008581821 0.999946713 0.005742318 -0.372941971 0.063074298 -0.005189792 0.997995317 22.447307587
0.998069942 0.008182123 -0.061557993 -1.304697633 -0.007667849 0.999933720 0.008585913 -0.379737467 0.061624162 -0.008097325 0.998066604 23.380958557
0.998153090 0.008948440 -0.060086507 -1.361825228 -0.008402953 0.999921203 0.009324903 -0.390085340 0.060165215 -0.008802775 0.998149633 24.328186035
0.998220444 0.009485845 -0.058872454 -1.412989497 -0.009123773 0.999937773 0.006415876 -0.392947674 0.058929652 -0.005867319 0.998244882 25.276449203
0.998249292 0.010754947 -0.058160927 -1.465274572 -0.010684187 0.999941766 0.001527464 -0.399697304 0.058173966 -0.000903387 0.998306036 26.219203949
0.998328030 0.009760493 -0.056972943 -1.523022890 -0.009866202 0.999950111 -0.001574413 -0.400953680 0.056954734 0.002133887 0.998374462 27.172159195
0.998397529 0.007754483 -0.056055203 -1.588667750 -0.007810714 0.999969184 -0.000784103 -0.407432765 0.056047395 0.001220677 0.998427391 28.144569397
0.998394966 0.006070232 -0.056308623 -1.645555615 -0.005841153 0.999974012 0.004231960 -0.421486109 0.056332845 -0.003896260 0.998404443 29.125793457
0.998381615 0.002458208 -0.056816623 -1.706830740 -0.002009165 0.999966323 0.007959156 -0.443000734 0.056834273 -0.007832122 0.998352885 30.076288223
0.998311162 -0.004273504 -0.057935596 -1.743927598 0.004708560 0.999961734 0.007374884 -0.453600943 0.057901859 -0.007635222 0.998293102 31.026401520
0.998224199 -0.005774566 -0.059287928 -1.798661113 0.005994922 0.999975741 0.003539499 -0.465355098 0.059266053 -0.003888640 0.998234630 31.986715317
0.998145521 -0.005552680 -0.060618877 -1.864281416 0.005536234 0.999984562 -0.000439265 -0.474533409 0.060620382 0.000102850 0.998160899 32.964839935
0.998012006 -0.004347887 -0.062874146 -1.930219173 0.004287497 0.999990225 -0.001095386 -0.484121323 0.062878288 0.000823635 0.998020887 33.954750061
0.997985482 -0.003645801 -0.063338093 -2.014576912 0.003669416 0.999993205 0.000256508 -0.502777159 0.063336723 -0.000488405 0.997992098 34.961120605
0.997936904 0.000205804 -0.064201601 -2.091618061 -0.000017149 0.999995708 0.002939009 -0.516624868 0.064201929 -0.002931845 0.997932613 35.933273315
0.997860134 0.000527831 -0.065382451 -2.168921947 -0.000237772 0.999990106 0.004444044 -0.539232135 0.065384150 -0.004418989 0.997850358 36.944145203
0.997782350 0.002035424 -0.066529557 -2.224160433 -0.001555712 0.999972403 0.007261531 -0.559534609 0.066542506 -0.007141927 0.997758031 37.908706665
0.997784555 0.001787758 -0.066504322 -2.289379835 -0.001093060 0.999944448 0.010480826 -0.571635723 0.066519372 -0.010384913 0.997731090 38.908123016
0.997763574 0.006873493 -0.066487603 -2.393889666 -0.006041305 0.999900997 0.012709409 -0.560466945 0.066568382 -0.012279313 0.997706294 39.912864685
0.997757554 0.007023294 -0.066562131 -2.467967749 -0.006204135 0.999902546 0.012505426 -0.580455780 0.066643476 -0.012064422 0.997703910 40.903083801
0.997752845 0.007547561 -0.066575773 -2.531166553 -0.006831591 0.999916434 0.010975335 -0.590131700 0.066653050 -0.010495853 0.997721016 41.901260376
0.997731388 0.010827618 -0.066444077 -2.613180637 -0.010269044 0.999909043 0.008742473 -0.598414838 0.066532694 -0.008040323 0.997751832 42.906658173
0.997685671 0.010745641 -0.067140147 -2.700610161 -0.010179825 0.999909759 0.008763847 -0.605942369 0.067228258 -0.008060089 0.997705042 43.920642853
0.997631013 0.009876109 -0.068079382 -2.779880762 -0.009234392 0.999909997 0.009734287 -0.614470899 0.068169385 -0.009082555 0.997632444 44.906887054
0.997580171 0.011611521 -0.068548687 -2.864017725 -0.010908950 0.999884129 0.010614685 -0.623246670 0.068663992 -0.009841205 0.997591317 45.901283264
0.997537553 0.014770693 -0.068561658 -2.953682423 -0.014314027 0.999872029 0.007147195 -0.640299141 0.068658456 -0.006148201 0.997621298 46.885337830
0.997483492 0.015366214 -0.069213502 -3.035680056 -0.015208158 0.999880373 0.002810011 -0.642606080 0.069248401 -0.001750330 0.997597933 47.841609955
0.997386217 0.016480034 -0.070350036 -3.087234735 -0.016405364 0.999864101 0.001639088 -0.660019875 0.070367485 -0.000480685 0.997521043 48.787620544
0.997390628 0.015609177 -0.070485964 -3.154322863 -0.015254518 0.999868155 0.005567138 -0.686214983 0.070563570 -0.004477383 0.997497261 49.755126953
0.997407734 0.014124876 -0.070557386 -3.228609562 -0.013547335 0.999870777 0.008657260 -0.696434915 0.070670545 -0.007678953 0.997470140 50.733459473
0.997413039 0.012815505 -0.070732199 -3.296572447 -0.012194989 0.999883354 0.009197636 -0.705781937 0.070841826 -0.008311262 0.997452915 51.686424255
0.997436762 0.009453413 -0.070926532 -3.366763115 -0.008922354 0.999929786 0.007800547 -0.699778199 0.070995286 -0.007147721 0.997451067 52.650985718
0.997433066 0.007316050 -0.071230017 -3.441799402 -0.006861664 0.999954522 0.006621731 -0.714319170 0.071275227 -0.006115977 0.997437954 53.609214783
0.997347534 0.006344309 -0.072509415 -3.492951393 -0.005776210 0.999951005 0.008041834 -0.732370615 0.072556876 -0.007601674 0.997335315 54.544742584
0.997306466 0.003951526 -0.073240615 -3.573956013 -0.003070201 0.999921560 0.012141969 -0.742731512 0.073282845 -0.011884401 0.997240365 55.493572235
0.997261941 0.003611378 -0.073861733 -3.645127296 -0.002362739 0.999852955 0.016985483 -0.744274855 0.073912218 -0.016764462 0.997123837 56.454868317
0.997240543 0.004753352 -0.074085839 -3.721171856 -0.003290132 0.999797344 0.019859886 -0.755576253 0.074165232 -0.019561330 0.997054100 57.391872406
0.997113347 0.005466731 -0.075730652 -3.795741796 -0.004269059 0.999863386 0.015967755 -0.755022049 0.075807601 -0.015598362 0.997000456 58.334270477
0.996985912 0.007128736 -0.077254660 -3.869718075 -0.006506711 0.999944389 0.008300339 -0.759756088 0.077309541 -0.007772647 0.996976852 59.249160767
0.996916413 0.009673909 -0.077872507 -3.962165594 -0.009439287 0.999949753 0.003380442 -0.763662159 0.077901296 -0.002634957 0.996957600 60.172859192
0.996771336 0.014667273 -0.078941867 -4.038372993 -0.014371837 0.999887407 0.004309343 -0.770828307 0.078996181 -0.003160890 0.996869922 61.068809509
0.996680796 0.018076867 -0.079376094 -4.140267372 -0.017595705 0.999822378 0.006757130 -0.785778284 0.079484142 -0.005338024 0.996821821 61.967834473
0.996551752 0.020819955 -0.080319032 -4.220060349 -0.020225771 0.999761760 0.008204401 -0.793130040 0.080470711 -0.006551595 0.996735454 62.861839294
0.996465564 0.021548081 -0.081191607 -4.305520058 -0.020964593 0.999747932 0.008032318 -0.802143872 0.081344225 -0.006301779 0.996666133 63.725692749
0.996303082 0.023567652 -0.082612276 -4.391729355 -0.022926612 0.999699295 0.008699836 -0.805530071 0.082792476 -0.006773654 0.996543765 64.582168579
0.996175110 0.024554318 -0.083858579 -4.469483376 -0.023862144 0.999672472 0.009246547 -0.813506007 0.084058151 -0.007210135 0.996434748 65.416259766
0.996044457 0.024190851 -0.085499726 -4.539758205 -0.023470107 0.999680102 0.009425074 -0.809574306 0.085700370 -0.007381105 0.996293604 66.246345520
0.995916843 0.024036441 -0.087016702 -4.601874352 -0.023201734 0.999674678 0.010591352 -0.818999946 0.087242976 -0.008529168 0.996150553 67.050056458
0.995748878 0.026835600 -0.088113874 -4.689215183 -0.025770390 0.999580681 0.013204612 -0.820384383 0.088431284 -0.010877749 0.996022880 67.845161438
0.995599389 0.028466210 -0.089283437 -4.769920826 -0.027036577 0.999486804 0.017181247 -0.820729733 0.089726701 -0.014691722 0.995858073 68.643249512
0.995361030 0.031883974 -0.090773605 -4.855003834 -0.030272063 0.999359608 0.019079601 -0.827012122 0.091323800 -0.016243188 0.995688796 69.424415588
0.995152175 0.034766849 -0.091997132 -4.942504406 -0.033517648 0.999324203 0.015089514 -0.835322261 0.092459574 -0.011932835 0.995644927 70.178680420
0.994975030 0.034767099 -0.093893096 -5.000731945 -0.034124769 0.999381959 0.008438507 -0.854118824 0.094128445 -0.005192024 0.995546520 70.908401489
0.994919896 0.034005366 -0.094752423 -5.100779057 -0.033892274 0.999421537 0.002803046 -0.864426851 0.094792940 0.000422569 0.995496929 71.624618530
0.994877815 0.035110019 -0.094791375 -5.189000607 -0.035144866 0.999381363 0.001302318 -0.858455300 0.094778456 0.002035783 0.995496333 72.325508118
0.994632602 0.038396992 -0.096081406 -5.241642475 -0.038074546 0.999261439 0.005187755 -0.876529396 0.096209630 -0.001501655 0.995359957 72.995529175
0.994545877 0.038779724 -0.096822977 -5.334144592 -0.038222138 0.999240279 0.007607630 -0.892124712 0.097044438 -0.003865355 0.995272517 73.663894653
0.994543850 0.035658531 -0.098035753 -5.393222332 -0.035378449 0.999363422 0.004594414 -0.908473313 0.098137170 -0.001100993 0.995172262 74.300048828
0.994779229 0.027715359 -0.098214999 -5.445440292 -0.027924970 0.999609709 -0.000759949 -0.915497065 0.098155603 0.003498632 0.995164931 74.917892456
0.995004952 0.023835845 -0.096937880 -5.514895439 -0.024516933 0.999682367 -0.005840831 -0.919914305 0.096767873 0.008188275 0.995273292 75.520751953
0.995248914 0.026250461 -0.093757860 -5.583755493 -0.026941506 0.999618351 -0.006112143 -0.930335641 0.093561627 0.008609081 0.995576262 76.118766785
0.995496631 0.031279568 -0.089487731 -5.650889874 -0.031664606 0.999494374 -0.002885969 -0.947431505 0.089352220 0.005706566 0.995983720 76.697219849
0.995849013 0.029469101 -0.086118139 -5.671635151 -0.029503306 0.999564290 0.000875803 -0.969009876 0.086106427 0.001668602 0.996284544 77.284408569
0.996383965 0.026084360 -0.080861628 -5.691494942 -0.025756847 0.999655247 0.005090907 -0.982740700 0.080966547 -0.002989757 0.996712327 77.834671021
0.997115731 0.021594524 -0.072759181 -5.719869614 -0.021056324 0.999745011 0.008156043 -0.988662660 0.072916761 -0.006600478 0.997316182 78.366683960
0.997753084 0.025426371 -0.061986070 -5.754485607 -0.024990750 0.999657333 0.007793040 -0.994901836 0.062162977 -0.006226451 0.998046577 78.884643555
0.998442352 0.030482853 -0.046729535 -5.785588741 -0.030180624 0.999518812 0.007159758 -1.004149199 0.046925299 -0.005738279 0.998881936 79.393707275
0.998939395 0.035742406 -0.029026976 -5.788355350 -0.035542052 0.999340892 0.007389446 -1.008434534 0.029271958 -0.006349931 0.999551296 79.893936157
0.999386370 0.034341723 -0.006890436 -5.779439449 -0.034291409 0.999385297 0.007291659 -1.009994030 0.007136609 -0.007050902 0.999949694 80.381492615
0.999348462 0.030624503 0.019099088 -5.742691517 -0.030779762 0.999495089 0.007888763 -1.019665718 -0.018847855 -0.008471488 0.999786496 80.861282349
0.998361766 0.029896388 0.048784677 -5.702250957 -0.030357538 0.999500871 0.008739192 -1.023362279 -0.048499059 -0.010205857 0.998771071 81.318931580
0.996203125 0.029519927 0.081902012 -5.643670082 -0.030428931 0.999488175 0.009872505 -1.036968231 -0.081568658 -0.012327210 0.996591508 81.773094177
0.992430806 0.029346691 0.119246893 -5.560769558 -0.030735059 0.999479353 0.009820033 -1.047281384 -0.118896611 -0.013410764 0.992816091 82.225227356
0.986486614 0.030248951 0.161025271 -5.465436935 -0.032021392 0.999451697 0.008422961 -1.042288542 -0.160682186 -0.013465391 0.986914337 82.661285400
0.978131771 0.029921496 0.205822572 -5.333379745 -0.032129407 0.999456406 0.007392595 -1.050738573 -0.205489472 -0.013843888 0.978561401 83.098144531
0.966523230 0.032151219 0.254556686 -5.184408188 -0.034409259 0.999398053 0.004421356 -1.064115882 -0.254261285 -0.013032450 0.967047751 83.518730164
0.950922549 0.033318821 0.307630002 -5.023687363 -0.035102721 0.999383688 0.000265514 -1.073028088 -0.307431579 -0.011051132 0.951506019 83.912704468
0.930924118 0.033731230 0.363651603 -4.849864483 -0.034931436 0.999384344 -0.003277709 -1.079050541 -0.363538295 -0.009651573 0.931529284 84.282318115
0.906383276 0.034716517 0.421027452 -4.653366089 -0.035147861 0.999359429 -0.006737911 -1.083876610 -0.420991689 -0.008691084 0.907022893 84.632453918
0.876980901 0.034958862 0.479251921 -4.438944340 -0.034249701 0.999360979 -0.010224661 -1.091440201 -0.479303122 -0.007447401 0.877617836 84.962287903
0.843139231 0.033080623 0.536676824 -4.201767921 -0.030654535 0.999439597 -0.013445793 -1.107583880 -0.536820829 -0.005114900 0.843680799 85.273231506
0.806235850 0.032558769 0.590697646 -3.944146872 -0.028683221 0.999461472 -0.015940122 -1.121365428 -0.590898514 -0.004091611 0.806735516 85.553810120
0.765729368 0.031283382 0.642401695 -3.672001362 -0.027137665 0.999498367 -0.016325582 -1.135049820 -0.642590165 -0.004932302 0.766194224 85.828956604
0.722752273 0.030931611 0.690414667 -3.382261992 -0.027846549 0.999490023 -0.015627829 -1.145496130 -0.690546036 -0.007930617 0.723245025 86.075874329
0.677431703 0.030022888 0.734972656 -3.078564167 -0.026318556 0.999516249 -0.016571146 -1.156237960 -0.735114634 -0.008117601 0.677894235 86.297683716
0.631073833 0.028739266 0.775190175 -2.761838675 -0.021272670 0.999578834 -0.019740362 -1.161312222 -0.775430977 -0.004032739 0.631419420 86.490310669
0.584418654 0.026606251 0.811016023 -2.434433460 -0.013266745 0.999642015 -0.023234306 -1.158173561 -0.811343849 0.002819022 0.584562421 86.667648315
0.537594676 0.028610278 0.842717946 -2.111330271 -0.013690582 0.999588609 -0.025202414 -1.172402859 -0.843092263 0.002011389 0.537765205 86.826820374
0.489909768 0.031531785 0.871202707 -1.784963727 -0.016829316 0.999501526 -0.026711604 -1.190060973 -0.871610641 -0.001575470 0.490196228 86.975418091
0.444233060 0.033632882 0.895279765 -1.448991418 -0.016527552 0.999432683 -0.029344704 -1.206591606 -0.895758867 -0.001760895 0.444536924 87.106529236
0.402063549 0.031198457 0.915080070 -1.100696921 -0.008407780 0.999502957 -0.030382572 -1.219659805 -0.915573120 0.004521931 0.402126014 87.209457397
0.363074839 0.023841273 0.931455016 -0.737301588 0.007762264 0.999560535 -0.028610166 -1.225796103 -0.931727767 0.017617833 0.362730205 87.289619446
0.328026414 0.020191209 0.944452703 -0.374416143 0.012922698 0.999582112 -0.025858106 -1.236513853 -0.944580138 0.020687019 0.327628434 87.371749878
0.295381904 0.024218902 0.955072343 -0.020394623 0.011047070 0.999525249 -0.028762754 -1.251900554 -0.955315530 0.019046750 0.294974089 87.447074890
0.264419079 0.031807456 0.963883281 0.339065313 0.001159112 0.999444783 -0.033298939 -1.273551106 -0.964407206 0.009922128 0.264235377 87.533454895
0.236729681 0.036169447 0.970902205 0.676389039 -0.002096133 0.999323487 -0.036717154 -1.286665916 -0.971573472 0.006656905 0.236645341 87.579734802
0.211400270 0.038123790 0.976655900 1.078118443 0.000294723 0.999236465 -0.039069023 -1.303112268 -0.977399647 0.008547050 0.211227655 87.644866943
0.189004958 0.039444674 0.981183529 1.475574732 0.008732714 0.999085903 -0.041846544 -1.322123408 -0.981937289 0.016477600 0.188487709 87.677307129
0.169088900 0.045643196 0.984543443 1.884883404 0.015955493 0.998669446 -0.049038332 -1.331452847 -0.985471725 0.024000715 0.168135643 87.718818665
0.149678588 0.052169062 0.987357557 2.295543194 0.019138165 0.998267055 -0.055646751 -1.345232487 -0.988549531 0.027225342 0.148420811 87.760627747
0.132681012 0.052347749 0.989775479 2.636011839 0.018149443 0.998308599 -0.055232015 -1.382531524 -0.990992606 0.025292110 0.131506503 87.778106689
0.117300808 0.047897756 0.991940677 3.080704689 0.015974453 0.998615980 -0.050109126 -1.418684840 -0.992967904 0.021723552 0.116373360 87.811752319
0.103386998 0.044602316 0.993640780 3.540992022 0.017333560 0.998761535 -0.046635717 -1.449214339 -0.994490266 0.022044860 0.102485836 87.832420349
0.090433955 0.041808996 0.995024681 3.979608536 0.020351570 0.998832166 -0.043818668 -1.474836349 -0.995694637 0.024213014 0.089477479 87.845268250
0.078768432 0.040685996 0.996062458 4.477545261 0.023141086 0.998822927 -0.042628754 -1.526545286 -0.996624410 0.026407767 0.077734172 87.870658875
0.069253445 0.041001868 0.996756136 4.933592796 0.026885834 0.998715401 -0.042950459 -1.557316422 -0.997236788 0.029773092 0.068062127 87.865783691
0.061783433 0.041557081 0.997224152 5.432818413 0.029660814 0.998615086 -0.043452702 -1.586114526 -0.997648895 0.032263137 0.060465276 87.870651245
0.056528628 0.041757338 0.997527480 5.940108299 0.030667951 0.998580873 -0.043539360 -1.619603515 -0.997929931 0.033053346 0.055167794 87.873573303
0.052013934 0.042480841 0.997742474 6.407771111 0.032894924 0.998479784 -0.044227108 -1.645778179 -0.998104513 0.035121091 0.050537467 87.844703674
0.046206295 0.042996287 0.998006225 6.970637321 0.033510335 0.998444200 -0.044566639 -1.680993915 -0.998369694 0.035502784 0.044693589 87.859558105
0.042684853 0.043165639 0.998155773 7.479063511 0.035356574 0.998375177 -0.044687115 -1.698189497 -0.998462856 0.037198827 0.041089356 87.826622009
0.039947927 0.043279286 0.998264074 8.109445572 0.036176745 0.998343825 -0.044730451 -1.730376840 -0.998546720 0.037900832 0.038316071 87.843696594
0.036912918 0.042821407 0.998400748 8.724439621 0.036499813 0.998357058 -0.044169016 -1.767303586 -0.998651803 0.038071848 0.035289288 87.859237671
0.034552932 0.042130817 0.998514593 9.359372139 0.037828293 0.998339951 -0.043432482 -1.807853222 -0.998686850 0.039272822 0.032901824 87.868881226
0.034862459 0.041927300 0.998512387 9.988115311 0.042231210 0.998165369 -0.043387219 -1.830551386 -0.998499632 0.043680973 0.033027828 87.843154907
0.035846591 0.041560832 0.998492837 10.657931328 0.045512389 0.998030305 -0.043175519 -1.865554094 -0.998320580 0.046991490 0.033884406 87.862396240
0.039061069 0.041584320 0.998371363 11.342945099 0.047605775 0.997921705 -0.043428175 -1.893678188 -0.998102307 0.049224593 0.037000239 87.864082336
0.043204069 0.041716911 0.998194993 12.043271065 0.049830027 0.997794330 -0.043856923 -1.922196984 -0.997822940 0.051634882 0.041029990 87.879219055
0.047693074 0.041344266 0.998006165 12.776571274 0.050124105 0.997785151 -0.043730471 -1.954789042 -0.997603714 0.052109804 0.045515060 87.907608032
0.052004158 0.039835591 0.997852147 13.514802933 0.051598173 0.997762263 -0.042521112 -1.985492229 -0.997313082 0.053698622 0.049832344 87.935012817
0.055835903 0.038031198 0.997715473 14.255434036 0.050972283 0.997862637 -0.040889423 -2.029287815 -0.997138143 0.053138930 0.053778052 87.972183228
0.060256183 0.035716504 0.997543871 15.007203102 0.047582477 0.998120785 -0.038611367 -2.073642731 -0.997048318 0.049792178 0.058443487 88.005691528
0.064657807 0.034570318 0.997308552 15.772261620 0.046696071 0.998200178 -0.037628639 -2.110147476 -0.996814430 0.049003374 0.062927127 88.041442871
0.069030285 0.035172794 0.996994436 16.539747238 0.042906214 0.998348892 -0.038191341 -2.162129879 -0.996691525 0.045413613 0.067407191 88.080024719
0.072581589 0.039471358 0.996581256 17.326435089 0.041349746 0.998238385 -0.042548526 -2.194602251 -0.996505082 0.044296626 0.070821583 88.127525330
0.074025929 0.044662356 0.996255934 18.113773346 0.035431474 0.998248160 -0.047384389 -2.238355637 -0.996626914 0.038806491 0.072313786 88.185295105
0.074067652 0.047765952 0.996108830 18.918136597 0.032340508 0.998211861 -0.050271556 -2.285328627 -0.996728837 0.035938166 0.072390437 88.241714478
0.074769974 0.047197659 0.996083319 19.707458496 0.029894177 0.998324275 -0.049547821 -2.336518526 -0.996752679 0.033481777 0.073233724 88.283912659
0.075330019 0.045147359 0.996136248 20.484468460 0.026713826 0.998524606 -0.047275778 -2.393067837 -0.996800959 0.030171897 0.074012816 88.320762634
0.075637400 0.043806855 0.996172726 21.287763596 0.027958985 0.998548508 -0.046034206 -2.442156792 -0.996743381 0.031333882 0.074302852 88.368164062
0.076469719 0.043274522 0.996132433 22.084840775 0.025641344 0.998641968 -0.045351945 -2.488769054 -0.996742189 0.029010227 0.075256228 88.419464111
0.077250898 0.043330457 0.996069670 22.852817535 0.022766229 0.998718023 -0.045211315 -2.547602415 -0.996751785 0.026169367 0.076165378 88.452064514
0.077710092 0.043895673 0.996009290 23.646879196 0.020004708 0.998760462 -0.045577724 -2.595975161 -0.996775329 0.023466725 0.076735675 88.507331848
0.076677144 0.044879228 0.996045411 24.435766220 0.016728882 0.998787940 -0.046290614 -2.652510166 -0.996915638 0.020212159 0.075833440 88.562759399
0.074471474 0.044608720 0.996224999 25.225515366 0.013735048 0.998858333 -0.045753390 -2.699191093 -0.997128606 0.017090524 0.073773742 88.607658386
0.070425034 0.043555249 0.996565878 26.027658463 0.011102214 0.998950183 -0.044444032 -2.744044304 -0.997455418 0.014194065 0.069867551 88.666007996
0.065803826 0.041066088 0.996987283 26.825517654 0.008530537 0.999093115 -0.041715868 -2.794588089 -0.997796237 0.011249903 0.065393806 88.711982727
0.060260415 0.039221518 0.997411847 27.613138199 0.007644998 0.999180317 -0.039752945 -2.833122015 -0.998153448 0.010020742 0.059911191 88.740676880
0.053049445 0.039605834 0.997806311 28.415298462 0.007214369 0.999171913 -0.040043600 -2.877109766 -0.998566031 0.009322840 0.052719772 88.778816223
0.044697225 0.040385216 0.998184144 29.196443558 0.006774068 0.999147356 -0.040727526 -2.924994707 -0.998977840 0.008582180 0.044385552 88.800689697
0.035964668 0.040694166 0.998524368 29.936677933 0.007099103 0.999134958 -0.040974755 -2.971642971 -0.999328077 0.008562274 0.035644650 88.779541016
0.026181400 0.039118603 0.998891592 30.719097137 0.007535771 0.999197960 -0.039328117 -3.027800083 -0.999628901 0.008557084 0.025865614 88.782836914
0.015526533 0.038303822 0.999145508 31.518514633 0.006729366 0.999239326 -0.038411990 -3.070720434 -0.999856830 0.007320023 0.015257001 88.793571472
0.005145013 0.037030257 0.999301016 32.303436279 0.008501031 0.999276400 -0.037073120 -3.118752956 -0.999950707 0.008685833 0.004826486 88.783401489
-0.004552722 0.037574057 0.999283493 33.052192688 0.010109995 0.999244511 -0.037526529 -3.152251244 -0.999938548 0.009931902 -0.004929185 88.738891602
-0.015529394 0.038180239 0.999150217 33.824726105 0.010318377 0.999223590 -0.038022671 -3.192744732 -0.999826252 0.009719142 -0.015911222 88.719345093
-0.026164174 0.039019980 0.998895943 34.595760345 0.009803548 0.999199867 -0.038775072 -3.242537498 -0.999609649 0.008778208 -0.026525855 88.694885254
-0.036132693 0.039965671 0.998547673 35.358928680 0.010724030 0.999157965 -0.039602056 -3.280498505 -0.999289632 0.009277532 -0.036530852 88.650039673
-0.044994354 0.040569682 0.998163164 36.088024139 0.011766882 0.999127269 -0.040078450 -3.324243784 -0.998917997 0.009941968 -0.045432448 88.591033936
-0.054006457 0.041517358 0.997677207 36.819339752 0.013482374 0.999074519 -0.040845677 -3.353109837 -0.998449683 0.011245130 -0.054516196 88.526046753
-0.062774181 0.041898094 0.997147918 37.539695740 0.014396960 0.999052465 -0.041071780 -3.393852472 -0.997923970 0.011777654 -0.063317895 88.456642151
-0.071058869 0.041306689 0.996616542 38.267826080 0.015878871 0.999062419 -0.040275902 -3.438821554 -0.997345746 0.012963184 -0.071648121 88.392845154
-0.077825189 0.039913055 0.996167779 38.962657928 0.017889883 0.999093354 -0.038632635 -3.484434128 -0.996806502 0.014814735 -0.078468680 88.312492371
-0.082602620 0.038186029 0.995850801 39.675510406 0.021130111 0.999108136 -0.036558263 -3.526622295 -0.996358633 0.018022630 -0.083335757 88.235534668
-0.086113334 0.036294937 0.995624065 40.376388550 0.023566676 0.999130785 -0.034384452 -3.571303606 -0.996006608 0.020502592 -0.086893797 88.160530090
-0.088189721 0.035351891 0.995476246 41.042060852 0.026489837 0.999099791 -0.033133831 -3.600998640 -0.995751500 0.023447942 -0.089046836 88.077522278
-0.089604259 0.034502897 0.995379686 41.709815979 0.026940117 0.999118090 -0.032207333 -3.633802414 -0.995613098 0.023929734 -0.090454698 88.006286621
-0.089916468 0.034951903 0.995335937 42.339328766 0.027671397 0.999085903 -0.032583818 -3.666636944 -0.995564938 0.024612512 -0.090801477 87.930335999
-0.088370442 0.036147546 0.995431662 42.957775116 0.028925691 0.999013007 -0.033709697 -3.694433689 -0.995667696 0.025814611 -0.089328885 87.858482361
-0.085246801 0.037500761 0.995654047 43.583580017 0.029900447 0.998937666 -0.035064407 -3.734770298 -0.995911300 0.026781375 -0.086277485 87.800399780
-0.079237938 0.038060710 0.996129096 44.133331299 0.029937640 0.998910964 -0.035785601 -3.762485504 -0.996406257 0.026986174 -0.080291152 87.728187561
-0.070504308 0.038788542 0.996757150 44.691455841 0.029483164 0.998888135 -0.036786024 -3.795051098 -0.997075796 0.026793983 -0.071569443 87.671806335
-0.059041262 0.038644034 0.997507393 45.249771118 0.027426716 0.998935997 -0.037076030 -3.832005978 -0.997878850 0.025169335 -0.060038328 87.631454468
-0.044952393 0.039087448 0.998224199 45.806217194 0.026679499 0.998924792 -0.037913442 -3.863841057 -0.998632848 0.024927817 -0.045946956 87.607048035
-0.027347445 0.040132131 0.998820066 46.335365295 0.025189970 0.998904169 -0.039445814 -3.903781176 -0.999308586 0.024081508 -0.028328419 87.590614319
-0.005777597 0.042831883 0.999065578 46.848693848 0.023692379 0.998807669 -0.042683810 -3.934625387 -0.999702632 0.023423633 -0.006785393 87.594017029
0.019420922 0.046087213 0.998748660 47.350868225 0.021815337 0.998679638 -0.046508238 -3.964524984 -0.999573469 0.022691272 0.018389881 87.604843140
0.047956944 0.047427803 0.997722745 47.863727570 0.018654242 0.998655319 -0.048368774 -4.007271290 -0.998675227 0.020931378 0.047007740 87.637374878
0.081488073 0.047198877 0.995556235 48.369342804 0.016175283 0.998683870 -0.048671141 -4.032481194 -0.996543169 0.020069525 0.080617368 87.687515259
0.120135903 0.044914924 0.991740942 48.866310120 0.014967338 0.998780549 -0.047046833 -4.062571049 -0.992644668 0.020495735 0.119317114 87.754112244
0.162554264 0.041436471 0.985829234 49.373489380 0.012610807 0.998948991 -0.044067331 -4.093212128 -0.986619115 0.019595435 0.161860883 87.851264954
0.208232820 0.037457686 0.977361917 49.864913940 0.009797568 0.999136388 -0.040379640 -4.120423794 -0.978030324 0.017984137 0.207685947 87.967842102
0.256723821 0.033819992 0.965892911 50.331451416 0.003721233 0.999345541 -0.035980377 -4.160835743 -0.966477633 0.012831334 0.256429970 88.117729187
0.308390200 0.032221697 0.950714052 50.791744232 -0.000992039 0.999436498 -0.033551209 -4.190979958 -0.951259434 0.009403717 0.308248341 88.289512634
0.363650918 0.031873330 0.930989921 51.240493774 -0.002078394 0.999439716 -0.033404946 -4.216197491 -0.931533039 0.010212777 0.363513410 88.482131958
0.421054006 0.032341473 0.906458795 51.678142548 -0.000779247 0.999376655 -0.035294719 -4.237884998 -0.907035172 0.014154630 0.420816779 88.712882996
0.480830967 0.035540350 0.876092792 52.088413239 -0.001189668 0.999203682 -0.039881647 -4.264375210 -0.876812577 0.018134076 0.480490386 88.958137512
0.539821267 0.038377576 0.840904355 52.478332520 -0.000949148 0.998987317 -0.044982929 -4.290064812 -0.841779113 0.023484599 0.539311051 89.239448547
0.596938491 0.042220004 0.801175416 52.830863953 -0.005939094 0.998819530 -0.048210286 -4.316191196 -0.802265108 0.024020322 0.596484601 89.542617798
0.651289880 0.045531332 0.757461846 53.159469604 -0.011089562 0.998662770 -0.050494857 -4.332004547 -0.758747995 0.024486875 0.650923848 89.880470276
0.702676892 0.045706779 0.710039496 53.454601288 -0.013212834 0.998600662 -0.051206261 -4.358790874 -0.711386442 0.026599824 0.702297568 90.215759277
0.750232220 0.043904230 0.659715116 53.746341705 -0.014707048 0.998654127 -0.049735770 -4.381783009 -0.661010802 0.027610920 0.749868274 90.584625244
0.793722868 0.040292658 0.606943548 53.995231628 -0.017403916 0.998899519 -0.043553360 -4.408192158 -0.608030498 0.024006100 0.793550611 90.968162537
0.833277106 0.035314888 0.551726460 54.236824036 -0.018741716 0.999188602 -0.035650257 -4.429962158 -0.552537799 0.019366242 0.833262861 91.370758057
0.867721677 0.032240078 0.496003687 54.427116394 -0.021054581 0.999382615 -0.028126115 -4.453764915 -0.496604264 0.013962490 0.867864788 91.727432251
0.897013009 0.027983610 0.441117406 54.611434937 -0.021470282 0.999574363 -0.019751154 -4.475585461 -0.441482365 0.008246128 0.897232056 92.155754089
0.920557916 0.028785111 0.389544070 54.756393433 -0.025514694 0.999582350 -0.013568012 -4.492856026 -0.389771938 0.002551043 0.920907855 92.567359924
0.939041138 0.029861683 0.342505515 54.892871857 -0.028492993 0.999553204 -0.009028317 -4.511775017 -0.342622101 -0.001281045 0.939472437 93.001144409
0.952650964 0.035172481 0.302024871 54.997322083 -0.035054948 0.999368489 -0.005811232 -4.521376133 -0.302038521 -0.005051390 0.953282356 93.448066711
0.963094294 0.038864013 0.266343623 55.093318939 -0.038559388 0.999235988 -0.006375181 -4.525661945 -0.266387910 -0.004130147 0.963857055 93.903984070
0.971046805 0.041435156 0.235268429 55.182281494 -0.041276503 0.999132037 -0.005601150 -4.540092945 -0.235296324 -0.004272080 0.971914291 94.371963501
0.976361334 0.036428899 0.213052765 55.281105042 -0.036174484 0.999332488 -0.005093632 -4.554742813 -0.213096097 -0.002733848 0.977027416 94.833663940
0.979798317 0.033378836 0.197182789 55.374969482 -0.033175912 0.999440134 -0.004333276 -4.564390182 -0.197217032 -0.002295981 0.980357170 95.328468323
0.982170165 0.037556481 0.184204578 55.459678650 -0.037412491 0.999290824 -0.004258391 -4.572196007 -0.184233874 -0.002709087 0.982878685 95.797569275
0.983790040 0.042529941 0.174207836 55.543415070 -0.042498484 0.999088883 -0.003912579 -4.571282387 -0.174215525 -0.003554413 0.984701157 96.286369324
0.984527409 0.050171245 0.167894706 55.628448486 -0.050060656 0.998734176 -0.004893862 -4.587670326 -0.167927727 -0.003586778 0.985792756 96.799606323
0.984806180 0.055765029 0.164459839 55.716751099 -0.055160660 0.998443484 -0.008243173 -4.601694107 -0.164663538 -0.000953785 0.986349344 97.318702698
0.984898031 0.057061467 0.163462013 55.807289124 -0.056067746 0.998369753 -0.010690119 -4.617405891 -0.163805515 0.001363732 0.986491740 97.861900330
0.984589159 0.055565644 0.165821135 55.904834747 -0.053940896 0.998441875 -0.014289183 -4.632763863 -0.166356742 0.005124434 0.986052334 98.399299622
0.984095573 0.053533033 0.169381738 56.018035889 -0.050757550 0.998496950 -0.020676889 -4.653111935 -0.170234054 0.011750631 0.985333622 98.942787170
0.983414829 0.053536251 0.173289225 56.125759125 -0.049872145 0.998431742 -0.025433121 -4.668173313 -0.174379066 0.016369002 0.984542549 99.503143311
0.982464850 0.058186382 0.177135959 56.249610901 -0.054562621 0.998190701 -0.025264487 -4.685718536 -0.178285524 0.015156467 0.983862042 100.095962524
0.981189728 0.061297599 0.183055595 56.343955994 -0.058351766 0.998065829 -0.021440949 -4.701664448 -0.184015796 0.010356024 0.982868731 100.696655273
0.980467141 0.058661379 0.187731162 56.473484039 -0.056486696 0.998260021 -0.016917575 -4.721072197 -0.188396916 0.005982813 0.982074738 101.303222656
0.980044246 0.054185998 0.191251561 56.618221283 -0.053007077 0.998530447 -0.011278782 -4.743275166 -0.191581652 0.000916020 0.981476247 101.932434082
0.979487240 0.051535621 0.194804594 56.752849579 -0.051212467 0.998665333 -0.006698393 -4.760553837 -0.194889799 -0.003415433 0.980819225 102.562980652
0.979183316 0.046466500 0.197587803 56.891025543 -0.046165399 0.998914957 -0.006132449 -4.773660660 -0.197658375 -0.003116927 0.980266035 103.207908630
0.979381084 0.042918961 0.197410002 57.052738190 -0.041885670 0.999078095 -0.009408655 -4.785034657 -0.197631821 0.000946009 0.980275869 103.859687805
0.979577303 0.041656099 0.196705669 57.190231323 -0.039206706 0.999097645 -0.016331583 -4.805403709 -0.197208494 0.008285866 0.980326533 104.513336182
0.979680002 0.043556143 0.195780382 57.317123413 -0.039834294 0.998943627 -0.022909682 -4.824074268 -0.196571425 0.014645386 0.980380118 105.181892395
0.980140567 0.045997221 0.192895725 57.445880890 -0.041636486 0.998778641 -0.026602104 -4.841120720 -0.193883762 0.018042304 0.980858564 105.862243652
0.980777264 0.043957036 0.190115064 57.593246460 -0.040399086 0.998929083 -0.022551902 -4.849073887 -0.190902770 0.014437918 0.981502771 106.569648743
0.981168389 0.040482648 0.188864499 57.734832764 -0.038393490 0.999154449 -0.014708622 -4.875578880 -0.189300239 0.007180468 0.981893003 107.281501770
0.981700480 0.040324159 0.186113313 57.880672455 -0.039371110 0.999185741 -0.008815527 -4.903985023 -0.186317250 0.001326720 0.982488751 108.011047363
0.981942296 0.043662883 0.184073001 58.017807007 -0.042663075 0.999045372 -0.009390426 -4.926554203 -0.184307307 0.001367736 0.982867718 108.733078003
0.982191801 0.048588037 0.181489512 58.154033661 -0.046802156 0.998804510 -0.014112430 -4.942092419 -0.181958243 0.005367013 0.983291626 109.493186951
0.982955039 0.049043328 0.177183807 58.299495697 -0.046323813 0.998736978 -0.019455280 -4.958719254 -0.177914172 0.010915837 0.983985484 110.241477966
0.983795404 0.047127299 0.172990322 58.435886383 -0.043916091 0.998785257 -0.022345796 -4.975388050 -0.173833281 0.014386635 0.984669983 110.990264893
0.984617770 0.044582490 0.168938547 58.573833466 -0.041630749 0.998912871 -0.020975962 -4.992468357 -0.169690043 0.013620269 0.985403359 111.763473511
0.985385358 0.040870234 0.165364221 58.718112946 -0.038279846 0.999089777 -0.018822886 -5.022190571 -0.165983006 0.012217680 0.986052930 112.563018799
0.985747814 0.039927468 0.163423076 58.853576660 -0.037838504 0.999157727 -0.015876673 -5.049509525 -0.163919345 0.009466712 0.986428320 113.355529785
0.986118257 0.036214273 0.162047192 58.991668701 -0.034486692 0.999314487 -0.013462092 -5.074989319 -0.162423626 0.007686744 0.986691177 114.173591614
0.986415029 0.031107740 0.161300167 59.139247894 -0.029522190 0.999489427 -0.012217755 -5.097198009 -0.161597893 0.007289843 0.986829758 114.982856750
0.986466646 0.032048926 0.160799280 59.264450073 -0.030776883 0.999472201 -0.010395825 -5.122170925 -0.161047593 0.005306235 0.986932397 115.795806885
0.986229837 0.037371214 0.161102787 59.389743805 -0.035848904 0.999280930 -0.012346673 -5.144890308 -0.161448345 0.006401299 0.986860394 116.612174988
0.985951304 0.042843308 0.161445156 59.517162323 -0.040863294 0.999043465 -0.015566330 -5.168477535 -0.161957636 0.008750463 0.986758888 117.437973022
0.985424101 0.051673323 0.162077710 59.648151398 -0.049571171 0.998626053 -0.016990008 -5.191713810 -0.162732944 0.008707982 0.986631751 118.272781372
0.984611690 0.057578888 0.164998457 59.776515961 -0.055652421 0.998317480 -0.016278861 -5.222694874 -0.165658161 0.006845793 0.986159503 119.118957520
0.983951271 0.060183104 0.167981908 59.910781860 -0.058627773 0.998178780 -0.014207669 -5.249307632 -0.168531045 0.004131248 0.985687673 119.952949524
0.983507395 0.060597256 0.170414552 60.053588867 -0.058900706 0.998151183 -0.014998385 -5.276875496 -0.171008334 0.004713486 0.985258281 120.797103882
0.983301938 0.058779895 0.172227368 60.201667786 -0.056570597 0.998241484 -0.017712362 -5.303045750 -0.172965631 0.007673594 0.984897971 121.639343262
0.983464539 0.052257583 0.173397288 60.361503601 -0.050205447 0.998607457 -0.016202884 -5.331151962 -0.174002543 0.007229473 0.984718680 122.489662170
0.983784020 0.045378786 0.173521772 60.523632050 -0.042965163 0.998920798 -0.017642574 -5.360677242 -0.174135104 0.009901091 0.984672010 123.331405640
0.983691871 0.044025976 0.174390525 60.685852051 -0.041564975 0.998978257 -0.017741021 -5.387442589 -0.174993426 0.010203161 0.984516740 124.191596985
0.983304501 0.046862073 0.175830200 60.843704224 -0.044935152 0.998878360 -0.014926761 -5.413685322 -0.176332489 0.006776595 0.984307349 125.053085327
0.982933581 0.049104229 0.177286088 60.981166840 -0.048249923 0.998793542 -0.009129412 -5.435673714 -0.177520484 0.000419565 0.984117031 125.899909973
0.982616901 0.052729808 0.177998751 61.135318756 -0.052702852 0.998598278 -0.004883069 -5.463137627 -0.178006738 -0.004582856 0.984018624 126.738273621
0.982496679 0.051267281 0.179086357 61.279724121 -0.050036877 0.998682499 -0.011383745 -5.488020897 -0.179434031 0.002223570 0.983767509 127.586463928
0.982824028 0.046476483 0.178597033 61.433723450 -0.042567529 0.998764038 -0.025659181 -5.515140533 -0.179568857 0.017616026 0.983587682 128.407135010
0.983150661 0.043550249 0.177533463 61.596176147 -0.037988532 0.998678684 -0.034609009 -5.543017864 -0.178806111 0.027281635 0.983506024 129.226928711
0.983426094 0.041014843 0.176609546 61.754257202 -0.037109502 0.998989344 -0.025360670 -5.575355053 -0.177471220 0.018386453 0.983954191 130.041381836
0.983819366 0.034910113 0.175729126 61.904376984 -0.034619637 0.999389410 -0.004719370 -5.599015236 -0.175786585 -0.001440670 0.984427273 130.897094727
0.984049976 0.032388922 0.174918830 62.056274414 -0.034763660 0.999340117 0.010528472 -5.628514767 -0.174462408 -0.016441360 0.984526575 131.743850708
0.984026074 0.036910493 0.174155921 62.192657471 -0.038377162 0.999250531 0.005060395 -5.650850773 -0.173838615 -0.011663171 0.984705091 132.565002441
0.984079242 0.044373617 0.172101781 62.320072174 -0.043119214 0.999009132 -0.011022096 -5.659496307 -0.172420338 0.003425722 0.985017478 133.372879028
0.984338641 0.043988474 0.170711592 62.456424713 -0.041364878 0.998965383 -0.018896880 -5.671280384 -0.171366230 0.011539465 0.985139787 134.187973022
0.984848201 0.039773934 0.168796018 62.592658997 -0.037003286 0.999124289 -0.019529412 -5.698307514 -0.169424966 0.012987500 0.985457540 135.015945435
0.985310376 0.039816797 0.166066349 62.730838776 -0.037387103 0.999143541 -0.017732624 -5.733582020 -0.166630179 0.011263400 0.985955119 135.859344482
0.985971749 0.039283499 0.162223548 62.862483978 -0.036688149 0.999146819 -0.018964615 -5.755892754 -0.162830144 0.012746894 0.986571789 136.686248779
0.986655653 0.040108744 0.157803535 62.964412689 -0.037332084 0.999092162 -0.020521838 -5.778562546 -0.158483386 0.014356852 0.987257242 137.497436523
0.986889839 0.045253914 0.154921129 63.077922821 -0.042571712 0.998881221 -0.020589171 -5.804726601 -0.155679539 0.013723986 0.987712264 138.327346802
0.986959398 0.051515680 0.152503520 63.208515167 -0.048881043 0.998584270 -0.020977525 -5.827864647 -0.153368294 0.013249435 0.988080263 139.158630371
0.987116933 0.053622946 0.150747165 63.317230225 -0.051339485 0.998500466 -0.019001774 -5.858345509 -0.151540056 0.011017691 0.988389730 139.970901489
0.987336934 0.051970743 0.149882779 63.426265717 -0.050443679 0.998629153 -0.013974834 -5.885922909 -0.150403604 0.006237231 0.988605022 140.790954590
0.987599432 0.050716344 0.148577198 63.538452148 -0.049179371 0.998691797 -0.014002670 -5.910942078 -0.149092987 0.006522095 0.988801658 141.601211548
0.988137305 0.049184904 0.145483792 63.663448334 -0.047201790 0.998739779 -0.017053928 -5.935791016 -0.146139234 0.009984528 0.989213645 142.412979126
0.989043236 0.044519264 0.140753418 63.771430969 -0.041969221 0.998897433 -0.021035431 -5.950419903 -0.141534716 0.014897639 0.989821196 143.224838257
0.990115941 0.041180454 0.134069249 63.880981445 -0.038603127 0.999017477 -0.021768002 -5.981549740 -0.134833947 0.016377354 0.990732849 144.021728516
0.991038382 0.039544754 0.127589807 63.983047485 -0.037783876 0.999154747 -0.016192943 -6.011705875 -0.128122315 0.011226989 0.991694808 144.834411621
0.991822064 0.037435479 0.122014880 64.060775757 -0.036768682 0.999294043 -0.007712697 -6.034235954 -0.122217476 0.003163296 0.992498279 145.640487671
0.992313623 0.034888878 0.118728392 64.143051147 -0.035360880 0.999372840 0.001870556 -6.055386543 -0.118588664 -0.006054518 0.992924988 146.467742920
0.992519319 0.041740783 0.114730723 64.217330933 -0.042515106 0.999086559 0.004309340 -6.061784267 -0.114446051 -0.009154892 0.993387282 147.272445679
0.993005633 0.044430356 0.109388046 64.300598145 -0.044663247 0.999002039 -0.000321446 -6.071008682 -0.109293170 -0.004566427 0.993999064 148.077560425
0.993790805 0.044883199 0.101810277 64.373497009 -0.044097751 0.998977661 -0.009953558 -6.089108944 -0.102152944 0.005402151 0.994754016 148.859573364
0.994638741 0.041089255 0.094897293 64.467521667 -0.039796244 0.999087930 -0.015478762 -6.088774681 -0.095446743 0.011619220 0.995366693 149.680572510
0.995292425 0.040031902 0.088263556 64.530639648 -0.038912408 0.999139309 -0.014368617 -6.105669022 -0.088762790 0.010866429 0.995993495 150.494110107
0.995650887 0.046562634 0.080692224 64.576080322 -0.045812897 0.998888135 -0.011118953 -6.118038654 -0.081120230 0.007373851 0.996677041 151.323272705
0.996015191 0.051808342 0.072591871 64.616241455 -0.051032208 0.998618662 -0.012507232 -6.135601521 -0.073139578 0.008752869 0.997283280 152.137573242
0.996607184 0.053801253 0.062286414 64.655998230 -0.052758135 0.998440087 -0.018273551 -6.152539253 -0.063172393 0.014925436 0.997891009 152.944717407
0.997188628 0.052170046 0.053787548 64.690979004 -0.051121548 0.998478115 -0.020689271 -6.168205261 -0.054785047 0.017881405 0.998338044 153.758392334
0.997536480 0.053144298 0.045789219 64.719406128 -0.052387550 0.998472214 -0.017572088 -6.196066856 -0.046653122 0.015130015 0.998796582 154.570770264
0.997718215 0.055854846 0.037928913 64.744346619 -0.055498492 0.998404741 -0.010384916 -6.216427803 -0.038448457 0.008256222 0.999226451 155.394683838
0.997787178 0.059350304 0.029972261 64.748016357 -0.059243090 0.998233676 -0.004453333 -6.237880707 -0.030183626 0.002667829 0.999540806 156.216918945
0.998039722 0.058309089 0.022732293 64.749786377 -0.058298100 0.998298585 -0.001146460 -6.248081207 -0.022760464 -0.000181037 0.999740958 157.047058105
0.998090029 0.059507020 0.016587716 64.754440308 -0.059529170 0.998226225 0.000844413 -6.255172729 -0.016508043 -0.001830253 0.999862075 157.867111206
0.998211682 0.058452357 0.012521518 64.745872498 -0.058446702 0.998290181 -0.000817614 -6.271256447 -0.012547901 0.000084310 0.999921262 158.698806763
0.998034894 0.062194072 0.007634919 64.743858337 -0.062148899 0.998048723 -0.006017637 -6.286242485 -0.007994283 0.005531310 0.999952734 159.513153076
0.997688949 0.067837782 0.003839904 64.725616455 -0.067783482 0.997617424 -0.012842173 -6.294260502 -0.004701940 0.012552213 0.999910176 160.318588257
0.997634411 0.068738595 0.000777347 64.714744568 -0.068719208 0.997522950 -0.015020774 -6.311590672 -0.001807929 0.014931821 0.999886870 161.136566162
0.997482061 0.070890091 -0.002022326 64.698028564 -0.070905410 0.997443140 -0.008919245 -6.331109524 0.001384869 0.009040181 0.999958158 161.966720581
0.997300863 0.073335513 -0.003585738 64.672058105 -0.073331103 0.997306764 0.001346890 -6.336241245 0.003674855 -0.001080308 0.999992669 162.812805176
0.997199714 0.074484199 -0.006698112 64.652969360 -0.074426085 0.997189939 0.008544074 -6.341056824 0.007315687 -0.008021634 0.999941051 163.656066895
0.997413218 0.070917986 -0.011727593 64.641921997 -0.070856087 0.997470737 0.005612176 -6.358726978 0.012095935 -0.004766687 0.999915481 164.461410522
0.998143911 0.058355168 -0.017418947 64.621696472 -0.058439724 0.998281300 -0.004384772 -6.363072395 0.017133135 0.005394592 0.999838650 165.292617798
0.998132050 0.055876892 -0.024701050 64.604042053 -0.056111399 0.998384833 -0.008904307 -6.370874405 0.024163609 0.010273685 0.999655247 166.099899292
0.997733235 0.059549056 -0.031342566 64.553298950 -0.059804060 0.998183727 -0.007261741 -6.391741753 0.030853208 0.009119692 0.999482334 166.948135376
0.997624099 0.057004619 -0.038686171 64.506019592 -0.057084370 0.998368919 -0.000959085 -6.402533054 0.038568400 0.003165181 0.999250948 167.793380737
0.997583091 0.052136533 -0.045931768 64.461494446 -0.052069478 0.998639941 0.002655923 -6.412872314 0.046007771 -0.000257861 0.998941064 168.627639771
0.997721136 0.043651689 -0.051449146 64.417129517 -0.043362234 0.999036729 0.006729387 -6.413232327 0.051693339 -0.004483102 0.998652935 169.463333130
0.997539282 0.039859358 -0.057676900 64.370025635 -0.039516192 0.999193847 0.007078559 -6.433984280 0.057912555 -0.004781970 0.998310208 170.288131714
0.997294247 0.036419954 -0.063857377 64.304023743 -0.036457535 0.999335051 0.000577037 -6.452750206 0.063835934 0.001752607 0.997958839 171.122299194
0.997092724 0.026285907 -0.071520075 64.251274109 -0.027038617 0.999588490 -0.009576560 -6.458806992 0.071238920 0.011482523 0.997393191 171.945632935
0.996816158 0.015531130 -0.078206897 64.198066711 -0.016639389 0.999769866 -0.013539171 -6.469493866 0.077978626 0.014797380 0.996845186 172.775161743
0.996205509 0.019931698 -0.084719352 64.127822876 -0.020519512 0.999770999 -0.006073191 -6.483093262 0.084578909 0.007788546 0.996386349 173.601531982
0.995503008 0.030826313 -0.089574046 64.037475586 -0.030299274 0.999514639 0.007237982 -6.492097378 0.089753695 -0.004491405 0.995953858 174.427032471
0.994884074 0.036761984 -0.094097264 63.949783325 -0.035502195 0.999256611 0.015027959 -6.504196644 0.094579764 -0.011610417 0.995449603 175.260848999
0.994544804 0.036502711 -0.097714610 63.855239868 -0.035494760 0.999297380 0.012034390 -6.509092808 0.098085247 -0.008500384 0.995141685 176.100112915
0.994312942 0.036893465 -0.099902935 63.759681702 -0.036963612 0.999315977 0.001149409 -6.511188030 0.099877007 0.002549901 0.994996548 176.934036255
0.993625343 0.046500824 -0.102695160 63.638694763 -0.047565073 0.998836577 -0.007937467 -6.519832134 0.102206580 0.012771571 0.994681180 177.771026611
0.993485928 0.044677626 -0.104831204 63.536750793 -0.046137359 0.998868465 -0.011539920 -6.530612469 0.104197010 0.016301384 0.994423091 178.622436523
0.993407965 0.040253010 -0.107332580 63.471412659 -0.041233134 0.999125540 -0.006927199 -6.533555508 0.106959887 0.011307193 0.994199038 179.467041016
0.993429005 0.040255941 -0.107136779 63.375091553 -0.040285595 0.999186397 0.001888359 -6.546691418 0.107125632 0.002440118 0.994242489 180.333084106
0.993393064 0.041527145 -0.106984407 63.279693604 -0.040970594 0.999132991 0.007395793 -6.552787781 0.107198775 -0.002963716 0.994233191 181.180816650
0.993213236 0.041380871 -0.108697116 63.179599762 -0.040872682 0.999140561 0.006900030 -6.566960335 0.108889222 -0.002410459 0.994050980 182.036254883
0.993106842 0.037032336 -0.111208655 63.089263916 -0.037579067 0.999289691 -0.002823523 -6.566541195 0.111025102 0.006983177 0.993793070 182.879241943
0.993165731 0.026297394 -0.113711230 63.008106232 -0.028106701 0.999502122 -0.014337292 -6.583096981 0.113277577 0.017435355 0.993410408 183.716598511
0.993151724 0.015712850 -0.115770094 62.923763275 -0.017992619 0.999663711 -0.018673509 -6.595378399 0.115437753 0.020628635 0.993100464 184.565216064
0.993025541 0.015710691 -0.116847992 62.821113586 -0.017476944 0.999747753 -0.014106581 -6.607875824 0.116596892 0.016050341 0.993049622 185.417861938
0.992763579 0.022653885 -0.117928915 62.716178894 -0.023191199 0.999725997 -0.003185819 -6.633660793 0.117824428 0.005897678 0.993016958 186.258972168
0.992543578 0.023057902 -0.119689748 62.617057800 -0.023164326 0.999731541 0.000502221 -6.652033329 0.119669199 0.002274056 0.992811203 187.100326538
0.992471218 0.022402672 -0.120411962 62.508007050 -0.022951974 0.999731541 -0.003176718 -6.668531895 0.120308474 0.005916493 0.992718935 187.944015503
0.992473423 0.021686338 -0.120524831 62.407974243 -0.023007449 0.999689400 -0.009580418 -6.674236774 0.120279633 0.012281280 0.992664099 188.778137207
0.992283165 0.028490014 -0.120674901 62.288536072 -0.029887088 0.999505401 -0.009782722 -6.694094658 0.120336510 0.013313852 0.992643893 189.609573364
0.992181003 0.031071587 -0.120877683 62.172367096 -0.032139536 0.999459624 -0.006894914 -6.712798595 0.120598122 0.010725955 0.992643476 190.444030762
0.991945267 0.035109639 -0.121704347 62.068630219 -0.035807215 0.999352396 -0.003548700 -6.738551140 0.121500947 0.007878009 0.992560029 191.296859741
0.991819978 0.039623771 -0.121338747 61.958454132 -0.040014122 0.999198794 -0.000781105 -6.749175549 0.121210583 0.005629979 0.992610872 192.126373291
0.991627693 0.042196274 -0.122041017 61.853816986 -0.042663589 0.999088764 -0.001217421 -6.759270668 0.121878430 0.006413936 0.992524326 192.952453613
0.991648614 0.040463559 -0.122457139 61.742248535 -0.041359887 0.999132872 -0.004785351 -6.786229610 0.122157313 0.009810200 0.992462277 193.783111572
0.991412520 0.042976759 -0.123507738 61.642406464 -0.044554733 0.998956501 -0.010041540 -6.804714680 0.122947305 0.015458163 0.992292821 194.584564209
0.991172910 0.044573653 -0.124857619 61.532890320 -0.046177451 0.998883426 -0.009979000 -6.814502239 0.124273404 0.015656520 0.992124498 195.403762817
0.990910113 0.045748364 -0.126507625 61.425098419 -0.046130162 0.998935461 -0.000088425 -6.832930088 0.126368895 0.005923438 0.991965652 196.199279785
0.990846395 0.041619305 -0.128418297 61.350063324 -0.040838387 0.999127805 0.008709348 -6.822367191 0.128668755 -0.003385231 0.991681874 196.985305786
0.991040111 0.035484660 -0.128764540 61.248172760 -0.034436967 0.999353230 0.010354513 -6.831136227 0.129048675 -0.005827479 0.991621137 197.767822266
0.990985751 0.034623429 -0.129415676 61.141548157 -0.034459278 0.999399960 0.003508059 -6.844920158 0.129459485 0.000983135 0.991584241 198.523880005
0.990950167 0.036695432 -0.129117042 61.040714264 -0.037163753 0.999308467 -0.001218827 -6.863029957 0.128983021 0.006006271 0.991628587 199.259902954
0.991086662 0.035356749 -0.128441289 60.945957184 -0.036550019 0.999307692 -0.006944545 -6.885104656 0.128106818 0.011577176 0.991692781 199.969390869
0.991168261 0.032863799 -0.128473788 60.867153168 -0.034489613 0.999350429 -0.010450069 -6.902191162 0.128046900 0.014788786 0.991657853 200.660217285
0.991618514 0.028783739 -0.125953466 60.787578583 -0.030943282 0.999405205 -0.015222386 -6.919948578 0.125440389 0.018992212 0.991919339 201.337280273
0.992207706 0.027529093 -0.121515371 60.704792023 -0.029766137 0.999418497 -0.016632529 -6.935022354 0.120986827 0.020119967 0.992450178 202.016723633
0.992776036 0.029737789 -0.116238780 60.616977692 -0.031343978 0.999436438 -0.012014220 -6.948518753 0.115816005 0.015570815 0.993148625 202.694442749
0.993355632 0.034787402 -0.109701447 60.532951355 -0.035293549 0.999373436 -0.002674903 -6.971791267 0.109539650 0.006528883 0.993960977 203.374008179
0.993746519 0.041048720 -0.103840791 60.454975128 -0.041104198 0.999153554 0.001606553 -6.989012241 0.103818841 0.002671786 0.994592607 204.034851074
0.994289279 0.042725757 -0.097792454 60.390052795 -0.042957753 0.999076843 -0.000267055 -6.997583866 0.097690769 0.004466474 0.995206773 204.685104370
0.994999528 0.040527619 -0.091287717 60.344348907 -0.041459441 0.999105453 -0.008333623 -7.012776375 0.090868309 0.012076689 0.995789707 205.330520630
0.995630503 0.040013984 -0.084372982 60.291736603 -0.041623577 0.998981774 -0.017404454 -7.029126644 0.083590657 0.020840311 0.996282220 205.980392456
0.996076107 0.042382035 -0.077692784 60.245567322 -0.044271562 0.998760223 -0.022760898 -7.044411182 0.076631807 0.026111167 0.996717513 206.622634888
0.996682286 0.041398324 -0.070075676 60.192211151 -0.043001428 0.998843133 -0.021524267 -7.065984726 0.069103539 0.024466211 0.997309446 207.269683838
0.997190595 0.038345955 -0.064346336 60.163036346 -0.039483108 0.999084115 -0.016494345 -7.084431171 0.063654907 0.018988598 0.997791290 207.922653198
0.997828305 0.031212522 -0.058004148 60.135257721 -0.031885758 0.999434054 -0.010717420 -7.107914448 0.057636805 0.012543650 0.998258829 208.567520142
0.998316824 0.025528466 -0.052075628 60.099399567 -0.026057573 0.999615252 -0.009506738 -7.128755093 0.051812898 0.010847701 0.998597920 209.209503174
0.998469472 0.026883997 -0.048332039 60.057685852 -0.027324155 0.999590755 -0.008469314 -7.150335789 0.048084568 0.009776984 0.998795390 209.849685669
0.998400986 0.030638464 -0.047505520 60.028110504 -0.031007398 0.999494314 -0.007048589 -7.161842823 0.047265537 0.008510340 0.998846114 210.498275757
0.998370230 0.031477451 -0.047602832 59.991573334 -0.031774096 0.999480009 -0.005487642 -7.162317753 0.047405340 0.006991236 0.998851240 211.146697998
0.998331726 0.031678371 -0.048272900 59.954399109 -0.031839006 0.999489725 -0.002562089 -7.179834366 0.048167102 0.004094776 0.998830914 211.792770386
0.998282671 0.033301108 -0.048195161 59.920986176 -0.033375062 0.999442637 -0.000730341 -7.188202381 0.048143975 0.002337603 0.998837650 212.446060181
0.997994006 0.040866084 -0.048352428 59.869655609 -0.041191675 0.999134660 -0.005756159 -7.197439194 0.048075356 0.007736329 0.998813748 213.090270996
0.997746706 0.045339387 -0.049455207 59.826869965 -0.046112534 0.998829484 -0.014605366 -7.208580494 0.048735123 0.016852960 0.998669565 213.733825684
0.997749567 0.042553939 -0.051816761 59.792556763 -0.043791942 0.998776019 -0.022995170 -7.231590271 0.050774805 0.025212578 0.998391807 214.378051758
0.997785687 0.036647655 -0.055503748 59.761226654 -0.038217790 0.998891056 -0.027496276 -7.243212223 0.054434523 0.029556623 0.998079777 215.029846191
0.997469604 0.039416999 -0.059166282 59.712463379 -0.040768407 0.998930573 -0.021809736 -7.256711006 0.058243334 0.024166664 0.998009861 215.699401855
0.996938109 0.046885002 -0.062580019 59.647933960 -0.047565956 0.998823524 -0.009435439 -7.271892071 0.062064014 0.012383226 0.997995377 216.383255005
0.996850073 0.043070510 -0.066594698 59.606975555 -0.042836539 0.999069870 0.004937982 -7.289185524 0.066745438 -0.002069742 0.997767866 217.062820435
0.996831417 0.036852479 -0.070491344 59.565803528 -0.035910755 0.999248624 0.014580755 -7.305960178 0.070975721 -0.012003157 0.997405827 217.743331909
0.996686578 0.035655957 -0.073106289 59.503688812 -0.034818489 0.999312997 0.012698462 -7.316470623 0.073508844 -0.010110935 0.997243285 218.422348022
0.996368051 0.039627347 -0.075367965 59.435527802 -0.039237995 0.999207854 0.006640315 -7.324821949 0.075571395 -0.003658910 0.997133672 219.088546753
0.996141016 0.036540244 -0.079798840 59.395290375 -0.036800433 0.999321043 -0.001791884 -7.327319622 0.079679184 0.004721601 0.996809363 219.741363525
0.996223509 0.028415043 -0.082044438 59.343391418 -0.029070854 0.999554157 -0.006809669 -7.325780869 0.081814364 0.009169053 0.996605396 220.429199219
0.996359289 0.020907216 -0.082650304 59.288475037 -0.021132145 0.999774992 -0.001847491 -7.330081463 0.082593083 0.003587343 0.996576905 221.130828857
0.996328294 0.014739380 -0.084337004 59.245384216 -0.014585369 0.999890625 0.002442027 -7.347348213 0.084363781 -0.001202975 0.996434271 221.825073242
0.996255577 0.011908470 -0.085633107 59.188388824 -0.011486199 0.999919355 0.005422187 -7.364405155 0.085690774 -0.004418286 0.996311963 222.518646240
0.996179223 0.009095526 -0.086857818 59.132175446 -0.008932245 0.999957561 0.002268339 -7.368958473 0.086874761 -0.001483837 0.996218145 223.205673218
0.996131241 0.003441643 -0.087810293 59.076503754 -0.003704020 0.999989152 -0.002825232 -7.369435310 0.087799624 0.003139553 0.996133208 223.893447876
0.996021569 -0.005504044 -0.088942319 59.033874512 0.005180952 0.999979138 -0.003863057 -7.376108646 0.088961720 0.003386882 0.996029258 224.582794189
0.995935142 -0.005865134 -0.089882381 58.975475311 0.005804655 0.999982715 -0.000934255 -7.387238979 0.089886300 0.000408722 0.995951951 225.274169922
0.995884120 -0.005741991 -0.090453543 58.918212891 0.006072341 0.999975860 0.003377372 -7.402502537 0.090431966 -0.003912736 0.995894969 225.959121704
0.995827794 -0.005792602 -0.091068581 58.843193054 0.006397948 0.999959350 0.006356615 -7.416630268 0.091028050 -0.006912746 0.995824337 226.663711548
0.995807648 -0.005677022 -0.091295384 58.779857635 0.006042310 0.999974787 0.003725264 -7.434135437 0.091271929 -0.004261281 0.995816886 227.343002319
0.995770037 -0.009490372 -0.091389380 58.730148315 0.009219467 0.999951780 -0.003386016 -7.447533131 0.091417111 0.002529132 0.995809495 228.011672974
0.995732605 -0.011212600 -0.091601834 58.668170929 0.010081835 0.999867260 -0.012797779 -7.459822178 0.091733173 0.011819652 0.995713472 228.672958374
0.995738924 -0.010351202 -0.091634326 58.597454071 0.008707638 0.999794304 -0.018317802 -7.466013908 0.091805093 0.017441830 0.995624244 229.342590332
0.995767474 -0.007262892 -0.091621198 58.546680450 0.005717771 0.999837160 -0.017115466 -7.485719681 0.091730587 0.016519155 0.995646834 229.986755371
0.995737910 -0.008850900 -0.091802321 58.488903046 0.007893535 0.999910653 -0.010786408 -7.499290943 0.091889583 0.010015790 0.995718837 230.647827148
0.995681703 -0.010287086 -0.092260882 58.418464661 0.010041150 0.999944687 -0.003129467 -7.509338379 0.092287973 0.002189548 0.995729923 231.307479858
0.995665491 -0.009946425 -0.092473030 58.356502533 0.010124419 0.999947667 0.001455896 -7.521436214 0.092453718 -0.002385821 0.995714128 231.932174683
0.995621741 -0.008770221 -0.093061350 58.286258698 0.009237831 0.999946773 0.004595142 -7.529371262 0.093016095 -0.005434708 0.995649755 232.551239014
0.995341063 -0.010600873 -0.095832296 58.238239288 0.011333317 0.999910533 0.007101892 -7.526988029 0.095748432 -0.008154903 0.995372176 233.142868042
0.994760036 -0.016268566 -0.100934550 58.198364258 0.017040495 0.999831736 0.006790299 -7.540751457 0.100807101 -0.008474693 0.994869888 233.698837280
0.993832409 -0.020591689 -0.108964041 58.145153046 0.021218183 0.999764323 0.004593071 -7.547624111 0.108843774 -0.006876761 0.994035065 234.242172241
0.992485762 -0.024237877 -0.119935691 58.086952209 0.024489583 0.999699891 0.000624985 -7.552168369 0.119884551 -0.003557464 0.992781460 234.774871826
0.990636766 -0.024154183 -0.134370193 58.043811798 0.023926493 0.999708235 -0.003309295 -7.565437794 0.134410933 0.000063301 0.990925670 235.250991821
0.987799227 -0.025904164 -0.153563052 57.964305878 0.025283176 0.999662340 -0.005995676 -7.566806316 0.153666526 0.002039963 0.988120675 235.752365112
0.984120131 -0.027863614 -0.175303280 57.873695374 0.027410846 0.999611735 -0.005004081 -7.587994099 0.175374657 0.000119405 0.984501779 236.234085083
0.979513228 -0.025821583 -0.199717566 57.755977631 0.025808228 0.999663353 -0.002670723 -7.585398674 0.199719295 -0.002538348 0.979849875 236.721801758
0.973460853 -0.025120884 -0.227470607 57.638393402 0.025766253 0.999668002 -0.000132350 -7.591670036 0.227398396 -0.005732227 0.973784924 237.182388306
0.965374827 -0.027087787 -0.259456456 57.506332397 0.027894681 0.999610722 -0.000572032 -7.603419781 0.259370923 -0.006685229 0.965754628 237.642196655
0.955370069 -0.022931995 -0.294520199 57.365749359 0.022885399 0.999731600 -0.003605239 -7.628605843 0.294523835 -0.003295873 0.955638468 238.055908203
0.942511261 -0.018219355 -0.333677322 57.201583862 0.016674187 0.999832869 -0.007494367 -7.641447067 0.333758086 0.001499729 0.942657590 238.461151123
0.926589191 -0.015040566 -0.375774264 57.011108398 0.011933143 0.999872684 -0.010595536 -7.652985096 0.375885785 0.005333541 0.926650643 238.861831665
0.907702565 -0.009243216 -0.419512451 56.797145844 0.005053642 0.999925673 -0.011096990 -7.662201405 0.419583857 0.007952701 0.907681763 239.248733521
0.885381818 0.000125673 -0.464864522 56.568248749 -0.006360712 0.999909639 -0.011844308 -7.669932842 0.464821011 0.013443605 0.885302603 239.608886719
0.859453797 0.012459859 -0.511061668 56.306411743 -0.021238707 0.999710083 -0.011343919 -7.678256512 0.510772109 0.020603862 0.859469235 239.952346802
0.829681158 0.024236929 -0.557711244 56.034114838 -0.034965329 0.999351621 -0.008586633 -7.684751987 0.557141542 0.026624721 0.829990625 240.268554688
0.795692265 0.032973167 -0.604803026 55.745662689 -0.045027193 0.998974323 -0.004775845 -7.690221310 0.604025185 0.031032681 0.796360850 240.580841064
0.757984400 0.039873358 -0.651052713 55.445583344 -0.051986802 0.998647571 0.000636274 -7.696295738 0.650197625 0.033363864 0.759032190 240.873626709
0.717847645 0.047952715 -0.694546819 55.123790741 -0.056404795 0.998351395 0.010630831 -7.698820591 0.693911552 0.031544454 0.719368935 241.155944824
0.675659537 0.060041446 -0.734764695 54.793315887 -0.060873497 0.997818172 0.025560139 -7.694353104 0.734696269 0.027457742 0.677840352 241.423507690
0.631952822 0.071989350 -0.771656156 54.432270050 -0.065424226 0.997077823 0.039439797 -7.686892033 0.772240520 0.025560908 0.634815991 241.676422119
0.586574793 0.080774657 -0.805857003 54.067161560 -0.068931006 0.996382773 0.049697764 -7.677161217 0.806956351 0.026397064 0.590020895 241.897155762
0.539979219 0.084803648 -0.837395251 53.700836182 -0.068062760 0.996052444 0.056981944 -7.668692589 0.838921845 0.026226364 0.543619633 242.089797974
0.490829885 0.087360486 -0.866864562 53.331138611 -0.066542402 0.995813012 0.062678427 -7.654512882 0.868710637 0.026918810 0.494587958 242.266479492
0.439971924 0.085073128 -0.893972814 52.949138641 -0.058986332 0.996090412 0.065760620 -7.641745567 0.896072209 0.023799345 0.443269968 242.429580688
0.386911631 0.079304762 -0.918700337 52.562671661 -0.049934022 0.996634960 0.065002531 -7.621147156 0.920763850 0.020724159 0.389569640 242.578216553
0.332220256 0.071802475 -0.940464914 52.161029816 -0.040311478 0.997268021 0.061899196 -7.592091084 0.942340076 0.017347362 0.334207058 242.707687378
0.277306020 0.066692486 -0.958464205 51.756492615 -0.034138408 0.997641921 0.059541538 -7.569921970 0.960174978 0.016209202 0.278928876 242.794021606
0.224908829 0.064172462 -0.972264290 51.300457001 -0.031823143 0.997780323 0.058495119 -7.543256283 0.973860025 0.017784439 0.226451755 242.872482300
0.174563885 0.064825609 -0.982509732 50.834728241 -0.030627757 0.997705042 0.060386524 -7.530459404 0.984169483 0.019550750 0.176148713 242.932006836
0.127686024 0.065773889 -0.989631474 50.388793945 -0.027461786 0.997650504 0.062763646 -7.508401871 0.991434515 0.019162994 0.129192293 242.950851440
0.084117353 0.064923182 -0.994338751 49.911506653 -0.023659058 0.997724056 0.063142762 -7.485419273 0.996175051 0.018213708 0.085461915 242.963607788
0.043655038 0.064029448 -0.996992707 49.426723480 -0.021837680 0.997766793 0.063122965 -7.460617065 0.998807907 0.019016372 0.044955790 242.960403442
0.008366644 0.062503748 -0.998009622 48.934246063 -0.020535210 0.997844875 0.062321268 -7.428209305 0.999754131 0.019972919 0.009632111 242.941390991
-0.020922899 0.059567928 -0.998005033 48.434791565 -0.020931229 0.997978568 0.060005173 -7.397362709 0.999562025 0.022144953 -0.019633770 242.905059814
-0.046259165 0.057245947 -0.997287810 47.929569244 -0.020764070 0.998085797 0.058254886 -7.370646000 0.998713672 0.023402575 -0.044981956 242.860580444
-0.069244027 0.055936012 -0.996030569 47.401905060 -0.022186588 0.998093486 0.057594284 -7.342069149 0.997353196 0.026086563 -0.067870975 242.819442749
-0.088145018 0.054116908 -0.994636655 46.855827332 -0.023858655 0.998121977 0.056420907 -7.319236755 0.995821953 0.028703906 -0.086688280 242.767257690
-0.102491021 0.053427324 -0.993298292 46.302249908 -0.026291722 0.998062193 0.056396417 -7.301268101 0.994386554 0.031895638 -0.100887775 242.675949097
-0.112462878 0.051389098 -0.992326319 45.739303589 -0.027903385 0.998104632 0.054850705 -7.272982121 0.993264139 0.033857927 -0.110815763 242.591262817
-0.118897676 0.049630724 -0.991665483 45.165363312 -0.027869135 0.998189628 0.053298671 -7.243824959 0.992515445 0.033973936 -0.117299318 242.520401001
-0.122614145 0.049368046 -0.991225779 44.569087982 -0.027900115 0.998195827 0.053166419 -7.221847057 0.992062151 0.034174271 -0.121015549 242.446899414
-0.124747038 0.049426615 -0.990956783 43.943717957 -0.027495934 0.998202622 0.053249363 -7.181341648 0.991807580 0.033889975 -0.123163819 242.374877930
-0.125888586 0.049824454 -0.990792572 43.304466248 -0.026730247 0.998205006 0.053593513 -7.157060146 0.991684377 0.033230927 -0.124330759 242.294937134
-0.125962138 0.050256986 -0.990761399 42.646869659 -0.026273455 0.998196602 0.053974465 -7.125835419 0.991687298 0.032829449 -0.124414563 242.213470459
-0.125492096 0.050225008 -0.990822554 41.954681396 -0.025551852 0.998222768 0.053836387 -7.091040611 0.991765618 0.032073390 -0.123985767 242.143371582
-0.125266433 0.047830373 -0.990969539 41.239486694 -0.024235681 0.998391628 0.051252190 -7.043074608 0.991827130 0.030436996 -0.123905778 242.066146851
-0.124542475 0.045104247 -0.991188645 40.523185730 -0.021778602 0.998601317 0.048178036 -7.005958080 0.991975307 0.027586911 -0.123386025 241.987426758
-0.123538136 0.043735716 -0.991375625 39.764957428 -0.020354550 0.998706460 0.046595562 -6.965371609 0.992131054 0.025935333 -0.122488022 241.899841309
-0.123070478 0.043110292 -0.991461217 38.971122742 -0.020593714 0.998729944 0.045982659 -6.940097809 0.992184341 0.026076972 -0.122026443 241.823089600
-0.122072577 0.043003947 -0.991589308 38.177402496 -0.020213291 0.998745978 0.045802746 -6.912395954 0.992315531 0.025634531 -0.121050239 241.735549927
-0.120612502 0.043833159 -0.991731584 37.369911194 -0.018707531 0.998746872 0.046418399 -6.875982761 0.992523491 0.024151480 -0.119641423 241.638137817
-0.119412661 0.044194967 -0.991860628 36.532733917 -0.016104847 0.998791099 0.046442676 -6.836047649 0.992714167 0.021519605 -0.118556619 241.551940918
-0.117266059 0.044236958 -0.992114842 35.692928314 -0.013432392 0.998845398 0.046124745 -6.797619820 0.993009746 0.018735338 -0.116536498 241.446441650
-0.116397142 0.044479370 -0.992206275 34.805484772 -0.012784572 0.998846829 0.046276830 -6.757187366 0.993120492 0.018071420 -0.115694284 241.355438232
-0.115503430 0.047156729 -0.992187142 33.904052734 -0.011187997 0.998747349 0.048770949 -6.724266529 0.993244171 0.016733794 -0.114831090 241.265655518
-0.114872336 0.051832736 -0.992027044 32.998081207 -0.008767726 0.998546004 0.053188607 -6.686425686 0.993341565 0.014807723 -0.114250898 241.175064087
-0.114372849 0.056388311 -0.991836369 32.087459564 -0.007767759 0.998306513 0.057651892 -6.648825169 0.993407667 0.014298154 -0.113741159 241.086883545
-0.114326715 0.056915585 -0.991811633 31.163078308 -0.007672410 0.998277128 0.058171023 -6.599882603 0.993413687 0.014260080 -0.113692999 240.996109009
-0.115024567 0.053624086 -0.991914332 30.290092468 -0.008649876 0.998449981 0.054980472 -6.557142258 0.993325055 0.014904030 -0.114382386 240.887252808
-0.116307735 0.049641080 -0.991971970 29.402900696 -0.006633559 0.998689115 0.050755002 -6.532559395 0.993191123 0.012483500 -0.115826011 240.777053833
-0.118065238 0.049258292 -0.991783321 28.532478333 -0.003588371 0.998741210 0.050031036 -6.502691746 0.992999375 0.009465814 -0.117739916 240.661911011
-0.120910048 0.054292530 -0.991177678 27.610620499 -0.001266982 0.998493910 0.054847844 -6.462129116 0.992662668 0.007887462 -0.120659232 240.567184448
-0.123936892 0.060317554 -0.990455210 26.723562241 -0.000308758 0.998148441 0.060824700 -6.424098492 0.992290080 0.007844234 -0.123688698 240.450119019
-0.126677275 0.063321292 -0.989920855 25.815776825 -0.000008553 0.997960389 0.063836642 -6.352929115 0.991943955 0.008095114 -0.126418352 240.341964722
-0.130158424 0.063421458 -0.989462852 24.912786484 0.003001496 0.997972727 0.063572094 -6.319249630 0.991488814 0.005304569 -0.130084991 240.261550903
-0.132956266 0.061909940 -0.989186406 24.041168213 0.003975768 0.998072445 0.061931707 -6.282116413 0.991113901 0.004301431 -0.132946134 240.139846802
-0.136155009 0.058552817 -0.988955617 23.168111801 0.001464492 0.998262703 0.058902226 -6.234848976 0.990686417 0.006571518 -0.136004210 240.022552490
-0.138675451 0.056960121 -0.988698602 22.287557602 0.000516409 0.998348594 0.057443641 -6.201847553 0.990337849 0.007455444 -0.138475776 239.900726318
-0.140382051 0.056542277 -0.988481581 21.420194626 0.001068356 0.998376071 0.056956530 -6.166559219 0.990096867 0.006939622 -0.140214443 239.776596069
-0.142530322 0.055176601 -0.988251328 20.515995026 -0.002341177 0.998423398 0.056082189 -6.146241665 0.989787698 0.010307081 -0.142176390 239.669082642
-0.143793225 0.051422201 -0.988271058 19.617341995 -0.006523428 0.998578072 0.052907668 -6.108957767 0.989586413 0.014054677 -0.143253326 239.549072266
-0.144499063 0.048237026 -0.988328636 18.763311386 -0.008707248 0.998710394 0.050016776 -6.080989361 0.989466727 0.015832990 -0.143892765 239.414550781
-0.144191623 0.047867231 -0.988391519 17.921119690 -0.009534227 0.998715818 0.049758136 -6.067494392 0.989503980 0.016598247 -0.143550158 239.297424316
-0.142607689 0.047611546 -0.988633454 17.095790863 -0.009783216 0.998725772 0.049508784 -6.020621777 0.989730895 0.016732354 -0.141960263 239.181076050
-0.140736580 0.047361139 -0.988913715 16.248598099 -0.008865230 0.998754799 0.049094103 -5.989615917 0.990007460 0.015676277 -0.140141487 239.056030273
-0.138668060 0.048390836 -0.989155948 15.393133163 -0.008310180 0.998713493 0.050023392 -5.953427315 0.990304053 0.015156709 -0.138087511 238.930786133
-0.136424780 0.050015684 -0.989387155 14.566751480 -0.005546536 0.998670459 0.051249780 -5.925267220 0.990635037 0.012479402 -0.135965943 238.805007935
-0.134868503 0.053061657 -0.989441812 13.730594635 0.000848070 0.998570919 0.053435639 -5.905153275 0.990863264 0.006367659 -0.134720683 238.702194214
-0.133214951 0.053523324 -0.989640951 12.891583443 0.006327840 0.998566270 0.053154252 -5.871648312 0.991067052 0.000818646 -0.133362651 238.602096558
-0.131292105 0.051663630 -0.989996672 12.067264557 0.005184000 0.998663247 0.051428407 -5.838408470 0.991330266 0.001619993 -0.131384373 238.489151001
-0.129815936 0.051361971 -0.990207136 11.251704216 0.005612161 0.998679519 0.051065691 -5.820652962 0.991522372 0.001071928 -0.129932761 238.389129639
-0.129620671 0.051690888 -0.990215361 10.404222488 0.009075999 0.998660266 0.050943665 -5.776970863 0.991522133 -0.002383841 -0.129916191 238.303665161
-0.129762888 0.055577934 -0.989986300 9.593595505 0.010905227 0.998447478 0.054623544 -5.748671055 0.991485119 -0.003707923 -0.130167484 238.208236694
-0.129909277 0.059239388 -0.989754796 8.789791107 0.008747973 0.998243272 0.058599245 -5.710358143 0.991487384 -0.001045763 -0.130199313 238.079910278
-0.131822348 0.061281364 -0.989377499 7.944619656 0.006842133 0.998119712 0.060911231 -5.679103851 0.991249919 0.001260003 -0.131993771 237.973953247
-0.134614944 0.059896320 -0.989086032 7.123960972 0.006541220 0.998203397 0.059558183 -5.651077271 0.990876317 0.001547588 -0.134764791 237.865936279
-0.137619257 0.056589678 -0.988867402 6.310728550 0.005765397 0.998395443 0.056332577 -5.607830048 0.990468502 0.002051231 -0.137724638 237.756820679
-0.141426206 0.052730441 -0.988543570 5.502032757 0.004724571 0.998604953 0.052591220 -5.564663410 0.989937603 0.002767328 -0.141478062 237.639968872
-0.146092176 0.051686391 -0.987919927 4.685057640 0.004357904 0.998658121 0.051603764 -5.548950672 0.989261508 0.003233640 -0.146121383 237.517593384
-0.150985360 0.050935432 -0.987222910 3.903492212 0.003013937 0.998690724 0.051066160 -5.527514935 0.988531470 0.004734812 -0.150941133 237.389495850
-0.155681372 0.050485559 -0.986516476 3.112919807 -0.000312721 0.998690546 0.051157925 -5.486469269 0.987807393 0.008272834 -0.155461669 237.254196167
-0.160365582 0.051740747 -0.985700786 2.327831507 -0.002323028 0.998602629 0.052795924 -5.455412388 0.987055123 0.010756448 -0.160021305 237.124298096
-0.164560080 0.054218881 -0.984875679 1.567548871 -0.004404364 0.998437762 0.055701405 -5.427436352 0.986357093 0.013503985 -0.164064288 236.978363037
-0.168780088 0.054697052 -0.984134972 0.789472044 -0.009082945 0.998330355 0.057043746 -5.391854763 0.985611975 0.018566689 -0.168001413 236.837020874
-0.171768188 0.054974686 -0.983602464 -0.147873640 -0.012990925 0.998228550 0.058060788 -5.440937996 0.985051930 0.022750886 -0.170749664 236.616531372
-0.174339056 0.053307168 -0.983241677 -0.911642909 -0.017474184 0.998208821 0.057216976 -5.418298244 0.984530568 0.027156506 -0.173095345 236.489654541
-0.175954938 0.051908150 -0.983028829 -1.657787800 -0.023365796 0.998107195 0.056886666 -5.393611908 0.984121025 0.032978728 -0.174409032 236.349868774
-0.177070141 0.051625505 -0.982843339 -2.411776781 -0.026839323 0.997998655 0.057256967 -5.354732990 0.983832181 0.036517352 -0.175330162 236.210037231
-0.177557707 0.051862326 -0.982743084 -3.147926092 -0.029044110 0.997899234 0.057909727 -5.322684765 0.983681858 0.038825199 -0.175678372 236.064636230
-0.177747965 0.051295787 -0.982738197 -3.858393431 -0.031754829 0.997821510 0.057826582 -5.293818951 0.983563602 0.041485239 -0.175731778 235.930603027
-0.177315474 0.050733220 -0.982845604 -4.562306404 -0.034969423 0.997714996 0.057809599 -5.256068230 0.983532608 0.044620074 -0.175136089 235.786758423
-0.176968336 0.050226904 -0.982934058 -5.253091335 -0.037535138 0.997626066 0.057735510 -5.217611313 0.983500540 0.047111921 -0.174662948 235.664123535
-0.176159501 0.050778862 -0.983051121 -5.940358639 -0.038967896 0.997525990 0.058509473 -5.186448574 0.983590066 0.048614424 -0.173744917 235.553131104
-0.173600554 0.051972296 -0.983443677 -6.601062298 -0.039820168 0.997419417 0.059740059 -5.163709164 0.984010637 0.049531817 -0.171082973 235.429031372
-0.170528173 0.051963318 -0.983981788 -7.258392811 -0.041132409 0.997362673 0.059798367 -5.128731251 0.984494030 0.050670840 -0.167941093 235.301757812
-0.167859197 0.050899100 -0.984496295 -7.891877174 -0.042802725 0.997348130 0.058861528 -5.110032082 0.984881461 0.052019555 -0.165235400 235.190948486
-0.164707065 0.049888026 -0.985080302 -8.521236420 -0.042769063 0.997419477 0.057663996 -5.088943481 0.985415041 0.051628616 -0.162148356 235.076751709
-0.161927223 0.049639914 -0.985553443 -9.134557724 -0.040788863 0.997543752 0.056945477 -5.077106953 0.985959470 0.049420621 -0.159504771 234.974853516
-0.159014940 0.049415819 -0.986038804 -9.722929001 -0.038790368 0.997662663 0.056253947 -5.055786133 0.986513972 0.047194019 -0.156726480 234.886947632
-0.155874610 0.050218016 -0.986499429 -10.309390068 -0.039171077 0.997606993 0.056972783 -5.037254333 0.986999750 0.047522862 -0.153534532 234.789550781
-0.152289271 0.051159762 -0.987011075 -10.902844429 -0.039755799 0.997534037 0.057839256 -5.008018970 0.987536192 0.048047703 -0.149879813 234.705322266
-0.148392558 0.050853711 -0.987620354 -11.456768990 -0.041024629 0.997500718 0.057526529 -4.981059551 0.988077402 0.049053252 -0.145935416 234.623016357
-0.144029260 0.050681148 -0.988274693 -11.995473862 -0.040485445 0.997549713 0.057057057 -4.963039875 0.988744855 0.048228625 -0.141624451 234.554046631
-0.139725924 0.051186331 -0.988866389 -12.524935722 -0.039631270 0.997573733 0.057236910 -4.939331055 0.989396870 0.047187507 -0.137358308 234.491149902
-0.135721564 0.051703766 -0.989397168 -13.029986382 -0.039202400 0.997575045 0.057508752 -4.912007809 0.989971280 0.046591908 -0.133365512 234.428573608
-0.131241798 0.052533194 -0.989957511 -13.512409210 -0.037299141 0.997626245 0.057885010 -4.894707203 0.990648448 0.044521499 -0.128970861 234.364624023
-0.127030015 0.053772263 -0.990440369 -13.977814674 -0.037619054 0.997549891 0.058983121 -4.877401352 0.991185308 0.044752050 -0.124696016 234.312377930
-0.122212887 0.055378683 -0.990957916 -14.429363251 -0.038001761 0.997448921 0.060428109 -4.858969688 0.991776288 0.045043226 -0.119796634 234.264862061
-0.117508292 0.056324065 -0.991473556 -14.863114357 -0.038560659 0.997378588 0.061229687 -4.840105534 0.992323160 0.045426849 -0.115028381 234.218322754
-0.112439871 0.056861714 -0.992030501 -15.281459808 -0.037568495 0.997404218 0.061427869 -4.819579601 0.992948294 0.044176012 -0.110011816 234.183425903
-0.106478333 0.057604529 -0.992645144 -15.683113098 -0.036853418 0.997405827 0.061833970 -4.801562786 0.993631959 0.043166332 -0.104079247 234.145660400
-0.100347638 0.057288911 -0.993301928 -16.067117691 -0.035450261 0.997501135 0.061112441 -4.789194584 0.994320929 0.041345283 -0.098065972 234.110321045
-0.094296217 0.056419168 -0.993944407 -16.431587219 -0.033802535 0.997635722 0.059835579 -4.778367519 0.994970322 0.039240096 -0.092166185 234.081192017
-0.088585854 0.056087963 -0.994488299 -16.779941559 -0.032960601 0.997701526 0.059205219 -4.770765781 0.995523155 0.038023666 -0.086533546 234.061080933
-0.083291292 0.055444852 -0.994981766 -17.106884003 -0.032279924 0.997776926 0.058302812 -4.760591507 0.996002436 0.036974043 -0.081316352 234.040954590
-0.078580022 0.055272169 -0.995374441 -17.413692474 -0.032273389 0.997797430 0.057954550 -4.746037483 0.996385336 0.036678173 -0.076623082 234.025878906
-0.074178100 0.055563077 -0.995695949 -17.696420670 -0.032288797 0.997789323 0.058085375 -4.729236603 0.996722221 0.036458485 -0.072220087 234.013626099
-0.070245147 0.055435598 -0.995988369 -17.951314926 -0.032374911 0.997801960 0.057819881 -4.718421459 0.997004390 0.036306590 -0.068295956 234.004867554
-0.066557407 0.053410642 -0.996352077 -18.178903580 -0.030334204 0.997996390 0.055525143 -4.707595348 0.997321367 0.033919152 -0.064803839 233.998870850
-0.063318014 0.048710562 -0.996803999 -18.375068665 -0.028819809 0.998302341 0.050614450 -4.705887794 0.997577190 0.031932507 -0.061806679 233.993469238
-0.060504436 0.045365341 -0.997136533 -18.545789719 -0.027400723 0.998514712 0.047090672 -4.705755711 0.997791827 0.030171454 -0.059171557 233.989059448
-0.058665991 0.045543529 -0.997238338 -18.692207336 -0.027402667 0.998508871 0.047213614 -4.697400093 0.997901618 0.030096814 -0.057330489 233.985961914
-0.057427645 0.046822861 -0.997251213 -18.817758560 -0.027933823 0.998433113 0.048486952 -4.688174725 0.997958958 0.030641522 -0.056029797 233.985946655
-0.056820512 0.046098214 -0.997319818 -18.912040710 -0.027832750 0.998472095 0.047737200 -4.685972214 0.997996569 0.030470591 -0.055450678 233.992843628
-0.056091785 0.043654229 -0.997470975 -18.989006042 -0.027372148 0.998600960 0.045242932 -4.682567596 0.998050451 0.029840669 -0.054818392 233.993499756
-0.055646896 0.041966666 -0.997568250 -19.053798676 -0.026925009 0.998689830 0.043515798 -4.681568146 0.998087525 0.029281046 -0.054444075 233.995452881
-0.055687070 0.041608695 -0.997581005 -19.103588104 -0.026819881 0.998708427 0.043152858 -4.682600498 0.998088121 0.029158050 -0.054499149 233.996658325
-0.055780768 0.041665286 -0.997573495 -19.142232895 -0.026875377 0.998704255 0.043215290 -4.680093288 0.998081446 0.029220730 -0.054588675 234.000015259
-0.055765271 0.041613914 -0.997576475 -19.159940720 -0.026863821 0.998706818 0.043162778 -4.680013657 0.998082638 0.029205689 -0.054575324 234.000900269
-0.055789590 0.041480333 -0.997580647 -19.169420242 -0.026872905 0.998712301 0.043030251 -4.677770615 0.998080969 0.029208522 -0.054602981 234.001174927
-0.055759788 0.041448403 -0.997583628 -19.172616959 -0.026890662 0.998713195 0.042998381 -4.676976681 0.998082161 0.029223254 -0.054573417 234.000869751
-0.055798650 0.041268807 -0.997588933 -19.171405792 -0.027006056 0.998717487 0.042826042 -4.674682140 0.998076856 0.029330568 -0.054612637 234.002471924
-0.055778027 0.040258903 -0.997631311 -19.166694641 -0.027298223 0.998751760 0.041830376 -4.681430817 0.998070002 0.029566772 -0.054609418 234.000717163
-0.055726767 0.038664855 -0.997697294 -19.167217255 -0.027737493 0.998804271 0.040257044 -4.690046310 0.998060882 0.029917007 -0.054587603 234.000274658
-0.055742741 0.038486402 -0.997703254 -19.167182922 -0.027758304 0.998810828 0.040080015 -4.691224098 0.998059332 0.029928710 -0.054608107 234.000885010
-0.055951595 0.038613301 -0.997686565 -19.169933319 -0.027613277 0.998809814 0.040205363 -4.686472416 0.998051584 0.029798949 -0.054818869 234.007369995
-0.055961132 0.038504217 -0.997690260 -19.169128418 -0.027468508 0.998818517 0.040088486 -4.687350750 0.998055041 0.029648457 -0.054837346 234.007751465
-0.055970669 0.038382679 -0.997694433 -19.169866562 -0.027555590 0.998820782 0.039971884 -4.688047886 0.998052180 0.029729310 -0.054847002 234.007446289
-0.055994630 0.038287491 -0.997696638 -19.171777725 -0.027537383 0.998825073 0.039876301 -4.687895775 0.998051167 0.029706817 -0.054874539 234.008132935
-0.055972695 0.037854616 -0.997714460 -19.176908493 -0.027556118 0.998841763 0.039443310 -4.684687614 0.998051941 0.029700886 -0.054864764 234.008346558
-0.056008339 0.037830152 -0.997713387 -19.186185837 -0.027521975 0.998843729 0.039418001 -4.684836388 0.998050988 0.029666776 -0.054902434 234.009704590
-0.056041360 0.037895881 -0.997709095 -19.196554184 -0.027513780 0.998841345 0.039484337 -4.684822083 0.998049319 0.029663501 -0.054933786 234.010681152
-0.056078911 0.037829414 -0.997709453 -19.208700180 -0.027474245 0.998845100 0.039416742 -4.684121609 0.998048246 0.029621763 -0.054974794 234.012512207
-0.056162477 0.037761446 -0.997707248 -19.229166031 -0.027448986 0.998848438 0.039349783 -4.684044361 0.998044252 0.029596034 -0.055061221 234.016754150
-0.056161404 0.037005708 -0.997735739 -19.256713867 -0.027468011 0.998877347 0.038594194 -4.683564186 0.998043895 0.029573314 -0.055081844 234.018554688
-0.055966139 0.034500927 -0.997836471 -19.299571991 -0.027313029 0.998975873 0.036072243 -4.677621365 0.998059034 0.029272759 -0.054966569 234.023162842
-0.055768013 0.031724501 -0.997939825 -19.359477997 -0.027191266 0.999076128 0.033280160 -4.673105240 0.998073578 0.028991204 -0.054853916 234.034698486
-0.054500461 0.029488500 -0.998078406 -19.441232681 -0.026912231 0.999157310 0.030989928 -4.670949459 0.998151243 0.028549472 -0.053660870 234.035476685
-0.052035451 0.028690951 -0.998233140 -19.540649414 -0.026684390 0.999190331 0.030109454 -4.673559189 0.998288810 0.028203994 -0.051227689 234.026733398
-0.048434973 0.027785668 -0.998439848 -19.661014557 -0.026341518 0.999229789 0.029085496 -4.673577309 0.998478949 0.027709173 -0.047665715 234.026077271
-0.043079972 0.025903286 -0.998735845 -19.802841187 -0.025910335 0.999298632 0.027035510 -4.671548367 0.998735607 0.027042264 -0.042378545 234.029800415
-0.035511732 0.024710374 -0.999063730 -19.961591721 -0.026020681 0.999332488 0.025641926 -4.669417858 0.999030471 0.026906908 -0.034844995 234.032882690
-0.026170731 0.024394752 -0.999359846 -20.141813278 -0.026289770 0.999339640 0.025082722 -4.667876244 0.999311805 0.026929371 -0.025512099 234.047058105
-0.014486194 0.024019219 -0.999606609 -20.340812683 -0.027590927 0.999321163 0.024412205 -4.660666466 0.999514341 0.027933707 -0.013813615 234.057373047
-0.000596642 0.023366926 -0.999726772 -20.553588867 -0.028965930 0.999307036 0.023374401 -4.660409927 0.999580264 0.028971959 0.000080705 234.075088501
0.015581131 0.024293693 -0.999583483 -20.787630081 -0.029785732 0.999272406 0.023821842 -4.654521942 0.999434948 0.029402152 0.016293347 234.100021362
0.034922481 0.029181704 -0.998963833 -21.028076172 -0.029124901 0.999178767 0.028169811 -4.652173996 0.998965502 0.028110966 0.035743713 234.130691528
0.057638109 0.033684388 -0.997769237 -21.277462006 -0.030036630 0.999036670 0.031992052 -4.650441170 0.997885704 0.028125659 0.058594346 234.161819458
0.081737638 0.034454986 -0.996058166 -21.536396027 -0.031733006 0.998985529 0.031952206 -4.645241737 0.996148646 0.028996224 0.082748055 234.203781128
0.108579755 0.033681802 -0.993517101 -21.809640884 -0.030288557 0.999073923 0.030560005 -4.640533447 0.993626297 0.026773993 0.109499395 234.262710571
0.139083683 0.033728179 -0.989706039 -22.086400986 -0.028701484 0.999137282 0.030016156 -4.635977268 0.989864588 0.024231279 0.139931738 234.337219238
0.172930360 0.033987295 -0.984347582 -22.371828079 -0.025479395 0.999224365 0.030024732 -4.627914906 0.984604597 0.019888384 0.173662245 234.420608521
0.209783018 0.034956925 -0.977122843 -22.660011292 -0.021733424 0.999280453 0.031083569 -4.622944355 0.977506340 0.014715421 0.210391819 234.519332886
0.250811756 0.038892746 -0.967254341 -22.956825256 -0.020670233 0.999179959 0.034816608 -4.616339684 0.967815220 0.011260954 0.251410007 234.630798340
0.294418871 0.044333041 -0.954647660 -23.255874634 -0.023259325 0.998959959 0.039217561 -4.611081123 0.955393434 0.010658072 0.295143843 234.750045776
0.340756774 0.048705608 -0.938889027 -23.559425354 -0.029348522 0.998721540 0.041157827 -4.604330063 0.939693332 0.013530195 0.341750562 234.882995605
0.389494002 0.051643211 -0.919579983 -23.865270615 -0.034555871 0.998543203 0.041441388 -4.597738266 0.920380473 0.015635718 0.390711188 235.033035278
0.439391971 0.053544354 -0.896698296 -24.175106049 -0.035244990 0.998480916 0.042351648 -4.593247414 0.897603810 0.012995139 0.440611660 235.209991455
0.489494205 0.053261299 -0.870378435 -24.469692230 -0.033636775 0.998543322 0.042187065 -4.584516048 0.871357501 0.008626403 0.490572751 235.423919678
0.540245235 0.050482698 -0.839991987 -24.749872208 -0.031792127 0.998710752 0.039574265 -4.580592632 0.840906799 0.005325327 0.541153669 235.656021118
0.590088725 0.046479102 -0.805999339 -25.014493942 -0.032360625 0.998900831 0.033911154 -4.570110798 0.806689560 0.006072054 0.590944171 235.910110474
0.639956594 0.041161001 -0.767307818 -25.278379440 -0.033236742 0.999112487 0.025875401 -4.557072639 0.767691910 0.008943677 0.640756726 236.184646606
0.688441694 0.039837755 -0.724196851 -25.516716003 -0.037220031 0.999115288 0.019578500 -4.545773983 0.724336088 0.013475971 0.689315379 236.470321655
0.735343456 0.040708732 -0.676470935 -25.770938873 -0.040369835 0.999052882 0.016237926 -4.539628029 0.676491201 0.015368562 0.736290336 236.798538208
0.778181076 0.041360162 -0.626676679 -25.989984512 -0.040112332 0.999065042 0.016127674 -4.538259029 0.626757741 0.012587208 0.779112518 237.140655518
0.816189885 0.039832994 -0.576409101 -26.218250275 -0.037871100 0.999163628 0.015422504 -4.543761730 0.576541305 0.009241555 0.817015707 237.532073975
0.850008011 0.037603591 -0.525425971 -26.438047409 -0.034849096 0.999277890 0.015139003 -4.564635754 0.525615871 0.005442345 0.850704670 237.950546265
0.879273832 0.036401287 -0.474923611 -26.631952286 -0.034321800 0.999325633 0.013051528 -4.571321011 0.475078404 0.004824367 0.879930258 238.393524170
0.903194427 0.035794642 -0.427736610 -26.731910706 -0.035505932 0.999332011 0.008654799 -4.563220501 0.427760690 0.007370220 0.903862000 238.819946289
0.923862994 0.034648061 -0.381151736 -26.917190552 -0.036434196 0.999332845 0.002531120 -4.558636189 0.380985141 0.011548549 0.924509048 239.314529419
0.940969706 0.034646362 -0.336713076 -27.069538116 -0.037319690 0.999302328 -0.001468633 -4.558410168 0.336427271 0.013947966 0.941606164 239.819961548
0.954504371 0.034635793 -0.296178579 -27.198692322 -0.037000369 0.999312401 -0.002380453 -4.566770554 0.295892477 0.013230868 0.955129623 240.353500366
0.964970469 0.035353620 -0.259965688 -27.325393677 -0.037452396 0.999293506 -0.003122767 -4.559387684 0.259671658 0.012749717 0.965612829 240.912643433
0.972856224 0.034576021 -0.228812844 -27.443357468 -0.036256850 0.999337554 -0.003144868 -4.569840908 0.228552520 0.011355536 0.973465383 241.493881226
0.978670716 0.032643653 -0.202825129 -27.545166016 -0.034163691 0.999408245 -0.003996873 -4.571149349 0.202574641 0.010840879 0.979206800 242.092163086
0.982811928 0.030285949 -0.182108358 -27.638265610 -0.031664908 0.999487638 -0.004668738 -4.576236725 0.181873664 0.010354936 0.983267367 242.706253052
0.985686481 0.029566752 -0.165975839 -27.731786728 -0.030787507 0.999514520 -0.004786424 -4.587605476 0.165753752 0.009827895 0.986118197 243.337005615
0.987737954 0.028725132 -0.153455511 -27.829784393 -0.029884111 0.999539554 -0.005250797 -4.587506771 0.153234020 0.009772292 0.988141596 243.984786987
0.989193797 0.027991666 -0.143917039 -27.935043335 -0.029150480 0.999557316 -0.005949254 -4.600693703 0.143686816 0.010080216 0.989571869 244.655929565
0.990344584 0.028586736 -0.135648072 -28.021860123 -0.029854568 0.999527454 -0.007321022 -4.608737946 0.135374695 0.011300049 0.990730047 245.317230225
0.991256714 0.027916012 -0.128960460 -28.124938965 -0.029396376 0.999521852 -0.009589707 -4.604833126 0.128631085 0.013296831 0.991603374 246.018005371
0.991775930 0.027957007 -0.124895468 -28.223213196 -0.029502317 0.999509156 -0.010540060 -4.616546154 0.124539495 0.014138083 0.992113948 246.724304199
0.992100000 0.027916586 -0.122304179 -28.298671722 -0.029441571 0.999509454 -0.010679025 -4.615559578 0.121946059 0.014195487 0.992435217 247.425048828
0.992347181 0.028992519 -0.120027043 -28.399242401 -0.030392267 0.999489546 -0.009847451 -4.633083820 0.119680278 0.013419984 0.992721796 248.161270142
0.992516696 0.029490143 -0.118494362 -28.508796692 -0.030588664 0.999504209 -0.007462291 -4.651950836 0.118215546 0.011031033 0.992926657 248.919815063
0.992597461 0.029481947 -0.117818229 -28.597118378 -0.030285567 0.999528587 -0.005035949 -4.663600922 0.117614217 0.008566862 0.993022382 249.691833496
0.992565155 0.029313153 -0.118132107 -28.698028564 -0.030082980 0.999536157 -0.004738422 -4.672013283 0.117938422 0.008256958 0.992986560 250.469955444
0.992385089 0.029081883 -0.119691759 -28.798536301 -0.030038537 0.999529541 -0.006195865 -4.685946465 0.119455263 0.009744049 0.992791772 251.243865967
0.992165029 0.027084151 -0.121962927 -28.892293930 -0.028492847 0.999545753 -0.009820677 -4.693418980 0.121641539 0.013218803 0.992486060 252.050201416
0.991936207 0.028773081 -0.123428732 -29.004428864 -0.030911885 0.999402702 -0.015447965 -4.715389252 0.122910529 0.019138811 0.992233217 252.853836060
0.991772830 0.031747177 -0.124011040 -29.113676071 -0.034412116 0.999219298 -0.019406447 -4.738095760 0.123298123 0.023514269 0.992091060 253.674880981
0.991775036 0.031675171 -0.124012090 -29.248458862 -0.034339342 0.999221861 -0.019404370 -4.730064392 0.123300947 0.023503263 0.992090940 254.538223267
0.991769969 0.032304142 -0.123889990 -29.343904495 -0.034173612 0.999331415 -0.012993928 -4.738221169 0.123387404 0.017120756 0.992210865 255.397933960
0.991851032 0.033001080 -0.123054646 -29.460670471 -0.033640891 0.999429107 -0.003124766 -4.760104656 0.122881271 0.007238970 0.992394984 256.281494141
0.991882384 0.032200444 -0.123014323 -29.563648224 -0.032242220 0.999478698 0.001651590 -4.769881248 0.123003386 0.002328072 0.992403507 257.172546387
0.991907239 0.028597683 -0.123702094 -29.678308487 -0.028908249 0.999581814 -0.000716068 -4.782495975 0.123629883 0.004286284 0.992319167 258.074035645
0.991798341 0.024719605 -0.125399470 -29.783809662 -0.025927166 0.999631763 -0.008006550 -4.787187099 0.125155389 0.011192136 0.992074013 258.979217529
0.991669297 0.022899402 -0.126758084 -29.906667709 -0.025031297 0.999570310 -0.015251135 -4.805892467 0.126354381 0.018297002 0.991816401 259.885803223
0.991515875 0.022354038 -0.128048882 -30.027002335 -0.025052601 0.999495864 -0.019502571 -4.829057217 0.127548382 0.022545068 0.991576076 260.804351807
0.991440356 0.023153767 -0.128491163 -30.165044785 -0.026035983 0.999444664 -0.020796878 -4.850213528 0.127938271 0.023964258 0.991492569 261.753417969
0.991280556 0.025821459 -0.129213631 -30.297706604 -0.028527357 0.999409854 -0.019134156 -4.868512630 0.128643304 0.022653438 0.991432130 262.710662842
0.991234779 0.027925842 -0.129126802 -30.426843643 -0.029801503 0.999476194 -0.012616076 -4.887046814 0.128706858 0.016353667 0.991547823 263.671966553
0.991198242 0.033048615 -0.128194347 -30.547580719 -0.034237690 0.999388635 -0.007082454 -4.899476051 0.127881899 0.011409194 0.991723776 264.615203857
0.991290569 0.032877352 -0.127523094 -30.676622391 -0.033574145 0.999430716 -0.003317790 -4.920079231 0.127341419 0.007570372 0.991830051 265.615356445
0.991319239 0.032594353 -0.127372459 -30.810216904 -0.033572964 0.999420881 -0.005543198 -4.937704563 0.127118006 0.009771351 0.991839468 266.600830078
0.991318941 0.031268556 -0.127706870 -30.936037064 -0.032782737 0.999414742 -0.009771560 -4.954426289 0.127326593 0.013873314 0.991763830 267.599151611
0.991277933 0.030428788 -0.128227115 -31.077814102 -0.032445043 0.999380112 -0.013664281 -4.975624084 0.127731830 0.017705435 0.991650701 268.608642578
0.991261125 0.029323278 -0.128614038 -31.212270737 -0.031537019 0.999386847 -0.015209223 -4.997197151 0.128089190 0.019132415 0.991578102 269.620361328
0.991120219 0.030609012 -0.129397750 -31.345369339 -0.032849237 0.999344528 -0.015213532 -5.027378082 0.128847271 0.019329058 0.991476059 270.636047363
0.990974069 0.029662836 -0.130730823 -31.477392197 -0.031544738 0.999426067 -0.012347557 -5.048084259 0.130289540 0.016359977 0.991340995 271.656738281
0.990716815 0.029903242 -0.132612020 -31.613370895 -0.031377781 0.999466717 -0.009042945 -5.065579891 0.132270873 0.013120068 0.991126776 272.695983887
0.990480304 0.028987180 -0.134567901 -31.760648727 -0.030716266 0.999469876 -0.010790411 -5.106057644 0.134183779 0.014821114 0.990845621 273.735290527
0.990281105 0.025855914 -0.136655927 -31.903486252 -0.028352544 0.999464214 -0.016354427 -5.131679535 0.136159837 0.020070024 0.990483582 274.772338867
0.990035653 0.027228432 -0.138159543 -32.053874969 -0.030345945 0.999329031 -0.020508194 -5.170847893 0.137508452 0.024496427 0.990197659 275.801666260
0.989929557 0.030111538 -0.138321251 -32.255901337 -0.033342302 0.999221265 -0.021098996 -5.245306492 0.137578219 0.025498467 0.990162671 276.864105225
0.989608228 0.033411197 -0.139854401 -32.405551910 -0.036454722 0.999149740 -0.019256465 -5.287378788 0.139092118 0.024154708 0.989984810 277.896484375
0.989380121 0.035280503 -0.141004533 -32.543872833 -0.037814394 0.999167204 -0.015330607 -5.322978020 0.140346229 0.020499798 0.989890218 278.912567139
0.989194989 0.036277283 -0.142046705 -32.732372284 -0.038100954 0.999222457 -0.010138914 -5.347810268 0.141568437 0.015441477 0.989808023 279.997222900
0.988926530 0.039768800 -0.142978027 -32.892852783 -0.041094974 0.999135196 -0.006333171 -5.383699894 0.142602518 0.012138720 0.989705622 281.038238525
0.988697231 0.043029852 -0.143618479 -33.051975250 -0.044313952 0.999001086 -0.005752839 -5.410424709 0.143227473 0.012052119 0.989616394 282.070709229
0.988678217 0.042607978 -0.143874854 -33.195720673 -0.044014260 0.999009073 -0.006604224 -5.428755760 0.143450886 0.012861997 0.989573836 283.083770752
0.988786221 0.039540190 -0.144008070 -33.347824097 -0.041260492 0.999108076 -0.008977877 -5.422083378 0.143524647 0.014819045 0.989535809 284.133239746
0.988667369 0.042144395 -0.144085631 -33.506488800 -0.044359066 0.998941243 -0.012191273 -5.471446514 0.143419281 0.018444616 0.989490151 285.163208008
0.988643944 0.041132882 -0.144538015 -33.659538269 -0.043927252 0.998903453 -0.016193898 -5.496125221 0.143713415 0.022359157 0.989366710 286.183410645
0.988550246 0.042496055 -0.144784465 -33.807949066 -0.045524806 0.998806953 -0.017669041 -5.528911114 0.143860862 0.024058018 0.989305437 287.192230225
0.988576710 0.042629968 -0.144564033 -33.934146881 -0.045399550 0.998842180 -0.015912196 -5.554733753 0.143718302 0.022293566 0.989367485 288.188262939
0.988508403 0.045201831 -0.144249469 -34.066299438 -0.047564864 0.998783886 -0.012973401 -5.580437183 0.143487632 0.019685522 0.989456296 289.180145264
0.988432169 0.047913544 -0.143896312 -34.200260162 -0.050090745 0.998677969 -0.011543751 -5.614968777 0.143152982 0.018618088 0.989525437 290.175048828
0.988317132 0.050943431 -0.143645465 -34.353321075 -0.053002466 0.998538733 -0.010541645 -5.658169746 0.142898530 0.018032052 0.989573061 291.177185059
0.988261521 0.053329233 -0.143161476 -34.493518829 -0.054871719 0.998469949 -0.006845223 -5.679409027 0.142577380 0.014620386 0.989675701 292.177215576
0.988155425 0.056595694 -0.142638654 -34.625259399 -0.057464402 0.998345613 -0.001974898 -5.714592457 0.142290890 0.010148149 0.989772856 293.179779053
0.988034427 0.058991112 -0.142506167 -34.758487701 -0.059893213 0.998202682 -0.002045327 -5.729858875 0.142129377 0.010556004 0.989791811 294.164489746
0.987849116 0.061756253 -0.142619446 -34.894733429 -0.063412264 0.997962236 -0.007091156 -5.754373074 0.141890898 0.016048815 0.989752173 295.140869141
0.987671554 0.064023197 -0.142849132 -35.051834106 -0.066374958 0.997725487 -0.011754232 -5.778580666 0.141771689 0.021090927 0.989674687 296.150939941
0.987618089 0.065607287 -0.142499790 -35.206443787 -0.068300851 0.997565269 -0.014088428 -5.798278332 0.141228542 0.023646841 0.989694536 297.150360107
0.987447023 0.068441235 -0.142352417 -35.355045319 -0.071277581 0.997344971 -0.014915877 -5.825345993 0.140953615 0.024875175 0.989703655 298.151306152
0.987289429 0.070338219 -0.142520458 -35.486228943 -0.073376343 0.997173250 -0.016168226 -5.845417023 0.140980333 0.026420347 0.989659786 299.145935059
0.987229586 0.070825964 -0.142693624 -35.629619598 -0.073710099 0.997166574 -0.015021712 -5.873960972 0.141225383 0.025347840 0.989652932 300.140930176
0.987307191 0.069852769 -0.142636433 -35.791294098 -0.072388113 0.997296214 -0.012657351 -5.877853870 0.141366616 0.022821873 0.989694238 301.164337158
0.987280548 0.070185460 -0.142657176 -35.951263428 -0.072478689 0.997309983 -0.010936284 -5.912176132 0.141505852 0.021136785 0.989711761 302.183929443
0.987191617 0.071099162 -0.142820239 -36.102836609 -0.073384210 0.997245371 -0.010789555 -5.928667545 0.141659707 0.021132108 0.989689827 303.192504883
0.987186670 0.070822641 -0.142991677 -36.228107452 -0.073152363 0.997259080 -0.011095224 -5.945735455 0.141813949 0.021413235 0.989661694 304.185180664
0.987361670 0.070672303 -0.141853243 -36.387763977 -0.072944075 0.997276783 -0.010872768 -5.971627235 0.140698552 0.021082709 0.989827991 305.206848145
0.987488925 0.070141822 -0.141229257 -36.517257690 -0.072418004 0.997313321 -0.011036005 -5.985255718 0.140075728 0.021125473 0.989915431 306.203613281
0.987677336 0.068170369 -0.140876934 -36.661945343 -0.070466354 0.997449398 -0.011368308 -5.998395443 0.139742628 0.021155305 0.989961863 307.235534668
0.987634718 0.069335848 -0.140606478 -36.801143646 -0.071668327 0.997361183 -0.011587262 -6.024487495 0.139432028 0.021521013 0.989997745 308.244506836
0.987756670 0.068731248 -0.140045583 -36.946208954 -0.070829079 0.997437894 -0.010044910 -6.045769215 0.138996363 0.019841226 0.990094125 309.280975342
0.987915099 0.066729516 -0.139896274 -37.088096619 -0.069013700 0.997548997 -0.011535097 -6.060972214 0.138783664 0.021050457 0.990098953 310.335754395
0.987771630 0.068680272 -0.139965013 -37.255325317 -0.071634695 0.997299790 -0.016174758 -6.089856148 0.138476178 0.026003318 0.990024328 311.405059814
0.987762690 0.068090700 -0.140315861 -37.415943146 -0.071522690 0.997247219 -0.019557139 -6.114602089 0.138597935 0.029353580 0.989913642 312.464111328
0.987845063 0.066936329 -0.140291229 -37.574661255 -0.069951490 0.997411132 -0.016666755 -6.152359962 0.138812438 0.026277751 0.989969969 313.542877197
0.987812459 0.067658350 -0.140174434 -37.730049133 -0.070007876 0.997475564 -0.011893034 -6.174451828 0.139015898 0.021561399 0.990055382 314.621704102
0.987777352 0.069045305 -0.139745116 -37.890235901 -0.071027800 0.997431517 -0.009243216 -6.195154667 0.138747990 0.019056026 0.990144372 315.701812744
0.987868369 0.067575969 -0.139819935 -38.017848969 -0.069231413 0.997576058 -0.007004370 -6.222917080 0.139007702 0.016599325 0.990152180 316.756652832
0.987813652 0.068312265 -0.139848650 -38.158153534 -0.069720902 0.997553051 -0.005192418 -6.243679523 0.139151752 0.014879515 0.990159273 317.812957764
0.987919927 0.066348307 -0.140043482 -38.307399750 -0.067722239 0.997691393 -0.005062805 -6.265379906 0.139384255 0.014485703 0.990132391 318.876373291
0.988022566 0.063636862 -0.140576556 -38.458637238 -0.065255664 0.997844517 -0.006931238 -6.287411213 0.139832452 0.016021635 0.990045547 319.930541992
0.988020241 0.063104436 -0.140832797 -38.631481171 -0.065133214 0.997828066 -0.009838284 -6.319126606 0.139906093 0.018893316 0.989984512 320.996765137
0.988066792 0.061476104 -0.141225651 -38.786731720 -0.063695274 0.997906089 -0.011243064 -6.343062401 0.140238747 0.020104304 0.989913583 322.052642822
0.988137126 0.059970096 -0.141381085 -38.955093384 -0.061981820 0.998028517 -0.009864649 -6.375684261 0.140510768 0.018510683 0.989906073 323.105072021
0.988280058 0.057071082 -0.141581923 -39.100891113 -0.058645085 0.998254597 -0.006966270 -6.395569801 0.140937239 0.015187708 0.989902020 324.150238037
0.988343596 0.055090360 -0.141922534 -39.245712280 -0.056127258 0.998418152 -0.003310241 -6.421097279 0.141515672 0.011237379 0.989872217 325.190246582
0.988447785 0.052391719 -0.142218500 -39.398773193 -0.053201932 0.998581946 -0.001897805 -6.446830750 0.141917408 0.009442179 0.989833474 326.233154297
0.988478959 0.049738754 -0.142952576 -39.547077179 -0.050980572 0.998686969 -0.005035087 -6.467601299 0.142514423 0.012264881 0.989716709 327.264801025
0.988566995 0.046191819 -0.143532813 -39.679977417 -0.048004985 0.998804808 -0.009193256 -6.497548103 0.142936617 0.015978441 0.989602864 328.255828857
0.988575399 0.044826303 -0.143907264 -39.834152222 -0.046825860 0.998847485 -0.010536293 -6.518164158 0.143269107 0.017154500 0.989535093 329.278320312
0.988570154 0.043841492 -0.144246414 -39.996616364 -0.045609731 0.998919010 -0.008972967 -6.560844421 0.143697098 0.015449448 0.989501119 330.305877686
0.988529682 0.042230938 -0.145002022 -40.156330109 -0.043630052 0.999026716 -0.006481041 -6.592464924 0.144587204 0.012733147 0.989410162 331.314941406
0.988452733 0.041393567 -0.145766094 -40.304389954 -0.042361025 0.999096096 -0.003538005 -6.619811535 0.145487890 0.009671952 0.989312768 332.301116943
0.988521278 0.037914548 -0.146246940 -40.480190277 -0.038438011 0.999260724 -0.000754002 -6.631546021 0.146110237 0.006366788 0.989247799 333.322296143
0.988428891 0.035813969 -0.147396371 -40.622058868 -0.036125045 0.999347091 0.000566800 -6.649660110 0.147320434 0.004764458 0.989077330 334.304229736
0.988369882 0.034117974 -0.148192286 -40.790485382 -0.034618877 0.999400258 -0.000801295 -6.659998417 0.148076057 0.005922225 0.988958240 335.279144287
0.988274276 0.032900941 -0.149102107 -40.944805145 -0.033600565 0.999432981 -0.002174975 -6.680076599 0.148946002 0.007159387 0.988819420 336.236907959
0.988128603 0.033940151 -0.149833143 -41.103809357 -0.034833916 0.999387503 -0.003343882 -6.713467121 0.149627894 0.008523460 0.988705635 337.192016602
0.987988949 0.035414726 -0.150411606 -41.277137756 -0.036382340 0.999331176 -0.003685275 -6.746780396 0.150180489 0.009113337 0.988616586 338.146545410
0.987834394 0.036039434 -0.151275769 -41.416984558 -0.037039131 0.999306619 -0.003794964 -6.757665634 0.151034102 0.009351919 0.988484323 339.065368652
0.987715960 0.037128605 -0.151784807 -41.563373566 -0.038057014 0.999270380 -0.003215114 -6.776463509 0.151554704 0.008952096 0.988408327 339.987915039
0.987575650 0.039417878 -0.152120098 -41.714252472 -0.040182151 0.999190450 -0.001952036 -6.800088406 0.151920006 0.008040296 0.988360107 340.882934570
0.987462521 0.042400327 -0.152052611 -41.876884460 -0.043278862 0.999059975 -0.002471435 -6.857959747 0.151804894 0.009021113 0.988369286 341.776062012
0.987414420 0.042886790 -0.152228534 -42.018344879 -0.044077072 0.999018192 -0.004451561 -6.879570961 0.151888162 0.011105322 0.988335311 342.650939941
0.987534583 0.042739492 -0.151488423 -42.165920258 -0.044084433 0.999012530 -0.005529226 -6.912119389 0.151102513 0.012138582 0.988443553 343.523681641
0.987570882 0.043500125 -0.151034594 -42.259632111 -0.044824198 0.998980463 -0.005371624 -6.912377834 0.150646925 0.012074863 0.988513887 344.382263184
0.987830937 0.044442002 -0.149046749 -42.408702850 -0.045722421 0.998940766 -0.005173529 -6.928458691 0.148658961 0.011925351 0.988816619 345.238739014
0.988164544 0.042927295 -0.147268876 -42.535064697 -0.043975808 0.999025106 -0.003869709 -6.950696945 0.146959201 0.010300177 0.989088953 346.075134277
0.988473475 0.041058123 -0.145720258 -42.657459259 -0.042058915 0.999107957 -0.003792392 -6.963904858 0.145434543 0.009877515 0.989318550 346.888519287
0.988781631 0.040916029 -0.143654957 -42.787960052 -0.041752990 0.999123991 -0.002815102 -6.983651638 0.143413946 0.008781547 0.989623845 347.667236328
0.989129484 0.038681556 -0.141868189 -42.892757416 -0.039244156 0.999228954 -0.001168828 -6.998364925 0.141713604 0.006723620 0.989884853 348.441864014
0.989367068 0.038247522 -0.140320852 -43.000663757 -0.038576808 0.999255598 0.000373637 -7.013515472 0.140230671 0.005043466 0.990105987 349.184844971
0.989557147 0.040482637 -0.138339385 -43.115428925 -0.040589791 0.999173820 0.002047683 -7.037970066 0.138307974 0.003588868 0.990382791 349.907165527
0.989816546 0.040130481 -0.136574939 -43.222408295 -0.040235445 0.999188244 0.001992995 -7.050524235 0.136544064 0.003522454 0.990627766 350.604736328
0.989984691 0.039587062 -0.135510936 -43.321704865 -0.040151272 0.999192595 -0.001431933 -7.070222855 0.135344848 0.006858528 0.990774810 351.281433105
0.990184963 0.039133526 -0.134172738 -43.423069000 -0.040423639 0.999158800 -0.006903565 -7.088562012 0.133789718 0.012259556 0.990933895 351.923736572
0.990331531 0.039245311 -0.133053720 -43.514484406 -0.040900674 0.999115825 -0.009730022 -7.093405247 0.132554233 0.015077936 0.991061091 352.558868408
0.990381718 0.039628852 -0.132565320 -43.586936951 -0.041255061 0.999103069 -0.009542107 -7.093624115 0.132068276 0.014919319 0.991128325 353.182769775
0.990418375 0.039899424 -0.132210150 -43.665557861 -0.041126549 0.999132395 -0.006562895 -7.105547905 0.131833598 0.011937358 0.991199970 353.785705566
0.990408123 0.039733835 -0.132336497 -43.755474091 -0.040516071 0.999173701 -0.003222397 -7.127467632 0.132099122 0.008553243 0.991199613 354.362823486
0.990129948 0.039963778 -0.134333819 -43.833816528 -0.040661450 0.999169946 -0.002452963 -7.120811462 0.134124279 0.007890960 0.990933120 354.902679443
0.989494801 0.041256052 -0.138556585 -43.904304504 -0.042326886 0.999092340 -0.004789621 -7.138670444 0.138233230 0.010603974 0.990342915 355.428741455
0.988715887 0.041562252 -0.143921971 -44.002220154 -0.043159783 0.999036193 -0.007994391 -7.150127411 0.143451005 0.014115822 0.989556730 355.920776367
0.987400591 0.042293243 -0.152484059 -44.089065552 -0.044361338 0.998963654 -0.010184685 -7.157674313 0.151895285 0.016820759 0.988253474 356.402526855
0.985520422 0.042051278 -0.164259464 -44.184326172 -0.044352911 0.998962104 -0.010368133 -7.172804832 0.163652986 0.017503390 0.986362696 356.859893799
0.982840061 0.042172562 -0.179574311 -44.283592224 -0.044726547 0.998947263 -0.010195652 -7.185807705 0.178955287 0.018052435 0.983691573 357.305358887
0.979284286 0.043665987 -0.197725981 -44.405372620 -0.046483357 0.998872638 -0.009627767 -7.207068920 0.197082669 0.018619288 0.980210066 357.738555908
0.974556208 0.046788096 -0.219205558 -44.509860992 -0.049761966 0.998728573 -0.008061958 -7.211549282 0.218549639 0.018764932 0.975645363 358.160400391
0.968689561 0.049903713 -0.243208006 -44.657218933 -0.052427702 0.998617053 -0.003912158 -7.225579262 0.242676422 0.016540503 0.969966292 358.579681396
0.960991919 0.050213002 -0.271980047 -44.792598724 -0.051753819 0.998658717 0.001509867 -7.230932713 0.271691084 0.012625037 0.962301731 358.984375000
0.951001406 0.049314190 -0.305228591 -44.948074341 -0.050194521 0.998727083 0.004967948 -7.233150005 0.305085063 0.010596276 0.952266157 359.376617432
0.937963545 0.050010189 -0.343108445 -45.104633331 -0.050527729 0.998694956 0.007437184 -7.239946365 0.343032628 0.010360680 0.939266384 359.742065430
0.922046423 0.053608067 -0.383349240 -45.289276123 -0.053183571 0.998516023 0.011714626 -7.242049694 0.383408368 0.009586450 0.923529148 360.099761963
0.903613627 0.057876378 -0.424420506 -45.500984192 -0.055734009 0.998292744 0.017472196 -7.235763550 0.424707144 0.007866545 0.905296624 360.455352783
0.881774724 0.064946473 -0.467178017 -45.705017090 -0.059771232 0.997875810 0.025908226 -7.266750336 0.467868298 0.005078586 0.883783579 360.806457520
0.857417226 0.066212796 -0.510344565 -45.911159515 -0.057590336 0.997804582 0.032700427 -7.253457546 0.511389315 0.001353003 0.859348059 361.131042480
0.829533637 0.070557013 -0.553981602 -46.124099731 -0.058095485 0.997507215 0.040053621 -7.248684406 0.555426657 -0.001041993 0.831564844 361.432769775
0.796972632 0.077066325 -0.599078774 -46.366657257 -0.061676811 0.997025967 0.046208266 -7.236760139 0.600858212 0.000122543 0.799355626 361.728179932
0.760611057 0.084729664 -0.643655002 -46.647586823 -0.065359481 0.996403396 0.053929172 -7.228331089 0.645909488 0.001049830 0.763413310 362.015075684
0.720822930 0.089531332 -0.687312424 -46.945888519 -0.063812822 0.995983005 0.062815599 -7.209090710 0.690175474 -0.001419574 0.723640680 362.304321289
0.677814364 0.090358362 -0.729659557 -47.274528503 -0.056936026 0.995890021 0.070436865 -7.174075127 0.733025193 -0.006199203 0.680173218 362.588592529
0.630858421 0.088973202 -0.770779729 -47.617038727 -0.047294714 0.995965838 0.076257840 -7.152912140 0.774455190 -0.011654086 0.632521391 362.864715576
0.580814540 0.089719474 -0.809076548 -47.995784760 -0.037936568 0.995811105 0.083193049 -7.124473572 0.813151479 -0.017626140 0.581785202 363.123474121
0.527387500 0.090284944 -0.844814181 -48.405651093 -0.028957533 0.995670319 0.088329710 -7.090638638 0.849131227 -0.022120252 0.527718544 363.360839844
0.469950855 0.087025076 -0.878392220 -48.841464996 -0.017532039 0.995852053 0.089282319 -7.046832085 0.882518530 -0.026558299 0.469527245 363.579589844
0.409311354 0.082894646 -0.908621252 -49.303546906 -0.005993135 0.996087015 0.088174492 -7.001500607 0.912375033 -0.030645333 0.408206582 363.773559570
0.345559597 0.080869421 -0.934905827 -49.786899567 -0.001723107 0.996332765 0.085545979 -6.962353706 0.938395321 -0.027950304 0.344431698 363.920989990
0.279331684 0.079349667 -0.956910431 -50.296253204 0.001678981 0.996537626 0.083125785 -6.921174049 0.960193217 -0.024826303 0.278231323 364.036163330
0.212171555 0.074968755 -0.974352598 -50.812088013 0.008770373 0.996866822 0.078610852 -6.868995190 0.977193117 -0.025224421 0.210849285 364.117248535
0.145736098 0.072089747 -0.986693561 -51.338909149 0.023800772 0.996797502 0.076343372 -6.819902897 0.989037216 -0.034610052 0.143553555 364.175720215
0.080857694 0.077266283 -0.993726313 -51.889427185 0.030116016 0.996346176 0.079920478 -6.779852390 0.996270597 -0.036389261 0.078235269 364.191467285
0.020005763 0.085865751 -0.996105850 -52.454097748 0.025911242 0.995926082 0.086370654 -6.732549667 0.999464095 -0.027538253 0.017699361 364.156585693
-0.035099626 0.093265578 -0.995022357 -53.025680542 0.019517221 0.995509982 0.092622809 -6.697790623 0.999193251 -0.016169049 -0.036762238 364.088745117
-0.082962990 0.095599130 -0.991956770 -53.584377289 0.012193006 0.995410979 0.094912261 -6.652057171 0.996478140 -0.004220743 -0.083747864 363.988281250
-0.122773647 0.096903555 -0.987692416 -54.171043396 0.009771116 0.995291352 0.096434511 -6.598522663 0.992386639 0.002188757 -0.123142362 363.884735107
-0.152313948 0.102422506 -0.983010828 -54.763801575 0.008526560 0.994714916 0.102320828 -6.542071819 0.988295496 0.007203177 -0.152382255 363.766937256
-0.173739195 0.107938521 -0.978858531 -55.383899689 0.009276338 0.994110465 0.107973874 -6.481040955 0.984748065 0.009679057 -0.173717141 363.649871826
-0.190008163 0.109652810 -0.975639939 -55.989849091 0.007913046 0.993882120 0.110161990 -6.429018021 0.981750727 0.013211388 -0.189713478 363.515655518
-0.199787617 0.104024634 -0.974301755 -56.594100952 0.003196891 0.994412422 0.105516285 -6.374449253 0.979834020 0.017966110 -0.199003935 363.369598389
-0.205432653 0.092447691 -0.974294960 -57.204635620 -0.000019029 0.995528042 0.094466433 -6.318838596 0.978671134 0.019425046 -0.204512239 363.233276367
-0.208011031 0.080482773 -0.974809825 -57.813510895 -0.000356689 0.996602714 0.082358167 -6.257016182 0.978126585 0.017479096 -0.207275629 363.094818115
-0.207757950 0.076536253 -0.975181460 -58.440673828 0.002668884 0.996974945 0.077678107 -6.205697060 0.978176594 0.013535596 -0.207333803 362.965637207
-0.205952883 0.080293126 -0.975262284 -59.085056305 0.005707487 0.996709645 0.080853596 -6.150711060 0.978545308 0.011085730 -0.205733538 362.828063965
-0.205192924 0.085838541 -0.974950135 -59.762050629 0.009124760 0.996271014 0.085795283 -6.098523140 0.978679121 0.008708395 -0.205210924 362.699096680
-0.204745054 0.087098628 -0.974932671 -60.438030243 0.006395165 0.996130884 0.087649405 -6.041644096 0.978794694 0.011710908 -0.204509854 362.563507080
-0.204348564 0.086343497 -0.975082994 -61.127799988 0.003883656 0.996166050 0.087396517 -5.988035679 0.978890657 0.014072459 -0.203900456 362.422454834
-0.203268766 0.085163832 -0.975412250 -61.824413300 0.000020251 0.996210456 0.086975515 -5.926717758 0.979122996 0.017659653 -0.202500224 362.270568848
-0.200673223 0.082468778 -0.976181030 -62.532924652 -0.004574861 0.996360719 0.085114047 -5.864293098 0.979647636 0.021545995 -0.199565649 362.130432129
-0.196343660 0.081064709 -0.977178395 -63.247348785 -0.007785968 0.996416330 0.084225073 -5.811599731 0.980504215 0.024145335 -0.195008755 361.989624023
-0.191969156 0.080853969 -0.978064716 -63.974464417 -0.011639334 0.996342838 0.084649481 -5.750766754 0.981332004 0.027634114 -0.190325975 361.841369629
-0.187826395 0.083602637 -0.978637934 -64.734512329 -0.013634149 0.996052980 0.087707125 -5.690575123 0.982107759 0.029816592 -0.185945272 361.692443848
-0.183780432 0.086741611 -0.979132652 -65.506393433 -0.016428087 0.995688677 0.091291822 -5.619758129 0.982830048 0.032862924 -0.181563139 361.544677734
-0.180382252 0.088654496 -0.979593158 -66.297592163 -0.017120384 0.995495856 0.093246266 -5.555166721 0.983447671 0.033590972 -0.178051949 361.392974854
-0.177846313 0.086657837 -0.980235398 -67.107170105 -0.017445818 0.995680809 0.091188535 -5.476689816 0.983903825 0.033318534 -0.175566316 361.256530762
-0.174503088 0.084143668 -0.981054783 -67.934257507 -0.016321432 0.995957971 0.088325039 -5.402121067 0.984521389 0.031425208 -0.172424436 361.106719971
-0.170942068 0.085358843 -0.981576741 -68.775955200 -0.012812331 0.995963395 0.088841200 -5.324587345 0.985197842 0.027762977 -0.169158340 360.968627930
-0.167909503 0.089660063 -0.981716454 -69.623954773 -0.014420066 0.995525420 0.093387574 -5.258722305 0.985696852 0.029837083 -0.165865302 360.824005127
-0.164923429 0.095327415 -0.981688917 -70.490447998 -0.015010193 0.994960487 0.099137872 -5.199511528 0.986192286 0.031085480 -0.162661433 360.679626465
-0.162330031 0.100578994 -0.981597006 -71.367843628 -0.013721053 0.994465232 0.104166627 -5.121674061 0.986640990 0.030377924 -0.160051584 360.543792725
-0.159667730 0.102219924 -0.981864274 -72.248603821 -0.012999430 0.994320452 0.105630651 -5.041185856 0.987085283 0.029629473 -0.157432079 360.404754639
-0.157449722 0.100941822 -0.982354641 -73.147178650 -0.015527468 0.994386137 0.104666844 -4.958012581 0.987405062 0.031733226 -0.154998422 360.259277344
-0.155709982 0.096453145 -0.983082473 -74.045310974 -0.018344745 0.994767427 0.100505203 -4.878588200 0.987632453 0.033684064 -0.153125763 360.109161377
-0.154912829 0.093157426 -0.983526170 -74.947418213 -0.016567711 0.995159268 0.096868828 -4.791321754 0.987789214 0.031301007 -0.152619600 359.972869873
-0.154892445 0.092837274 -0.983559787 -75.843711853 -0.015629858 0.995220006 0.096399292 -4.717323303 0.987807810 0.030304413 -0.152701020 359.832122803
-0.154851556 0.093493700 -0.983503819 -76.762954712 -0.014493607 0.995189905 0.096886590 -4.618723392 0.987831354 0.029257562 -0.152751565 359.683502197
-0.155421495 0.094748989 -0.983293831 -77.684410095 -0.013403896 0.995095670 0.098004848 -4.538792133 0.987757266 0.028412033 -0.153389215 359.524871826
-0.156590700 0.095839962 -0.983002543 -78.603454590 -0.012720723 0.995002508 0.099036321 -4.464212894 0.987581611 0.028012667 -0.154588938 359.377777100
-0.158566952 0.096063033 -0.982663929 -79.510871887 -0.014179688 0.994931459 0.099550374 -4.371729851 0.987246335 0.029719271 -0.156401157 359.234252930
-0.159102440 0.096330255 -0.982551217 -80.353683472 -0.017664295 0.994791269 0.100390628 -4.302474022 0.987104058 0.033328470 -0.156572104 359.058044434
-0.160102487 0.096191913 -0.982402325 -81.292770386 -0.018705208 0.994766176 0.100450903 -4.214422226 0.986923218 0.034458470 -0.157465219 358.895202637
-0.160815716 0.096397117 -0.982265830 -82.205848694 -0.018561993 0.994747639 0.100661010 -4.129988194 0.986809969 0.034420665 -0.158181667 358.741424561
-0.162840843 0.095606670 -0.982009470 -83.159301758 -0.020536024 0.994750082 0.100252457 -4.063325405 0.986438811 0.036491744 -0.160022616 358.609497070
-0.164830446 0.093672216 -0.981863856 -84.075233459 -0.020474065 0.994940579 0.098356850 -3.986237764 0.986109495 0.036314927 -0.162078619 358.473480225
-0.167698503 0.092490062 -0.981490076 -84.983375549 -0.019130755 0.995096505 0.097040951 -3.907424450 0.985652626 0.035050273 -0.165106773 358.321533203
-0.171397924 0.095238961 -0.980587840 -85.883819580 -0.019634672 0.994788647 0.100050166 -3.841840267 0.985006332 0.036401894 -0.168634653 358.165679932
-0.175617337 0.099095121 -0.979458332 -86.801513672 -0.020543929 0.994335353 0.104283810 -3.757787943 0.984244108 0.038435977 -0.172586799 358.001129150
-0.179759622 0.101116173 -0.978500009 -87.700942993 -0.022728123 0.994010568 0.106894374 -3.680358171 0.983448148 0.041454732 -0.176384687 357.838623047
-0.183388948 0.098680012 -0.978074908 -88.603096008 -0.026271366 0.994101584 0.105222851 -3.593672276 0.982689261 0.044992089 -0.179714799 357.664703369
-0.186025262 0.096359186 -0.977808654 -89.503128052 -0.028894641 0.994212508 0.103472844 -3.498187780 0.982120097 0.047501981 -0.182164431 357.489990234
-0.188637495 0.091898270 -0.977737606 -90.389183044 -0.028361008 0.994686842 0.098963112 -3.419859648 0.981637299 0.046397772 -0.185028911 357.318542480
-0.189837575 0.089844778 -0.977696240 -91.263442993 -0.025452718 0.995019257 0.096378788 -3.347614288 0.981485665 0.043181330 -0.186605215 357.135284424
-0.191146016 0.091677532 -0.977270901 -92.180198669 -0.025115602 0.994845927 0.098238632 -3.263010263 0.981240213 0.043322664 -0.187858224 356.964996338
-0.191994786 0.093789585 -0.976904094 -93.077964783 -0.025272809 0.994620323 0.100457430 -3.186195374 0.981070578 0.043976411 -0.188591599 356.782836914
-0.191569567 0.095933832 -0.976779521 -93.955718994 -0.023933269 0.994459033 0.102364108 -3.116197348 0.981187403 0.042987347 -0.188212037 356.625091553
-0.190935254 0.091498926 -0.977328777 -94.804161072 -0.022452690 0.994978547 0.097537771 -3.035362005 0.981345773 0.040567059 -0.187922001 356.462310791
-0.187533259 0.090122834 -0.978115261 -95.669662476 -0.024041679 0.995062530 0.096293844 -2.963789225 0.981964171 0.041573815 -0.184440613 356.285766602
-0.184742808 0.089857399 -0.978670537 -96.540740967 -0.027560527 0.994946063 0.096554339 -2.887241602 0.982400477 0.044810385 -0.181332588 356.119201660
-0.180333257 0.092172414 -0.979277313 -97.415046692 -0.027935971 0.994718075 0.098770134 -2.807671070 0.983208716 0.045168616 -0.176805854 355.951171875
-0.176219463 0.093663454 -0.979884803 -98.296974182 -0.029638898 0.994506478 0.100391269 -2.730941296 0.983904779 0.046733573 -0.172475219 355.804626465
-0.171071649 0.094770849 -0.980690241 -99.194526672 -0.030606072 0.994371593 0.101431914 -2.653865814 0.984783292 0.047367178 -0.167208195 355.653259277
-0.166125298 0.095522687 -0.981467307 -100.065757751 -0.030712992 0.994313121 0.101971470 -2.569710016 0.985626400 0.047083817 -0.162246823 355.504241943
-0.160899878 0.096257351 -0.982265770 -100.919380188 -0.030146562 0.994289100 0.102373749 -2.513521910 0.986510336 0.046083841 -0.157079101 355.356323242
-0.155506968 0.095464520 -0.983211219 -101.780937195 -0.028724961 0.994461477 0.101100072 -2.446976900 0.987417161 0.043964460 -0.151903510 355.215606689
-0.150567293 0.093631566 -0.984155715 -102.644523621 -0.029651131 0.994629204 0.099164367 -2.373260975 0.988154948 0.044112250 -0.146982312 355.076416016
-0.145722628 0.092096254 -0.985029578 -103.518585205 -0.030197648 0.994779706 0.097475216 -2.301811457 0.988864541 0.043949917 -0.142180800 354.953857422
-0.141051292 0.091241829 -0.985788763 -104.394645691 -0.030926066 0.994851887 0.096505731 -2.236221552 0.989519179 0.044098824 -0.137503386 354.838012695
-0.136327386 0.091383219 -0.986440182 -105.263641357 -0.030903202 0.994859517 0.096434057 -2.144546509 0.990181804 0.043630749 -0.132802606 354.720886230
-0.131722331 0.092606068 -0.986951590 -106.142692566 -0.031399645 0.994737387 0.097527333 -2.071154594 0.990789294 0.043836452 -0.128121257 354.610748291
-0.126835942 0.094890386 -0.987374663 -107.007339478 -0.032338876 0.994489074 0.099728286 -2.015511036 0.991396546 0.044579700 -0.123068333 354.480926514
-0.122818589 0.097309589 -0.987646937 -107.882141113 -0.031901285 0.994279921 0.101930186 -1.937817216 0.991916299 0.044026121 -0.119011760 354.378387451
-0.119315982 0.099163741 -0.987891853 -108.739990234 -0.029576022 0.994203210 0.103369415 -1.876516581 0.992415726 0.041551542 -0.115691423 354.279144287
-0.116256237 0.099561036 -0.988216758 -109.585128784 -0.027716830 0.994250536 0.103429615 -1.801700830 0.992832541 0.039414559 -0.112828255 354.182128906
-0.113963723 0.098603427 -0.988579690 -110.405372620 -0.025130194 0.994458020 0.102086768 -1.736741066 0.993167102 0.036477376 -0.110854268 354.094268799
-0.112567902 0.096651062 -0.988932371 -111.215248108 -0.022496991 0.994755089 0.099780917 -1.664819837 0.993389368 0.033480123 -0.109803200 354.009277344
-0.111063957 0.096976399 -0.989070594 -111.999107361 -0.019726228 0.994816482 0.099754870 -1.603738308 0.993617594 0.030589778 -0.108575225 353.912231445
-0.111074805 0.096560672 -0.989110053 -112.769531250 -0.017430983 0.994926214 0.099085934 -1.537706852 0.993659317 0.028247096 -0.108828187 353.838317871
-0.111202955 0.094929203 -0.989253521 -113.525039673 -0.014285747 0.995171785 0.097103000 -1.483255982 0.993695140 0.024930362 -0.109309912 353.761993408
-0.111580968 0.094560057 -0.989246249 -114.257934570 -0.012565009 0.995248735 0.096551083 -1.433136225 0.993675947 0.023203149 -0.109862685 353.659973145
-0.113720894 0.094674744 -0.988991618 -114.962509155 -0.009940572 0.995290995 0.096420817 -1.379474282 0.993463039 0.020796202 -0.112244248 353.585876465
-0.117068410 0.097026587 -0.988372803 -115.648384094 -0.007831436 0.995094955 0.098614074 -1.328059196 0.993093014 0.019284971 -0.115734339 353.504699707
-0.121263385 0.099763229 -0.987594366 -116.320358276 -0.004820589 0.994865656 0.101089656 -1.283801317 0.992608786 0.017019246 -0.120159864 353.424652100
-0.126385331 0.100678697 -0.986859083 -116.958320618 -0.003107008 0.994791269 0.101885848 -1.225694299 0.991976500 0.015943043 -0.125414252 353.335968018
-0.131857991 0.100610241 -0.986149788 -117.562316895 -0.000970233 0.994822323 0.101624787 -1.173853993 0.991268277 0.014356814 -0.131077647 353.244354248
-0.138437390 0.098473206 -0.985463440 -118.161117554 0.000405673 0.995050073 0.099374160 -1.121459484 0.990371168 0.013357323 -0.137792110 353.160156250
-0.145340323 0.096275829 -0.984686375 -118.753105164 0.001741946 0.995277584 0.097054258 -1.073362708 0.989380240 0.012390621 -0.144821644 353.060089111
-0.153414726 0.096288115 -0.983459413 -119.347488403 0.001998793 0.995269418 0.097132593 -1.020093441 0.988159835 0.012935840 -0.152881503 352.964416504
-0.160346746 0.097303927 -0.982253015 -119.943923950 0.003840502 0.995183170 0.097957879 -0.965506077 0.987053335 0.011934880 -0.159948111 352.855590820
-0.167885900 0.097342685 -0.980988860 -120.535316467 0.003973812 0.995171607 0.098069973 -0.911668956 0.985798597 0.012566283 -0.167462111 352.755340576
-0.174928665 0.094664797 -0.980019867 -121.114021301 0.003855545 0.995425344 0.095464706 -0.861890852 0.984573781 0.012920979 -0.174493432 352.643310547
-0.181941152 0.090818107 -0.979106307 -121.694458008 0.002589162 0.995766521 0.091882303 -0.816626132 0.983305812 0.014182121 -0.181406021 352.529693604
-0.187877655 0.087760627 -0.978263855 -122.267074585 0.003706839 0.996056378 0.088644907 -0.770046234 0.982185483 0.013028126 -0.187462091 352.406005859
-0.194167495 0.085014820 -0.977277577 -122.838119507 0.004263964 0.996301293 0.085822552 -0.722971201 0.980959117 0.012496877 -0.193811893 352.286926270
-0.199724078 0.082531668 -0.976370335 -123.411354065 0.004568346 0.996514022 0.083299920 -0.676612139 0.979841590 0.012176592 -0.199404836 352.161376953
-0.205129504 0.081326544 -0.975350142 -123.985855103 0.002873790 0.996587515 0.082492962 -0.641664743 0.978730679 0.014118783 -0.204663157 352.029632568
-0.210346103 0.080437735 -0.974312425 -124.576622009 0.001286913 0.996631265 0.082002535 -0.598999619 0.977626324 0.015995048 -0.209741116 351.906219482
-0.215256214 0.080060378 -0.973270416 -125.170585632 0.002311204 0.996672750 0.081474274 -0.559135199 0.976554990 0.015288413 -0.214725137 351.778442383
-0.219572544 0.080069691 -0.972305059 -125.764900208 0.003573280 0.996685684 0.081270516 -0.519327044 0.975589871 0.014370445 -0.219130874 351.646362305
-0.223528862 0.079834379 -0.971422255 -126.361999512 0.003114708 0.996693432 0.081194527 -0.496030390 0.974692285 0.015123628 -0.223038435 351.509185791
-0.227217197 0.077128783 -0.970784962 -126.964599609 -0.001708146 0.996825635 0.079597510 -0.454307258 0.973842561 0.019744171 -0.226364136 351.357574463
-0.229467988 0.075728610 -0.970365822 -127.575950623 -0.004550103 0.996874273 0.078873359 -0.417903066 0.973305643 0.022514163 -0.228406191 351.194854736
-0.231017232 0.074932560 -0.970059991 -128.199661255 -0.004477840 0.996937394 0.078075111 -0.373548537 0.972939491 0.022380462 -0.229974270 351.046447754
-0.231390953 0.074850738 -0.969977140 -128.829544067 -0.002754871 0.996981382 0.077591777 -0.328397185 0.972856998 0.020626191 -0.230486274 350.894317627
-0.231240630 0.076498255 -0.969884634 -129.442398071 -0.004690800 0.996804655 0.079739928 -0.279398888 0.972885489 0.022988638 -0.230142951 350.719329834
-0.231162310 0.080520988 -0.969577610 -130.130844116 -0.003964346 0.996483088 0.083700590 -0.230306208 0.972907364 0.023192147 -0.230030060 350.575378418
-0.231121659 0.084749036 -0.969226778 -130.792770386 -0.007233031 0.996021748 0.088816777 -0.160392851 0.972898066 0.027537923 -0.229589224 350.397491455
-0.230822444 0.096696392 -0.968179047 -131.482101440 -0.008903798 0.994797945 0.101477683 -0.111246511 0.972955048 0.032043803 -0.228760719 350.245849609
-0.229712605 0.106246091 -0.967442036 -132.185867310 -0.012142472 0.993633389 0.112005621 -0.044418804 0.973182917 0.037476223 -0.226959944 350.086730957
-0.227519393 0.108639061 -0.967694402 -132.901672363 -0.013788283 0.993298113 0.114755318 0.024279550 0.973675966 0.039451901 -0.224496603 349.927917480
-0.224642277 0.099725015 -0.969325006 -133.623886108 -0.018284090 0.994142890 0.106515668 0.081302509 0.974269807 0.041651137 -0.221503139 349.759979248
-0.220678926 0.083246022 -0.971787632 -134.355224609 -0.021175344 0.995707273 0.090103656 0.171284750 0.975116789 0.040461894 -0.217968822 349.596069336
-0.217430711 0.079159990 -0.972860575 -135.093139648 -0.023289450 0.996001422 0.086248040 0.250390947 0.975797892 0.041410360 -0.214717746 349.444396973
-0.212625265 0.089142546 -0.973059297 -135.893615723 -0.021951023 0.995142937 0.095962211 0.345584929 0.976887345 0.041763619 -0.209635735 349.234832764
-0.209006906 0.107524872 -0.971984923 -136.700149536 -0.023148920 0.993114233 0.114840031 0.411983371 0.977640212 0.046502754 -0.205078721 349.083984375
-0.205210686 0.112292938 -0.972254515 -137.516799927 -0.020425610 0.992688417 0.118964165 0.478961170 0.978504658 0.044271614 -0.201416612 348.922760010
-0.202246070 0.102842912 -0.973919868 -138.345138550 -0.020401206 0.993812621 0.109180078 0.566717267 0.979122281 0.041950371 -0.198896527 348.764617920
-0.199066401 0.084737793 -0.976315677 -139.185195923 -0.023290172 0.995564103 0.091157198 0.672225833 0.979709327 0.040884882 -0.196209788 348.611877441
-0.195718408 0.075181872 -0.977774024 -140.037277222 -0.026170274 0.996301413 0.081844896 0.742583871 0.980310917 0.041607164 -0.193026900 348.455474854
-0.192324400 0.077572711 -0.978260517 -140.912033081 -0.032272436 0.995831609 0.085310742 0.826412261 0.980800509 0.047978196 -0.189019322 348.289245605
-0.187583447 0.087501332 -0.978343606 -141.798675537 -0.037775993 0.994644701 0.096202284 0.884624720 0.981522083 0.055003840 -0.183273435 348.118530273
-0.181656003 0.090361409 -0.979201794 -142.701477051 -0.041479982 0.994178772 0.099438637 0.962027729 0.982486963 0.058680881 -0.176850319 347.947723389
-0.174897075 0.080792233 -0.981266379 -143.606384277 -0.044842932 0.994939804 0.089910649 1.043826699 0.983565092 0.059727959 -0.170389056 347.785827637
-0.167451262 0.067279652 -0.983581960 -144.528656006 -0.042299315 0.996259689 0.075348146 1.114805222 0.984972537 0.054221991 -0.163979053 347.638122559
-0.160409570 0.060800690 -0.985176325 -145.453475952 -0.034667600 0.997138143 0.067183614 1.170656800 0.986441731 0.044930570 -0.157842636 347.505004883
-0.153279066 0.066568345 -0.985938370 -146.387924194 -0.030384226 0.996939182 0.072034791 1.227577925 0.987715900 0.040998384 -0.150787354 347.364501953
-0.146088004 0.079134360 -0.986101389 -147.360061646 -0.027406625 0.996089101 0.083996080 1.297178149 0.988891840 0.039296538 -0.143347859 347.231658936
-0.139404297 0.089028947 -0.986225307 -148.317977905 -0.025106378 0.995312274 0.093398072 1.379395008 0.989917219 0.037780635 -0.136515617 347.094055176
-0.134146810 0.090420619 -0.986827612 -149.295654297 -0.023255102 0.995266974 0.094355136 1.450587988 0.990688562 0.035606224 -0.131409168 346.963623047
-0.130648851 0.086764768 -0.987624884 -150.287689209 -0.022497248 0.995647252 0.090445630 1.532583952 0.991173506 0.034035444 -0.128128171 346.845062256
-0.128718019 0.083612584 -0.988150239 -151.277282715 -0.021685855 0.995963633 0.087098554 1.612453938 0.991444230 0.032640021 -0.126385212 346.720703125
-0.128423691 0.084368534 -0.988124073 -152.269927979 -0.019432709 0.995969355 0.087563992 1.692204595 0.991528928 0.030447217 -0.126266479 346.608917236
-0.128781557 0.085530847 -0.987977743 -153.276977539 -0.016375471 0.995954335 0.088355921 1.775311470 0.991537929 0.027557204 -0.126860023 346.501525879
-0.129389167 0.086719617 -0.987794757 -154.263229370 -0.016611192 0.995839119 0.089601725 1.853164554 0.991454959 0.028001923 -0.127410293 346.366241455
-0.131365180 0.089755207 -0.987262487 -155.247543335 -0.016789824 0.995548546 0.092742577 1.928902864 0.991191864 0.028759114 -0.129273415 346.227172852
-0.133850217 0.094065413 -0.986527324 -156.238433838 -0.016775373 0.995127261 0.097161479 2.008609056 0.990859747 0.029554434 -0.131620049 346.077270508
-0.137318730 0.094020411 -0.986054659 -157.224258423 -0.015575599 0.995156884 0.097057387 2.084842920 0.990404487 0.028686184 -0.135189295 345.939941406
-0.140437722 0.087369666 -0.986227274 -158.197265625 -0.012029599 0.995874763 0.089937352 2.158044577 0.990016699 0.024494492 -0.138807297 345.800048828
-0.143711090 0.079972982 -0.986383200 -159.161636353 -0.007933091 0.996604264 0.081957489 2.238801956 0.989588022 0.019603251 -0.142588615 345.660827637
-0.147323251 0.078785747 -0.985945761 -160.144714355 -0.002487257 0.996789813 0.080023944 2.320065022 0.989085495 0.014241669 -0.146654367 345.527832031
-0.150464773 0.085003957 -0.984954298 -161.112808228 0.000921998 0.996308267 0.085842989 2.391698599 0.988615096 0.012008205 -0.149987698 345.374633789
-0.153230071 0.091355540 -0.983958721 -162.081390381 0.002711363 0.995752692 0.092028320 2.453107595 0.988186836 0.011433635 -0.152827024 345.215881348
-0.155871153 0.092845142 -0.983404338 -163.046264648 0.002017695 0.995600641 0.093676820 2.526634932 0.987775385 0.012617286 -0.155372739 345.056182861
-0.158813953 0.089186199 -0.983272135 -164.018218994 -0.001191854 0.995893598 0.090523526 2.604119539 0.987307847 0.015548307 -0.158055425 344.900238037
-0.161665797 0.084932685 -0.983183920 -164.973403931 -0.005477242 0.996196985 0.086957447 2.675696850 0.986830413 0.019443177 -0.160585761 344.735290527
-0.164066792 0.082209684 -0.983017802 -165.947067261 -0.006652467 0.996406376 0.084439687 2.747900486 0.986426950 0.020393230 -0.162930369 344.570922852
-0.165818334 0.082588136 -0.982692063 -166.900787354 -0.003161382 0.996437371 0.084276780 2.801002979 0.986151397 0.017081279 -0.164966464 344.406280518
-0.167405725 0.084699288 -0.982242942 -167.866302490 -0.002430219 0.996264279 0.086322531 2.886200905 0.985885024 0.016837955 -0.166574478 344.244323730
-0.169938564 0.090213269 -0.981316745 -168.863021851 0.002933178 0.995842874 0.091040716 2.968149662 0.985450327 0.012592942 -0.169496655 344.094818115
-0.172993064 0.097563729 -0.980079055 -169.798233032 0.004172936 0.995145440 0.098326981 3.040386915 0.984914303 0.012920067 -0.172560453 343.920379639
-0.175816655 0.101503208 -0.979176044 -170.741424561 0.006575286 0.994768918 0.101938970 3.118214846 0.984400988 0.011484198 -0.175564408 343.744232178
-0.179131746 0.098219879 -0.978910029 -171.659729004 0.002911247 0.995052576 0.099306837 3.213625431 0.983820856 0.014939148 -0.178531408 343.550628662
-0.182821512 0.089920029 -0.979025364 -172.603088379 -0.001003224 0.995791018 0.091647238 3.298794031 0.983145595 0.017737266 -0.181961775 343.374847412
-0.185710788 0.084444433 -0.978969038 -173.560012817 -0.001769658 0.996270001 0.086272493 3.374912739 0.982602775 0.017754178 -0.184868693 343.184295654
-0.187570095 0.085579142 -0.978516042 -174.522628784 0.001946352 0.996227741 0.086755082 3.457424641 0.982249320 0.014368124 -0.187029123 343.007263184
-0.189456224 0.091378309 -0.977628052 -175.480133057 0.003891118 0.995722175 0.092315502 3.518762589 0.981881559 0.013685673 -0.189001322 342.832855225
-0.189778566 0.096189067 -0.977103889 -176.377166748 0.007216997 0.995299220 0.096578553 3.582926750 0.981800497 0.011276763 -0.189580560 342.625946045
-0.191042781 0.098873928 -0.976589441 -177.305526733 0.011025075 0.995067239 0.098587967 3.657514572 0.981519938 0.008067533 -0.191190481 342.451660156
-0.191021562 0.101212397 -0.976354003 -178.181808472 0.011381395 0.994831383 0.100901097 3.727853060 0.981520057 0.008162003 -0.191186190 342.241333008
-0.191029072 0.101806924 -0.976290762 -179.090728760 0.009561684 0.994752645 0.101861224 3.819980621 0.981537998 0.010123461 -0.191000223 342.051818848
-0.190762401 0.100667611 -0.976460755 -179.991607666 0.006560933 0.994836271 0.101280272 3.902029991 0.981614292 0.012913983 -0.190437913 341.858001709
-0.190600157 0.098011419 -0.976762772 -180.892745972 0.001487147 0.995030999 0.099554330 3.986582994 0.981666684 0.017522484 -0.189798832 341.682769775
-0.190063238 0.095251113 -0.977140367 -181.834472656 -0.001709141 0.995248854 0.097348765 4.065129757 0.981770456 0.020172488 -0.188997388 341.503692627
-0.189016104 0.092532545 -0.977604806 -182.759246826 -0.000571936 0.995539784 0.094340742 4.137733936 0.981974065 0.018391032 -0.188120127 341.340026855
-0.187798858 0.089672863 -0.978105605 -183.675048828 0.000810225 0.995837510 0.091142967 4.211515427 0.982207239 0.016324051 -0.187089801 341.170959473
-0.186088085 0.089563802 -0.978442430 -184.585510254 0.001832087 0.995866537 0.090810314 4.284801960 0.982531428 0.015106123 -0.185482979 340.989990234
-0.185416579 0.093872055 -0.978166044 -185.493530273 0.003396545 0.995481968 0.094889984 4.367471695 0.982654154 0.014271788 -0.184897780 340.831695557
-0.184725285 0.100208640 -0.977668166 -186.403640747 0.005109262 0.994872630 0.101006702 4.451164722 0.982776999 0.013663325 -0.184290171 340.669067383
-0.183841944 0.103368506 -0.977505684 -187.291534424 0.006310437 0.994558871 0.103985026 4.528548717 0.982935667 0.012948304 -0.183493853 340.506713867
-0.182084918 0.103047937 -0.977868080 -188.153900146 0.005523123 0.994584799 0.103781104 4.598085403 0.983267188 0.013496101 -0.181668043 340.325012207
-0.180719376 0.101341076 -0.978299916 -189.012725830 0.006995074 0.994784713 0.101756543 4.669298172 0.983509958 0.011546094 -0.180485845 340.161376953
-0.180186868 0.098614596 -0.978676617 -189.872619629 0.006951101 0.995064557 0.098986112 4.749197006 0.983607829 0.011033110 -0.179983020 340.009582520
-0.179758668 0.098708346 -0.978746057 -190.718627930 0.005401175 0.995036960 0.099359348 4.830627918 0.983696103 0.012574311 -0.179399729 339.856994629
-0.179525971 0.102179289 -0.978432477 -191.544708252 0.004106417 0.994660378 0.103120551 4.902765274 0.983744800 0.014494952 -0.178986907 339.702117920
-0.179291487 0.104670823 -0.978212059 -192.369766235 0.005315833 0.994412541 0.105430007 4.973329067 0.983781755 0.013702676 -0.178846121 339.560028076
-0.179180264 0.101224661 -0.978595018 -193.187683105 0.010254923 0.994830906 0.101026416 5.042340279 0.983762860 0.008066505 -0.179292083 339.441040039
-0.178874254 0.094971493 -0.979277730 -193.954574585 0.013456251 0.995473266 0.094084263 5.098671913 0.983780146 0.003651831 -0.179342508 339.315185547
-0.178875923 0.091442972 -0.979612947 -194.695983887 0.014523476 0.995808482 0.090302788 5.165840626 0.983764410 0.001925610 -0.179454207 339.171508789
-0.178759813 0.096990719 -0.979100466 -195.419235229 0.018625192 0.995284557 0.095193431 5.228964329 0.983716488 -0.001219179 -0.179723263 339.027099609
-0.179598570 0.105087690 -0.978111029 -196.140121460 0.024471216 0.994447470 0.102349535 5.289180756 0.983435750 -0.005553748 -0.181172967 338.907012939
-0.181828618 0.108221509 -0.977356791 -196.840209961 0.023881845 0.994118214 0.105634458 5.342672348 0.983040094 -0.004133701 -0.183343768 338.787811279
-0.183349013 0.103850499 -0.977547050 -197.505737305 0.023086518 0.994584918 0.101330414 5.401510239 0.982776761 -0.003989328 -0.184753656 338.655883789
-0.186856508 0.095082819 -0.977775037 -198.149002075 0.020408753 0.995465994 0.092902973 5.452836514 0.982175291 -0.002595644 -0.187949896 338.530670166
-0.189401388 0.088720128 -0.977883399 -198.767333984 0.019998018 0.996051550 0.086495154 5.501738548 0.981696069 -0.003173426 -0.190427780 338.404357910
-0.192476153 0.086897068 -0.977446496 -199.378829956 0.015424870 0.996216357 0.085528314 5.555775642 0.981180370 0.001385182 -0.193088293 338.268951416
-0.196980357 0.089328885 -0.976329505 -199.980300903 0.013532542 0.995993316 0.088397756 5.599923134 0.980314195 0.004200388 -0.197399974 338.146362305
-0.202235460 0.093480438 -0.974865437 -200.569808960 0.012629736 0.995600104 0.092848688 5.636868477 0.979255676 0.006464981 -0.202526212 338.018524170
-0.208257318 0.095757440 -0.973375201 -201.146514893 0.013544220 0.995382786 0.095024630 5.673017502 0.977980256 0.006605972 -0.208592772 337.889831543
-0.216784716 0.097072117 -0.971381247 -201.709197998 0.014930338 0.995257199 0.096126065 5.708697319 0.976105273 0.006335612 -0.217205882 337.764923096
-0.229114294 0.096755676 -0.968579054 -202.252731323 0.017845355 0.995297849 0.095203497 5.756078720 0.973236084 0.004527830 -0.229763627 337.637054443
-0.244858742 0.095965505 -0.964797854 -202.780227661 0.021329351 0.995381892 0.093594372 5.800025463 0.969324112 0.002338890 -0.245774865 337.493560791
-0.265137672 0.094794512 -0.959539354 -203.301971436 0.024395104 0.995496452 0.091605961 5.838813782 0.963901818 0.000880137 -0.266256094 337.340820312
-0.290059209 0.094257407 -0.952355564 -203.815902710 0.027181745 0.995547831 0.090253517 5.874176502 0.956622541 0.000292189 -0.291329861 337.165985107
-0.319141269 0.093367934 -0.943096638 -204.294891357 0.028398857 0.995630383 0.088958755 5.907319069 0.947281599 0.001607552 -0.320398331 336.984161377
-0.352333307 0.093219005 -0.931220651 -204.760726929 0.029893577 0.995640159 0.088357255 5.946325302 0.935397267 0.003293671 -0.353583932 336.778930664
-0.390586257 0.093689516 -0.915786386 -205.210052490 0.034385990 0.995598137 0.087188914 5.985262394 0.919923902 0.002564568 -0.392088532 336.581512451
-0.432576060 0.094868414 -0.896592319 -205.648773193 0.038670070 0.995485842 0.086675301 5.998785019 0.900767744 0.002822373 -0.434291959 336.354614258
-0.477907777 0.095417179 -0.873212457 -206.089599609 0.044878237 0.995436788 0.084211037 6.037749767 0.877262950 0.001056872 -0.480009079 336.097137451
-0.524433017 0.096610986 -0.845953107 -206.502029419 0.050255232 0.995321929 0.082514673 6.075455189 0.849967480 0.000759847 -0.526834846 335.810516357
-0.571924448 0.098055705 -0.814424992 -206.893478394 0.056639608 0.995180845 0.080043733 6.116432190 0.818348885 -0.000349760 -0.574722052 335.519775391
-0.618989825 0.098705135 -0.779172003 -207.267883301 0.060599349 0.995116234 0.077919513 6.150641918 0.783057749 0.001014072 -0.621948361 335.203918457
-0.666284561 0.098568641 -0.739154696 -207.640777588 0.062623449 0.995119989 0.076252803 6.181940556 0.743063807 0.004517633 -0.669205785 334.854858398
-0.712399602 0.097823001 -0.694923043 -207.958374023 0.064039283 0.995167315 0.074438050 6.215163708 0.698846459 0.008527245 -0.715221286 334.479156494
-0.757167220 0.097325869 -0.645929813 -208.255599976 0.066051774 0.995177209 0.072522178 6.243744373 0.649872899 0.012246614 -0.759944081 334.074615479
-0.799551010 0.096276559 -0.592831731 -208.529342651 0.069470711 0.995267928 0.067937687 6.275662899 0.596567273 0.013135193 -0.802455902 333.647949219
-0.838806272 0.096152321 -0.535871863 -208.782379150 0.073487237 0.995269179 0.063552283 6.308786869 0.539447427 0.013928311 -0.841903925 333.198059082
-0.874321342 0.095573835 -0.475844175 -208.997711182 0.075684510 0.995274127 0.060838349 6.336465359 0.479409963 0.017178232 -0.877422929 332.731323242
-0.906001449 0.091704652 -0.413221687 -209.182586670 0.074679136 0.995565414 0.057205632 6.363144398 0.416635245 0.020969339 -0.908832192 332.244323730
-0.932922244 0.089022249 -0.348900646 -209.339065552 0.074969620 0.995743990 0.053604286 6.389668941 0.352187723 0.023851674 -0.935625672 331.741119385
-0.955128312 0.088405266 -0.282691360 -209.455490112 0.077218667 0.995734692 0.050494824 6.401022434 0.285949588 0.026399989 -0.957880855 331.229583740
-0.971908808 0.092818990 -0.216282353 -209.554702759 0.084439188 0.995286763 0.047689170 6.423729420 0.219689414 0.028086813 -0.975165486 330.679901123
-0.983685732 0.095672227 -0.152346700 -209.624984741 0.089847721 0.994952619 0.044683821 6.441145897 0.155852765 0.030266829 -0.987316608 330.104949951
-0.991034865 0.095442556 -0.093492426 -209.654281616 0.092073165 0.994959593 0.039722867 6.461085320 0.096812434 0.030758597 -0.994827390 329.523193359
-0.994853497 0.093109004 -0.039973214 -209.659606934 0.091750018 0.995181262 0.034586415 6.470641136 0.043000899 0.030740863 -0.998602271 328.937591553
-0.996083617 0.088232100 0.005750075 -209.629013062 0.088366061 0.995632350 0.030127816 6.485413551 -0.003066721 0.030517928 -0.999529839 328.333953857
-0.995451212 0.084821180 0.043387793 -209.588241577 0.086010888 0.995946288 0.026327636 6.482906342 -0.040978767 0.029939696 -0.998711467 327.747741699
-0.994095802 0.080397755 0.072870418 -209.526367188 0.082489997 0.996248305 0.026167292 6.498218060 -0.070493236 0.032023873 -0.996998310 327.117736816
-0.992214322 0.080747999 0.094821401 -209.456741333 0.083615981 0.996141195 0.026666433 6.498643875 -0.092302240 0.034387391 -0.995137334 326.492004395
-0.990209222 0.082937159 0.112282574 -209.380523682 0.086250566 0.995960474 0.024972450 6.477266312 -0.109757856 0.034412384 -0.993362546 325.867340088
-0.988161564 0.085526146 0.127365738 -209.292648315 0.088591464 0.995894551 0.018589392 6.469800949 -0.125252962 0.029652841 -0.991681695 325.223754883
-0.985805631 0.090886071 0.141162649 -209.198043823 0.093248621 0.995590627 0.010198853 6.466950893 -0.139613286 0.023217309 -0.989933848 324.580291748
-0.983320594 0.095405504 0.154850557 -209.088623047 0.096620396 0.995321274 0.000320841 6.476172924 -0.154095426 0.015277209 -0.987938046 323.911712646
-0.981026173 0.093918934 0.169609204 -208.960372925 0.094624981 0.995505214 -0.003933860 6.481189251 -0.169216320 0.012190048 -0.985503793 323.246612549
-0.978772759 0.091784492 0.183248892 -208.828231812 0.092419237 0.995707154 -0.005091880 6.469286919 -0.182929590 0.011951926 -0.983053684 322.543548584
-0.976615548 0.090949550 0.194809601 -208.680267334 0.091806844 0.995765984 -0.004643030 6.456946373 -0.194407061 0.013350398 -0.980830431 321.822540283
-0.974529386 0.093136169 0.204005629 -208.543624878 0.093870185 0.995565772 -0.006097582 6.436328411 -0.203668922 0.013207772 -0.978950739 321.073822021
-0.973499656 0.091762498 0.209472016 -208.386215210 0.092422977 0.995697618 -0.006654745 6.422987938 -0.209181443 0.012881637 -0.977792263 320.339294434
-0.972957253 0.087986939 0.213571146 -208.213150024 0.088512145 0.996049643 -0.007120960 6.412649155 -0.213354006 0.011975250 -0.976901650 319.600311279
-0.972086549 0.087330975 0.217763573 -208.047363281 0.087699957 0.996114910 -0.007989094 6.395888329 -0.217615247 0.011331765 -0.975968838 318.842407227
-0.970989108 0.087947734 0.222363308 -207.886749268 0.088599749 0.996042252 -0.007061747 6.376156330 -0.222104326 0.012844453 -0.974938273 318.079437256
-0.969812870 0.087930739 0.227445498 -207.704666138 0.088872880 0.996024191 -0.006116142 6.365708351 -0.227079019 0.014282223 -0.973771691 317.308013916
-0.968775511 0.086021304 0.232540190 -207.512573242 0.087776706 0.996136189 -0.002808265 6.344621658 -0.231883287 0.017691033 -0.972583055 316.524261475
-0.967760324 0.081837058 0.238207817 -207.345672607 0.083806768 0.996480286 -0.001864606 6.321492195 -0.237521976 0.018158935 -0.971212626 315.743652344
-0.966837406 0.078843579 0.242918521 -207.131607056 0.081159994 0.996701002 -0.000473246 6.289050102 -0.242154449 0.019257713 -0.970046759 314.948181152
-0.965926409 0.077785738 0.246851102 -206.922622681 0.079683103 0.996817589 -0.002309759 6.279845238 -0.246245191 0.017438807 -0.969050646 314.117034912
-0.965489268 0.077110782 0.248765886 -206.696731567 0.077948108 0.996936262 -0.006497967 6.269199371 -0.248504788 0.013117113 -0.968541861 313.278320312
-0.965507388 0.075278282 0.249256819 -206.476776123 0.075170353 0.997120917 -0.009965719 6.240070343 -0.249289393 0.009114749 -0.968386292 312.409423828
-0.965660810 0.074729718 0.248827830 -206.266876221 0.073879592 0.997185469 -0.012766993 6.230962276 -0.249081567 0.006054714 -0.968463898 311.589233398
-0.965768576 0.076259308 0.247942552 -206.053634644 0.075847141 0.997056246 -0.011228506 6.209424973 -0.248068944 0.007961595 -0.968709707 310.700103760
-0.966444731 0.073549598 0.246120572 -205.816635132 0.073746234 0.997241378 -0.008431045 6.200823784 -0.246061713 0.010002326 -0.969202638 309.817749023
-0.967154860 0.070293203 0.244275615 -205.605712891 0.070886567 0.997464001 -0.006372557 6.174032688 -0.244104072 0.011152610 -0.969685078 308.923767090
-0.967866898 0.069126479 0.241774872 -205.375106812 0.069711022 0.997548282 -0.006146214 6.141196251 -0.241606966 0.010905659 -0.970312834 308.024261475
-0.968578339 0.066797651 0.239571154 -205.172973633 0.067663826 0.997697473 -0.004617160 6.117114067 -0.239327967 0.011738220 -0.970867991 307.153411865
-0.969284773 0.065386973 0.237089217 -204.961868286 0.066566385 0.997777402 -0.003036200 6.105882168 -0.236760795 0.012839232 -0.971482992 306.265655518
-0.970023394 0.063481025 0.234573200 -204.729705811 0.065406077 0.997858644 0.000427742 6.087665558 -0.234043732 0.015757432 -0.972098231 305.358734131
-0.970527053 0.062523939 0.232739955 -204.509185791 0.065574326 0.997833133 0.005384559 6.074778557 -0.231898993 0.020487629 -0.972524047 304.421875000
-0.971223116 0.059461541 0.230629519 -204.281768799 0.064171426 0.997854650 0.012967969 6.062631607 -0.229363635 0.027394615 -0.972955227 303.497924805
-0.971640110 0.059265111 0.228917897 -204.065841675 0.064735696 0.997766733 0.016455812 6.063023090 -0.227431417 0.030808283 -0.973306775 302.577209473
-0.972275972 0.057232324 0.226725295 -203.844833374 0.062225815 0.997950375 0.014932737 6.066544056 -0.225405946 0.028626900 -0.973844528 301.658264160
-0.972738028 0.056883346 0.224822685 -203.647796631 0.060979586 0.998074889 0.011312536 6.060206413 -0.223746374 0.024713725 -0.974334121 300.747711182
-0.973100305 0.056036782 0.223463207 -203.474670410 0.059876386 0.998151243 0.010438154 6.044284821 -0.222465158 0.023537539 -0.974656582 299.816589355
-0.973646045 0.054466564 0.221465319 -203.249313354 0.058491189 0.998219967 0.011650141 6.043046951 -0.220436543 0.024296883 -0.975098729 298.895202637
-0.973743677 0.058153436 0.220094070 -203.060241699 0.062244684 0.997992396 0.011693533 6.029521465 -0.218972191 0.025086187 -0.975408554 297.951507568
-0.973849893 0.060556140 0.218973890 -202.871276855 0.064399056 0.997869551 0.010448188 6.005830765 -0.217874661 0.024276674 -0.975674868 297.045043945
-0.974379063 0.060256366 0.216689453 -202.648651123 0.063719273 0.997927070 0.009023406 6.004063606 -0.215696558 0.022599515 -0.976198792 296.128112793
-0.975040913 0.056029074 0.214839086 -202.437606812 0.059318811 0.998199522 0.008890720 6.000304699 -0.213954136 0.021412816 -0.976608992 295.217163086
-0.975704908 0.051736929 0.212893724 -202.220077515 0.054494314 0.998488843 0.007100319 5.991098404 -0.212204665 0.018529311 -0.977049828 294.303649902
-0.976453185 0.048261974 0.210261941 -201.998489380 0.050855566 0.998681903 0.006942357 5.982604027 -0.209649742 0.017471876 -0.977620602 293.377716064
-0.976973772 0.045907695 0.208361968 -201.798690796 0.048772763 0.998772621 0.008630961 5.973748207 -0.207710013 0.018594611 -0.978013754 292.438171387
-0.977636218 0.041650925 0.206137076 -201.599456787 0.044869054 0.998932779 0.010959426 5.964297295 -0.205460623 0.019963508 -0.978461742 291.517578125
-0.978034735 0.041490398 0.204271302 -201.403091431 0.045160972 0.998890698 0.013338268 5.958064556 -0.203491285 0.022270378 -0.978823543 290.586120605
-0.978200436 0.047820590 0.202083066 -201.216720581 0.051536947 0.998584330 0.013165692 5.960364342 -0.201167390 0.023293426 -0.979280114 289.634490967
-0.978194237 0.055873450 0.200035691 -201.029342651 0.059037436 0.998206854 0.009882314 5.954854012 -0.199124843 0.021476416 -0.979738712 288.683105469
-0.978567958 0.055112459 0.198412225 -200.843551636 0.057715282 0.998305976 0.007354506 5.958387375 -0.197670802 0.018648302 -0.980091095 287.752258301
-0.978682518 0.053677164 0.198240727 -200.661468506 0.057096072 0.998301685 0.011566343 5.968805790 -0.197283208 0.022638543 -0.980085135 286.777618408
-0.978588939 0.054239102 0.198549926 -200.470046997 0.059324123 0.998043418 0.019747902 5.970847607 -0.197090328 0.031103872 -0.979892015 285.819824219
-0.978494048 0.055084523 0.198784977 -200.281097412 0.060473081 0.997946084 0.021134168 5.972487450 -0.197212517 0.032700792 -0.979815364 284.886291504
-0.978718996 0.049578238 0.199125111 -200.082763672 0.053959530 0.998404562 0.016633175 5.970508099 -0.197982788 0.027023904 -0.979832768 283.960174561
-0.978650689 0.046543173 0.200191975 -199.885482788 0.049283050 0.998746753 0.008721831 5.974890232 -0.199535161 0.018401697 -0.979717970 283.014801025
-0.978248596 0.050019801 0.201315165 -199.685348511 0.051957071 0.998639882 0.004347215 5.968618393 -0.200823903 0.014712403 -0.979516983 282.087097168
-0.977937698 0.050856967 0.202611431 -199.494644165 0.052559387 0.998613238 0.003027310 5.956084728 -0.202176496 0.013609652 -0.979254603 281.154083252
-0.977882385 0.050478801 0.202972710 -199.295303345 0.052499145 0.998610497 0.004578592 5.946850300 -0.202459544 0.015133219 -0.979173660 280.237426758
-0.977792382 0.051161885 0.203235984 -199.100357056 0.053494401 0.998550117 0.005996472 5.937156677 -0.202634543 0.016735289 -0.979111552 279.320373535
-0.977935314 0.051200196 0.202537537 -198.921173096 0.053532809 0.998547733 0.006052084 5.934544563 -0.201933533 0.016760947 -0.979256034 278.407348633
-0.978499055 0.050190940 0.200051874 -198.729904175 0.052324228 0.998615623 0.005387329 5.916592121 -0.199504524 0.015739055 -0.979770660 277.510162354
-0.979117036 0.049981203 0.197059125 -198.534225464 0.052005116 0.998633742 0.005105882 5.902422428 -0.196534693 0.015247336 -0.980378628 276.597534180
-0.979618192 0.050294016 0.194470957 -198.341491699 0.052880902 0.998567700 0.008130280 5.898673534 -0.193783507 0.018248368 -0.980874777 275.672058105
-0.980226517 0.050210185 0.191403389 -198.149215698 0.052642949 0.998584151 0.007643066 5.882626534 -0.190748632 0.017567972 -0.981481910 274.765228271
-0.980757236 0.050368037 0.188623235 -197.973937988 0.052046698 0.998636842 0.003953845 5.876386642 -0.188166961 0.013694976 -0.982041717 273.847106934
-0.981054544 0.053117447 0.186307952 -197.787597656 0.054232478 0.998527944 0.000889719 5.874517918 -0.185986444 0.010976803 -0.982491016 272.930206299
-0.981126070 0.052722931 0.186043441 -197.614440918 0.054429792 0.998509288 0.004075101 5.866297245 -0.185551256 0.014124492 -0.982533097 272.008300781
-0.981091976 0.052755609 0.186212972 -197.452529907 0.055387601 0.998424768 0.008956579 5.862656116 -0.185447142 0.019101119 -0.982468605 271.079437256
-0.980937362 0.054430056 0.186545342 -197.290893555 0.057102803 0.998327911 0.008980273 5.863328934 -0.185744613 0.019461349 -0.982405305 270.153808594
-0.980846286 0.055877045 0.186596811 -197.114822388 0.057920821 0.998305976 0.005514739 5.855982780 -0.185972571 0.016216950 -0.982421160 269.249969482
-0.980458379 0.058930244 0.187693447 -196.930007935 0.060288224 0.998179853 0.001529671 5.848290443 -0.187261671 0.012815483 -0.982226610 268.340911865
-0.979527354 0.063468412 0.191045225 -196.762741089 0.064906225 0.997890532 0.001271308 5.837577820 -0.190561533 0.013645303 -0.981580615 267.434082031
-0.978443980 0.067106880 0.195306629 -196.578765869 0.069005035 0.997612059 0.002923100 5.821966171 -0.194644094 0.016337227 -0.980738282 266.510589600
-0.977250457 0.070888191 0.199891821 -196.397232056 0.072874591 0.997337759 0.002587616 5.813311100 -0.199176237 0.017095782 -0.979814768 265.595886230
-0.976824522 0.066471674 0.203460202 -196.182373047 0.067869850 0.997694194 -0.000105600 5.794982433 -0.202998087 0.013705660 -0.979083538 264.687042236
-0.976361513 0.062341608 0.206959739 -195.980529785 0.062984429 0.998008430 -0.003488092 5.800585270 -0.206765011 0.009629603 -0.978343606 263.750885010
-0.975827932 0.060776792 0.209920585 -195.788421631 0.062233716 0.998061538 0.000335361 5.796073437 -0.209493279 0.013391390 -0.977718711 262.764099121
-0.975744843 0.059561953 0.210652649 -195.582199097 0.062133029 0.998052180 0.005601827 5.783099174 -0.209908664 0.018554438 -0.977545023 261.842346191
-0.975776672 0.058382906 0.210835606 -195.367248535 0.061813526 0.998040438 0.009712239 5.777081966 -0.209855437 0.022509467 -0.977473497 260.895996094
-0.975476861 0.061108965 0.211450607 -195.152420044 0.063193329 0.997996449 0.003107471 5.759238243 -0.210837066 0.016393531 -0.977384090 259.963165283
-0.974849701 0.068704456 0.212009028 -194.960952759 0.069315612 0.997584343 -0.004557279 5.755702972 -0.211810008 0.010252874 -0.977257133 259.043853760
-0.974593163 0.072156124 0.212042347 -194.755889893 0.071979083 0.997369349 -0.008564304 5.749295235 -0.212102517 0.006915902 -0.977223039 258.126678467
-0.974799871 0.069086544 0.212115005 -194.548965454 0.070056163 0.997538686 -0.002950226 5.737334251 -0.211796746 0.011984080 -0.977240443 257.181945801
-0.974958658 0.065754436 0.212442279 -194.333572388 0.068124153 0.997669458 0.003845975 5.729335785 -0.211694270 0.018222118 -0.977165937 256.210723877
-0.975168467 0.063191175 0.212258503 -194.125274658 0.066252738 0.997775912 0.007335082 5.738256931 -0.211322919 0.021215646 -0.977186084 255.266479492
-0.975447178 0.064547971 0.210562497 -193.923110962 0.067598298 0.997685790 0.007313623 5.745767117 -0.209603131 0.021367718 -0.977553129 254.299133301
-0.975934982 0.067284867 0.207423255 -193.713958740 0.069432139 0.997581899 0.003080980 5.735921860 -0.206714377 0.017408673 -0.978246808 253.329284668
-0.976423025 0.068659715 0.204656184 -193.520385742 0.070499532 0.997510374 0.001703240 5.733038425 -0.204029709 0.016091246 -0.978832603 252.342163086
-0.976723909 0.070204347 0.202686891 -193.333343506 0.072435021 0.997366667 0.003599315 5.704265594 -0.201900467 0.018197164 -0.979237080 251.354736328
-0.976994872 0.072521947 0.200553983 -193.139389038 0.076087110 0.997049868 0.010115513 5.689794064 -0.199228734 0.025142375 -0.979630589 250.351730347
-0.977470875 0.072270684 0.198313430 -192.945816040 0.076265343 0.997008324 0.012569279 5.679335117 -0.196811751 0.027410541 -0.980058432 249.377822876
-0.977924347 0.071286388 0.196423501 -192.743240356 0.075087704 0.997105181 0.011964330 5.681633949 -0.195001990 0.026449202 -0.980446100 248.411041260
-0.977928400 0.069091462 0.197186962 -192.544921875 0.072435148 0.997325122 0.009786285 5.673959732 -0.195983365 0.023853548 -0.980317235 247.440536499
-0.977606893 0.071723953 0.197838947 -192.345092773 0.075072154 0.997133195 0.009465948 5.661349297 -0.196592852 0.024106175 -0.980188727 246.470214844
-0.977158785 0.072426982 0.199788436 -192.142211914 0.075790949 0.997080982 0.009230845 5.668875694 -0.198536679 0.024162155 -0.979795694 245.488769531
-0.976634502 0.070176065 0.203128338 -191.948410034 0.073475122 0.997258782 0.008736417 5.681394577 -0.201958418 0.023457158 -0.979113460 244.488723755
-0.975975633 0.067407392 0.207191765 -191.727340698 0.071614809 0.997349381 0.012865208 5.665013313 -0.205775380 0.027394120 -0.978216171 243.457000732
-0.975198150 0.067072183 0.210928112 -191.536407471 0.071908176 0.997293413 0.015332481 5.660489559 -0.209328830 0.030119656 -0.977381706 242.486099243
-0.975038052 0.067846753 0.211417735 -191.296463013 0.072057687 0.997325003 0.012268284 5.672456741 -0.210019827 0.027196320 -0.977318764 241.492431641
-0.974892497 0.068750761 0.211797044 -191.085739136 0.071536042 0.997422814 0.005507031 5.663140297 -0.210872576 0.020519884 -0.977298260 240.488098145
-0.974484444 0.069580160 0.213398814 -190.890365601 0.071290158 0.997455597 0.000318713 5.654971123 -0.212833673 0.015523816 -0.976965308 239.493972778
-0.974144101 0.068392850 0.215327621 -190.660125732 0.070010148 0.997546256 -0.000116398 5.651739120 -0.214807212 0.014961729 -0.976541996 238.546722412
-0.973704219 0.067722201 0.217518970 -190.443817139 0.070510268 0.997498155 0.005072418 5.620533943 -0.216631249 0.020276351 -0.976043224 237.532455444
-0.973573208 0.060737323 0.220150933 -190.223937988 0.064800121 0.997834563 0.011273407 5.611998081 -0.218989506 0.025241293 -0.975400805 236.540267944
-0.973178744 0.058932215 0.222374931 -190.002105713 0.062503643 0.998003721 0.009050649 5.612803459 -0.221397623 0.022707138 -0.974919438 235.506408691
-0.972657084 0.062095053 0.223792359 -189.762008667 0.064452477 0.997915506 0.003237470 5.604403019 -0.223124847 0.017572917 -0.974631786 234.488708496
-0.972010851 0.067478918 0.225038096 -189.535919189 0.066697501 0.997711718 -0.011081800 5.584664822 -0.225270942 0.004237851 -0.974287271 233.505737305
-0.971176386 0.073029809 0.226900652 -189.314483643 0.070027597 0.997318387 -0.021264140 5.561833858 -0.227845117 -0.004761918 -0.973686099 232.510971069
-0.970379949 0.076411173 0.229182065 -189.084426880 0.073549896 0.997070134 -0.021013714 5.545184135 -0.230116278 -0.003534968 -0.973156929 231.506683350
-0.970030189 0.075737506 0.230880395 -188.832275391 0.075450838 0.997098505 -0.010083918 5.523402691 -0.230974242 0.007638414 -0.972930193 230.501144409
-0.969987035 0.071178451 0.232506782 -188.598022461 0.073490992 0.997295022 0.001287551 5.509877205 -0.231786221 0.018336058 -0.972594261 229.495941162
-0.970031381 0.069077358 0.232953623 -188.363037109 0.073035404 0.997294009 0.008397415 5.499655724 -0.231743172 0.025159620 -0.972451568 228.502944946
-0.970160365 0.068248443 0.232662171 -188.137039185 0.072178848 0.997356236 0.008411418 5.490082741 -0.231472999 0.024953704 -0.972521544 227.505340576
-0.970420718 0.070286386 0.230963051 -187.906372070 0.072885327 0.997336566 0.002728697 5.475785255 -0.230156124 0.019481799 -0.972958922 226.530105591
-0.970579982 0.074607059 0.228930026 -187.672500610 0.076285332 0.997084856 -0.001522630 5.463202953 -0.228376269 0.015986167 -0.973441958 225.546737671
-0.970865369 0.077471912 0.226757869 -187.431930542 0.078445479 0.996907175 -0.004728966 5.443527699 -0.226422921 0.013196940 -0.973940015 224.548278809
-0.970967650 0.080563858 0.225237101 -187.219635010 0.081026703 0.996685922 -0.007203860 5.424691677 -0.225071013 0.011255503 -0.974277616 223.559539795
-0.971042633 0.083652712 0.223783612 -187.001571655 0.084118299 0.996427774 -0.007469102 5.401495934 -0.223609030 0.011571481 -0.974610567 222.583526611
-0.971432805 0.083023660 0.222319618 -186.771667480 0.084178098 0.996441483 -0.004295064 5.388011456 -0.221885070 0.014542075 -0.974964619 221.607864380
-0.971795559 0.082701333 0.220847473 -186.544631958 0.084567554 0.996417224 -0.001008125 5.382206440 -0.220139608 0.017696843 -0.975307703 220.642959595
-0.972159982 0.081944585 0.219522461 -186.327346802 0.084034577 0.996462822 0.000183638 5.368897915 -0.218730912 0.018626003 -0.975607514 219.676345825
-0.972593307 0.081238016 0.217859522 -186.112014771 0.082897022 0.996556938 -0.001529574 5.347916126 -0.217233673 0.016572252 -0.975978971 218.723022461
-0.972897768 0.080389477 0.216812134 -185.898330688 0.081869088 0.996640742 -0.002164001 5.329283714 -0.216257781 0.015644860 -0.976210952 217.778854370
-0.972950697 0.082432285 0.215805829 -185.691894531 0.084247679 0.996444523 -0.000789477 5.302870274 -0.215103626 0.017413016 -0.976436138 216.843215942
-0.973130345 0.082713298 0.214886591 -185.481658936 0.085119389 0.996368825 0.001951184 5.282062531 -0.213944927 0.020189770 -0.976637244 215.912475586
-0.973047972 0.084284000 0.214648813 -185.296340942 0.087249853 0.996176898 0.004362960 5.259073257 -0.213460475 0.022973444 -0.976681709 214.973297119
-0.972567797 0.090325959 0.214366436 -185.100433350 0.094197817 0.995522201 0.007894271 5.258183002 -0.212693483 0.027870566 -0.976721287 214.058670044
-0.972047091 0.093312331 0.215446979 -184.916595459 0.097850181 0.995146096 0.010469298 5.236460686 -0.213424295 0.031258173 -0.976459503 213.137283325
-0.972025514 0.092738427 0.215791374 -184.725280762 0.096904211 0.995254993 0.008781542 5.214981556 -0.213953048 0.029446974 -0.976400018 212.216598511
-0.971115112 0.102147989 0.215642363 -184.540313721 0.105780117 0.994375229 0.005338532 5.210387230 -0.213884115 0.027995002 -0.976458073 211.312164307
-0.970466852 0.106886029 0.216263607 -184.366668701 0.110429108 0.993874550 0.004330193 5.198754311 -0.214476064 0.028084103 -0.976325750 210.433471680
-0.971752167 0.096085027 0.215557978 -184.164016724 0.098720387 0.995114148 0.001466855 5.172209263 -0.214363858 0.022705387 -0.976489902 209.567718506
-0.973021746 0.087898284 0.213314027 -183.966247559 0.089150295 0.996011078 -0.003762103 5.147909164 -0.212793827 0.015356397 -0.976976633 208.720748901
-0.973542094 0.089612037 0.210204229 -183.794372559 0.089864045 0.995918870 -0.008372347 5.125128746 -0.210096613 0.010738970 -0.977621794 207.900405884
-0.974590778 0.088990651 0.205557778 -183.615676880 0.089903094 0.995938361 -0.004915942 5.106999397 -0.205160365 0.013689247 -0.978632927 207.070373535
-0.976029515 0.080811091 0.202080905 -183.446945190 0.082948618 0.996551573 0.002117222 5.087767601 -0.201212943 0.018828800 -0.979366899 206.271499634
-0.977031827 0.077541426 0.198484272 -183.272644043 0.080115512 0.996773243 0.004958554 5.072859287 -0.197459310 0.020746335 -0.980091453 205.455505371
-0.977587819 0.077318497 0.195816845 -183.117568970 0.080254830 0.996749163 0.007093261 5.055509567 -0.194631845 0.022649530 -0.980615020 204.649688721
-0.978019595 0.079167701 0.192900732 -182.964370728 0.082062371 0.996602237 0.007049632 5.053649902 -0.191687211 0.022724569 -0.981193185 203.859542847
-0.978511333 0.080115117 0.189993382 -182.819152832 0.083216079 0.996496260 0.008386869 5.039916039 -0.188655764 0.024017148 -0.981749773 203.087356567
-0.979101062 0.079468355 0.187204644 -182.684143066 0.082600787 0.996542275 0.008979226 5.033091545 -0.185843781 0.024254823 -0.982279778 202.320312500
-0.979787350 0.079240613 0.183678970 -182.546783447 0.082366012 0.996557474 0.009436806 5.028109074 -0.182298884 0.024374966 -0.982941151 201.606475830
-0.980286837 0.079454258 0.180901572 -182.416397095 0.082577646 0.996536553 0.009788077 5.021550179 -0.179497316 0.024533544 -0.983452797 200.915969849
-0.980421424 0.081790194 0.179121599 -182.297866821 0.084962487 0.996333003 0.010097940 5.015356064 -0.177638844 0.025118850 -0.983775377 200.258453369
-0.980267286 0.084464177 0.178722739 -182.189880371 0.087659970 0.996099770 0.010046035 5.008717537 -0.177177161 0.025514629 -0.983848214 199.609298706
-0.980050445 0.086643398 0.178870156 -182.080459595 0.089665830 0.995932460 0.008867010 5.000200272 -0.177374318 0.024728652 -0.983832955 198.981262207
-0.979606628 0.088542424 0.180364713 -181.974731445 0.091493465 0.995772779 0.008091633 4.992843151 -0.178885832 0.024428807 -0.983566761 198.377563477
-0.978750348 0.091922998 0.183297276 -181.863006592 0.094828770 0.995468020 0.007132070 4.984198093 -0.181810975 0.024362372 -0.983031631 197.777236938
-0.977472067 0.095274858 0.188337356 -181.758987427 0.098186381 0.995148897 0.006168634 4.970921516 -0.186836004 0.024521831 -0.982084990 197.208007812
-0.976051569 0.096426271 0.195001289 -181.645996094 0.099353068 0.995038331 0.005260807 4.968547821 -0.193526492 0.024508795 -0.980788946 196.662414551
-0.974386811 0.095488064 0.203599036 -181.533706665 0.098659985 0.995106220 0.005462768 4.957477093 -0.202081025 0.025409926 -0.979039311 196.144424438
-0.972117305 0.095216379 0.214295030 -181.418090820 0.098587394 0.995115459 0.005073336 4.947979450 -0.212765247 0.026058663 -0.976756096 195.646774292
-0.968857884 0.096759610 0.227929235 -181.300628662 0.100123368 0.994969845 0.003213437 4.938816547 -0.226471782 0.025934409 -0.973672271 195.160018921
-0.964301944 0.100456454 0.245010972 -181.182495117 0.103633456 0.994615555 0.000075067 4.929985046 -0.243684173 0.025463719 -0.969520450 194.699035645
-0.958706975 0.101782255 0.265558898 -181.048278809 0.104370080 0.994528830 -0.004387289 4.917149067 -0.264552534 0.023510279 -0.964084744 194.255599976
-0.951423645 0.101852745 0.290549904 -180.900482178 0.104035631 0.994541645 -0.007967114 4.900842667 -0.289775461 0.022647442 -0.956826687 193.820724487
-0.941811085 0.101176567 0.320555031 -180.737182617 0.102949239 0.994620621 -0.011460083 4.890339375 -0.319990098 0.022207661 -0.947160721 193.410934448
-0.928996563 0.101226337 0.355976105 -180.557144165 0.102806576 0.994595230 -0.014529902 4.878748417 -0.355522931 0.023098454 -0.934382319 193.019073486
-0.912950993 0.100984231 0.395377547 -180.363586426 0.102415428 0.994586945 -0.017546190 4.862633705 -0.395009249 0.024473952 -0.918351412 192.633956909
-0.894394398 0.098133840 0.436381310 -180.146591187 0.099101551 0.994863868 -0.020610290 4.842126369 -0.436162561 0.024812343 -0.899525881 192.264022827
-0.873189688 0.093233041 0.478380024 -179.910400391 0.092829578 0.995379329 -0.024550375 4.821524143 -0.478458464 0.022970680 -0.877809644 191.913742065
-0.849594831 0.088329412 0.519986987 -179.658416748 0.085155852 0.995914698 -0.030040335 4.797765732 -0.520516157 0.018757820 -0.853645802 191.584411621
-0.823824167 0.085748509 0.560322523 -179.388900757 0.079812899 0.996191502 -0.035105076 4.774580956 -0.561198711 0.015800554 -0.827530384 191.264877319
-0.794959784 0.086002417 0.600535274 -179.104705811 0.076934122 0.996200085 -0.040823717 4.751861095 -0.601764202 0.013748442 -0.798555493 190.955383301
-0.763110399 0.086786427 0.640414834 -178.799453735 0.075430267 0.996130228 -0.045109808 4.726194859 -0.641851425 0.013882899 -0.766703606 190.638809204
-0.728553057 0.085739747 0.679602087 -178.473571777 0.072885096 0.996206284 -0.047548123 4.695905685 -0.681100667 0.014891542 -0.732038260 190.336273193
-0.690879941 0.082853101 0.718206406 -178.118194580 0.069305636 0.996426463 -0.048280213 4.667158127 -0.719640017 0.016419914 -0.694153309 190.039520264
-0.649514079 0.080731995 0.756051481 -177.733612061 0.068253972 0.996523499 -0.047773756 4.635343075 -0.757279932 0.020573787 -0.652766228 189.746902466
-0.604093075 0.079392001 0.792949259 -177.331558228 0.068485752 0.996515930 -0.047599047 4.598937035 -0.793965518 0.025551476 -0.607425570 189.462875366
-0.555108547 0.080457285 0.827877522 -176.914550781 0.067944959 0.996370673 -0.051273841 4.565077782 -0.828998208 0.027787555 -0.558560491 189.189498901
-0.504039288 0.081234053 0.859852195 -176.461776733 0.063115910 0.996369481 -0.057133369 4.534902573 -0.861371636 0.025472892 -0.507336497 188.952621460
-0.450879097 0.081583068 0.888848901 -175.984573364 0.056764346 0.996419251 -0.062662043 4.507355213 -0.890778303 0.022201924 -0.453895569 188.746917725
-0.396287680 0.082566023 0.914406538 -175.479187012 0.049982954 0.996411383 -0.068308905 4.476477623 -0.916765094 0.018634766 -0.398992419 188.565124512
-0.341575146 0.087813959 0.935743213 -174.971267700 0.047234505 0.995971262 -0.076223962 4.439251900 -0.938666940 0.018163167 -0.344346881 188.407608032
-0.287685871 0.092023507 0.953293622 -174.449218750 0.044084162 0.995590448 -0.082802758 4.399502754 -0.956709802 0.018203970 -0.290474057 188.271179199
-0.233351946 0.092000797 0.968030393 -173.900817871 0.039478615 0.995589674 -0.085103370 4.350684643 -0.971590698 0.018357471 -0.235954881 188.163665771
-0.179001331 0.088755652 0.979837120 -173.377334595 0.032034427 0.995920241 -0.084360279 4.304458618 -0.983327091 0.016287908 -0.181114316 188.077896118
-0.124779463 0.085527152 0.988491595 -172.826278687 0.023287363 0.996255755 -0.083259337 4.261230946 -0.991911352 0.012630314 -0.126304030 188.036010742
-0.072179556 0.083581403 0.993883610 -172.258666992 0.011746474 0.996484697 -0.082947090 4.210996628 -0.997322679 0.005687550 -0.072907686 188.024169922
-0.023590922 0.079576463 0.996549666 -171.661911011 0.002323005 0.996828675 -0.079543762 4.157402039 -0.999719083 0.000438489 -0.023700953 188.039352417
0.019164205 0.074494228 0.997037411 -171.050125122 -0.000508428 0.997220993 -0.074498177 4.093870640 -0.999816298 0.000920784 0.019148827 188.063552856
0.054603577 0.074897781 0.995695174 -170.452163696 -0.004522752 0.997191131 -0.074762292 4.036592007 -0.998497903 -0.000420988 0.054788947 188.101821899
0.084181666 0.080432579 0.993198931 -169.819046021 -0.009818163 0.996755481 -0.079888433 3.980628490 -0.996402085 -0.003026247 0.084698200 188.169067383
0.107966423 0.087561421 0.990291119 -169.183883667 -0.015184611 0.996142805 -0.086423337 3.928891897 -0.994038701 -0.005706351 0.108879566 188.250274658
0.126870334 0.094256818 0.987430871 -168.520507812 -0.019596796 0.995518804 -0.092510968 3.873785734 -0.991725743 -0.007613577 0.128148973 188.353179932
0.142804325 0.094311431 0.985247314 -167.854721069 -0.020621978 0.995517194 -0.092305496 3.821597576 -0.989536107 -0.007136125 0.144109070 188.439208984
0.152593493 0.087433621 0.984413862 -167.143051147 -0.019545861 0.996151030 -0.085446298 3.755745888 -0.988095760 -0.006202664 0.153715134 188.559997559
0.159107804 0.081673309 0.983877242 -166.447860718 -0.019251388 0.996639431 -0.079619482 3.675659418 -0.987073600 -0.006272908 0.160145462 188.669998169
0.164295971 0.080238529 0.983142316 -165.720352173 -0.017816884 0.996764898 -0.078372903 3.599094152 -0.986250222 -0.004640169 0.165194094 188.791183472
0.168622673 0.083295420 0.982154906 -165.003173828 -0.016231436 0.996522546 -0.081727207 3.537981033 -0.985547006 -0.002160732 0.169388294 188.912490845
0.172777176 0.091956422 0.980659068 -164.290817261 -0.015199799 0.995762765 -0.090694726 3.459954023 -0.984843671 0.000764165 0.173442781 189.036972046
0.175635457 0.099616408 0.979402363 -163.570159912 -0.015686519 0.995024085 -0.098392278 3.383882761 -0.984330356 0.001917768 0.176324129 189.162567139
0.178336203 0.100601733 0.978813350 -162.824951172 -0.014456816 0.994920194 -0.099623203 3.300654888 -0.983863413 0.003615905 0.178884625 189.293655396
0.180655658 0.095141128 0.978934050 -162.054504395 -0.012984943 0.995454371 -0.094350435 3.224030972 -0.983460784 0.004333548 0.181069851 189.431915283
0.182766795 0.086437114 0.979349315 -161.284515381 -0.012219682 0.996250510 -0.085648373 3.144194126 -0.983080447 0.003686354 0.183137774 189.577468872
0.185163915 0.082620852 0.979228318 -160.500732422 -0.010596879 0.996569395 -0.082080193 3.056172371 -0.982650459 0.004821524 0.185404241 189.727401733
0.188084662 0.083186924 0.978623569 -159.749786377 -0.007947501 0.996502936 -0.083179280 2.983037710 -0.982120693 0.007867139 0.188088059 189.853683472
0.190609276 0.085050449 0.977974713 -158.956100464 -0.006213527 0.996324360 -0.085435212 2.907732964 -0.981646359 0.010208067 0.190437078 190.010452271
0.193166018 0.086232424 0.977369368 -158.175338745 -0.005440291 0.996209204 -0.086819433 2.822991371 -0.981151044 0.011453398 0.192902863 190.144897461
0.195313096 0.086369783 0.976930499 -157.393325806 -0.005100172 0.996190608 -0.087052912 2.749954939 -0.980727792 0.012020063 0.195009589 190.281219482
0.196878970 0.088382497 0.976436019 -156.599288940 -0.009256672 0.996051669 -0.088291600 2.662205696 -0.980384111 0.008344218 0.196919739 190.436218262
0.197529256 0.089350775 0.976216495 -155.778686523 -0.010131907 0.995970368 -0.089108691 2.580892086 -0.980244696 0.007710639 0.197638571 190.611038208
0.199286044 0.088931866 0.975897670 -154.926971436 -0.009353139 0.996000767 -0.088853836 2.501101732 -0.979896784 0.008579630 0.199320853 190.791732788
0.200379014 0.083673820 0.976138830 -154.095962524 -0.006857656 0.996441603 -0.084006444 2.413736582 -0.979694486 0.010139108 0.200239778 190.956161499
0.201911330 0.079131410 0.976201952 -153.235580444 -0.005518794 0.996806800 -0.079660192 2.329144239 -0.979388416 0.010696847 0.201703250 191.129302979
0.204127014 0.078593060 0.975784659 -152.379623413 -0.005142871 0.996844411 -0.079213448 2.242383480 -0.978931069 0.011151284 0.203887045 191.301116943
0.207800388 0.080346823 0.974865854 -151.512817383 -0.000170682 0.996623755 -0.082103699 2.165264130 -0.978171289 0.016894791 0.207112551 191.480911255
0.212416410 0.080601983 0.973849297 -150.655441284 0.002791151 0.996538222 -0.083088666 2.086626768 -0.977175236 0.020367563 0.211456120 191.655624390
0.216511965 0.077727735 0.973180950 -149.766418457 0.003412984 0.996759236 -0.080370255 2.005104780 -0.976274073 0.020722575 0.215544999 191.854782104
0.221133947 0.075151891 0.972343504 -148.922668457 0.002348673 0.996982574 -0.077590361 1.930517077 -0.975240529 0.019441575 0.220290184 192.041107178
0.226400554 0.074534655 0.971178353 -148.055419922 0.002058525 0.997029066 -0.076998487 1.848226547 -0.974032104 0.019431693 0.225574493 192.237640381
0.231847763 0.073968045 0.969935834 -147.204925537 0.003705293 0.997030377 -0.076920003 1.777257204 -0.972745121 0.021427635 0.230885148 192.435028076
0.237059474 0.069871590 0.968979239 -146.350082397 0.001938481 0.997374296 -0.072393365 1.698199987 -0.971493244 0.019039877 0.236301541 192.645324707
0.242098510 0.066709511 0.967955709 -145.491180420 0.001645498 0.997603893 -0.069164373 1.624832273 -0.970250368 0.018337363 0.241408646 192.856765747
0.247462392 0.067800082 0.966522455 -144.639038086 0.000991039 0.997530401 -0.070228986 1.542174578 -0.968897104 0.018336894 0.246784031 193.068084717
0.252218485 0.076947324 0.964606166 -143.795043945 -0.004652120 0.996918321 -0.078308493 1.469259501 -0.967659235 0.015263397 0.251799226 193.295791626
0.256905019 0.082798973 0.962883294 -142.944107056 -0.007423725 0.996462882 -0.083705798 1.397410989 -0.966408193 0.014356263 0.256610990 193.530197144
0.261622369 0.081464842 0.961726248 -142.073944092 -0.006067470 0.996550679 -0.082764164 1.316466212 -0.965151370 0.015817720 0.261214197 193.765747070
0.265035212 0.076735064 0.961180449 -141.207473755 -0.010071669 0.996994317 -0.076817080 1.231591105 -0.964186072 0.010678533 0.265011430 194.010116577
0.266725123 0.073792033 0.960943520 -140.356246948 -0.015766352 0.997265160 -0.072205022 1.145215988 -0.963643730 0.004108321 0.267159104 194.257492065
0.267617702 0.075705528 0.960546434 -139.514785767 -0.017640509 0.997126341 -0.073673755 1.065689564 -0.963363707 0.002771880 0.268184185 194.497375488
0.267330468 0.077348873 0.960495412 -138.672531128 -0.019586425 0.997003376 -0.074837461 0.987457037 -0.963405788 0.001193658 0.268044353 194.737655640
0.266559124 0.079337239 0.960547686 -137.837921143 -0.022343012 0.996847153 -0.076135069 0.916583896 -0.963559628 -0.001167029 0.267491341 194.972366333
0.265773416 0.079886757 0.960719883 -136.986328125 -0.026626496 0.996788740 -0.075520046 0.838231564 -0.963667810 -0.005509377 0.267047048 195.213485718
0.264199555 0.083536983 0.960843503 -136.144485474 -0.033253651 0.996438563 -0.077488035 0.751967311 -0.963894665 -0.011479247 0.266036510 195.465637207
0.262408376 0.085135311 0.961193979 -135.307388306 -0.036277119 0.996266603 -0.078338042 0.670111537 -0.964274824 -0.014312793 0.264517188 195.700317383
0.261099041 0.089771822 0.961128652 -134.479034424 -0.037854984 0.995852649 -0.082731485 0.586301506 -0.964569509 -0.014782395 0.263414502 195.927734375
0.258687496 0.092494063 0.961522520 -133.655883789 -0.041493081 0.995550334 -0.084604099 0.498703837 -0.965069473 -0.018010512 0.261374295 196.163543701
0.258044779 0.093074106 0.961639285 -132.855209351 -0.041898720 0.995490432 -0.085107416 0.420354545 -0.965224028 -0.018329933 0.260780752 196.373596191
0.256438851 0.090843976 0.962282002 -132.057800293 -0.039788485 0.995721698 -0.083397612 0.339231431 -0.965741217 -0.016901348 0.258956313 196.585937500
0.253883362 0.089508489 0.963084459 -131.255477905 -0.040858716 0.995812595 -0.081779271 0.251875997 -0.966371536 -0.018587992 0.256477416 196.796051025
0.251164854 0.090038732 0.963747561 -130.491867065 -0.042559013 0.995728552 -0.081935160 0.173576221 -0.967008293 -0.020436898 0.253924012 196.997817993
0.248619676 0.090761997 0.964339495 -129.732543945 -0.046864428 0.995561242 -0.081618257 0.104065821 -0.967466831 -0.024901308 0.251769662 197.191635132
0.244873166 0.090818994 0.965292275 -128.977249146 -0.048022009 0.995517373 -0.081480592 0.026963070 -0.968365252 -0.026402853 0.248136759 197.387863159
0.240584671 0.090769544 0.966374755 -128.272979736 -0.047043700 0.995538116 -0.081796996 -0.055591732 -0.969487548 -0.025782725 0.243781388 197.555068970
0.235007167 0.093489528 0.967487097 -127.549774170 -0.047226921 0.995286286 -0.084704161 -0.134262219 -0.970845580 -0.025785366 0.238314629 197.730850220
0.228865862 0.095197052 0.968791962 -126.889907837 -0.047173504 0.995122194 -0.086640149 -0.211902007 -0.972314239 -0.025872339 0.232240260 197.877578735
0.223728001 0.095028825 0.970008016 -126.238189697 -0.045556672 0.995167315 -0.086986169 -0.289881617 -0.973586440 -0.024729077 0.226976037 198.017501831
0.219396114 0.093763039 0.971119821 -125.591033936 -0.042465214 0.995345652 -0.086508296 -0.365509182 -0.974711239 -0.022259228 0.222356617 198.148284912
0.214501917 0.093797684 0.972209394 -124.976234436 -0.039080620 0.995405257 -0.087413110 -0.436075270 -0.975941479 -0.019244254 0.217182040 198.271209717
0.209204018 0.094266795 0.973317862 -124.376998901 -0.035654522 0.995416164 -0.088743493 -0.503302336 -0.977221847 -0.016137674 0.211606085 198.385513306
0.203858018 0.096053228 0.974277139 -123.771781921 -0.035728604 0.995242238 -0.090644307 -0.568197370 -0.978348374 -0.016330987 0.206319928 198.505676270
0.198334038 0.098740041 0.975148201 -123.175659180 -0.032832865 0.995023608 -0.094074711 -0.637263715 -0.979584455 -0.013358686 0.200589001 198.618835449
0.193113387 0.099781930 0.976089597 -122.568572998 -0.032512229 0.994919956 -0.095274545 -0.714336336 -0.980637670 -0.013336048 0.195376515 198.740341187
0.188197255 0.100945920 0.976929843 -121.969337463 -0.032792304 0.994795084 -0.096474782 -0.779955745 -0.981583774 -0.013879474 0.190527916 198.859603882
0.183044314 0.101613574 0.977839172 -121.369300842 -0.035055853 0.994686127 -0.096802048 -0.839735329 -0.982479393 -0.016559921 0.185633779 198.978088379
0.179949999 0.097612806 0.978820562 -120.773010254 -0.033777691 0.995090604 -0.093025520 -0.906040013 -0.983095646 -0.016322359 0.182363689 199.086776733
0.179169297 0.088889159 0.979794383 -120.179168701 -0.031143971 0.995923281 -0.084657297 -0.972794414 -0.983325124 -0.015346710 0.181207240 199.191925049
0.178372562 0.083435930 0.980419219 -119.589241028 -0.029889561 0.996397972 -0.079357810 -1.038636446 -0.983509004 -0.015149042 0.180223942 199.300949097
0.179251611 0.080118299 0.980535686 -119.007957458 -0.030220343 0.996656537 -0.075910948 -1.101655245 -0.983339131 -0.016024955 0.181073487 199.407760620
0.181584835 0.074042916 0.980583966 -118.430221558 -0.034370568 0.997029960 -0.068920001 -1.153493643 -0.982774556 -0.021188390 0.183590412 199.522766113
0.184419751 0.069566451 0.980382442 -117.844757080 -0.035031922 0.997323334 -0.064178698 -1.206588030 -0.982223034 -0.022508867 0.186363161 199.642761230
0.190172732 0.070435666 0.979220688 -117.268592834 -0.029967980 0.997374713 -0.065921456 -1.257565498 -0.981293142 -0.016808806 0.191784263 199.751724243
0.199167788 0.071472131 0.977355540 -116.698112488 -0.022153808 0.997410297 -0.068424143 -1.318883896 -0.979714930 -0.008024268 0.200235367 199.857986450
0.211579323 0.075731419 0.974422395 -116.127349854 -0.017335817 0.997127414 -0.073731855 -1.369066954 -0.977207124 -0.001292270 0.212284446 199.980331421
0.228609920 0.083215527 0.969955087 -115.554687500 -0.012692489 0.996510029 -0.082502261 -1.411646843 -0.973435402 0.006549701 0.228868306 200.111968994
0.249263942 0.083942279 0.964790642 -115.000984192 -0.010087837 0.996407390 -0.084086806 -1.469495416 -0.968382895 0.011227150 0.249215245 200.253143311
0.271752894 0.081259422 0.958930254 -114.438667297 -0.008044422 0.996585786 -0.082170613 -1.527006388 -0.962333441 0.014616065 0.271478772 200.417373657
0.294873953 0.081847280 0.952024460 -113.893775940 -0.010523673 0.996542513 -0.082415052 -1.588762045 -0.955478311 0.014283262 0.294715762 200.596771240
0.320320785 0.085432582 0.943449020 -113.359313965 -0.012080126 0.996212482 -0.086109050 -1.648044348 -0.947232246 0.016185552 0.320139587 200.786819458
0.349510550 0.084756285 0.933090985 -112.830543518 -0.014364064 0.996267617 -0.085114479 -1.709919572 -0.936822355 0.016345430 0.349423468 200.999038696
0.381676733 0.082504220 0.920606375 -112.303077698 -0.016546786 0.996458471 -0.082441881 -1.759761930 -0.924147844 0.016233075 0.381690204 201.225814819
0.415753543 0.080495149 0.905908167 -111.799346924 -0.020901736 0.996658146 -0.078966260 -1.810625434 -0.909237206 0.013895456 0.416046619 201.477355957
0.452136934 0.077236712 0.888598144 -111.310729980 -0.028343331 0.996984780 -0.072235972 -1.862712145 -0.891498029 0.007474713 0.452962756 201.750946045
0.491066277 0.074424863 0.867937148 -110.840797424 -0.034885608 0.997224569 -0.065773383 -1.908763409 -0.870423377 0.002020579 0.492299736 202.046920776
0.531529546 0.075148806 0.843699634 -110.402320862 -0.038694024 0.997171044 -0.064441413 -1.946480036 -0.846155584 0.001606386 0.532933712 202.354309082
0.572543561 0.075325534 0.816406727 -109.979415894 -0.042126149 0.997158051 -0.062459569 -1.985605478 -0.818791389 0.001368757 0.574089587 202.678771973
0.614135146 0.076211624 0.785512567 -109.585128784 -0.045770720 0.997090578 -0.060954455 -2.018424749 -0.787872553 0.001480803 0.615836620 203.026947021
0.655550838 0.077828638 0.751129746 -109.207336426 -0.049395569 0.996963978 -0.060190726 -2.057870865 -0.753533840 0.002355609 0.657405019 203.398574829
0.695322037 0.081110589 0.714106679 -108.869659424 -0.051021449 0.996675074 -0.063526317 -2.095337152 -0.716884971 0.007736495 0.697148561 203.781784058
0.733690441 0.084663905 0.674188673 -108.567977905 -0.054075394 0.996335328 -0.066270828 -2.129300594 -0.677328765 0.012165260 0.735579967 204.133728027
0.769946694 0.087252423 0.632114768 -108.277168274 -0.058049414 0.996077359 -0.066784084 -2.157196522 -0.635462284 0.014726296 0.771991491 204.542892456
0.803876102 0.086064547 0.588537216 -108.010925293 -0.058649212 0.996123612 -0.065559536 -2.187010288 -0.591898203 0.018184504 0.805807590 204.951110840
0.835468590 0.078213714 0.543943822 -107.748794556 -0.053870864 0.996708930 -0.060574081 -2.219815016 -0.546891391 0.021305021 0.836932421 205.376174927
0.863608122 0.071573496 0.499057353 -107.515380859 -0.052451115 0.997255206 -0.052258193 -2.252510309 -0.501427829 0.018954491 0.864991844 205.799499512
0.888596416 0.067885548 0.453638583 -107.307205200 -0.053407326 0.997573256 -0.044668261 -2.284770966 -0.455570072 0.015464433 0.890065610 206.222549438
0.910755336 0.068371192 0.407246947 -107.120727539 -0.056882378 0.997568488 -0.040267996 -2.322838068 -0.409009874 0.013509121 0.912429929 206.659301758
0.930714786 0.065367930 0.359856904 -106.945510864 -0.055297613 0.997738123 -0.038220115 -2.354580164 -0.361541331 0.015672803 0.932224333 207.119155884
0.947726667 0.064781010 0.312438220 -106.800338745 -0.056136288 0.997752249 -0.036594566 -2.375205040 -0.314106554 0.017142523 0.949232936 207.587677002
0.961671889 0.065923735 0.266160131 -106.679107666 -0.059128825 0.997689068 -0.033471793 -2.392945051 -0.267751634 0.016451146 0.963347495 208.064804077
0.972766459 0.069992326 0.220967218 -106.596038818 -0.065091081 0.997446299 -0.029394241 -2.414806604 -0.222460315 0.014210736 0.974838197 208.561477661
0.981338859 0.075519346 0.176835731 -106.538558960 -0.072357632 0.997083426 -0.024269575 -2.426386833 -0.178152785 0.011021266 0.983941138 209.060714722
0.987362623 0.079960778 0.136826023 -106.502769470 -0.078048646 0.996762872 -0.019291839 -2.440643072 -0.137925699 0.008368956 0.990407228 209.573059082
0.991102517 0.085532308 0.101980641 -106.478813171 -0.084589079 0.996323824 -0.013546033 -2.449596643 -0.102764368 0.004799060 0.994694173 210.085830688
0.992832184 0.093880042 0.073965207 -106.476165771 -0.093507245 0.995582342 -0.008494726 -2.465511799 -0.074435934 0.001517556 0.997224629 210.601028442
0.992951572 0.106356762 0.052300949 -106.484504700 -0.106224887 0.994327962 -0.005302698 -2.478657246 -0.052568275 -0.000290340 0.998617291 211.114974976
0.992630541 0.115347721 0.037142228 -106.499473572 -0.115321986 0.993324101 -0.002841508 -2.470621347 -0.037222032 -0.001462748 0.999305964 211.619308472
0.992798209 0.116900980 0.026189072 -106.493972778 -0.116888195 0.993143022 -0.002023646 -2.479812622 -0.026246062 -0.001052121 0.999654949 212.141433716
0.992829740 0.118174866 0.017994504 -106.477760315 -0.118139163 0.992992401 -0.003037865 -2.479410410 -0.018227406 0.000890227 0.999833465 212.664825439
0.993046761 0.116915017 0.013747416 -106.473541260 -0.116872534 0.993139446 -0.003856559 -2.492367029 -0.014103992 0.002223048 0.999898076 213.177291870
0.992565274 0.120972760 0.013407721 -106.482742310 -0.120927952 0.992652774 -0.004106592 -2.501506805 -0.013805998 0.002454693 0.999901652 213.689590454
0.992145598 0.124164909 0.015172749 -106.482513428 -0.124098390 0.992255986 -0.005253278 -2.510244846 -0.015707524 0.003329103 0.999871075 214.197128296
0.992568076 0.120128602 0.019436412 -106.466659546 -0.119999155 0.992744148 -0.007698565 -2.525733471 -0.020220201 0.005308997 0.999781430 214.701950073
0.992936969 0.114872716 0.029672511 -106.439529419 -0.114597835 0.993353128 -0.010809564 -2.541282415 -0.030717008 0.007332810 0.999501228 215.203353882
0.992768168 0.110699467 0.046442840 -106.404563904 -0.110253908 0.993830323 -0.012056122 -2.556371927 -0.047490906 0.006848430 0.998848200 215.697357178
0.991532266 0.110881075 0.067595407 -106.359924316 -0.110321730 0.993823946 -0.011963919 -2.568992138 -0.068504497 0.004405371 0.997641087 216.186691284
0.988898158 0.113299541 0.096144184 -106.306266785 -0.112781651 0.993560851 -0.010821534 -2.583145857 -0.096751168 -0.000141906 0.995308578 216.663406372
0.984837294 0.113228373 0.131433710 -106.229995728 -0.113287933 0.993537188 -0.007048592 -2.596262217 -0.131382391 -0.007948138 0.991299927 217.135284424
0.979582965 0.107335612 0.169989094 -106.124450684 -0.108715877 0.994072139 -0.001194923 -2.616362572 -0.169109687 -0.017309986 0.985445201 217.584533691
0.973551750 0.086884104 0.211301208 -105.972587585 -0.088210471 0.996096849 -0.003159115 -2.640892267 -0.210750937 -0.015563417 0.977415919 218.019454956
0.963654637 0.075301021 0.256319076 -105.824760437 -0.074835703 0.997128606 -0.011583316 -2.655742884 -0.256455332 -0.008019500 0.966522813 218.401824951
0.949191630 0.074619167 0.305724055 -105.673324585 -0.070497103 0.997210622 -0.024518069 -2.683082819 -0.306700796 0.001719689 0.951804399 218.768600464
0.930185258 0.085848212 0.356910974 -105.521896362 -0.077325433 0.996277273 -0.038109336 -2.700731754 -0.358853906 0.007850452 0.933360696 219.117568970
0.906279504 0.100214660 0.410627007 -105.359123230 -0.088572323 0.994944453 -0.047334287 -2.717876434 -0.413294613 0.006527912 0.910573959 219.474395752
0.878855646 0.105760507 0.465217650 -105.156372070 -0.093172200 0.994391441 -0.050046306 -2.733492613 -0.467901349 0.000638127 0.883780479 219.806411743
0.849889636 0.097405128 0.517880142 -104.914649963 -0.084467910 0.995241761 -0.048569635 -2.756130934 -0.520146906 -0.002465418 0.854073286 220.103317261
0.818396747 0.084784046 0.568364739 -104.649650574 -0.070867196 0.996397018 -0.046591721 -2.785475016 -0.570267200 -0.002147896 0.821456492 220.380447388
0.783583522 0.079693384 0.616154134 -104.383811951 -0.062181376 0.996819139 -0.049850501 -2.809960127 -0.618166983 0.000748726 0.786046505 220.627105713
0.745563388 0.079351626 0.661693752 -104.110343933 -0.056221910 0.996835649 -0.056194477 -2.835430384 -0.664058983 0.004694857 0.747665405 220.872604370
0.705811262 0.080394849 0.703823268 -103.837738037 -0.051976498 0.996738613 -0.061730064 -2.881883383 -0.706490576 0.006987510 0.707687974 221.070800781
0.665897071 0.081660829 0.741560876 -103.548851013 -0.047239400 0.996611953 -0.067327693 -2.912386417 -0.744546473 0.009802412 0.667498589 221.276306152
0.627948880 0.083899014 0.773719013 -103.257095337 -0.045604266 0.996430635 -0.071036637 -2.933591366 -0.776917279 0.009322498 0.629533708 221.477157593
0.591912866 0.085806698 0.801421523 -102.963043213 -0.047053427 0.996299922 -0.071919307 -2.956517458 -0.804627419 0.004860338 0.593760252 221.662979126
0.555595279 0.087377690 0.826848924 -102.655364990 -0.047568567 0.996174276 -0.073307872 -2.975312710 -0.830091059 0.001397498 0.557626128 221.828628540
0.519029975 0.086475283 0.850370467 -102.316963196 -0.044092402 0.996253371 -0.074398190 -3.006640434 -0.853618085 0.001120012 0.520898223 222.000625610
0.484273314 0.081643730 0.871099174 -101.955810547 -0.036640175 0.996655583 -0.073042005 -3.028097391 -0.874149263 0.003455069 0.485645175 222.151840210
0.451470375 0.077050418 0.888953209 -101.592208862 -0.029203810 0.997006953 -0.071584359 -3.054946661 -0.891808152 0.006357405 0.452369273 222.282897949
0.420561254 0.076064438 0.904069901 -101.231460571 -0.023834683 0.997061670 -0.072800770 -3.089746475 -0.906950951 0.009068966 0.421138465 222.405136108
0.393899560 0.077539504 0.915877104 -100.875968933 -0.019469382 0.996915638 -0.076026976 -3.122716188 -0.918947339 0.012115445 0.394194305 222.511520386
0.372239709 0.080937199 0.924600840 -100.465965271 -0.017462045 0.996624887 -0.080211863 -3.169034481 -0.927972317 0.013712615 0.372396648 222.651977539
0.354983032 0.085448734 0.930959523 -100.063606262 -0.017194331 0.996242464 -0.084884427 -3.206422091 -0.934714615 0.014125302 0.355118394 222.770675659
0.340075076 0.089613914 0.936118722 -99.631332397 -0.017172996 0.995875001 -0.089095689 -3.249264002 -0.940241456 0.014223263 0.340211213 222.908065796
0.325899720 0.094018318 0.940717816 -99.171386719 -0.017940469 0.995478630 -0.093276046 -3.298490524 -0.945234179 0.013521723 0.326112986 223.049728394
0.311739922 0.096606717 0.945243597 -98.722900391 -0.017112453 0.995227337 -0.096071549 -3.351238728 -0.950013399 0.013773903 0.311905265 223.170867920
0.298520327 0.097028911 0.949458361 -98.252380371 -0.012428064 0.995129585 -0.097788721 -3.389234066 -0.954322457 0.017392002 0.298272252 223.288070679
0.288129270 0.095376685 0.952830017 -97.747856140 -0.007638443 0.995224774 -0.097310528 -3.447241545 -0.957561195 0.020759884 0.287481904 223.420211792
0.281640351 0.093253575 0.954977751 -97.230537415 -0.003566362 0.995360911 -0.096145213 -3.496422052 -0.959513426 0.023672570 0.280666351 223.546615601
0.278953850 0.090251371 0.956054091 -96.693267822 -0.000506140 0.995587587 -0.093835652 -3.552723169 -0.960304379 0.025691915 0.277768672 223.689773560
0.279221952 0.086666986 0.956307471 -96.142646790 0.001576435 0.995875835 -0.090713225 -3.601792097 -0.960225284 0.026836678 0.277933776 223.828933716
0.278533220 0.084513173 0.956700981 -95.601531982 -0.001266889 0.996152341 -0.087629393 -3.675728798 -0.960425794 0.023195669 0.277568638 223.968856812
0.276157856 0.084294111 0.957408726 -95.006629944 -0.002728671 0.996211290 -0.086923391 -3.742468119 -0.961108506 0.021392133 0.275341570 224.151382446
0.274827063 0.084760398 0.957750380 -94.396942139 -0.004390504 0.996206999 -0.086903930 -3.811028481 -0.961483657 0.019678541 0.274156809 224.320022583
0.271781862 0.087869361 0.958339036 -93.779121399 -0.013374999 0.996071577 -0.087535925 -3.899052620 -0.962266028 0.010972895 0.271889389 224.511947632
0.269712269 0.089590579 0.958764195 -93.177726746 -0.014134116 0.995923579 -0.089086786 -3.970307112 -0.962837219 0.010476511 0.269879103 224.653991699
0.266993582 0.092091516 0.959288180 -92.545547485 -0.014755871 0.995697618 -0.091479897 -4.040817261 -0.963585436 0.010269426 0.267203748 224.823379517
0.264582098 0.094453573 0.959726572 -91.883041382 -0.015427537 0.995479167 -0.093719117 -4.107557774 -0.964239836 0.009990200 0.264843166 224.999572754
0.262336433 0.095979825 0.960191488 -91.184036255 -0.013904620 0.995313883 -0.095691718 -4.159978867 -0.964876413 0.011752345 0.262441695 225.196685791
0.259977281 0.096494496 0.960781276 -90.485076904 -0.016984902 0.995297432 -0.095365137 -4.243782520 -0.965465367 0.008474000 0.260393679 225.390808105
0.257934332 0.096085697 0.961372674 -89.772087097 -0.016735148 0.995337486 -0.094990358 -4.312971115 -0.966017544 0.008412551 0.258339703 225.581222534
0.255474687 0.094741568 0.962162554 -89.074859619 -0.017745622 0.995478928 -0.093310304 -4.400816917 -0.966652930 0.006764255 0.256000936 225.759689331
0.253115654 0.093744755 0.962883472 -88.383453369 -0.018445391 0.995580792 -0.092079334 -4.481797218 -0.967260242 0.005545966 0.253726244 225.920776367
0.250848889 0.092405647 0.963605702 -87.691223145 -0.016953025 0.995700181 -0.091070093 -4.549661160 -0.967877805 0.006508797 0.251336873 226.067626953
0.248399317 0.091732278 0.964304507 -86.940078735 -0.016011644 0.995758653 -0.090599954 -4.619312763 -0.968525469 0.007064875 0.248814523 226.251907349
0.246172607 0.092005745 0.964849293 -86.208572388 -0.015803944 0.995732903 -0.090918511 -4.701538563 -0.969097197 0.007133227 0.246576250 226.420043945
0.244659066 0.091270491 0.965304017 -85.472930908 -0.012907412 0.995778143 -0.090880439 -4.779561996 -0.969523311 0.009775158 0.244804204 226.582138062
0.242922425 0.091333032 0.965736568 -84.700294495 -0.011744924 0.995761633 -0.091218285 -4.856777191 -0.969974697 0.010816477 0.242965519 226.781585693
0.241033792 0.092093512 0.966137409 -83.894813538 -0.011292752 0.995686412 -0.092092820 -4.950584412 -0.970450997 0.011287130 0.241034031 227.002807617
0.238979816 0.094230719 0.966441512 -83.126220703 -0.012911707 0.995500624 -0.093871281 -5.035474777 -0.970938683 0.009954929 0.239121258 227.194885254
0.236761689 0.098218828 0.966590345 -82.334983826 -0.015277531 0.995130301 -0.097376719 -5.129324913 -0.971447647 0.008287970 0.237109303 227.397109985
0.234965920 0.100737587 0.966769278 -81.541175842 -0.016738687 0.994886816 -0.099599227 -5.214482784 -0.971859396 0.007219974 0.235450685 227.584960938
0.233210683 0.102755100 0.966982007 -80.716384888 -0.018430475 0.994689822 -0.101254493 -5.308066845 -0.972251534 0.005791686 0.233866096 227.792083740
0.231918037 0.102232888 0.967348218 -79.885772705 -0.017965246 0.994742393 -0.100820899 -5.405043125 -0.972569466 0.006003540 0.232535303 227.989761353
0.232080698 0.099940538 0.967548728 -79.056106567 -0.016515616 0.994969130 -0.098811358 -5.496724129 -0.972556353 0.006952554 0.232563734 228.175659180
0.233405530 0.095877968 0.967640996 -78.212966919 -0.012778573 0.995343506 -0.095540509 -5.584018707 -0.972295403 0.009934608 0.233543873 228.388687134
0.236274719 0.093013942 0.967224181 -77.370407104 -0.010049783 0.995588541 -0.093286648 -5.680927277 -0.971634328 0.012320887 0.236167192 228.582839966
0.239705861 0.090836152 0.966586828 -76.521110535 -0.006830782 0.995746434 -0.091882490 -5.779878139 -0.970821619 0.015422232 0.239306688 228.787948608
0.243084788 0.090671837 0.965758085 -75.679855347 -0.006837886 0.995756984 -0.091767229 -5.869951725 -0.969981074 0.015703492 0.242673397 228.995407104
0.246640503 0.091165468 0.964809656 -74.851371765 -0.006907884 0.995705545 -0.092318952 -5.974115849 -0.969082594 0.016104810 0.246211052 229.189193726
0.249810576 0.093816966 0.963739097 -74.003417969 -0.007798415 0.995457888 -0.094883263 -6.060921669 -0.968263328 0.016187202 0.249407530 229.410369873
0.252850413 0.095929712 0.962737858 -73.161499023 -0.008282326 0.995250523 -0.096994117 -6.152679443 -0.967469990 0.016551301 0.252444029 229.626708984
0.255127013 0.096171379 0.962112904 -72.331787109 -0.008735526 0.995229900 -0.097165272 -6.252117157 -0.966868043 0.016384918 0.254750133 229.832595825
0.256611705 0.097315513 0.961602926 -71.498893738 -0.011415400 0.995153904 -0.097664624 -6.359808445 -0.966447234 0.014084805 0.256479025 230.032043457
0.258099198 0.097363427 0.961199880 -70.675338745 -0.013787892 0.995178819 -0.097102985 -6.465641022 -0.966020107 0.011809282 0.258197308 230.224533081
0.259783804 0.094314367 0.961050034 -69.872955322 -0.016009640 0.995502949 -0.093367867 -6.558345318 -0.965534091 0.008869395 0.260125458 230.417984009
0.260924399 0.086418308 0.961483419 -69.028480530 -0.018588692 0.996250212 -0.084498614 -6.660013199 -0.965180218 0.004175026 0.261552393 230.668838501
0.263071001 0.080717713 0.961393952 -68.183403015 -0.013024800 0.996700287 -0.080117963 -6.754261971 -0.964688540 0.008554749 0.263254225 230.883911133
0.265754282 0.083670333 0.960403085 -67.366485596 -0.011948362 0.996435881 -0.083503276 -6.840416431 -0.963966846 0.010716114 0.265806854 231.093170166
0.266961515 0.093692616 0.959142029 -66.608772278 -0.014095444 0.995535970 -0.093324482 -6.929438114 -0.963604152 0.011394516 0.267090380 231.273193359
0.268568456 0.101787150 0.957867622 -65.786865234 -0.013935890 0.994707823 -0.101794586 -7.026757717 -0.963159800 0.013990078 0.268565595 231.493728638
0.269434154 0.101177201 0.957689106 -64.991767883 -0.010638367 0.994717658 -0.102096185 -7.124154091 -0.962960064 0.017319962 0.269087315 231.717544556
0.269552529 0.093900889 0.958396554 -64.204589844 -0.009275921 0.995441556 -0.094921552 -7.228243828 -0.962940931 0.016696326 0.269194782 231.909896851
0.269231737 0.085627943 0.959261239 -63.415050507 -0.010553796 0.996242106 -0.085966930 -7.314348698 -0.963017642 0.013021179 0.269123673 232.105041504
0.269451320 0.082836680 0.959444702 -62.627822876 -0.009233788 0.996470034 -0.083440155 -7.393921852 -0.962969720 0.013623752 0.269265056 232.298583984
0.269908309 0.086148292 0.959024489 -61.863121033 -0.006976526 0.996138453 -0.087518722 -7.480604649 -0.962860763 0.016931381 0.269467056 232.497680664
0.270836234 0.089248806 0.958479166 -61.094631195 -0.003472805 0.995776892 -0.091740474 -7.557213306 -0.962619185 0.021518033 0.270002365 232.709030151
0.271658182 0.088955097 0.958273947 -60.314258575 -0.001632720 0.995760262 -0.091972053 -7.629065037 -0.962392509 0.023420371 0.270651639 232.932891846
0.273248494 0.085826963 0.958107114 -59.550006866 -0.002737593 0.996077061 -0.088447571 -7.714310169 -0.961939692 0.021545272 0.272411525 233.125350952
0.274409950 0.084009588 0.957936168 -58.786285400 -0.003677089 0.996260941 -0.086317286 -7.807051659 -0.961605787 0.020163909 0.273692846 233.333999634
0.275548816 0.085081115 0.957514644 -58.051006317 -0.005711000 0.996202826 -0.086875334 -7.907379150 -0.961270213 0.018470034 0.274988413 233.527114868
0.276947021 0.087937877 0.956852794 -57.282016754 -0.006090045 0.995944083 -0.089767814 -7.988803387 -0.960865855 0.019033659 0.276359260 233.738998413
0.277811766 0.089768380 0.956432104 -56.509098053 -0.005829584 0.995763481 -0.091766641 -8.078121185 -0.960617900 0.019918259 0.277158082 233.972839355
0.279085219 0.089487068 0.956087589 -55.745227814 -0.005212516 0.995774865 -0.091680124 -8.157403946 -0.960252166 0.020602945 0.278372467 234.187759399
0.280615628 0.087611496 0.955813408 -55.002609253 -0.003865540 0.995920420 -0.090152904 -8.240253448 -0.959812522 0.021603588 0.279809535 234.386779785
0.282056868 0.085417636 0.955587745 -54.255283356 -0.004483841 0.996135175 -0.087718606 -8.331634521 -0.959387302 0.020456940 0.281349778 234.593643188
0.283582091 0.084340602 0.955231845 -53.523242950 -0.004212435 0.996224761 -0.086709440 -8.415195465 -0.958938777 0.020565394 0.282866776 234.797058105
0.284888864 0.083815426 0.954889238 -52.797824860 -0.004620474 0.996278405 -0.086069867 -8.498880386 -0.958549440 0.020108309 0.284215927 235.000885010
0.286508739 0.084116787 0.954377949 -52.102214813 -0.005321342 0.996262670 -0.086210936 -8.577610016 -0.958062947 0.019621618 0.285885572 235.178863525
0.287298560 0.084769063 0.954082549 -51.392181396 -0.007631749 0.996247113 -0.086217210 -8.651499748 -0.957810581 0.017488752 0.286867321 235.394027710
0.287406564 0.085657924 0.953970730 -50.701751709 -0.011031374 0.996222973 -0.086128324 -8.726249695 -0.957745135 0.014230236 0.287265897 235.614990234
0.288419485 0.087274179 0.953518510 -50.024093628 -0.014421638 0.996120393 -0.086811230 -8.802330971 -0.957395554 0.011286754 0.288559139 235.822036743
0.289294422 0.088628694 0.953128457 -49.375759125 -0.017051268 0.996023655 -0.087441996 -8.882867813 -0.957088351 0.009044439 0.289655328 236.008361816
0.288677990 0.090915009 0.953100085 -48.696075439 -0.021338917 0.995844960 -0.088529199 -8.963885307 -0.957188606 0.005218323 0.289418578 236.236495972
0.288376749 0.092065684 0.953080714 -48.069175720 -0.023322694 0.995746851 -0.089130327 -9.045523643 -0.957233012 0.003474709 0.289297462 236.416961670
0.288152993 0.092522085 0.953104258 -47.431056976 -0.023468953 0.995704710 -0.089562118 -9.112546921 -0.957296848 0.003439236 0.289086699 236.594879150
0.287437558 0.093477234 0.953226984 -46.792453766 -0.026613764 0.995621324 -0.089609444 -9.178174973 -0.957429588 0.000388164 0.288666725 236.784912109
0.286647379 0.091825202 0.953625500 -46.156169891 -0.027019273 0.995774984 -0.087762162 -9.256742477 -0.957655132 -0.000609465 0.287917316 236.963150024
0.286190271 0.088987321 0.954031646 -45.487129211 -0.025517445 0.996032774 -0.085250258 -9.346236229 -0.957832992 0.000053346 0.287325621 237.141967773
0.284640074 0.086790770 0.954697669 -44.835102081 -0.023593672 0.996225774 -0.083531693 -9.413297653 -0.958344162 0.001251657 0.285613477 237.343460083
0.282673061 0.086610392 0.955298126 -44.204170227 -0.022184554 0.996239185 -0.083757818 -9.481449127 -0.958959758 0.002483215 0.283531368 237.525787354
0.280651987 0.087954938 0.955771148 -43.568725586 -0.021784529 0.996119618 -0.085271217 -9.545578957 -0.959562361 0.003110521 0.281479001 237.718078613
0.278596520 0.090381593 0.956146061 -42.960247040 -0.022173043 0.995902002 -0.087678947 -9.613646507 -0.960152328 0.003226392 0.279458880 237.895782471
0.276322126 0.092230581 0.956629455 -42.368431091 -0.021690890 0.995729446 -0.089734897 -9.675357819 -0.960820377 0.004045617 0.277142644 238.069732666
0.273540616 0.092467785 0.957405508 -41.794246674 -0.021071617 0.995705605 -0.090146497 -9.743177414 -0.961629689 0.004484650 0.274314344 238.231536865
0.269901454 0.092217296 0.958461940 -41.234924316 -0.022557128 0.995735705 -0.089451507 -9.808787346 -0.962623775 0.002522949 0.270830631 238.375137329
0.265417099 0.091224432 0.959808350 -40.697704315 -0.021942947 0.995827317 -0.088579938 -9.871850967 -0.963883996 0.002449617 0.266311347 238.516448975
0.260643065 0.089308813 0.961295605 -40.182754517 -0.022872474 0.996003866 -0.086331800 -9.931887627 -0.965164304 0.000514582 0.261644185 238.642990112
0.254433632 0.088002801 0.963077784 -39.692104340 -0.023989249 0.996119022 -0.084684320 -9.993873596 -0.966792583 -0.001556985 0.255557299 238.765869141
0.247834802 0.088285416 0.964771271 -39.225505829 -0.023205061 0.996094406 -0.085190743 -10.046663284 -0.968524337 -0.001274347 0.248915493 238.868682861
0.240288377 0.088654220 0.966644764 -38.771240234 -0.022795748 0.996061385 -0.085685566 -10.107553482 -0.970433950 -0.001446135 0.241362929 238.973587036
0.232641041 0.088142022 0.968560457 -38.313789368 -0.020511463 0.996107936 -0.085722238 -10.154234886 -0.972346425 0.000075929 0.233543515 239.070541382
0.224074841 0.087438300 0.970641613 -37.873447418 -0.019372802 0.996169865 -0.085265711 -10.202095985 -0.974379420 0.000301864 0.224910557 239.161987305
0.215222895 0.087419212 0.972644448 -37.448722839 -0.017176379 0.996170104 -0.085732937 -10.237874031 -0.976413965 0.001745198 0.215900183 239.241180420
0.206255496 0.087750137 0.974555612 -37.039974213 -0.016255733 0.996140599 -0.086253315 -10.286651611 -0.978363156 0.001948107 0.206885874 239.319564819
0.196862757 0.087439716 0.976524234 -36.646186829 -0.015413087 0.996168017 -0.086091466 -10.322927475 -0.980309963 0.001896955 0.197456062 239.398910522
0.187251508 0.086063996 0.978534639 -36.266304016 -0.014068440 0.996287346 -0.084933266 -10.361466408 -0.982211292 0.002137434 0.187767088 239.459640503
0.177277982 0.084668443 0.980512023 -35.899139404 -0.014108319 0.996408701 -0.083490334 -10.403494835 -0.984059691 0.000967622 0.177835882 239.507293701
0.166544974 0.082908399 0.982542217 -35.554092407 -0.012506783 0.996556222 -0.081970982 -10.443719864 -0.985954702 0.001363426 0.167008340 239.555999756
0.155843437 0.083213858 0.984270394 -35.225326538 -0.007151417 0.996514142 -0.083116673 -10.482328415 -0.987755835 0.005914249 0.155895293 239.580368042
0.144787431 0.083846442 0.985903859 -34.912456512 0.000302330 0.996399343 -0.084783435 -10.516425133 -0.989462733 0.012573648 0.144240797 239.606842041
0.133437693 0.082642913 0.987605572 -34.615306854 0.006786991 0.996417522 -0.084297314 -10.546859741 -0.991034031 0.017951313 0.132398784 239.618911743
0.121919930 0.080043823 0.989307106 -34.327873230 0.009408697 0.996604860 -0.081793785 -10.575004578 -0.992495358 0.019280389 0.120752931 239.633331299
0.109731376 0.077839702 0.990908682 -34.066989899 0.010321785 0.996785879 -0.079444394 -10.601718903 -0.993907630 0.018945489 0.108575225 239.640808105
0.096466601 0.077668130 0.992301345 -33.824371338 0.007537752 0.996865273 -0.078758135 -10.626967430 -0.995307684 0.015077252 0.095578730 239.659057617
0.083028734 0.077224687 0.993550539 -33.605327606 0.006377719 0.996931374 -0.078020439 -10.647987366 -0.996526837 0.012814529 0.082281470 239.665710449
0.069697082 0.077285737 0.994569957 -33.409080505 0.006881777 0.996933401 -0.077951655 -10.665407181 -0.997544587 0.012277421 0.068951488 239.667068481
0.056646287 0.079181671 0.995249450 -33.233028412 0.008819669 0.996771514 -0.079804748 -10.685567856 -0.998355329 0.013298415 0.055765033 239.660537720
0.042996168 0.082984678 0.995622814 -33.059455872 0.010932893 0.996445656 -0.083525397 -10.703640938 -0.999015391 0.014476307 0.041936100 239.645767212
0.030468166 0.085625410 0.995861471 -32.884357452 0.014152434 0.996187150 -0.086086407 -10.724099159 -0.999435604 0.016716760 0.029140234 239.625747681
0.017560482 0.085109890 0.996216953 -32.710208893 0.019132864 0.996159375 -0.085442245 -10.744437218 -0.999662817 0.020560902 0.015864670 239.603500366
0.003086507 0.083391011 0.996512175 -32.537509918 0.023188679 0.996242940 -0.083440311 -10.765316963 -0.999726415 0.023365349 0.001141191 239.581497192
-0.011432171 0.083451077 0.996446431 -32.367324829 0.025729205 0.996206045 -0.083135769 -10.777090073 -0.999603689 0.024687354 -0.013535976 239.557662964
-0.025693893 0.084512383 0.996091247 -32.202415466 0.026389157 0.996130168 -0.083834998 -10.795273781 -0.999321580 0.024131967 -0.027824640 239.540054321
-0.040970206 0.085701898 0.995478213 -32.032112122 0.027181217 0.996041477 -0.084631726 -10.812871933 -0.998790681 0.023590945 -0.043137550 239.512832642
-0.056521416 0.086759306 0.994624734 -31.857673645 0.028032757 0.995962322 -0.085282981 -10.833789825 -0.998007894 0.023061765 -0.058725357 239.475814819
-0.072524548 0.088215560 0.993457735 -31.689935684 0.028271601 0.995862305 -0.086365193 -10.852534294 -0.996965826 0.021823041 -0.074718475 239.446807861
-0.090384483 0.092215575 0.991628468 -31.499980927 0.027763702 0.995550215 -0.090049684 -10.864990234 -0.995519936 0.019392177 -0.092542529 239.409423828
-0.110484362 0.096985593 0.989134490 -31.299779892 0.029052589 0.995117247 -0.094327085 -10.884444237 -0.993453205 0.018315248 -0.112762570 239.360855103
-0.133109331 0.100676693 0.985974789 -31.079122543 0.030837245 0.994766355 -0.097411282 -10.897132874 -0.990621567 0.017438397 -0.135517240 239.307968140
-0.159446836 0.102321506 0.981889606 -30.849443436 0.032934014 0.994611800 -0.098299205 -10.919166565 -0.986657143 0.016664084 -0.161957622 239.250259399
-0.189800262 0.103088342 0.976395845 -30.598947525 0.036378361 0.994528055 -0.097931221 -10.945049286 -0.981148601 0.016932327 -0.192511797 239.178985596
-0.225041628 0.103789091 0.968805611 -30.344083786 0.039908763 0.994457841 -0.097266942 -10.970814705 -0.973531544 0.016774729 -0.227936506 239.100601196
-0.263063550 0.104418226 0.959111392 -30.077026367 0.043468349 0.994399130 -0.096337572 -10.998595238 -0.963798940 0.016348090 -0.266129017 239.007827759
-0.301878929 0.104345918 0.947618783 -29.796213150 0.047421839 0.994405150 -0.094390795 -11.034230232 -0.952166259 0.016443249 -0.305138230 238.894760132
-0.343617916 0.104986385 0.933222890 -29.537309647 0.051795870 0.994337559 -0.092790201 -11.058936119 -0.937680244 0.016452730 -0.347110033 238.800765991
-0.387645483 0.105753854 0.915722191 -29.233009338 0.053010806 0.994310856 -0.092389166 -11.087348938 -0.920283020 0.012728930 -0.391046286 238.652557373
-0.433350801 0.104621112 0.895132303 -28.917978287 0.052586094 0.994482100 -0.090774983 -11.120728493 -0.899690032 0.007734124 -0.436461210 238.480239868
-0.478855848 0.103053093 0.871824324 -28.601743698 0.052748740 0.994669497 -0.088601276 -11.152520180 -0.876307666 0.003560405 -0.481739283 238.276977539
-0.524049997 0.103071168 0.845427632 -28.291086197 0.056245610 0.994671404 -0.086401746 -11.187204361 -0.849828243 0.002272759 -0.527054787 238.044158936
-0.569306850 0.105845764 0.815283179 -27.988718033 0.062554359 0.994379759 -0.085416049 -11.203435898 -0.819741964 0.002371583 -0.572728395 237.783309937
-0.613778830 0.111899704 0.781507730 -27.697019577 0.072447643 0.993710577 -0.085385099 -11.205369949 -0.786147118 0.004210833 -0.618025422 237.488800049
-0.658167720 0.116688833 0.743773460 -27.400722504 0.080032587 0.993162036 -0.084993705 -11.215583801 -0.748605371 0.003586005 -0.663006067 237.177062988
-0.702290416 0.117254674 0.702167749 -27.126729965 0.083524272 0.993101537 -0.082298703 -11.273458481 -0.706973791 0.000850461 -0.707239270 236.863372803
-0.744432569 0.117640920 0.657252312 -26.856033325 0.086991526 0.993054569 -0.079215430 -11.310962677 -0.662006378 -0.001795165 -0.749495983 236.545089722
-0.782440305 0.116412006 0.611747921 -26.583717346 0.090136684 0.993197799 -0.073712677 -11.343062401 -0.616167724 -0.002534844 -0.787611008 236.155380249
-0.815819502 0.119359493 0.565855145 -26.337072372 0.097361952 0.992850304 -0.069057152 -11.364266396 -0.570052147 -0.001245413 -0.821607828 235.750885010
-0.843719006 0.125926897 0.521805286 -26.120296478 0.108301073 0.992036939 -0.064293072 -11.379197121 -0.525746346 0.002266787 -0.850638509 235.304351807
-0.868367195 0.126853615 0.479423165 -25.904087067 0.112841010 0.991914630 -0.058070876 -11.408730507 -0.482913375 0.003671752 -0.875660419 234.823760986
-0.890132070 0.124924958 0.438244909 -25.672683716 0.114337131 0.992153168 -0.050587129 -11.434270859 -0.441125661 0.005078435 -0.897431016 234.295639038
-0.907794952 0.122768976 0.401044428 -25.453243256 0.115162484 0.992410302 -0.043120693 -11.468627930 -0.403294504 0.007040530 -0.915043473 233.770599365
-0.921060681 0.122588307 0.369621247 -25.253616333 0.117215693 0.992415011 -0.037053455 -11.497590065 -0.371359974 0.009196932 -0.928443670 233.204666138
-0.931015253 0.124074675 0.343243897 -25.051698685 0.120320432 0.992209375 -0.032303330 -11.515862465 -0.344577849 0.011224368 -0.938690782 232.605621338
-0.938493133 0.125931054 0.321514994 -24.865396500 0.122831292 0.991974175 -0.029995531 -11.542190552 -0.322711915 0.011341500 -0.946429253 231.985061646
-0.944266677 0.127887100 0.303324491 -24.663585663 0.125325352 0.991720974 -0.027982607 -11.571237564 -0.304391891 0.011591206 -0.952476621 231.362045288
-0.949387312 0.127898872 0.286890894 -24.480918884 0.125846744 0.991717696 -0.025662489 -11.584856033 -0.287797004 0.011740648 -0.957619786 230.695602417
-0.954261422 0.126014456 0.271118611 -24.288637161 0.124306850 0.991964698 -0.023534501 -11.599889755 -0.271905750 0.011243830 -0.962258101 230.010955811
-0.957857251 0.126214758 0.258030295 -24.112638474 0.125073478 0.991927266 -0.020901959 -11.611884117 -0.258585453 0.012251657 -0.965910912 229.306488037
-0.960120201 0.129190177 0.247949511 -23.926504135 0.128687143 0.991516232 -0.018306242 -11.616616249 -0.248210967 0.014331723 -0.968599916 228.568817139
-0.961634874 0.132069007 0.240449950 -23.738712311 0.132051602 0.991109490 -0.016258761 -11.632178307 -0.240459517 0.016116813 -0.970525384 227.829467773
-0.962682009 0.134677291 0.234746143 -23.554330826 0.134845525 0.990746796 -0.015411394 -11.638655663 -0.234649554 0.016818194 -0.971934795 227.049545288
-0.963383198 0.136039034 0.231055900 -23.354969025 0.136294469 0.990555823 -0.014933621 -11.650766373 -0.230905309 0.017104840 -0.972826242 226.248672485
-0.963654518 0.137468919 0.229068980 -23.162345886 0.137942240 0.990341008 -0.014024042 -11.672439575 -0.228784278 0.018083956 -0.973309278 225.442138672
-0.963684678 0.139473781 0.227726310 -22.968936920 0.140055582 0.990049064 -0.013685230 -11.684860229 -0.227368951 0.018706098 -0.973629236 224.635253906
-0.963311911 0.141485676 0.228062853 -22.796262741 0.142168030 0.989750206 -0.013519858 -11.703681946 -0.227638111 0.019399403 -0.973552942 223.801498413
-0.963012099 0.143027455 0.228365690 -22.586292267 0.143768400 0.989519596 -0.013477309 -11.714098930 -0.227899939 0.019852957 -0.973482251 222.957748413
-0.962156177 0.145472988 0.230419993 -22.402183533 0.146241829 0.989152133 -0.013833217 -11.751889229 -0.229932785 0.020387325 -0.972993016 222.079559326
-0.961739659 0.146006405 0.231816739 -22.194656372 0.146501839 0.989094019 -0.015173300 -11.756974220 -0.231503963 0.019368812 -0.972641110 221.166458130
-0.961031795 0.148772076 0.232991800 -21.983276367 0.148859784 0.988706827 -0.017309694 -11.756572723 -0.232935771 0.018047942 -0.972324848 220.237701416
-0.960594416 0.150628164 0.233601645 -21.737613678 0.150458410 0.988440335 -0.018653437 -11.823921204 -0.233711019 0.017228939 -0.972153544 219.337265015
-0.959604383 0.154223442 0.235318676 -21.515680313 0.153699368 0.987901211 -0.020682467 -11.850412369 -0.235661313 0.016321344 -0.971698403 218.353073120
-0.958803177 0.155730963 0.237580523 -21.275299072 0.155576795 0.987630963 -0.019518463 -11.905709267 -0.237681493 0.018247655 -0.971171737 217.447235107
-0.957797766 0.156623736 0.241024271 -21.033540726 0.156465009 0.987482607 -0.019920776 -11.930942535 -0.241127327 0.018631788 -0.970314741 216.468383789
-0.956834197 0.156365499 0.244986221 -20.784715652 0.156028405 0.987531245 -0.020909406 -11.976211548 -0.245201066 0.018217973 -0.969301105 215.503128052
-0.955902457 0.156184748 0.248710573 -20.520954132 0.155616537 0.987570941 -0.022071078 -12.023066521 -0.249066502 0.017605677 -0.968326449 214.495620728
-0.955281019 0.153309032 0.252853662 -20.266445160 0.152935907 0.988007545 -0.021252396 -12.044940948 -0.253079504 0.018368395 -0.967271328 213.469055176
-0.954336286 0.153316066 0.256392002 -19.995244980 0.153103933 0.987988770 -0.020913133 -12.093314171 -0.256518722 0.019296462 -0.966346860 212.437271118
-0.953593493 0.152695104 0.259507537 -19.726669312 0.152200833 0.988102019 -0.022121355 -12.114263535 -0.259797752 0.018402487 -0.965487957 211.398376465
-0.952787757 0.153035387 0.262252241 -19.449119568 0.152472690 0.988048792 -0.022620831 -12.140598297 -0.262579769 0.018433455 -0.964734435 210.365432739
-0.951880097 0.153792411 0.265089244 -19.168062210 0.153511375 0.987903953 -0.021908514 -12.160251617 -0.265252084 0.019839939 -0.963974953 209.317092896
-0.951022863 0.154997632 0.267454028 -18.866159439 0.155128196 0.987675846 -0.020777361 -12.202828407 -0.267378330 0.021729918 -0.963346839 208.251144409
-0.950159907 0.156438157 0.269673198 -18.559730530 0.156585351 0.987438858 -0.021107152 -12.239562988 -0.269587785 0.022171706 -0.962720752 207.192245483
-0.949397087 0.157191902 0.271911949 -18.262996674 0.157106668 0.987331450 -0.022227535 -12.278342247 -0.271961242 0.021616424 -0.962065578 206.109954834
-0.948962331 0.156137273 0.274028987 -17.951459885 0.155963168 0.987505138 -0.022564065 -12.308225632 -0.274128109 0.021325983 -0.961456776 205.018768311
-0.948722124 0.155666098 0.275126666 -17.625938416 0.155512348 0.987577319 -0.022514494 -12.351712227 -0.275213629 0.021425592 -0.961144567 203.946075439
-0.948657990 0.154985115 0.275732011 -17.304794312 0.154785618 0.987688959 -0.022625325 -12.387262344 -0.275844067 0.021215653 -0.960968494 202.854675293
-0.948446631 0.154810309 0.276555300 -16.991487503 0.154723436 0.987706661 -0.022274984 -12.421680450 -0.276603937 0.021662952 -0.960739851 201.756790161
-0.948180437 0.155926675 0.276840836 -16.663152695 0.155811876 0.987529159 -0.022555830 -12.458580017 -0.276905447 0.021748098 -0.960651040 200.678390503
-0.947843194 0.157094538 0.277334988 -16.334999084 0.156988978 0.987338662 -0.022732804 -12.500664711 -0.277394772 0.021991404 -0.960504293 199.595672607
-0.947888136 0.156848833 0.277321100 -16.002269745 0.156734273 0.987379253 -0.022727279 -12.531838417 -0.277385831 0.021922803 -0.960508704 198.509368896
-0.947661877 0.157654539 0.277636468 -15.683608055 0.157816812 0.987225235 -0.021912027 -12.576373100 -0.277544260 0.023050506 -0.960436344 197.380538940
-0.947939873 0.156399786 0.277397305 -15.360284805 0.156607062 0.987425745 -0.021554343 -12.614098549 -0.277280360 0.023010153 -0.960513592 196.249633789
-0.948095918 0.156284511 0.276929080 -15.028473854 0.156585753 0.987437427 -0.021171153 -12.641499519 -0.276758850 0.023290861 -0.960657358 195.108291626
-0.948104620 0.156235248 0.276926428 -14.723812103 0.156534582 0.987445593 -0.021170381 -12.689943314 -0.276757330 0.023276825 -0.960657835 193.886993408
-0.948361516 0.156767517 0.275743186 -14.405653954 0.156834066 0.987380922 -0.021954715 -12.739706039 -0.275705338 0.022424918 -0.960980535 192.737686157
-0.948734403 0.156120420 0.274826258 -14.108070374 0.155877113 0.987511694 -0.022868164 -12.775278091 -0.274964362 0.021143310 -0.961221933 191.581649780
-0.949194193 0.156228736 0.273173213 -13.775340080 0.156229958 0.987478077 -0.021890646 -12.815669060 -0.273172498 0.021899367 -0.961716056 190.452468872
-0.949381232 0.156530872 0.272348791 -13.448514938 0.157452539 0.987351179 -0.018610317 -12.854668617 -0.271816999 0.025213726 -0.962018847 189.291763306
-0.949688554 0.155909032 0.271631867 -13.125553131 0.157795012 0.987357557 -0.015027078 -12.880413055 -0.270540625 0.028591113 -0.962283850 188.119277954
-0.949923515 0.156200767 0.270640969 -12.803079605 0.158671796 0.987247527 -0.012868534 -12.911170959 -0.269199729 0.030718967 -0.962594271 186.943725586
-0.950169444 0.156766862 0.269448042 -12.481676102 0.159314305 0.987148404 -0.012531441 -12.932056427 -0.267949700 0.031019937 -0.962933421 185.741287231
-0.950621963 0.157191053 0.267598271 -12.146415710 0.159329876 0.987128317 -0.013846346 -12.956551552 -0.266330361 0.029473763 -0.963431001 184.562698364
-0.950923085 0.158864379 0.265532643 -11.812970161 0.160641104 0.986896455 -0.015159653 -12.985485077 -0.264461547 0.028239792 -0.963982821 183.384490967
-0.950912237 0.160680249 0.264476568 -11.499470711 0.162291631 0.986614764 -0.015897151 -13.020792961 -0.263490826 0.027805533 -0.964261174 182.170471191
-0.950786352 0.163572356 0.263153374 -11.179141998 0.164976612 0.986152530 -0.016909601 -13.042591095 -0.262275279 0.027336730 -0.964605927 180.958251953
-0.950565457 0.166853115 0.261887729 -10.854579926 0.167922124 0.985627413 -0.018458346 -13.070696831 -0.261203587 0.026430881 -0.964921713 179.717498779
-0.950482249 0.168753207 0.260971576 -10.533557892 0.169512630 0.985329747 -0.019767780 -13.107391357 -0.260478944 0.025449056 -0.965144157 178.492828369
-0.950699806 0.169542953 0.259663850 -10.193857193 0.169843331 0.985237598 -0.021451125 -13.142086029 -0.259467453 0.023708595 -0.965461016 177.292282104
-0.951344132 0.167638317 0.258538067 -9.850675583 0.168144330 0.985552967 -0.020319343 -13.196604729 -0.258209229 0.024141021 -0.965787411 176.048980713
-0.951862335 0.165034190 0.258305818 -9.522012711 0.166305497 0.985926390 -0.017079087 -13.242066383 -0.257489175 0.026700737 -0.965912342 174.805648804
-0.952437878 0.162293211 0.257921159 -9.186664581 0.164012805 0.986344397 -0.014985284 -13.278184891 -0.256831110 0.028029820 -0.966049910 173.568161011
-0.952549100 0.162548572 0.257349074 -8.854104996 0.163760930 0.986355841 -0.016865963 -13.310529709 -0.256579280 0.026078062 -0.966171503 172.337509155
-0.952381134 0.163960278 0.257074058 -8.523664474 0.164421588 0.986190319 -0.019854287 -13.337282181 -0.256779253 0.023359677 -0.966187716 171.091369629
-0.952193141 0.165346786 0.256882846 -8.191993713 0.165122226 0.986014128 -0.022601869 -13.369750977 -0.257027268 0.020895720 -0.966178298 169.837402344
-0.951744556 0.167055771 0.257439256 -7.857552052 0.166429952 0.985751808 -0.024381455 -13.397848129 -0.257844269 0.019640688 -0.965986967 168.589797974
-0.951556563 0.167107657 0.258099824 -7.520917416 0.167290345 0.985675037 -0.021416705 -13.447794914 -0.257981449 0.022798400 -0.965881109 167.348709106
-0.951547384 0.166238576 0.258694410 -7.174051762 0.167112440 0.985759139 -0.018770503 -13.487882614 -0.258130789 0.025370037 -0.965777040 166.097564697
-0.951254249 0.167362154 0.259047866 -6.836299896 0.168226004 0.985565424 -0.018995265 -13.527515411 -0.258487701 0.025509262 -0.965677857 164.856887817
-0.951116085 0.167942300 0.259179115 -6.488551617 0.168657407 0.985478997 -0.019642215 -13.575190544 -0.258714318 0.025030445 -0.965629697 163.619338989
-0.950818777 0.169088870 0.259524286 -6.146750450 0.169629842 0.985294998 -0.020480528 -13.612558365 -0.259171009 0.024549790 -0.965519547 162.382629395
-0.950476885 0.169941038 0.260219038 -5.814968109 0.170456260 0.985146523 -0.020759827 -13.660040855 -0.259881854 0.024624230 -0.965326548 161.129638672
-0.950331569 0.170170337 0.260600358 -5.469629288 0.170639813 0.985109687 -0.020998014 -13.697365761 -0.260293156 0.024513720 -0.965218782 159.895843506
-0.950232625 0.169394359 0.261464566 -5.128209114 0.170019761 0.985229492 -0.020400545 -13.737866402 -0.261058360 0.025068877 -0.964997649 158.628784180
-0.950125337 0.169149235 0.262013316 -4.776265144 0.169873431 0.985261738 -0.020057250 -13.781657219 -0.261544347 0.025452197 -0.964856148 157.382461548
-0.950021625 0.168136731 0.263039052 -4.441915035 0.168918058 0.985430956 -0.019812200 -13.818368912 -0.262537956 0.025610019 -0.964582086 156.147064209
-0.950065613 0.167408422 0.263344616 -4.071909904 0.168169007 0.985558927 -0.019819371 -13.842400551 -0.262859553 0.025456697 -0.964498520 154.871856689
-0.950042129 0.166556433 0.263969213 -3.717192650 0.167335406 0.985703230 -0.019697729 -13.872863770 -0.263476104 0.025457725 -0.964330316 153.619598389
-0.949922919 0.166823342 0.264227480 -3.349092007 0.167589679 0.985657871 -0.019806508 -13.915616035 -0.263742059 0.025467139 -0.964256883 152.409271240
-0.949594617 0.168010920 0.264655769 -2.992526531 0.168573618 0.985470533 -0.020756101 -13.965761185 -0.264297724 0.024904100 -0.964119673 151.175338745
-0.949148655 0.169305861 0.265429437 -2.648174524 0.169692159 0.985259235 -0.021652173 -14.011633873 -0.265182614 0.024490163 -0.963887334 149.919631958
-0.948921084 0.169669688 0.266009301 -2.297952652 0.170046151 0.985195100 -0.021793773 -14.055994987 -0.265768796 0.024553286 -0.963724136 148.675872803
-0.948382616 0.171373293 0.266836613 -1.960582018 0.171885386 0.984879673 -0.021619888 -14.108489990 -0.266507059 0.025361391 -0.963499308 147.427062988
-0.948177218 0.171778247 0.267306328 -1.606444716 0.172189251 0.984816253 -0.022087460 -14.167779922 -0.267041743 0.025084449 -0.963358641 146.203765869
-0.948204994 0.170099393 0.268279344 -1.272899866 0.170368120 0.985124528 -0.022458659 -14.223577499 -0.268108755 0.024410831 -0.963079453 144.955535889
-0.947946548 0.170412242 0.268992424 -0.909144044 0.171461225 0.984992445 -0.019772623 -14.283336639 -0.268324971 0.027378380 -0.962939262 143.748001099
-0.948081136 0.167866722 0.270116270 -0.551989794 0.170356676 0.985277593 -0.014376602 -14.318850517 -0.268552840 0.032385927 -0.962720275 142.507324219
-0.947820306 0.167459413 0.271282822 -0.189822614 0.171125069 0.985195875 -0.010264347 -14.383587837 -0.268985599 0.036694530 -0.962445140 141.263061523
-0.947499633 0.167870790 0.272147149 0.158719361 0.171442807 0.985135078 -0.010778884 -14.426526070 -0.269911200 0.036444679 -0.962195396 140.047012329
-0.947033763 0.169608191 0.272691637 0.506790876 0.172631159 0.984900057 -0.013053638 -14.453413963 -0.270787984 0.034712836 -0.962013245 138.812347412
-0.947021484 0.169130087 0.273029894 0.863646626 0.171864629 0.985020339 -0.014053666 -14.481408119 -0.271316916 0.033615056 -0.961902857 137.602478027
-0.946825147 0.169045523 0.273762584 1.214433074 0.172005728 0.985005617 -0.013338117 -14.512298584 -0.271912456 0.034459867 -0.961704850 136.389816284
-0.946385741 0.170252740 0.274532616 1.562479019 0.173356533 0.984771907 -0.013105839 -14.532538414 -0.272583306 0.035188839 -0.961488605 135.165664673
-0.945948839 0.171230659 0.275429189 1.906053305 0.174762741 0.984539151 -0.011860398 -14.568616867 -0.273201704 0.036915429 -0.961248398 133.962463379
-0.945249081 0.174558446 0.275742114 2.245696545 0.178264514 0.983912170 -0.011771234 -14.598004341 -0.273360789 0.038028285 -0.961159706 132.782821655
-0.945283651 0.174071595 0.275931180 2.590424776 0.177784964 0.983999789 -0.011702958 -14.628852844 -0.273553371 0.037993792 -0.961106181 131.592041016
-0.945165992 0.175654575 0.275330096 2.925755024 0.178300992 0.983852386 -0.015596316 -14.664098740 -0.273623735 0.034350526 -0.961223245 130.400451660
-0.945203900 0.176253095 0.274816990 3.246640444 0.178155795 0.983833373 -0.018230731 -14.697022438 -0.273587346 0.031728484 -0.961323738 129.214691162
-0.945688963 0.173875913 0.274663150 3.583119869 0.175677523 0.984279037 -0.018226529 -14.741583824 -0.273514330 0.031015513 -0.961367965 128.047988892
-0.945840478 0.173742324 0.274224669 3.896926403 0.175505817 0.984308481 -0.018289769 -14.775606155 -0.273099393 0.030828824 -0.961491704 126.911590576
-0.946203589 0.173094660 0.273380727 4.200240612 0.174756676 0.984438658 -0.018456655 -14.806550026 -0.272321314 0.030311348 -0.961728930 125.764465332
-0.946557403 0.172412604 0.272586048 4.501469612 0.173926383 0.984579325 -0.018792594 -14.847899437 -0.271622658 0.029621633 -0.961948037 124.637779236
-0.946506381 0.173542485 0.272046000 4.794669151 0.175087795 0.984373689 -0.018779807 -14.892133713 -0.271054000 0.029856723 -0.962101221 123.530349731
-0.946704030 0.173721999 0.271242440 5.091341972 0.175248921 0.984345078 -0.018778671 -14.928614616 -0.270258427 0.029757101 -0.962327957 122.435813904
-0.947160602 0.172769621 0.270254552 5.382339478 0.174151853 0.984534562 -0.019048309 -14.973350525 -0.269365907 0.029023523 -0.962600470 121.377601624
-0.947600842 0.171941072 0.269237667 5.662592888 0.173084050 0.984710515 -0.019676294 -15.011772156 -0.268504292 0.027955469 -0.962872744 120.327949524
-0.947707653 0.172701851 0.268373758 5.937198639 0.173675939 0.984593689 -0.020296853 -15.055788994 -0.267744392 0.027374577 -0.963101149 119.301727295
-0.948140025 0.171967804 0.267316818 6.211389065 0.172811776 0.984740436 -0.020552222 -15.085775375 -0.266771972 0.026709110 -0.963389874 118.300003052
-0.947848916 0.174072742 0.266984522 6.438214779 0.174962163 0.984358668 -0.020646401 -15.135701180 -0.266402483 0.027142521 -0.963479519 117.337310791
-0.947834373 0.175229102 0.266279340 6.680658817 0.176189899 0.984143257 -0.020473586 -15.168307304 -0.265644610 0.027510161 -0.963678479 116.387542725
-0.947881222 0.175758049 0.265763879 6.917492867 0.176957563 0.984022856 -0.019623388 -15.201830864 -0.264966667 0.028428286 -0.963838577 115.453659058
-0.948367238 0.174646005 0.264761269 7.167132378 0.175925836 0.984218776 -0.019064678 -15.240995407 -0.263912559 0.028498029 -0.964125633 114.526741028
-0.948555708 0.174674749 0.264066786 7.400333405 0.176235944 0.984184086 -0.017959595 -15.281678200 -0.263027400 0.029502381 -0.964337468 113.631790161
-0.948555708 0.174674749 0.264066786 7.626767635 0.176235944 0.984184086 -0.017959595 -15.309467316 -0.263027400 0.029502381 -0.964337468 112.771278381
-0.948856711 0.172603726 0.264345765 7.816872597 0.174676299 0.984498620 -0.015832745 -15.398688316 -0.262980819 0.031151939 -0.964297891 111.953025818
-0.949060082 0.172796234 0.263488889 8.042592049 0.175310150 0.984411895 -0.014128804 -15.440775871 -0.261822999 0.032783192 -0.964558959 111.111099243
-0.949195385 0.172546268 0.263165504 8.250863075 0.175452054 0.984407246 -0.012606312 -15.460036278 -0.261237234 0.034207076 -0.964668393 110.310112000
-0.948602915 0.175297052 0.263484299 8.443655968 0.178638995 0.983848453 -0.011417415 -15.470156670 -0.261230052 0.036237970 -0.964596391 109.529922485
-0.948061228 0.176574454 0.264578253 8.644175529 0.180388674 0.983544469 -0.010013469 -15.502104759 -0.261992604 0.038233534 -0.964312434 108.766296387
-0.946520209 0.179079652 0.268383801 8.832403183 0.182920545 0.983067930 -0.010840638 -15.523961067 -0.265780866 0.038832031 -0.963250995 108.044288635
-0.943724990 0.182868630 0.275576085 9.028662682 0.186760187 0.982328653 -0.012290006 -15.549736977 -0.272953719 0.039868258 -0.961200595 107.319976807
-0.939297080 0.187347993 0.287440389 9.231164932 0.191388294 0.981410980 -0.014246241 -15.569470406 -0.284766167 0.041631270 -0.957692742 106.629188538
-0.933617592 0.190109879 0.303672731 9.438018799 0.194302320 0.980800390 -0.016649002 -15.594733238 -0.301007450 0.043460503 -0.952631235 105.956626892
-0.926783442 0.191271096 0.323246360 9.658903122 0.195594519 0.980493248 -0.019385533 -15.616749763 -0.320648789 0.045259029 -0.946116447 105.306518555
-0.917884827 0.192642793 0.346952885 9.886359215 0.196593866 0.980187774 -0.024140472 -15.641415596 -0.344729453 0.046050638 -0.937571883 104.697914124
-0.906510830 0.194942176 0.374481291 10.136198044 0.198213905 0.979694128 -0.030177008 -15.680312157 -0.372759908 0.046871614 -0.926743507 104.090972900
-0.892866731 0.195468828 0.405686677 10.388582230 0.197810277 0.979556203 -0.036615830 -15.713951111 -0.404550135 0.047555942 -0.913278818 103.515815735
-0.877489209 0.193398684 0.438873261 10.670245171 0.193970174 0.980018437 -0.044039056 -15.747368813 -0.438620955 0.046484523 -0.897469163 102.954841614
-0.860148549 0.189520970 0.473525733 10.959735870 0.188029692 0.980837643 -0.051012784 -15.795924187 -0.474119872 0.045158327 -0.879301667 102.442123413
-0.840580583 0.184654802 0.509241700 11.273279190 0.180786014 0.981833994 -0.057605628 -15.846013069 -0.510627985 0.043641608 -0.858693600 101.918769836
-0.817904830 0.179444492 0.546655238 11.589154243 0.173230052 0.982836187 -0.063438341 -15.900357246 -0.548656166 0.042810589 -0.834951639 101.441818237
-0.792332411 0.172251493 0.585268497 11.924870491 0.162821472 0.984222889 -0.069242015 -15.949302673 -0.587961674 0.040431589 -0.807878017 101.010314941
-0.763682842 0.163163885 0.624633014 12.273991585 0.150065497 0.985898256 -0.074060425 -16.012300491 -0.627908647 0.037177190 -0.777398825 100.613647461
-0.730567932 0.155541897 0.664889276 12.637493134 0.138727635 0.987213373 -0.078514025 -16.082580566 -0.668599784 0.034878694 -0.742804289 100.211669922
-0.693897724 0.147968367 0.704706430 12.991322517 0.126534358 0.988487005 -0.082960628 -16.129487991 -0.708868742 0.031603381 -0.704632044 99.871223450
-0.654296637 0.142063752 0.742774427 13.373562813 0.116490982 0.989407301 -0.086620182 -16.174680710 -0.747211993 0.029851234 -0.663914919 99.547256470
-0.612009287 0.136356652 0.779006720 13.792277336 0.105596334 0.990293264 -0.090380654 -16.213010788 -0.783769131 0.026946459 -0.620467424 99.244804382
-0.565802693 0.130927652 0.814079463 14.225111008 0.096296288 0.991048872 -0.092461511 -16.286117554 -0.818898261 0.026077859 -0.573346019 98.969200134
-0.515613556 0.129186362 0.847026348 14.676498413 0.089558527 0.991279066 -0.096670136 -16.340959549 -0.852127910 0.026014000 -0.522686601 98.719795227
-0.463353038 0.129158050 0.876711071 15.141747475 0.084067494 0.991266549 -0.101603761 -16.398031235 -0.882177293 0.026624501 -0.470164418 98.502510071
-0.409424067 0.130393252 0.902978301 15.606502533 0.078327268 0.991103530 -0.107604086 -16.465761185 -0.908975840 0.026672136 -0.415995002 98.319198608
-0.354378462 0.131007090 0.925879896 16.067073822 0.070162371 0.991071582 -0.113376915 -16.526397705 -0.932466447 0.024783611 -0.360406280 98.169113159
-0.298008323 0.128755540 0.945840001 16.554176331 0.061799772 0.991384983 -0.115484089 -16.592718124 -0.952560782 0.024037477 -0.303398013 98.043113708
-0.241010666 0.127021611 0.962174356 17.014726639 0.051714066 0.991670609 -0.117961958 -16.656379700 -0.969143808 0.021327872 -0.245572090 97.954154968
-0.183966875 0.126016378 0.974821150 17.496095657 0.038919870 0.991903901 -0.120879799 -16.722806931 -0.982161701 0.015702043 -0.187382102 97.894065857
-0.127370715 0.125954494 0.983825445 17.968786240 0.031614605 0.991915703 -0.122897297 -16.793767929 -0.991351366 0.015449751 -0.130323052 97.857231140
-0.073269486 0.128378063 0.989015043 18.460142136 0.024890952 0.991606951 -0.126870498 -16.867921829 -0.997001588 0.015321795 -0.075849891 97.845428467
-0.023025751 0.131685942 0.991024077 18.935480118 0.019123517 0.991163492 -0.131260142 -16.939863205 -0.999551952 0.015929502 -0.025340557 97.857337952
0.021945834 0.132632300 0.990922332 19.341621399 0.005149215 0.991132915 -0.132774517 -17.011854172 -0.999745965 0.008016314 0.021068275 97.862747192
0.061959028 0.131620973 0.989361882 19.806901932 -0.002677791 0.991284788 -0.131709099 -17.072805405 -0.998075128 0.005511269 0.061771452 97.908584595
0.097147226 0.132681578 0.986386418 20.291753769 -0.009426877 0.991152287 -0.132394224 -17.147670746 -0.995225430 0.003563188 0.097538471 97.979248047
0.126962125 0.134676978 0.982722104 20.801883698 -0.008989483 0.990855157 -0.134630173 -17.221996307 -0.991866887 0.008258775 0.127011776 98.059623718
0.150660872 0.137211159 0.979017019 21.287656784 -0.012213752 0.990503848 -0.136941493 -17.303775787 -0.988510013 0.008674242 0.150906026 98.131042480
0.169563472 0.142583668 0.975150347 21.800540924 -0.018053118 0.989762068 -0.141580999 -17.395246506 -0.985353947 0.006402470 0.170401573 98.223968506
0.185221076 0.148782164 0.971368730 22.271905899 -0.020243831 0.988840222 -0.147598118 -17.459939957 -0.982488453 0.007674076 0.186165929 98.279304504
0.197186291 0.149427056 0.968911290 22.788316727 -0.017860770 0.988699377 -0.148843899 -17.538204193 -0.980203271 0.012044474 0.197626829 98.383567810
0.205509663 0.145778045 0.967736840 23.305786133 -0.017208651 0.989229023 -0.145361125 -17.628953934 -0.978503823 0.013219677 0.205804765 98.500968933
0.212803543 0.141186163 0.966840804 23.810028076 -0.017327670 0.989895105 -0.140738875 -17.712184906 -0.976941407 0.013196640 0.213099658 98.579360962
0.217922091 0.138122290 0.966142952 24.325757980 -0.018288724 0.990338981 -0.137456223 -17.804105759 -0.975794852 0.012285233 0.218342841 98.648086548
0.219666779 0.138348714 0.965715408 24.897789001 -0.019029990 0.990312874 -0.137543902 -17.882381439 -0.975389361 0.011836275 0.220171630 98.754272461
0.220439255 0.138292700 0.965547323 25.447511673 -0.017104637 0.990293980 -0.137932032 -17.972415924 -0.975250721 0.013890300 0.220665157 98.866546631
0.221603334 0.137873754 0.965340853 26.009578705 -0.013917189 0.990300417 -0.138243765 -18.072593689 -0.975037694 0.017200463 0.221372724 98.998878479
0.222303689 0.137860566 0.965181649 26.572956085 -0.011818774 0.990261018 -0.138720617 -18.186368942 -0.974905908 0.019430846 0.221768022 99.109558105
0.222703338 0.137754381 0.965104759 27.166017532 -0.009939604 0.990235806 -0.139047876 -18.285402298 -0.974835694 0.021373693 0.221898019 99.207412720
0.222714365 0.137771651 0.965099573 27.793876648 -0.008812502 0.990207851 -0.139322311 -18.374229431 -0.974843860 0.022524126 0.221747637 99.351196289
0.222818851 0.137192458 0.965157986 28.425901413 -0.007721968 0.990265250 -0.138978630 -18.462171555 -0.974829316 0.023514129 0.221709132 99.501235962
0.223541081 0.136553302 0.965081692 29.079141617 -0.004898638 0.990282476 -0.138984412 -18.559883118 -0.974682212 0.026341159 0.222037733 99.649169922
0.225534976 0.135213971 0.964806318 29.750658035 -0.000221804 0.990328968 -0.138739020 -18.669450760 -0.974235058 0.031076506 0.223383784 99.792266846
0.229180992 0.134601727 0.964032471 30.409555435 0.003235370 0.990282059 -0.139035940 -18.766887665 -0.973378479 0.034983404 0.226518333 99.911407471
0.233999074 0.133921057 0.962969184 31.108579636 0.005740076 0.990260124 -0.139111266 -18.870607376 -0.972219944 0.038079429 0.230951250 100.072036743
0.240377247 0.133300647 0.961483121 31.811717987 0.007851422 0.990226328 -0.139248550 -18.979553223 -0.970647812 0.041021202 0.236981273 100.245162964
0.248803198 0.132372305 0.959465742 32.541805267 0.009411782 0.990239441 -0.139058590 -19.088144302 -0.968508363 0.043628499 0.245128870 100.424987793
0.258194208 0.130236357 0.957274377 33.288558960 0.010890160 0.990416527 -0.137682587 -19.202310562 -0.966031611 0.045973718 0.254301548 100.622978210
0.269040883 0.128522992 0.954515100 33.999923706 0.009880997 0.990635991 -0.136171669 -19.322454453 -0.963078141 0.046067316 0.265251637 100.771568298
0.279218853 0.127384886 0.951740623 34.766746521 0.005504254 0.990932822 -0.134245381 -19.436250687 -0.960211873 0.042722479 0.275985956 100.997489929
0.289457142 0.127764881 0.948625684 35.549068451 0.002778567 0.990935326 -0.134311154 -19.550891876 -0.957186937 0.041513145 0.286478341 101.227317810
0.299965978 0.129469663 0.945123374 36.302761078 -0.001498513 0.990810037 -0.135252535 -19.675518036 -0.953948796 0.039154895 0.297403336 101.447639465
0.310120285 0.134878993 0.941080749 37.058555603 -0.007506363 0.990201294 -0.139445484 -19.799869537 -0.950667679 0.036180772 0.308093905 101.669174194
0.318462074 0.139512286 0.937613070 37.840759277 -0.012353763 0.989637315 -0.143057272 -19.925500870 -0.947855175 0.033975277 0.316885471 101.926147461
0.324350119 0.142327666 0.935168386 38.638343811 -0.019974560 0.989425898 -0.143657476 -20.053449631 -0.945726275 0.027915750 0.323763311 102.205360413
0.326905131 0.141684517 0.934376001 39.444614410 -0.025656834 0.989664018 -0.141091719 -20.188140869 -0.944708824 0.022150472 0.327161372 102.492034912
0.327362835 0.141053289 0.934311271 40.221511841 -0.030931607 0.989864945 -0.138602465 -20.321350098 -0.944392323 0.016473558 0.328408003 102.755088806
0.324848831 0.141215414 0.935163796 41.030567169 -0.034583248 0.989902318 -0.137468010 -20.449184418 -0.945133388 0.012315311 0.326452315 103.043083191
0.321339250 0.141636699 0.936312020 41.797985077 -0.038845330 0.989890575 -0.136409998 -20.582384109 -0.946167052 0.007462539 0.323592663 103.275123596
0.315560102 0.142910600 0.938082337 42.575626373 -0.041194983 0.989725113 -0.136920527 -20.716362000 -0.948011041 0.004562378 0.318204939 103.519157410
0.308030128 0.144333810 0.940364480 43.360904694 -0.043567292 0.989528060 -0.137608677 -20.852998734 -0.950378656 0.001418501 0.311092675 103.758636475
0.298774898 0.145369738 0.943186820 44.143409729 -0.045252528 0.989376426 -0.138154060 -20.985961914 -0.953250229 -0.001404621 0.302179158 103.988777161
0.288439572 0.144286945 0.946564317 44.936458588 -0.045296863 0.989530206 -0.137033373 -21.115224838 -0.956426144 -0.003350534 0.291955411 104.222839355
0.277545929 0.142068252 0.950150013 45.743011475 -0.044390779 0.989845693 -0.135036767 -21.243606567 -0.959686399 -0.004698969 0.281034172 104.456565857
0.266497135 0.140129149 0.953594863 46.541584015 -0.043627102 0.990114570 -0.133303374 -21.380567551 -0.962847888 -0.006077595 0.269976139 104.665664673
0.255823553 0.140919000 0.956397653 47.350543976 -0.039996441 0.990014315 -0.135173708 -21.501802444 -0.965895891 -0.003671847 0.258905232 104.873794556
0.244310200 0.141776696 0.959276676 48.158187866 -0.037189100 0.989896119 -0.136830717 -21.635915756 -0.968983650 -0.002245508 0.247114301 105.082099915
0.233519316 0.142064482 0.961918175 48.965713501 -0.032542858 0.989856899 -0.138290495 -21.750921249 -0.971807539 0.000989951 0.235773861 105.263717651
0.223575950 0.141275212 0.964393795 49.789745331 -0.027283836 0.989959240 -0.138695121 -21.844598770 -0.974304736 0.004696541 0.225185633 105.421081543
0.212554634 0.140372708 0.967014074 50.608901978 -0.024988219 0.990085006 -0.138229191 -21.971696854 -0.976829767 0.005217321 0.213954806 105.605720520
0.203358948 0.139908999 0.969056547 51.427433014 -0.021944851 0.990140557 -0.138347849 -22.099468231 -0.978858292 0.006868467 0.204424202 105.764907837
0.196767867 0.139981240 0.970405936 52.233375549 -0.018914372 0.990113318 -0.138988793 -22.228559494 -0.980267644 0.008993909 0.197470188 105.908576965
0.192147613 0.140885085 0.971200705 53.042388916 -0.017045863 0.989971399 -0.140235573 -22.368408203 -0.981218100 0.010390989 0.192622185 106.049331665
0.188803017 0.143642157 0.971452773 53.858486176 -0.015878513 0.989561498 -0.143233776 -22.489727020 -0.981886685 0.011617757 0.189113021 106.199134827
0.187127590 0.146085203 0.971412539 54.674308777 -0.014287077 0.989180684 -0.146005064 -22.616693497 -0.982231736 0.013442934 0.187190115 106.346847534
0.186550379 0.147433907 0.971319914 55.488918304 -0.013467953 0.988966525 -0.147525817 -22.753936768 -0.982353210 0.014439322 0.186477721 106.493034363
0.187707782 0.147576973 0.971075237 56.308628082 -0.013209477 0.988938272 -0.147738308 -22.892311096 -0.982136190 0.014904253 0.187580764 106.637687683
0.190092742 0.146947935 0.970706642 57.136962891 -0.013638943 0.989034772 -0.147051603 -23.027334213 -0.981671512 0.014714055 0.190012515 106.783592224
0.192801297 0.144897982 0.970480442 57.995361328 -0.014157310 0.989344716 -0.144901961 -23.169387817 -0.981135726 0.014197893 0.192798316 106.944267273
0.195902646 0.142457053 0.970220685 58.843227386 -0.013663277 0.989692271 -0.142557234 -23.304306030 -0.980528116 0.014670946 0.195829749 107.095100403
0.198823631 0.140619010 0.969894588 59.700542450 -0.013798207 0.989956260 -0.140699059 -23.441900253 -0.979938209 0.014591508 0.198767006 107.254920959
0.200954080 0.139449924 0.969624221 60.529506683 -0.016032834 0.990151465 -0.139079317 -23.572370529 -0.979469478 0.012402728 0.201210737 107.403892517
0.201624811 0.139642358 0.969457328 61.382488251 -0.017869689 0.990144372 -0.138905689 -23.712572098 -0.979299843 0.010682926 0.202133000 107.569793701
0.200176120 0.140980005 0.969563961 62.235023499 -0.022033311 0.989990830 -0.139401197 -23.851692200 -0.979512215 0.006542109 0.201278806 107.739356995
0.196248055 0.142392874 0.970160306 63.085060120 -0.025627796 0.989806712 -0.140092328 -23.991483688 -0.980219305 0.002629787 0.197896898 107.902801514
0.189478755 0.143865734 0.971288145 63.921821594 -0.030455165 0.989592850 -0.140635833 -24.132547379 -0.981412470 -0.002933219 0.191888273 108.073471069
0.178966403 0.145695210 0.973007679 64.806694031 -0.034506954 0.989295542 -0.141787201 -24.277997971 -0.983249903 -0.008200370 0.182078183 108.251220703
0.165978968 0.149309233 0.974760354 65.639076233 -0.035880312 0.988731027 -0.145339608 -24.413513184 -0.985476315 -0.010851383 0.169465840 108.384880066
0.149185658 0.153699368 0.976790726 66.507347107 -0.038633443 0.987997293 -0.149562225 -24.571300507 -0.988054216 -0.015424252 0.153332949 108.528678894
0.131155729 0.154884994 0.979187846 67.385253906 -0.036377884 0.987806678 -0.151375711 -24.715463638 -0.990694165 -0.015766993 0.135190845 108.654090881
0.112120271 0.151338220 0.982102871 68.247314453 -0.032592002 0.988362849 -0.148582056 -24.865997314 -0.993160129 -0.015349612 0.115747929 108.742858887
0.092010558 0.145949155 0.985004067 69.097099304 -0.026035652 0.989214599 -0.144141018 -25.007839203 -0.995417714 -0.012382708 0.094818115 108.815490723
0.070821464 0.143985659 0.987042367 69.961288452 -0.022149242 0.989510000 -0.142756402 -25.154239655 -0.997243106 -0.011752017 0.073267698 108.873519897
0.050523818 0.143545285 0.988353312 70.818138123 -0.014843211 0.989615738 -0.142969877 -25.295572281 -0.998612583 -0.007446937 0.052129865 108.903671265
0.031291008 0.144615620 0.988993108 71.648536682 -0.006227523 0.989486575 -0.144490764 -25.434263229 -0.999491036 -0.001637697 0.031862617 108.901832581
0.011604071 0.142710507 0.989696503 72.498428345 0.000063621 0.989762962 -0.142720848 -25.572435379 -0.999932766 0.001719110 0.011476219 108.894668579
-0.006729722 0.141674161 0.989890516 73.360092163 0.006853066 0.989896178 -0.141628399 -25.705818176 -0.999953926 0.005830660 -0.007632732 108.865547180
-0.022684455 0.142481357 0.989537597 74.208412170 0.013890937 0.989741564 -0.142192304 -25.839645386 -0.999646306 0.010520071 -0.024430871 108.827255249
-0.037569880 0.143524677 0.988933384 75.063819885 0.016932480 0.989581406 -0.142975450 -25.980537415 -0.999150574 0.011373527 -0.039608717 108.787193298
-0.049904704 0.140450165 0.988829255 75.911712646 0.021967772 0.989977717 -0.139504611 -26.104331970 -0.998512387 0.014760438 -0.052489996 108.721786499
-0.060265660 0.130588457 0.989603400 76.772781372 0.025060732 0.991290748 -0.129284963 -26.232515335 -0.997867823 0.017008755 -0.063013434 108.662155151
-0.068444848 0.120399624 0.990363181 77.640808105 0.024258722 0.992598474 -0.118994825 -26.351470947 -0.997359931 0.015880369 -0.070858955 108.590980530
-0.072667241 0.116275474 0.990555286 78.509468079 0.025929213 0.993065417 -0.114667974 -26.478010178 -0.997019291 0.017351724 -0.075178266 108.517379761
-0.073314428 0.123853832 0.989588380 79.364181519 0.027993280 0.992123306 -0.122097179 -26.591287613 -0.996915936 0.018750336 -0.076204062 108.427062988
-0.073487639 0.135864824 0.987998247 80.231185913 0.030798975 0.990513444 -0.133919880 -26.710649490 -0.996820569 0.020587880 -0.076974988 108.364540100
-0.072115898 0.145274952 0.986759603 81.051071167 0.031133756 0.989181340 -0.143356130 -26.837757111 -0.996910274 0.020383287 -0.075858593 108.270439148
-0.070889592 0.146463215 0.986672938 81.893402100 0.031683836 0.988992870 -0.144531220 -26.974388123 -0.996980965 0.021015830 -0.074749827 108.183532715
-0.071384430 0.142785579 0.987176061 82.773178101 0.031419963 0.989531636 -0.140854269 -27.113246918 -0.996953845 0.020962231 -0.075123429 108.110511780
-0.073245525 0.136914179 0.987871408 83.657859802 0.031505719 0.990355134 -0.134922445 -27.259731293 -0.996816278 0.021241151 -0.076852679 108.021461487
-0.077587128 0.132770598 0.988105595 84.558334351 0.033430822 0.990882039 -0.130518675 -27.387281418 -0.996425092 0.022906635 -0.081318259 107.940711975
-0.083605647 0.129977241 0.987986088 85.434593201 0.034044858 0.991250753 -0.127525836 -27.516639709 -0.995917439 0.022973992 -0.087299228 107.847122192
-0.092442274 0.131015375 0.987061083 86.319236755 0.034620155 0.991129279 -0.128313050 -27.647253036 -0.995116055 0.022310663 -0.096158028 107.753868103
-0.103839517 0.134727329 0.985426784 87.218124390 0.035203300 0.990659893 -0.131733268 -27.773027420 -0.993970871 0.021011163 -0.107612491 107.645324707
-0.118034720 0.136419088 0.983594418 88.127441406 0.038537018 0.990401626 -0.132738650 -27.909099579 -0.992261529 0.022237036 -0.122159004 107.524742126
-0.133044481 0.138050437 0.981448710 89.035896301 0.040202562 0.990188539 -0.133829966 -28.047664642 -0.990294516 0.021651417 -0.137289166 107.391616821
-0.147581697 0.143041685 0.978651643 89.947181702 0.042218640 0.989495695 -0.138260096 -28.184530258 -0.988148570 0.020912714 -0.152070522 107.245567322
-0.159894228 0.153073370 0.975193679 90.895561218 0.046554271 0.987973809 -0.147446349 -28.325271606 -0.986035883 0.021823615 -0.165097594 107.075027466
-0.170689702 0.157539293 0.972649336 91.813621521 0.049435377 0.987261593 -0.151230663 -28.463478088 -0.984084129 0.022269793 -0.176303387 106.892784119
-0.178871870 0.154596880 0.971650600 92.720291138 0.049341831 0.987744629 -0.148074210 -28.618238449 -0.982634425 0.021456726 -0.184307814 106.701461792
-0.183611393 0.149421886 0.971576214 93.640945435 0.052103162 0.988469541 -0.142173380 -28.749486923 -0.981617332 0.024517566 -0.189279675 106.512245178
-0.185595155 0.147947609 0.971424699 94.598007202 0.053645987 0.988651514 -0.140321940 -28.895998001 -0.981160760 0.026069961 -0.191425681 106.309875488
-0.186087489 0.147665799 0.971373498 95.519340515 0.056364745 0.988618076 -0.139489412 -29.033266068 -0.980915248 0.028793987 -0.192292571 106.105705261
-0.186423779 0.148460388 0.971187949 96.457183838 0.057321213 0.988476694 -0.140100196 -29.182960510 -0.980795979 0.029551670 -0.192785501 105.911285400
-0.187285900 0.145988137 0.971396863 97.346046448 0.055578094 0.988885403 -0.137900978 -29.339460373 -0.980732143 0.028161488 -0.193318129 105.711502075
-0.188173532 0.146340325 0.971172094 98.284736633 0.054838270 0.988859773 -0.138380170 -29.485788345 -0.980603695 0.027217902 -0.194102287 105.525238037
-0.189612746 0.144364387 0.971188068 99.214340210 0.050839372 0.989248514 -0.137123287 -29.636589050 -0.980542064 0.023374293 -0.194913507 105.334411621
-0.192588449 0.143875912 0.970674872 100.158927917 0.046721797 0.989415348 -0.137383774 -29.784921646 -0.980166912 0.018893149 -0.197272182 105.146476746
-0.197959304 0.142618179 0.969779611 101.091209412 0.043298703 0.989665210 -0.136704147 -29.934127808 -0.979253650 0.014928356 -0.202088594 104.956520081
-0.204979658 0.141368866 0.968502998 101.877700806 0.038952824 0.989908516 -0.136249155 -30.067665100 -0.977990746 0.009797625 -0.208417892 104.736030579
-0.215120554 0.137161955 0.966907382 102.794456482 0.033363376 0.990541995 -0.133091897 -30.210901260 -0.976017475 0.003628507 -0.217662096 104.531745911
-0.225421786 0.135140240 0.964843094 103.674575806 0.034758225 0.990818083 -0.130657658 -30.342769623 -0.973641098 0.004083157 -0.228049159 104.296714783
-0.237205148 0.132475674 0.962384701 104.566177368 0.035852063 0.991177201 -0.127602398 -30.476709366 -0.970798016 0.004235551 -0.239861965 104.053627014
-0.249475718 0.132587910 0.959261298 105.460975647 0.036271065 0.991166830 -0.127564803 -30.611637115 -0.967701554 0.002969097 -0.252081156 103.801651001
-0.262875319 0.131180763 0.955870450 106.378646851 0.036777642 0.991356373 -0.125936478 -30.739957809 -0.964128673 0.002049081 -0.265427589 103.540252686
-0.276570082 0.131378978 0.951970994 107.266334534 0.038471304 0.991330445 -0.125634044 -30.873502731 -0.960223496 0.001876958 -0.279226661 103.270439148
-0.290896773 0.131868482 0.947623074 108.144653320 0.039637648 0.991266727 -0.125774026 -31.016601562 -0.955932915 0.000974283 -0.293583274 102.981414795
-0.305101752 0.134566963 0.942764521 109.013076782 0.040451288 0.990903974 -0.128347218 -31.150079727 -0.951460361 -0.001022913 -0.307770014 102.683021545
-0.319266677 0.134796560 0.938029230 109.889175415 0.041177135 0.990870476 -0.128374964 -31.287305832 -0.946770012 -0.002360471 -0.321902394 102.362121582
-0.332552075 0.134518713 0.933442175 110.764457703 0.043710068 0.990909934 -0.127228111 -31.415348053 -0.942071617 -0.001509145 -0.335408926 102.032905579
-0.346163988 0.132617757 0.928753734 111.626434326 0.046179105 0.991167247 -0.124318063 -31.551393509 -0.937037110 -0.000145402 -0.349230528 101.693428040
-0.359273195 0.132849962 0.923728347 112.490287781 0.049322415 0.991135359 -0.123361051 -31.678779602 -0.931928396 0.001240216 -0.362640858 101.352767944
-0.370638132 0.133961022 0.919065952 113.337654114 0.053088512 0.990981460 -0.123033926 -31.807621002 -0.927259088 0.003190801 -0.374407411 100.999664307
-0.379551411 0.135066330 0.915258467 114.157478333 0.057084668 0.990819931 -0.122544475 -31.937725067 -0.923407972 0.005735315 -0.383777380 100.634834290
-0.385905981 0.136650577 0.912361503 114.991249084 0.062634751 0.990567684 -0.121871151 -32.056659698 -0.920409560 0.010114737 -0.390825033 100.270523071
-0.390042424 0.137373418 0.910492122 115.807067871 0.065997601 0.990436196 -0.121162817 -32.172550201 -0.918428957 0.012831677 -0.395378470 99.905685425
-0.392552137 0.138791114 0.909197390 116.623970032 0.069146246 0.990204275 -0.121302649 -32.295894623 -0.917126834 0.015249979 -0.398303628 99.546058655
-0.392839909 0.139909744 0.908901632 117.436561584 0.071865186 0.990006864 -0.121333376 -32.415187836 -0.916794598 0.017653808 -0.398968816 99.185302734
-0.391708255 0.141393542 0.909160495 118.227401733 0.075248927 0.989734530 -0.121503815 -32.531841278 -0.917007327 0.020819303 -0.398326874 98.842269897
-0.388651013 0.141867742 0.910397828 119.006988525 0.076837108 0.989623785 -0.121411651 -32.641918182 -0.918175757 0.022765577 -0.395519018 98.500816345
-0.384173036 0.142129913 0.912255764 119.765800476 0.077737167 0.989550591 -0.121435523 -32.751960754 -0.919982791 0.024263937 -0.391207337 98.171417236
-0.378188610 0.143110722 0.914599955 120.505531311 0.079879336 0.989338219 -0.121775076 -32.857059479 -0.922275960 0.027003694 -0.385588050 97.858741760
-0.371446133 0.143199801 0.917344689 121.226562500 0.079769410 0.989302993 -0.122132868 -32.967208862 -0.925021291 0.027810249 -0.378895640 97.551124573
-0.365539074 0.142772049 0.919781089 121.930221558 0.078817010 0.989364922 -0.122249678 -33.075939178 -0.927452922 0.027807351 -0.372904420 97.273132324
-0.359735250 0.142044351 0.922178864 122.616569519 0.076865852 0.989496291 -0.122428522 -33.177715302 -0.929882884 0.026842207 -0.366875052 96.993759155
-0.354708552 0.141305685 0.924237311 123.288398743 0.075733230 0.989607573 -0.122234799 -33.279739380 -0.931904733 0.026637755 -0.361723781 96.736518860
-0.350623965 0.140837729 0.925866008 123.933189392 0.075364612 0.989664435 -0.122001961 -33.375579834 -0.933479190 0.027000725 -0.357614279 96.487319946
-0.347978711 0.142760649 0.926569283 124.579002380 0.074734434 0.989416599 -0.124376878 -33.471950531 -0.934519112 0.025966138 -0.354965091 96.243804932
-0.347946286 0.145971447 0.926081002 125.213539124 0.074253120 0.988992035 -0.127989382 -33.568767548 -0.934569538 0.024230987 -0.354954958 96.007820129
-0.349185467 0.151391789 0.924743235 125.812500000 0.076071382 0.988185167 -0.133053258 -33.666564941 -0.933960736 0.023886234 -0.356576443 95.757545471
-0.351557255 0.157280564 0.922859907 126.426681519 0.079848163 0.987231553 -0.137833640 -33.763790131 -0.932754993 0.025232259 -0.359627008 95.509902954
-0.355307937 0.157985747 0.921301842 127.037666321 0.081808068 0.987087429 -0.137716755 -33.856090546 -0.931162715 0.026438072 -0.363644481 95.260887146
-0.359836459 0.153805688 0.920250893 127.649299622 0.083276629 0.987676859 -0.132512093 -33.944690704 -0.929291606 0.028952725 -0.368210554 95.007141113
-0.364899993 0.144196168 0.919812739 128.261260986 0.081774905 0.989079714 -0.122613922 -34.046154022 -0.927448571 0.030475780 -0.372706771 94.759246826
-0.370383739 0.136979237 0.918723464 128.867385864 0.081011191 0.990061760 -0.114955917 -34.144321442 -0.925339580 0.031849086 -0.377799630 94.498718262
-0.376265287 0.137009919 0.916325867 129.464630127 0.079834171 0.990121782 -0.115262181 -34.234653473 -0.923066318 0.029784981 -0.383486509 94.243377686
-0.380680203 0.141070783 0.913882673 130.068176270 0.078492776 0.989657402 -0.120071322 -34.322963715 -0.921369255 0.026024401 -0.387816072 93.987548828
-0.384111285 0.146056488 0.911661327 130.666793823 0.078230724 0.989006102 -0.125486821 -34.408977509 -0.919966757 0.023119021 -0.391314507 93.727386475
-0.386962652 0.147621036 0.910202265 131.267471313 0.075900972 0.988851488 -0.128108293 -34.490604401 -0.918966413 0.019512124 -0.393853188 93.466018677
-0.388981462 0.147642702 0.909337878 131.891448975 0.074714333 0.988878429 -0.128597111 -34.586212158 -0.918210983 0.017918695 -0.395686388 93.197937012
-0.390895247 0.147790223 0.908492804 132.519454956 0.073644832 0.988882601 -0.129180759 -34.688587189 -0.917484403 0.016409658 -0.397433519 92.926895142
-0.391419291 0.148569465 0.908140123 133.151901245 0.073276646 0.988779068 -0.130178705 -34.784786224 -0.917290509 0.015591022 -0.397913814 92.646179199
-0.390831947 0.147580206 0.908554196 133.782150269 0.072953165 0.988924444 -0.129252911 -34.887992859 -0.917566657 0.015765745 -0.397269726 92.368942261
-0.389335155 0.143139780 0.909906089 134.435775757 0.074243337 0.989513934 -0.123895489 -34.983852386 -0.918099105 0.019317590 -0.395879745 92.083724976
-0.385366201 0.135287136 0.912792683 135.103988647 0.072903238 0.990565956 -0.116035543 -35.079250336 -0.919879436 0.021829374 -0.391593575 91.803337097
-0.378650904 0.131951094 0.916085482 135.763198853 0.073380657 0.990949392 -0.112403505 -35.178401947 -0.922626138 0.024661280 -0.384906530 91.522438049
-0.370741129 0.132023022 0.919304550 136.444427490 0.072425328 0.990940154 -0.113102734 -35.275512695 -0.925907910 0.024649099 -0.376944065 91.246536255
-0.363054752 0.133918613 0.922093928 137.129440308 0.067742988 0.990792394 -0.117223568 -35.363525391 -0.929302037 0.019906841 -0.368783832 90.985412598
-0.355479836 0.132363290 0.925264359 137.840515137 0.063761674 0.991050184 -0.117277496 -35.451919556 -0.932506680 0.017306633 -0.360738039 90.714912415
-0.348516107 0.129239187 0.928349912 138.561111450 0.055849046 0.991551936 -0.117071211 -35.548561096 -0.935637295 0.011046242 -0.352789760 90.456092834
-0.343067765 0.127148807 0.930665195 139.257934570 0.048888337 0.991870046 -0.117489174 -35.657344818 -0.938037574 0.005191926 -0.346494675 90.198829651
-0.340304375 0.129303247 0.931382835 139.981307983 0.037798218 0.991580784 -0.123849988 -35.759284973 -0.939555585 -0.006942067 -0.342326760 89.947647095
-0.338612795 0.133896321 0.931350112 140.706741333 0.029229455 0.990842342 -0.131822258 -35.867416382 -0.940471649 -0.017413855 -0.339425564 89.694244385
-0.336730838 0.135078698 0.931861818 141.443069458 0.020050712 0.990460873 -0.136327609 -35.967136383 -0.941387594 -0.027221199 -0.336227059 89.433189392
-0.334215641 0.135322452 0.932731509 142.220382690 0.021344505 0.990471840 -0.136051387 -36.072738647 -0.942255139 -0.025561787 -0.333919525 89.153274536
-0.331112623 0.132532418 0.934237480 142.942855835 0.022158854 0.990906119 -0.132717997 -36.190814972 -0.943331122 -0.023242965 -0.331038356 88.869529724
-0.330032587 0.128849328 0.935134530 143.732086182 0.018521950 0.991333663 -0.130055979 -36.317470551 -0.943787932 -0.025602181 -0.329558969 88.593132019
-0.328886032 0.128407627 0.935599148 144.541107178 0.019130044 0.991415322 -0.129343525 -36.434741974 -0.944176018 -0.024641205 -0.328519106 88.311271667
-0.328445077 0.131405443 0.935337722 145.341613770 0.023297779 0.991100848 -0.131058574 -36.561309814 -0.944235861 -0.021254227 -0.328583598 88.025085449
-0.330075860 0.134431213 0.934332967 146.161148071 0.025531795 0.990716636 -0.133523926 -36.683135986 -0.943608999 -0.020217832 -0.330443978 87.727890015
-0.332426667 0.133289292 0.933663189 147.004669189 0.024582326 0.990851223 -0.132701024 -36.803565979 -0.942808926 -0.021161720 -0.332661986 87.440803528
-0.333033919 0.130882412 0.933786929 147.821044922 0.026464161 0.991226852 -0.129494950 -36.933521271 -0.942543328 -0.018414330 -0.333575845 87.131965637
-0.333946943 0.128440320 0.933800101 148.676193237 0.028526239 0.991596043 -0.126188338 -37.058330536 -0.942160130 -0.015502397 -0.334804416 86.813552856
-0.335917830 0.127503216 0.933221519 149.542968750 0.025133669 0.991655827 -0.126439944 -37.182476044 -0.941556036 -0.019018132 -0.336319566 86.506690979
-0.338087440 0.126391098 0.932589054 150.393280029 0.020275768 0.991689026 -0.127050281 -37.309234619 -0.940896392 -0.024045143 -0.337840319 86.198043823
-0.339759588 0.126948103 0.931905568 151.281250000 0.020255413 0.991606474 -0.127696007 -37.436592102 -0.940294325 -0.024509791 -0.339479208 85.878166199
-0.341365933 0.124966964 0.931586266 152.167755127 0.021972191 0.991912425 -0.125008017 -37.564476013 -0.939673901 -0.022204462 -0.341350913 85.551498413
-0.343617082 0.116925143 0.931802750 153.056198120 0.017225675 0.992836595 -0.118231624 -37.693244934 -0.938952088 -0.024575442 -0.343169689 85.231521606
-0.344851136 0.109742120 0.932220042 153.955337524 0.017109331 0.993711948 -0.110651851 -37.819778442 -0.938501418 -0.022208761 -0.344560266 84.894943237
-0.345260143 0.105521083 0.932556093 154.856048584 0.014420088 0.994138241 -0.107150517 -37.943496704 -0.938396275 -0.023547255 -0.344758034 84.565345764
-0.345897913 0.108440153 0.931984782 155.744338989 0.012789384 0.993751466 -0.110880300 -38.055599213 -0.938185096 -0.026433740 -0.345123410 84.236106873
-0.346239686 0.112088665 0.931426048 156.640258789 0.008381214 0.993166685 -0.116403043 -38.175643921 -0.938108802 -0.032496866 -0.344813228 83.917289734
-0.345691085 0.114722893 0.931309044 157.526885986 0.003408279 0.992645025 -0.121013433 -38.297786713 -0.938342273 -0.038659092 -0.343539596 83.599182129
-0.343011975 0.113299116 0.932473242 158.414611816 0.003994077 0.992866099 -0.119167864 -38.426975250 -0.939322650 -0.037151620 -0.341017485 83.267768860
-0.339202046 0.114902288 0.933670104 159.302810669 0.009737141 0.992888093 -0.118652485 -38.547889709 -0.940663397 -0.031155862 -0.337908506 82.934898376
-0.335074067 0.118106887 0.934759915 160.184494019 0.018682819 0.992749989 -0.118736893 -38.674221039 -0.942006528 -0.022321701 -0.334851384 82.604370117
-0.329149008 0.120928735 0.936502814 161.033615112 0.021820128 0.992475033 -0.120487303 -38.807518005 -0.944025993 -0.019223645 -0.329310894 82.278419495
-0.323432326 0.125365496 0.937910020 161.921844482 0.029223572 0.992035389 -0.122522593 -38.931331635 -0.945800006 -0.012218680 -0.324519992 81.958518982
-0.317656636 0.128855333 0.939409852 162.725189209 0.040468086 0.991663039 -0.122338653 -39.056987762 -0.947342038 -0.000845551 -0.320222855 81.622955322
-0.317388535 0.128528297 0.939544976 163.628692627 0.036281187 0.991692841 -0.123405844 -39.186901093 -0.947601140 -0.005079806 -0.319415092 81.328750610
-0.317871332 0.125431508 0.939800382 164.481719971 0.034872781 0.992086649 -0.120614842 -39.312805176 -0.947492361 -0.005566537 -0.319730043 81.023284912
-0.318904757 0.120341972 0.940115869 165.369064331 0.033118051 0.992715538 -0.115840890 -39.436798096 -0.947208107 -0.005807392 -0.320567131 80.716979980
-0.320751667 0.115678757 0.940072834 166.263916016 0.028112214 0.993239343 -0.112629212 -39.564319611 -0.946746171 -0.009698465 -0.321835160 80.416961670
-0.323508739 0.113461845 0.939398110 167.175003052 0.026336797 0.993479848 -0.110924102 -39.688098907 -0.945858777 -0.011144169 -0.324387670 80.115394592
-0.325852036 0.116130382 0.938261271 168.060211182 0.024491388 0.993130982 -0.114416003 -39.805374146 -0.945103526 -0.014303371 -0.326457977 79.813514709
-0.328136206 0.111515358 0.938025177 168.932601929 0.016497687 0.993532538 -0.112343103 -39.918441772 -0.944486439 -0.021388587 -0.327853799 79.521263123
-0.329833150 0.118349448 0.936591685 169.806671143 0.020846624 0.992781878 -0.118108347 -40.044658661 -0.943809330 -0.019431245 -0.329919457 79.210556030
-0.331368327 0.122455493 0.935521007 170.675201416 0.020084411 0.992232561 -0.122764722 -40.168788910 -0.943287611 -0.021890953 -0.331253886 78.900352478
-0.333807468 0.128360450 0.933861077 171.517944336 0.017880905 0.991369307 -0.129873544 -40.293811798 -0.942471802 -0.026654460 -0.333221674 78.595108032
-0.334247708 0.127682090 0.933796585 172.378814697 0.023401491 0.991599798 -0.127209365 -40.422470093 -0.942194879 -0.020667184 -0.334427953 78.275215149
-0.333705783 0.123683125 0.934528053 173.237167358 0.024822634 0.992164552 -0.122447409 -40.550922394 -0.942350328 -0.017663978 -0.334161162 77.955566406
-0.333794355 0.118109077 0.935217500 174.111831665 0.024093669 0.992864370 -0.116789907 -40.673160553 -0.942338109 -0.016450968 -0.334258199 77.644577026
-0.331874490 0.121734008 0.935435891 174.943237305 0.029007886 0.992486358 -0.118866906 -40.802249908 -0.942877531 -0.012313873 -0.332912207 77.324409485
-0.331395507 0.124337018 0.935263216 175.796371460 0.026308987 0.992110789 -0.122572348 -40.922256470 -0.943125069 -0.016014099 -0.332052231 77.024055481
-0.331004739 0.129845947 0.934652925 176.657440186 0.025799423 0.991362512 -0.128587514 -41.055850983 -0.943276405 -0.018449567 -0.331495643 76.728538513
-0.330816150 0.128244415 0.934940517 177.537109375 0.022062227 0.991503358 -0.128196612 -41.185600281 -0.943437159 -0.021782652 -0.330834627 76.429412842
-0.331044912 0.123252004 0.935531020 178.368743896 0.019789148 0.992121696 -0.123705029 -41.308227539 -0.943407536 -0.022438545 -0.330875874 76.140403748
-0.331124902 0.118022129 0.936176896 179.195571899 0.023004528 0.992861748 -0.117031612 -41.430164337 -0.943306565 -0.017215766 -0.331476331 75.846473694
-0.331637502 0.118041590 0.935993016 179.998306274 0.025504276 0.992900431 -0.116181828 -41.551906586 -0.943062127 -0.014658429 -0.332293510 75.558235168
-0.334167480 0.126621246 0.933969617 180.783020020 0.026280962 0.991801202 -0.125058517 -41.666603088 -0.942147255 -0.017244872 -0.334755421 75.283256531
-0.336241603 0.139326558 0.931412756 181.538269043 0.029081557 0.990060747 -0.137600988 -41.778213501 -0.941326678 -0.019180246 -0.336951494 75.005569458
-0.339112282 0.141242355 0.930082560 182.291458130 0.034980725 0.989874423 -0.137568235 -41.889331818 -0.940095425 -0.014116097 -0.340619326 74.719253540
-0.343323469 0.133311987 0.929707825 183.028289795 0.037631527 0.991032958 -0.128208846 -42.007202148 -0.938462913 -0.009030800 -0.345261693 74.434585571
-0.348345518 0.121699311 0.929432571 183.759307861 0.039807834 0.992562234 -0.115045756 -42.122772217 -0.936520636 -0.003076971 -0.350599170 74.156265259
-0.353125930 0.115770862 0.928385317 184.470245361 0.037253816 0.993267298 -0.109691665 -42.227512360 -0.934833825 -0.004149076 -0.355061412 73.890304565
-0.357678652 0.120405287 0.926050007 185.135559082 0.038915250 0.992713451 -0.114042208 -42.321418762 -0.933033526 -0.004753001 -0.359757900 73.631378174
-0.359717607 0.131245852 0.923784614 185.780181885 0.043833192 0.991341650 -0.123775527 -42.416709900 -0.932031155 -0.004031792 -0.362355947 73.372138977
-0.362156153 0.139130294 0.921675444 186.393493652 0.045608941 0.990258217 -0.131561875 -42.509243011 -0.931000948 -0.005609304 -0.364973783 73.124275208
-0.362580776 0.142650470 0.920970201 186.986877441 0.049836203 0.989769757 -0.133686721 -42.602210999 -0.930619001 -0.002574570 -0.365980625 72.880027771
-0.357985020 0.142529443 0.922785103 187.562347412 0.055755258 0.989780486 -0.131247610 -42.688774109 -0.932061374 0.004465461 -0.362273335 72.638038635
-0.349393249 0.143922105 0.925856829 188.119445801 0.064156190 0.989488304 -0.129602671 -42.776824951 -0.934777260 0.014117170 -0.354954004 72.411582947
-0.334442258 0.143439814 0.931436300 188.664733887 0.066860855 0.989469945 -0.128369823 -42.861183167 -0.940041542 0.019344348 -0.340511084 72.204910278
-0.312294364 0.147484049 0.938467443 189.216918945 0.071799964 0.988714218 -0.131487668 -42.940109253 -0.947268426 0.026319090 -0.319359183 72.012794495
-0.282963753 0.151219964 0.947134793 189.763351440 0.076353237 0.987910450 -0.134919137 -43.021667480 -0.956086814 0.034139592 -0.291088939 71.837898254
-0.246911526 0.152892172 0.956900597 190.259140015 0.079758547 0.987330675 -0.137173951 -43.110992432 -0.965750098 0.042451166 -0.255977869 71.711830139
-0.206968307 0.149914026 0.966793716 190.805343628 0.077103056 0.987616062 -0.136636838 -43.194335938 -0.975304782 0.046263263 -0.215964079 71.595893860
-0.165766716 0.147044241 0.975140691 191.362045288 0.065813653 0.988266110 -0.137835607 -43.282539368 -0.983966470 0.041329008 -0.173499227 71.519851685
-0.122713089 0.146249056 0.981607199 191.910247803 0.055657037 0.988540053 -0.140324146 -43.364864349 -0.990880251 0.037413724 -0.129446626 71.469879150
-0.080326438 0.150044709 0.985410690 192.449401855 0.049417686 0.987989008 -0.146408990 -43.454460144 -0.995542884 0.036936197 -0.086776495 71.442924500
-0.037545800 0.154362112 0.987300754 192.990020752 0.045354106 0.987242460 -0.152628243 -43.549163818 -0.998265266 0.039047599 -0.044067740 71.439941406
0.005052805 0.159899175 0.987120450 193.528121948 0.038466949 0.986371338 -0.159974724 -43.636997223 -0.999247134 0.038779832 -0.001166940 71.467552185
0.047353446 0.160202831 0.985947728 194.065246582 0.031046771 0.986341953 -0.161758021 -43.729770660 -0.998395681 0.038270306 0.041732907 71.515190125
0.089968860 0.158312395 0.983281672 194.611694336 0.022628248 0.986705720 -0.160934135 -43.818637848 -0.995687544 0.036728997 0.085190415 71.588264465
0.130740345 0.154071465 0.979371786 195.171951294 0.014537409 0.987446666 -0.157282457 -43.913318634 -0.991310120 0.034800708 0.126859307 71.686210632
0.166529000 0.149148613 0.974691033 195.744369507 0.003742233 0.988391161 -0.151884377 -44.010784149 -0.986029387 0.028940670 0.164037645 71.817756653
0.198267519 0.143440634 0.969595134 196.303466797 -0.005905800 0.989390373 -0.145161450 -44.105381012 -0.980130136 0.023054570 0.197011113 71.956558228
0.226740837 0.142717153 0.963442028 196.864883423 -0.014966764 0.989599466 -0.143069565 -44.197700500 -0.973840177 0.018020116 0.226518631 72.104232788
0.249524653 0.141866237 0.957920432 197.372039795 -0.024124566 0.989814281 -0.140305549 -44.294929504 -0.968068004 0.011900298 0.250405550 72.243057251
0.265355468 0.141013980 0.953782916 197.943237305 -0.035151757 0.990003884 -0.136589468 -44.388923645 -0.963509798 0.002717637 0.267659843 72.430114746
0.276196718 0.142999873 0.950403214 198.531661987 -0.048205253 0.989685714 -0.134901464 -44.480255127 -0.959891438 -0.008555092 0.280241311 72.631736755
0.283115566 0.147431821 0.947686374 199.109985352 -0.055696584 0.988974035 -0.137215942 -44.566577911 -0.957467258 -0.013934918 0.288205385 72.820938110
0.286522210 0.151465282 0.946025074 199.696548462 -0.061760958 0.988290370 -0.139526755 -44.652137756 -0.956080973 -0.018449884 0.292521775 73.005828857
0.287382960 0.153719246 0.945400238 200.310577393 -0.063015275 0.987933517 -0.141479641 -44.746234894 -0.955740690 -0.018915791 0.293601930 73.205818176
0.285777450 0.152285188 0.946118653 200.896987915 -0.063888833 0.988123775 -0.139748454 -44.845142365 -0.956163943 -0.020509459 0.292112827 73.381042480
0.281694174 0.150823995 0.947576106 201.509887695 -0.065604955 0.988284886 -0.137800574 -44.961997986 -0.957258761 -0.023348074 0.288288891 73.583732605
0.277976930 0.146051988 0.949419737 202.101562500 -0.064531252 0.988980174 -0.133243844 -45.059543610 -0.958417773 -0.024228513 0.284338593 73.735565186
0.273007274 0.147057682 0.950705588 202.729217529 -0.062598430 0.988868296 -0.134984866 -45.162055969 -0.959973156 -0.022660825 0.279173791 73.911560059
0.267907262 0.154111236 0.951039135 203.363906860 -0.062618002 0.987821877 -0.142432228 -45.264068604 -0.961407721 -0.021393526 0.274294794 74.089675903
0.262301862 0.163976341 0.950951874 203.996017456 -0.061524574 0.986293614 -0.153100073 -45.365783691 -0.963022530 -0.018348478 0.268795252 74.253982544
0.256345510 0.168576151 0.951771557 204.628219604 -0.058852028 0.985569417 -0.158711463 -45.473293304 -0.964791954 -0.015328713 0.262567341 74.412452698
0.251512289 0.165584669 0.953584433 205.214233398 -0.057079393 0.986079216 -0.156172246 -45.573539734 -0.966169477 -0.015150785 0.257462502 74.526199341
0.244124651 0.159055531 0.956611037 205.870956421 -0.059322514 0.987059295 -0.148979217 -45.695316315 -0.967927814 -0.020379059 0.250401080 74.693901062
0.236984134 0.154756054 0.959108531 206.542648315 -0.062555715 0.987613261 -0.143898666 -45.811779022 -0.969497502 -0.025896005 0.243729532 74.865600586
0.230940878 0.154473409 0.960627019 207.246658325 -0.064378738 0.987578750 -0.143330306 -45.924789429 -0.970835507 -0.028743125 0.238017142 75.047241211
0.226650238 0.157950327 0.961083472 207.897216797 -0.064524025 0.987030029 -0.146997988 -46.022953033 -0.971836627 -0.028695833 0.233902216 75.181465149
0.223727703 0.159659475 0.961485803 208.563018799 -0.062519103 0.986810863 -0.149317294 -46.145576477 -0.972644627 -0.026704788 0.230758727 75.328994751
0.223184109 0.159523964 0.961634576 209.250457764 -0.053977970 0.987026989 -0.151208624 -46.265014648 -0.973280728 -0.018159717 0.228899539 75.476249695
0.222795427 0.157323748 0.962087035 209.943771362 -0.050634850 0.987427711 -0.149741769 -46.383457184 -0.973549366 -0.015353344 0.227960408 75.613761902
0.222154021 0.156341538 0.962395430 210.596252441 -0.055924591 0.987478673 -0.147507012 -46.504764557 -0.973406434 -0.021052286 0.228115737 75.763694763
0.223010600 0.154226452 0.962538540 211.301620483 -0.061481886 0.987664819 -0.144007653 -46.624042511 -0.972875178 -0.027063459 0.229741871 75.935668945
0.225667119 0.153129160 0.962094605 212.018630981 -0.059616275 0.987889171 -0.143251210 -46.740402222 -0.972378790 -0.025029384 0.232063055 76.102241516
0.227729082 0.151895031 0.961804211 212.722702026 -0.054756042 0.988192677 -0.143097758 -46.855236053 -0.972183764 -0.020077072 0.233357370 76.254074097
0.227104247 0.151656985 0.961989462 213.444747925 -0.058840342 0.988132477 -0.141887516 -46.987194061 -0.972091258 -0.024380535 0.233332634 76.443138123
0.226735055 0.149946511 0.962344587 214.162780762 -0.063085929 0.988263786 -0.139121592 -47.106510162 -0.971911132 -0.029166691 0.233533561 76.621246338
0.228496253 0.147241235 0.962345958 214.874176025 -0.065392017 0.988585532 -0.135729507 -47.230659485 -0.971346259 -0.031916048 0.235516489 76.771972656
0.230357766 0.144930512 0.962252796 215.550827026 -0.066715807 0.988872290 -0.132968456 -47.348876953 -0.970816314 -0.033567149 0.237463593 76.899894714
0.231336892 0.146124914 0.961837173 216.242065430 -0.065680221 0.988745928 -0.134415835 -47.468788147 -0.970654130 -0.032078333 0.238330901 77.057838440
0.233079672 0.149109423 0.960958004 216.876892090 -0.061817836 0.988447905 -0.138381094 -47.597896576 -0.970490813 -0.027150527 0.239604712 77.181076050
0.232862711 0.152751327 0.960438550 217.568206787 -0.062652797 0.987892330 -0.141927227 -47.724674225 -0.970489442 -0.027124573 0.239613593 77.358894348
0.232082903 0.154840887 0.960292697 218.335220337 -0.067735575 0.987424493 -0.142845422 -47.907623291 -0.970334768 -0.031893969 0.239652574 77.494903564
0.230643630 0.152013004 0.961090922 219.083221436 -0.069081172 0.987787247 -0.139657319 -48.029006958 -0.970583081 -0.034182183 0.238328099 77.672950745
0.230960906 0.148665071 0.961538374 219.864532471 -0.065382108 0.988395333 -0.137112737 -48.164813995 -0.970763862 -0.031199701 0.238000691 77.832656860
0.229616940 0.151025027 0.961492419 220.635269165 -0.068410881 0.987948656 -0.138843194 -48.294010162 -0.970873952 -0.033895779 0.237181485 78.006179810
0.227144659 0.156734928 0.961165786 221.302734375 -0.073918104 0.986891568 -0.143461496 -48.424137115 -0.971051812 -0.038461022 0.235752702 78.131568909
0.224792182 0.160859272 0.961037517 222.044281006 -0.073092401 0.986284435 -0.147988409 -48.548084259 -0.971661568 -0.036977857 0.233466625 78.312774658
0.221661508 0.162027046 0.961568177 222.756057739 -0.074678540 0.986023366 -0.148932874 -48.674892426 -0.972259820 -0.038795836 0.230663359 78.466873169
0.219283640 0.161592126 0.962186456 223.482589722 -0.072992943 0.986142457 -0.148980185 -48.816253662 -0.972926974 -0.037563894 0.228039980 78.621887207
0.217309415 0.160280019 0.962853491 224.264450073 -0.074300602 0.986280680 -0.147410661 -48.955829620 -0.973270714 -0.039506875 0.226236999 78.815574646
0.216051340 0.158652604 0.963406086 225.057006836 -0.070281081 0.986677587 -0.146723837 -49.088661194 -0.973849297 -0.036009319 0.224323332 78.992553711
0.216952384 0.153783113 0.963993073 225.820831299 -0.066611044 0.987543821 -0.142548889 -49.221645355 -0.973906994 -0.033286233 0.224493682 79.150794983
0.217516661 0.150417507 0.964396715 226.652999878 -0.065294519 0.988083243 -0.139384925 -49.368839264 -0.973870158 -0.032651287 0.224745989 79.308998108
0.217677712 0.147957891 0.964740992 227.439819336 -0.061984695 0.988543332 -0.137622550 -49.500511169 -0.974050641 -0.029841796 0.224354982 79.483398438
0.218819559 0.148448840 0.964407027 228.209075928 -0.060703862 0.988516152 -0.138386473 -49.621253967 -0.973875225 -0.028261572 0.225318074 79.650802612
0.219744503 0.147619903 0.964324057 228.965591431 -0.058086243 0.988711178 -0.138116777 -49.756313324 -0.973826706 -0.025663540 0.225838542 79.793403625
0.221812844 0.147273690 0.963903248 229.765686035 -0.052324679 0.988901734 -0.139052242 -49.884162903 -0.973684371 -0.019592352 0.227057159 79.971656799
0.224486291 0.146998659 0.963326216 230.546676636 -0.049798597 0.988995731 -0.139311001 -50.012977600 -0.973204017 -0.016698878 0.229336262 80.135688782
0.226166368 0.147881582 0.962797999 231.356536865 -0.054612622 0.988779247 -0.139043406 -50.139583588 -0.972556591 -0.021133978 0.231704772 80.336784363
0.229296088 0.146304742 0.962298393 232.142822266 -0.059064064 0.988908529 -0.136276692 -50.261726379 -0.971562982 -0.025589541 0.235394239 80.528663635
0.232764542 0.143750787 0.961850584 232.964233398 -0.055021062 0.989378095 -0.134549931 -50.394992828 -0.970975578 -0.021603566 0.238201439 80.729713440
0.235404313 0.150218219 0.960218430 233.737106323 -0.054223046 0.988474250 -0.141345456 -50.518783569 -0.970383883 -0.018792629 0.240836382 80.913261414
0.236070693 0.161514595 0.958219051 234.511581421 -0.057327960 0.986687303 -0.152189583 -50.643787384 -0.970043421 -0.019005239 0.242187202 81.119972229
0.237991512 0.162392810 0.957595170 235.302398682 -0.060251713 0.986493111 -0.152319044 -50.770568848 -0.969396532 -0.021446109 0.244561434 81.307205200
0.238638878 0.152517617 0.959056795 236.096908569 -0.063349217 0.987931192 -0.141346514 -50.904979706 -0.969039977 -0.027024705 0.245420635 81.513679504
0.237849534 0.141691834 0.960911512 236.906967163 -0.063674726 0.989449024 -0.130138755 -51.052944183 -0.969212532 -0.030232348 0.244362175 81.714645386
0.236591458 0.141970009 0.961181045 237.725372314 -0.064641714 0.989375234 -0.130223066 -51.182273865 -0.969456553 -0.031322733 0.243254900 81.924377441
0.234448254 0.149744540 0.960526288 238.521682739 -0.067173645 0.988198698 -0.137662679 -51.308517456 -0.969805062 -0.032247256 0.241740346 82.138740540
0.232370257 0.156477317 0.959957719 239.319702148 -0.075148135 0.986911893 -0.142680377 -51.429893494 -0.969719887 -0.038984381 0.241087914 82.341667175
0.230614722 0.157088995 0.960281193 240.136779785 -0.077478349 0.986713469 -0.142806277 -51.564083099 -0.969955742 -0.041467752 0.239721656 82.561531067
0.231063902 0.150933117 0.961160183 240.952301025 -0.073629111 0.987773657 -0.137411788 -51.692047119 -0.970148683 -0.039018441 0.239351928 82.749755859
0.230980098 0.144936889 0.962102592 241.774307251 -0.072223268 0.988668442 -0.131599694 -51.823802948 -0.970274150 -0.039089300 0.238830566 82.950004578
0.231210470 0.142020866 0.962482154 242.594543457 -0.069048524 0.989188850 -0.129374564 -51.948932648 -0.970450461 -0.036545198 0.238517165 83.146522522
0.232299507 0.145130098 0.961755931 243.419281006 -0.065652609 0.988889754 -0.133367106 -52.073532104 -0.970426142 -0.032160651 0.239246726 83.346206665
0.233428955 0.149512529 0.960810661 244.240463257 -0.062887765 0.988360763 -0.138521075 -52.201980591 -0.970338225 -0.028088398 0.240114510 83.547248840
0.234622121 0.152481109 0.960053265 245.072418213 -0.060304783 0.988001764 -0.142182514 -52.330207825 -0.970214427 -0.024536613 0.241002381 83.761993408
0.236610472 0.149030596 0.960107028 245.918075562 -0.057501968 0.988582134 -0.139279723 -52.460102081 -0.969901621 -0.022252984 0.242478430 83.964317322
0.237599432 0.143635511 0.960684955 246.752334595 -0.054510273 0.989419937 -0.134450153 -52.593917847 -0.969832599 -0.020421911 0.242915213 84.172744751
0.238321364 0.141590595 0.960809648 247.578750610 -0.054066651 0.989715397 -0.132439494 -52.727840424 -0.969680250 -0.020384587 0.243525624 84.373443604
0.237500846 0.143836349 0.960679352 248.418380737 -0.061364114 0.989222705 -0.132939443 -52.853782654 -0.969447315 -0.027377978 0.243767619 84.597656250
0.236666560 0.145110831 0.960693479 249.265197754 -0.066057265 0.988899052 -0.133098051 -52.980731964 -0.969342828 -0.031960908 0.243624985 84.831932068
0.236310363 0.144546226 0.960866272 250.117156982 -0.066759065 0.988951921 -0.132352889 -53.103263855 -0.969381630 -0.032870151 0.243349373 85.051559448
0.233573914 0.147818491 0.961037517 250.978485107 -0.071123838 0.988326550 -0.134729683 -53.228034973 -0.969734430 -0.036883309 0.241360724 85.295837402
0.231386304 0.149035454 0.961378694 251.837478638 -0.074087791 0.988026083 -0.135334834 -53.359493256 -0.970036864 -0.039911773 0.239657402 85.514717102
0.229750812 0.145866364 0.962256670 252.691467285 -0.071303859 0.988570571 -0.132830560 -53.489727020 -0.970634103 -0.038094651 0.237525761 85.730102539
0.228989899 0.141086414 0.963150144 253.532196045 -0.066238135 0.989405870 -0.129184276 -53.627605438 -0.971172571 -0.034215368 0.235909224 85.924255371
0.227760792 0.145131990 0.962840617 254.388305664 -0.068372563 0.988772690 -0.132867247 -53.761264801 -0.971313775 -0.035569903 0.235126674 86.130004883
0.227057517 0.150390804 0.962199330 255.233825684 -0.061957840 0.988233864 -0.139839321 -53.895862579 -0.971908569 -0.027864207 0.233703852 86.329353333
0.226906240 0.151486099 0.962063253 256.094787598 -0.059446856 0.988141477 -0.141571611 -54.022869110 -0.972100675 -0.025068138 0.233220816 86.538169861
0.224734545 0.146048516 0.963412762 256.953460693 -0.064843252 0.988753736 -0.134764135 -54.159572601 -0.972260118 -0.032184668 0.231677353 86.744628906
0.222188056 0.139659762 0.964949548 257.801239014 -0.071662098 0.989350319 -0.126690537 -54.295055389 -0.972366750 -0.041001193 0.229830086 86.962669373
0.220060766 0.138813972 0.965558887 258.652130127 -0.076563962 0.989227533 -0.124766991 -54.439540863 -0.972476840 -0.046470687 0.228318334 87.176185608
0.217597663 0.140454814 0.965879798 259.514251709 -0.078311950 0.988913774 -0.126161873 -54.564792633 -0.972891808 -0.048187397 0.226184607 87.390678406
0.216689289 0.148172230 0.964930475 260.366699219 -0.083883978 0.987584949 -0.132813618 -54.696456909 -0.972630084 -0.052162919 0.226428330 87.602943420
0.217329085 0.152248263 0.964151740 261.230407715 -0.079829723 0.987224162 -0.137897208 -54.829154968 -0.972828507 -0.046998885 0.226706505 87.816902161
0.218328297 0.156792983 0.963197172 262.095886230 -0.075274602 0.986773491 -0.143568307 -54.967681885 -0.972967923 -0.041159254 0.227243125 88.021987915
0.219369054 0.152296811 0.963682055 262.958709717 -0.071919680 0.987578332 -0.139701769 -55.098022461 -0.972987652 -0.038661435 0.227597296 88.232032776
0.221061528 0.147814855 0.963993192 263.841430664 -0.070981145 0.988264441 -0.135259241 -55.242221832 -0.972673535 -0.038524698 0.228959262 88.455261230
0.223807752 0.148336828 0.963279068 264.682373047 -0.073635474 0.988098800 -0.135050431 -55.377010345 -0.971847832 -0.040706154 0.232066989 88.659004211
0.225712538 0.155247331 0.961744368 265.528289795 -0.073656455 0.987114370 -0.142056137 -55.512252808 -0.971405566 -0.038774814 0.234239042 88.868255615
0.228419960 0.158071011 0.960644662 266.348449707 -0.073711067 0.986706734 -0.144832611 -55.642070770 -0.970768392 -0.037727453 0.237035096 89.065841675
0.229897976 0.152464539 0.961197853 267.159027100 -0.074871920 0.987496197 -0.138728186 -55.769653320 -0.970330358 -0.040073428 0.238438666 89.279922485
0.231704175 0.144699931 0.961964250 268.023803711 -0.072262824 0.988703251 -0.131316409 -55.912376404 -0.970098615 -0.039087683 0.239543080 89.503913879
0.233830214 0.146627292 0.961157680 268.863586426 -0.072923243 0.988423467 -0.133046031 -56.044334412 -0.969538927 -0.038980536 0.241815805 89.716369629
0.235244036 0.156148121 0.959311187 269.684906006 -0.074963853 0.986985147 -0.142269865 -56.170188904 -0.969041049 -0.038445532 0.243887842 89.940162659
0.237206578 0.159540579 0.958269238 270.509124756 -0.074760899 0.986495018 -0.145733804 -56.301635742 -0.968578339 -0.037072040 0.245930493 90.156425476
0.238450885 0.155492321 0.958625793 271.351776123 -0.072419181 0.987197697 -0.142113060 -56.436470032 -0.968450665 -0.035535909 0.246658802 90.387588501
0.239276528 0.148688152 0.959499300 272.167236328 -0.074820220 0.988090277 -0.134460360 -56.570705414 -0.968064606 -0.039616711 0.247551680 90.608848572
0.241191685 0.145998076 0.959432781 272.974517822 -0.076736286 0.988392949 -0.131114259 -56.699222565 -0.967438996 -0.041999619 0.249595463 90.826210022
0.244130552 0.145481467 0.958767593 273.774475098 -0.074586995 0.988571048 -0.131011724 -56.820381165 -0.966869652 -0.039527636 0.252191424 91.042724609
0.247236490 0.146577373 0.957804382 274.568817139 -0.069294944 0.988635600 -0.133408636 -56.939617157 -0.966474235 -0.033387508 0.254583895 91.247741699
0.248849809 0.148245990 0.957129598 275.347137451 -0.070421420 0.988370597 -0.134775504 -57.068641663 -0.965978622 -0.033863548 0.256395519 91.462242126
0.251210332 0.148351848 0.956496358 276.079620361 -0.070893273 0.988350749 -0.134673327 -57.178112030 -0.965332985 -0.033977803 0.258801103 91.642654419
0.252645254 0.145126820 0.956613183 276.826049805 -0.071340337 0.988790035 -0.131167084 -57.289733887 -0.964925408 -0.035106357 0.260166526 91.851570129
0.252780914 0.138752669 0.957522631 277.564147949 -0.072462708 0.989598870 -0.124271005 -57.400577545 -0.964806199 -0.037971333 0.260206103 92.053237915
0.252075374 0.135175213 0.958220184 278.301055908 -0.073516771 0.990009308 -0.120319903 -57.515983582 -0.964911163 -0.040115550 0.259494603 92.265121460
0.251977563 0.138723433 0.957738519 279.017669678 -0.072381437 0.989601731 -0.124295354 -57.617790222 -0.965022326 -0.038002852 0.259398460 92.467330933
0.251731753 0.144338727 0.956973135 279.705261230 -0.073110133 0.988826513 -0.129911512 -57.720710754 -0.965031683 -0.037261561 0.259471655 92.650657654
0.250314832 0.149232760 0.956594110 280.383239746 -0.072826996 0.988152027 -0.135099098 -57.826286316 -0.965421677 -0.035848554 0.258217275 92.843284607
0.249485493 0.151063293 0.956523359 281.063293457 -0.072503731 0.987899125 -0.137107641 -57.927783966 -0.965660512 -0.035145141 0.257419169 93.024093628
0.246920526 0.149758026 0.957393885 281.746124268 -0.069167525 0.988189757 -0.136736289 -58.033878326 -0.966564178 -0.032457545 0.254362702 93.204406738
0.242336333 0.149009049 0.958681166 282.412963867 -0.068045780 0.988312185 -0.136413962 -58.137100220 -0.967803180 -0.032176126 0.249643385 93.381179810
0.236165822 0.149131045 0.960200787 283.060913086 -0.067460209 0.988285065 -0.136900723 -58.247604370 -0.969368219 -0.032444090 0.243459582 93.543823242
0.228309214 0.150773555 0.961843252 283.697296143 -0.066435069 0.988045752 -0.139111474 -58.352851868 -0.971319437 -0.032139670 0.235596597 93.703010559
0.219113231 0.150807992 0.963974297 284.320770264 -0.064500451 0.988060474 -0.139915064 -58.453891754 -0.973565161 -0.031519528 0.226224303 93.839584351
0.208343327 0.151082486 0.966316462 284.938659668 -0.061800446 0.988056362 -0.141157001 -58.554920197 -0.976101518 -0.030309647 0.215191901 93.970611572
0.197373807 0.146780580 0.969277620 285.547729492 -0.056436401 0.988789022 -0.138243124 -58.654327393 -0.978702545 -0.027416956 0.203444839 94.088241577
0.186210036 0.142240554 0.972159207 286.156433105 -0.049252592 0.989572346 -0.135354370 -58.752861023 -0.981274664 -0.022677004 0.191273987 94.200401306
0.174919009 0.136996180 0.975005329 286.744628906 -0.043148920 0.990387738 -0.131416485 -58.845333099 -0.983636916 -0.019083187 0.179148853 94.301589966
0.163444340 0.131011486 0.977814853 287.320129395 -0.038498737 0.991235256 -0.126374453 -58.936885834 -0.985801041 -0.016989458 0.167055547 94.398559570
0.152628005 0.127748862 0.979992390 287.882141113 -0.033681076 0.991706669 -0.124030285 -59.022480011 -0.987709641 -0.014076702 0.155664921 94.485694885
0.142551959 0.127540812 0.981535733 288.419708252 -0.027657319 0.991789281 -0.124856383 -59.107448578 -0.989400923 -0.009348121 0.144908905 94.558860779
0.132745266 0.129223213 0.982690215 288.954315186 -0.021850675 0.991605043 -0.127443850 -59.186889648 -0.990909338 -0.004554883 0.134454489 94.627540588
0.122831821 0.131966084 0.983614504 289.464202881 -0.017287590 0.991253793 -0.130832195 -59.261657715 -0.992276967 -0.000933953 0.124038875 94.685249329
0.113052487 0.133952111 0.984518170 289.955932617 -0.013360161 0.990985930 -0.133297950 -59.336582184 -0.993499279 0.001916356 0.113823056 94.743370056
0.105127096 0.133288845 0.985485911 290.438110352 -0.008789074 0.991062880 -0.133105576 -59.406295776 -0.994420052 0.005331509 0.105359077 94.789283752
0.099367619 0.131461024 0.986328602 290.893768311 -0.005221218 0.991289675 -0.131596237 -59.475212097 -0.995037079 0.007926565 0.099188507 94.821807861
0.095146060 0.130678654 0.986848712 291.322052002 -0.001652680 0.991365492 -0.131117433 -59.537982941 -0.995461941 0.010844368 0.094540477 94.849655151
0.092732787 0.130974084 0.987039328 291.724151611 0.001135625 0.991296172 -0.131645650 -59.606216431 -0.995690465 0.013328783 0.091776907 94.879585266
0.092820883 0.130462766 0.987098694 292.101318359 0.003285058 0.991333067 -0.131331325 -59.667640686 -0.995677471 0.015432976 0.091587842 94.914962769
0.096203208 0.129329860 0.986923993 292.461029053 0.005161516 0.991444707 -0.130425408 -59.720600128 -0.995348394 0.017641377 0.094712615 94.945198059
0.101473331 0.129389763 0.986388087 292.798187256 0.005426571 0.991419256 -0.130607978 -59.773418427 -0.994823456 0.018605933 0.099900484 94.982284546
0.109226704 0.130766362 0.985378027 293.110961914 0.003549248 0.991251469 -0.131939247 -59.820064545 -0.994010568 0.017908651 0.107807040 95.025917053
0.120061576 0.132764697 0.983848989 293.406311035 0.000609621 0.991007507 -0.133805096 -59.865303040 -0.992766321 0.016664628 0.118901014 95.076187134
0.133525968 0.135817796 0.981694579 293.679229736 -0.003594480 0.990624666 -0.136564344 -59.913452148 -0.991038799 0.014706202 0.132762313 95.130119324
0.149628639 0.139009371 0.978921831 293.941925049 -0.005817622 0.990174234 -0.139718026 -59.954570770 -0.988725245 0.015210830 0.148967087 95.187011719
0.169321775 0.140052259 0.975559175 294.199829102 -0.008248918 0.990018427 -0.140696347 -59.996810913 -0.985526383 0.015775662 0.168786943 95.250175476
0.191743433 0.137839258 0.971717477 294.455413818 -0.009874649 0.990309298 -0.138528019 -60.041213989 -0.981395483 0.016966473 0.191246390 95.315902710
0.216789126 0.136873767 0.966575444 294.706481934 -0.013609540 0.990449607 -0.137202084 -60.076732635 -0.976123631 0.016589284 0.216581464 95.396751404
0.245916724 0.137206957 0.959530711 294.949005127 -0.020165179 0.990440488 -0.136458755 -60.110095978 -0.969081163 0.014208373 0.246332645 95.487205505
0.277429998 0.136273146 0.951032281 295.184967041 -0.026177991 0.990594149 -0.134305462 -60.146965027 -0.960389256 0.012364253 0.278387845 95.588249207
0.310057878 0.133193880 0.941341341 295.414642334 -0.032701783 0.991045833 -0.129455477 -60.176670074 -0.950155079 0.009355146 0.311637282 95.697181702
0.343897343 0.129760787 0.929998219 295.632965088 -0.038361516 0.991520464 -0.124159433 -60.206703186 -0.938223302 0.007021956 0.345959127 95.813194275
0.379792809 0.128897175 0.916047513 295.850433350 -0.047989607 0.991656840 -0.119639717 -60.236568451 -0.923826039 0.001477540 0.382809877 95.942291260
0.417610526 0.129376844 0.899368048 296.054199219 -0.057728246 0.991589189 -0.115837723 -60.270000458 -0.906790376 -0.003543902 0.421566784 96.082313538
0.457572818 0.132135227 0.879299402 296.240600586 -0.070978060 0.991168916 -0.112010427 -60.304561615 -0.886334777 -0.011158019 0.462910652 96.234489441
0.500119686 0.133979157 0.855528951 296.441955566 -0.079081625 0.990896642 -0.108949214 -60.334423065 -0.862337708 -0.013168972 0.506162286 96.395545959
0.543466508 0.136685327 0.828227818 296.640045166 -0.086903393 0.990513802 -0.106443688 -60.360626221 -0.834920347 -0.014127228 0.550189495 96.571296692
0.587097108 0.138720840 0.797542274 296.834869385 -0.093969539 0.990226269 -0.103061348 -60.388156891 -0.804044068 -0.014437642 0.594394505 96.771072388
0.633522213 0.137094796 0.761481822 297.035125732 -0.094021924 0.990524173 -0.100108415 -60.418098450 -0.767990530 -0.008175086 0.640408993 96.973213196
0.680506825 0.133524999 0.720473230 297.230804443 -0.089550495 0.991041183 -0.099086344 -60.444011688 -0.727249086 0.002910212 0.686367512 97.177810669
0.724882364 0.129293501 0.676630497 297.427581787 -0.088332132 0.991565704 -0.094841421 -60.469692230 -0.683185935 0.008980677 0.730189323 97.416007996
0.766489148 0.131072566 0.628740251 297.622863770 -0.097544745 0.991355062 -0.087750793 -60.485046387 -0.634806573 0.005929723 0.772648335 97.689781189
0.804898977 0.135254771 0.577792168 297.768890381 -0.107414007 0.990802050 -0.082301691 -60.511398315 -0.583609343 0.004181579 0.812023818 97.973678589
0.839901030 0.142462581 0.523708642 297.905059814 -0.119980358 0.989798725 -0.076832160 -60.536052704 -0.529311836 0.001696665 0.848425686 98.290191650
0.872333407 0.146066919 0.466582179 298.034942627 -0.129423544 0.989273846 -0.067725919 -60.554012299 -0.471470058 -0.001307130 0.881881118 98.629096985
0.902944148 0.142682701 0.405380756 298.160217285 -0.129679948 0.989767790 -0.059521802 -60.569721222 -0.409725517 0.001175111 0.912208080 98.972625732
0.928291559 0.141362160 0.343935251 298.261840820 -0.132322580 0.989957750 -0.049743742 -60.580924988 -0.347513258 0.000666300 0.937674820 99.334304810
0.947368503 0.143967494 0.285947978 298.340270996 -0.139344111 0.989568710 -0.036564399 -60.593826294 -0.288229287 -0.005205207 0.957547307 99.696006775
0.961561918 0.149715543 0.230182499 298.396667480 -0.148176670 0.988668203 -0.024059040 -60.602691650 -0.231176138 -0.010973411 0.972850025 100.087699890
0.971988261 0.156282276 0.175540999 298.430603027 -0.155921459 0.987640917 -0.015933203 -60.607742310 -0.175861552 -0.011883721 0.984343171 100.493942261
0.979388416 0.158766568 0.124866135 298.445098877 -0.158914000 0.987252831 -0.008843206 -60.612892151 -0.124678455 -0.011182040 0.992134213 100.914916992
0.983346641 0.163954273 0.078411601 298.440032959 -0.164267883 0.986412644 -0.002477915 -60.615722656 -0.077752464 -0.010443857 0.996917963 101.366569519
0.984287381 0.172526613 0.037589591 298.419616699 -0.172669962 0.984979570 0.000576847 -60.605964661 -0.036925461 -0.007058376 0.999293089 101.835227966
0.983730555 0.179628700 0.002780419 298.382812500 -0.179636896 0.983728290 0.003047160 -60.596855164 -0.002187820 -0.003497050 0.999991477 102.327316284
0.983261585 0.180199504 -0.026921693 298.347198486 -0.180042952 0.983624995 0.008149574 -60.588626862 0.027949400 -0.003166101 0.999604344 102.847068787
0.983136237 0.174968734 -0.053189009 298.306549072 -0.174554065 0.984569728 0.012380552 -60.582714081 0.054534502 -0.002887412 0.998507738 103.392906189
0.981823683 0.173547670 -0.076833986 298.246063232 -0.172866300 0.984823585 0.015482826 -60.577716827 0.078354932 -0.001919399 0.996923685 103.948272705
0.979549408 0.174168482 -0.100738578 298.168273926 -0.173115507 0.984714985 0.019169554 -60.577968597 0.102537520 -0.001338118 0.994728267 104.530944824
0.976767957 0.173315704 -0.126039743 298.068054199 -0.171498597 0.984861732 0.025211655 -60.561630249 0.128501296 -0.003010299 0.991704762 105.135528564
0.973187804 0.172655165 -0.151972502 297.953430176 -0.169807225 0.984969795 0.031622775 -60.540206909 0.155148149 -0.004968868 0.987878740 105.759323120
0.969430208 0.171615362 -0.175366163 297.833496094 -0.168470293 0.985161483 0.032780930 -60.520954132 0.178389698 -0.002234837 0.983957350 106.376159668
0.965117216 0.173067033 -0.196460173 297.682800293 -0.170579374 0.984897852 0.029646050 -60.505874634 0.198623970 0.004900140 0.980063498 107.014289856
0.960563838 0.175481364 -0.215692908 297.551879883 -0.174148396 0.984393775 0.025323523 -60.481452942 0.216770560 0.013237713 0.976132810 107.640449524
0.956493556 0.178038344 -0.231132865 297.385040283 -0.177951172 0.983806610 0.021399535 -60.449512482 0.231199980 0.020661850 0.972686827 108.308975220
0.952699125 0.180993691 -0.244142666 297.191955566 -0.179193810 0.983363688 0.029756567 -60.418670654 0.245466784 0.015399797 0.969282687 109.019165039
0.949916363 0.180241898 -0.255287707 297.003601074 -0.174999103 0.983615935 0.043301322 -60.401409149 0.258909762 0.003542492 0.965894997 109.740783691
0.947892964 0.177801773 -0.264358550 296.808532715 -0.170145497 0.984057784 0.051776316 -60.380859375 0.269350022 -0.004098993 0.963033617 110.473434448
0.945482790 0.177798524 -0.272855282 296.593994141 -0.170298234 0.984065115 0.051130649 -60.350959778 0.277598321 -0.001876369 0.960695386 111.240509033
0.942922831 0.181482196 -0.279214561 296.365997314 -0.175057590 0.983387589 0.047997318 -60.313476562 0.283286810 0.003620857 0.959028423 111.996994019
0.941117644 0.184296563 -0.283429533 296.141723633 -0.178927407 0.982834756 0.044954069 -60.277565002 0.286849290 0.008406248 0.957938850 112.757736206
0.939816296 0.187117368 -0.285888761 295.904479980 -0.181683004 0.982296109 0.045668118 -60.232486725 0.289372712 0.009021485 0.957174003 113.553817749
0.939060807 0.190415412 -0.286193639 295.652008057 -0.184848070 0.981661141 0.046611205 -60.197753906 0.289820641 0.009131579 0.957037389 114.375335693
0.940059841 0.185520649 -0.286128670 295.397583008 -0.180416852 0.982590139 0.044344142 -60.161922455 0.289373964 0.009936284 0.957164526 115.214218140
0.941046178 0.181376576 -0.285542637 295.174682617 -0.176535547 0.983361840 0.042833157 -60.145950317 0.288560659 0.010100450 0.957408309 116.052047729
0.941392899 0.182529449 -0.283659041 294.918273926 -0.178253889 0.983128071 0.041045371 -60.107772827 0.286365151 0.011923499 0.958046377 116.909973145
0.942100763 0.183617860 -0.280589849 294.666076660 -0.178316981 0.982964575 0.044539347 -60.074851990 0.283988088 0.008073376 0.958793819 117.784034729
0.943928540 0.180087149 -0.276708394 294.407257080 -0.172772467 0.983650625 0.050804332 -60.040050507 0.281333596 -0.000148064 0.959609985 118.686325073
0.944924176 0.179869324 -0.273432463 294.153717041 -0.171595186 0.983681619 0.054088995 -60.004436493 0.278699428 -0.004190302 0.960369229 119.582672119
0.946033716 0.177843571 -0.270909369 293.894744873 -0.169902921 0.984051347 0.052686684 -59.967090607 0.275958717 -0.003815090 0.961161911 120.489204407
0.947342634 0.173706651 -0.269012928 293.633880615 -0.166644365 0.984796047 0.049054615 -59.920654297 0.273443997 -0.001642043 0.961886525 121.406257629
0.948580205 0.169645816 -0.267237425 293.383666992 -0.164268494 0.985498667 0.042523488 -59.891174316 0.270576060 0.003561750 0.962692022 122.325149536
0.949338555 0.167903930 -0.265640020 293.121185303 -0.164350241 0.985755146 0.035718106 -59.865528107 0.267853200 0.009749413 0.963410437 123.244110107
0.949739099 0.167682305 -0.264345139 292.871643066 -0.164172843 0.985793352 0.035479113 -59.827938080 0.266538888 0.009702392 0.963775337 124.198524475
0.950369477 0.167419463 -0.262237549 292.627624512 -0.161857933 0.985884190 0.042829014 -59.802837372 0.265706241 0.001741836 0.964052439 125.149932861
0.951229572 0.165085748 -0.260593504 292.377258301 -0.157322094 0.986253917 0.050527096 -59.769828796 0.265352637 -0.007065756 0.964125514 126.115341187
0.951460123 0.165016204 -0.259794712 292.125305176 -0.156400114 0.986235917 0.053644009 -59.728176117 0.265071034 -0.010408213 0.964172721 127.065765381
0.951153934 0.166387647 -0.260041088 291.863494873 -0.158449620 0.986030817 0.051350959 -59.689220428 0.264952689 -0.007639257 0.964231133 128.006988525
0.951496482 0.161987141 -0.261561990 291.601257324 -0.156097636 0.986792803 0.043283835 -59.652873993 0.265118897 -0.000355212 0.964215636 128.974838257
0.951291859 0.161324307 -0.262713403 291.325225830 -0.157173887 0.986881971 0.036883537 -59.619403839 0.265217334 0.006204677 0.964168668 129.944366455
0.950723171 0.165213317 -0.262354702 291.047485352 -0.160636246 0.986244619 0.038955465 -59.587795258 0.265181869 0.005107803 0.964184880 130.921707153
0.950430572 0.166672483 -0.262491852 290.793121338 -0.160279438 0.986011326 0.045740392 -59.559780121 0.266443580 -0.001401022 0.963849485 131.906402588
0.949985802 0.169463769 -0.262314767 290.512695312 -0.162044391 0.985524595 0.049828880 -59.518653870 0.266961843 -0.004830094 0.963694990 132.893264771
0.948992074 0.174422696 -0.262660950 290.232330322 -0.167165592 0.984664798 0.049908761 -59.478656769 0.267338187 -0.003455155 0.963596582 133.879119873
0.948380351 0.177173242 -0.263029277 289.954315186 -0.169724271 0.984172761 0.050967395 -59.440963745 0.267896295 -0.003694026 0.963440657 134.862777710
0.946828127 0.184490427 -0.263590068 289.677246094 -0.175463155 0.982799351 0.057603098 -59.396244049 0.269683391 -0.008289894 0.962913394 135.837402344
0.946644723 0.186194733 -0.263049930 289.404876709 -0.175653115 0.982417643 0.063257560 -59.351139069 0.270203143 -0.013676893 0.962706208 136.810668945
0.945764124 0.187496588 -0.265283436 289.139953613 -0.177409455 0.982200205 0.061714023 -59.309558868 0.272132605 -0.011303121 0.962193370 137.781860352
0.945502937 0.186156422 -0.267151654 288.870697021 -0.177156776 0.982494056 0.057627708 -59.264972687 0.273202658 -0.007159436 0.961929858 138.735534668
0.945530355 0.183652952 -0.268782258 288.612457275 -0.174439773 0.982959092 0.057984643 -59.231464386 0.274851024 -0.007939933 0.961454034 139.714385986
0.945508897 0.182739928 -0.269479245 288.344268799 -0.174607351 0.983152866 0.054061614 -59.194618225 0.274818510 -0.004062682 0.961487532 140.665298462
0.945370317 0.181478739 -0.270814300 288.079986572 -0.175737143 0.983384311 0.045517065 -59.160194397 0.274574935 0.004561651 0.961554885 141.603378296
0.946501017 0.176186383 -0.270359397 287.830474854 -0.170502096 0.984349012 0.044564739 -59.125267029 0.273979723 0.003916273 0.961727500 142.553588867
0.946943879 0.176611200 -0.268525153 287.544860840 -0.169509038 0.984279633 0.049601506 -59.091449738 0.273064047 -0.001452398 0.961994767 143.563491821
0.946230531 0.183966920 -0.266090065 287.271209717 -0.175800666 0.982921183 0.054406464 -59.055274963 0.271554559 -0.004702248 0.962411582 144.525650024
0.946786940 0.183041885 -0.264745563 287.002410889 -0.175342485 0.983099163 0.052640572 -59.020431519 0.269906551 -0.003418263 0.962880433 145.495468140
0.945907831 0.188640162 -0.263956934 286.748779297 -0.182493314 0.982041955 0.047851358 -58.983982086 0.268243462 0.002907395 0.963346779 146.432617188
0.946686506 0.189807698 -0.260303050 286.478973389 -0.183883682 0.981815994 0.047160581 -58.939537048 0.264521152 0.003219189 0.964374542 147.428939819
0.946242034 0.196064323 -0.257264018 286.213531494 -0.189136922 0.980590999 0.051657438 -58.903190613 0.262398958 -0.000222310 0.964959443 148.398880005
0.947000921 0.197916359 -0.253018528 285.949645996 -0.189258814 0.980191112 0.058365643 -58.857952118 0.259557992 -0.007386340 0.965699255 149.390350342
0.947555900 0.197004080 -0.251649022 285.695922852 -0.187630802 0.980345905 0.060963739 -58.820838928 0.258713186 -0.010549445 0.965896606 150.363906860
0.948878765 0.189267442 -0.252600193 285.443756104 -0.180683061 0.981889427 0.056980863 -58.774982452 0.258810103 -0.008427354 0.965891480 151.353469849
0.950293720 0.177960202 -0.255483836 285.191497803 -0.171094939 0.984033465 0.049037702 -58.728958130 0.260131389 -0.002888231 0.965568900 152.364318848
0.949516118 0.178212941 -0.258184642 284.939300537 -0.171512753 0.983990431 0.048437141 -58.694217682 0.262683362 -0.001709891 0.964880586 153.331192017
0.948767781 0.180060297 -0.259649813 284.671539307 -0.171245068 0.983614206 0.056376211 -58.656703949 0.265546381 -0.009024188 0.964055836 154.304580688
0.947657943 0.182048365 -0.262302846 284.415893555 -0.171934620 0.983204842 0.061210249 -58.619083405 0.269040674 -0.012907442 0.963042319 155.271759033
0.946626365 0.183347613 -0.265107989 284.139678955 -0.173760593 0.982995749 0.059385452 -58.563030243 0.271488190 -0.010150518 0.962388277 156.257415771
0.945080638 0.184437066 -0.269825041 283.868652344 -0.178130299 0.982840359 0.047900230 -58.526035309 0.274029493 0.002794430 0.961717248 157.202117920
0.943882465 0.184084475 -0.274224102 283.594329834 -0.180210799 0.982835293 0.039481949 -58.485691071 0.276785135 0.012151820 0.960855007 158.179306030
0.943542957 0.183339953 -0.275886029 283.306701660 -0.179015011 0.982991397 0.041006878 -58.452133179 0.278711766 0.010695990 0.960315228 159.149261475
0.942902446 0.185591966 -0.276569426 283.035949707 -0.179144353 0.982620001 0.048634227 -58.417102814 0.280788779 0.003688518 0.959762514 160.110671997
0.942295074 0.188172072 -0.276895791 282.735443115 -0.180620641 0.982136011 0.052773066 -58.377182007 0.281879753 0.000285285 0.959449708 161.098617554
0.941251636 0.191642523 -0.278061956 282.425018311 -0.184518129 0.981461525 0.051829401 -58.332427979 0.282839864 0.002522964 0.959163845 162.088958740
0.941457570 0.190160826 -0.278382003 282.132843018 -0.184007719 0.981736243 0.048323251 -58.290950775 0.282486916 0.005730147 0.959254026 163.072067261
0.941271484 0.191863149 -0.277842581 281.848419189 -0.186380059 0.981387198 0.046277285 -58.259288788 0.281550050 0.008224824 0.959511280 164.044113159
0.941509724 0.192022040 -0.276924103 281.574920654 -0.186796859 0.981349409 0.045390300 -58.231101990 0.280475229 0.008993136 0.959819138 164.992706299
0.942391694 0.189815283 -0.275441617 281.310882568 -0.183563113 0.981808066 0.048554093 -58.196224213 0.279647082 0.004803943 0.960090876 165.950210571
0.942978859 0.189705238 -0.273500949 281.028717041 -0.182437912 0.981840730 0.052011617 -58.164913177 0.278401226 0.000851078 0.960464478 166.923080444
0.943932295 0.186698273 -0.272278428 280.755218506 -0.179353461 0.982417285 0.051851645 -58.129589081 0.277171671 -0.000110367 0.960820436 167.896987915
0.944657743 0.180952787 -0.273638159 280.487457275 -0.175801516 0.983466446 0.043446891 -58.095062256 0.276975781 0.007063558 0.960850954 168.847976685
0.945214152 0.177469805 -0.273997486 280.220520020 -0.173715487 0.984058201 0.038110852 -58.065898895 0.276392996 0.011574682 0.960974991 169.815628052
0.945541859 0.179288104 -0.271673352 279.955749512 -0.173598245 0.983785987 0.045042071 -58.030090332 0.275343925 0.004572853 0.961334884 170.791702271
0.946381211 0.179886714 -0.268334538 279.684234619 -0.170579061 0.983646750 0.057809032 -57.990409851 0.274345487 -0.008937122 0.961589694 171.762847900
0.946812749 0.179759517 -0.266893506 279.417205811 -0.169287458 0.983618438 0.061939571 -57.950908661 0.273655593 -0.013463456 0.961733520 172.733215332
0.946700454 0.178773373 -0.267952174 279.158874512 -0.171284705 0.983886719 0.051268302 -57.913166046 0.272799999 -0.002639620 0.962067127 173.685913086
0.946856201 0.175810367 -0.269358665 278.881774902 -0.172464997 0.984349072 0.036231305 -57.878177643 0.271512777 0.012149108 0.962358117 174.658813477
0.947493315 0.173573717 -0.268567562 278.611785889 -0.172051296 0.984649599 0.029384946 -57.852294922 0.269545376 0.018365351 0.962812543 175.628952026
0.948233664 0.175557479 -0.264636546 278.336944580 -0.172313198 0.984398127 0.035615921 -57.830951691 0.266760379 0.011828152 0.963690281 176.596130371
0.948978007 0.178621247 -0.259875417 278.071777344 -0.172485992 0.983917594 0.046419121 -57.801765442 0.263987422 0.000774140 0.964525819 177.576385498
0.950075805 0.179358572 -0.255316526 277.802124023 -0.171238512 0.983755469 0.053875871 -57.767757416 0.260832101 -0.007466143 0.965355337 178.551208496
0.951438487 0.176685944 -0.252085179 277.542907715 -0.168259606 0.984219432 0.054779395 -57.727779388 0.257785887 -0.009703472 0.966153324 179.534667969
0.952450931 0.174905375 -0.249490127 277.293060303 -0.167945161 0.984573245 0.049090683 -57.689102173 0.254227549 -0.004855812 0.967132270 180.499862671
0.953292727 0.174256623 -0.246713743 277.032897949 -0.169352651 0.984696925 0.041129895 -57.653842926 0.250105411 0.002572799 0.968215227 181.492691040
0.953986466 0.176624611 -0.242308870 276.779998779 -0.172304854 0.984268129 0.039080180 -57.635547638 0.245399430 0.004469026 0.969411731 182.483093262
0.955982864 0.173679173 -0.236500055 276.541503906 -0.169236988 0.984798789 0.039117862 -57.608909607 0.239698917 0.002628546 0.970843732 183.493179321
0.957659483 0.173290864 -0.229910046 276.307739258 -0.168160364 0.984869659 0.041879632 -57.586582184 0.233688772 -0.001444679 0.972310364 184.490814209
0.958907008 0.174249977 -0.223906964 276.070922852 -0.169298410 0.984700024 0.041278370 -57.554733276 0.227673948 -0.001675028 0.973735988 185.487960815
0.961500168 0.167219505 -0.218071237 275.855499268 -0.161381736 0.985890865 0.044442475 -57.518650055 0.222426102 -0.007538738 0.974920392 186.485321045
0.962797284 0.166173354 -0.213091075 275.646148682 -0.159906790 0.986039221 0.046438493 -57.496513367 0.217832983 -0.010636153 0.975928128 187.459579468
0.964929461 0.160566732 -0.207676262 275.444702148 -0.154617205 0.986963689 0.044679344 -57.472221375 0.212142944 -0.011002095 0.977176726 188.429367065
0.966380835 0.156913131 -0.203682020 275.254302979 -0.151381999 0.987558782 0.042557862 -57.445865631 0.207825854 -0.010293309 0.978111684 189.389175415
0.965928257 0.163808882 -0.200372830 275.038238525 -0.158513516 0.986450136 0.042304121 -57.411155701 0.204587594 -0.009100942 0.978805959 190.361068726
0.965896249 0.167786673 -0.197210729 274.829498291 -0.163298890 0.985808611 0.038921554 -57.378887177 0.200942546 -0.005389892 0.979588211 191.349853516
0.966257632 0.167884156 -0.195348784 274.638916016 -0.164175823 0.985804915 0.035141706 -57.356300354 0.198475525 -0.001884397 0.980104029 192.295028687
0.966183841 0.169944972 -0.193926528 274.452239990 -0.166475058 0.985453308 0.034174383 -57.333011627 0.196913287 -0.000734810 0.980420649 193.222045898
0.966213763 0.170840830 -0.192987993 274.254638672 -0.166940928 0.985294163 0.036415949 -57.309810638 0.196371272 -0.002967993 0.980525136 194.172500610
0.966671646 0.167341948 -0.193759233 274.060791016 -0.162977427 0.985883534 0.038367242 -57.290149689 0.197444469 -0.005510146 0.980298579 195.129608154
0.967396617 0.160683095 -0.195767075 273.861297607 -0.156273484 0.986987531 0.037870459 -57.265838623 0.199304819 -0.006042557 0.979918897 196.090789795
0.967691720 0.155572355 -0.198418632 273.671173096 -0.150658965 0.987787545 0.039719008 -57.236042023 0.202174649 -0.008542206 0.979312241 197.054428101
0.967418969 0.152978182 -0.201737985 273.484069824 -0.147290409 0.988158107 0.043001749 -57.215190887 0.205927357 -0.011886640 0.978495061 197.987564087
0.966332734 0.154675215 -0.205612883 273.287292480 -0.148565322 0.987881601 0.044925578 -57.186553955 0.210070059 -0.012866115 0.977601647 198.916931152
0.965630531 0.152556390 -0.210438296 273.102935791 -0.146928608 0.988245726 0.042218767 -57.160755157 0.214405492 -0.009848321 0.976695061 199.823760986
0.965017617 0.149682149 -0.215258509 272.916473389 -0.145208344 0.988726020 0.036542285 -57.139808655 0.218301415 -0.004006620 0.975873172 200.733047485
0.964828074 0.145775557 -0.218760908 272.733825684 -0.142157286 0.989317715 0.032277241 -57.127510071 0.221129268 -0.000043536 0.975244522 201.633270264
0.964609623 0.144103378 -0.220822453 272.546691895 -0.139656812 0.989556074 0.035703212 -57.113433838 0.223661155 -0.003600297 0.974660337 202.529998779
0.964731514 0.141103685 -0.222222492 272.364257812 -0.134672850 0.989916742 0.043909796 -57.114852905 0.226177588 -0.012433831 0.974006712 203.472900391
0.965675950 0.136805907 -0.220803231 272.134552002 -0.128307179 0.990346313 0.052454226 -57.085529327 0.225847721 -0.022323146 0.973906815 204.391220093
0.966758370 0.129249737 -0.220619053 271.937500000 -0.119443357 0.991187096 0.057283409 -57.057395935 0.226078629 -0.029027738 0.973676443 205.283447266
0.967135847 0.125847131 -0.220931619 271.745697021 -0.116054125 0.991616666 0.056813970 -57.029930115 0.226229340 -0.029306801 0.973633111 206.172714233
0.967049420 0.125171229 -0.221692473 271.584716797 -0.116675779 0.991856396 0.051064648 -57.018356323 0.226278931 -0.023515902 0.973778665 207.019287109
0.967197478 0.124770895 -0.221271947 271.393798828 -0.117854372 0.992044806 0.044243608 -56.991874695 0.225031987 -0.016714439 0.974207997 207.877700806
0.967601418 0.124684684 -0.219547912 271.217346191 -0.118023299 0.992068350 0.043253552 -56.983398438 0.223199591 -0.015940432 0.974642396 208.723083496
0.968155086 0.127217710 -0.215618581 271.035034180 -0.119504482 0.991648614 0.048494816 -56.963481903 0.219987273 -0.021183111 0.975272715 209.555297852
0.968908906 0.129364744 -0.210903481 270.860656738 -0.120798089 0.991257787 0.053064402 -56.946342468 0.215924367 -0.025937837 0.976065516 210.377639771
0.969926536 0.129061297 -0.206363082 270.710662842 -0.120583326 0.991276681 0.053199891 -56.918701172 0.211428970 -0.026716042 0.977028191 211.207595825
0.971188664 0.128932819 -0.200421825 270.558654785 -0.120806485 0.991296649 0.052313566 -56.916057587 0.205422416 -0.026594087 0.978312016 212.000350952
0.972767889 0.127091140 -0.193831116 270.411315918 -0.119634189 0.991570652 0.049752299 -56.901706696 0.198520333 -0.025208611 0.979772508 212.801345825
0.974520147 0.124042504 -0.186879367 270.296325684 -0.117516987 0.992021322 0.045645155 -56.884597778 0.191050261 -0.022520626 0.981321871 213.567489624
0.976142585 0.124089949 -0.178177789 270.163879395 -0.118109532 0.992032766 0.043830141 -56.887714386 0.182197079 -0.021739975 0.983021677 214.335815430
0.977404654 0.127772823 -0.168387249 270.028442383 -0.122136824 0.991561472 0.043456465 -56.861907959 0.172518864 -0.021908274 0.984762549 215.087478638
0.978518486 0.131535009 -0.158745289 269.920959473 -0.125796959 0.991002202 0.045713745 -56.851383209 0.163329899 -0.024762074 0.986260712 215.814376831
0.979534030 0.133230194 -0.150873303 269.835876465 -0.128063336 0.990811348 0.043504067 -56.857349396 0.155283034 -0.023292378 0.987595379 216.518157959
0.980411232 0.134872019 -0.143538609 269.757568359 -0.131176919 0.990742862 0.034946471 -56.844593048 0.146923140 -0.015432962 0.989027500 217.194824219
0.981031954 0.138073996 -0.136058345 269.676483154 -0.135764584 0.990395844 0.026154302 -56.836395264 0.138362840 -0.007186298 0.990355551 217.852981567
0.981548250 0.141556680 -0.128548592 269.591522217 -0.139707327 0.989917815 0.023337485 -56.833122253 0.130556107 -0.004947688 0.991428554 218.491744995
0.981888473 0.145580322 -0.121249504 269.507904053 -0.143278331 0.989299178 0.027539633 -56.822345734 0.123961262 -0.009668424 0.992239952 219.116287231
0.982520938 0.147088498 -0.114094496 269.437377930 -0.143613130 0.988898337 0.038149573 -56.823970795 0.118439212 -0.021097291 0.992737174 219.736328125
0.983488679 0.144201353 -0.109343439 269.377532959 -0.140147284 0.989155293 0.043937415 -56.818740845 0.114493474 -0.027887763 0.993032515 220.327377319
0.984854400 0.136573076 -0.106815815 269.317932129 -0.132643878 0.990226388 0.043096162 -56.803276062 0.111657619 -0.028274983 0.993344426 220.889450073
0.985286474 0.133039013 -0.107289977 269.275756836 -0.129297748 0.990752220 0.041135035 -56.793697357 0.111770354 -0.026657445 0.993376434 221.449584961
0.984869182 0.134654418 -0.109091230 269.206695557 -0.131396607 0.990655720 0.036553793 -56.782165527 0.112993978 -0.021666486 0.993359387 221.992996216
0.983874679 0.137387231 -0.114522189 269.147003174 -0.134895965 0.990427554 0.029263861 -56.769969940 0.117446408 -0.013343394 0.992989600 222.532470703
0.983846009 0.131229952 -0.121761009 269.094451904 -0.128908500 0.991294682 0.026785526 -56.751850128 0.124216110 -0.010656804 0.992197931 223.076812744
0.983861387 0.121526748 -0.131331578 269.037170410 -0.118635103 0.992495060 0.029651679 -56.739379883 0.133949414 -0.013592607 0.990894973 223.622619629
0.982487857 0.118040681 -0.144166604 268.964538574 -0.113974407 0.992824852 0.036175162 -56.725688934 0.147402331 -0.019110357 0.988891959 224.166427612
0.979575038 0.121928662 -0.159894213 268.862457275 -0.116499066 0.992262185 0.042938549 -56.705974579 0.163892433 -0.023434002 0.986199856 224.699768066
0.975300491 0.127544060 -0.180337146 268.745849609 -0.120441437 0.991468191 0.049847100 -56.689353943 0.185156241 -0.026895840 0.982340991 225.229476929
0.970225513 0.126304030 -0.206663355 268.624664307 -0.117554896 0.991589963 0.054131776 -56.671401978 0.211762354 -0.028225742 0.976913512 225.751205444
0.963521898 0.122626305 -0.237883076 268.498046875 -0.112755403 0.992114842 0.054720473 -56.650371552 0.242717490 -0.025901776 0.969751179 226.267379761
0.954758227 0.120708100 -0.271783620 268.342987061 -0.110114954 0.992453337 0.053954698 -56.626480103 0.276245326 -0.021586252 0.960844696 226.764282227
0.943198144 0.120655380 -0.309547365 268.161560059 -0.109334119 0.992551684 0.053733192 -56.598258972 0.313724935 -0.016836964 0.949364603 227.254562378
0.928576231 0.120418377 -0.351063460 267.960205078 -0.107787780 0.992630303 0.055379592 -56.562465668 0.355144948 -0.013583822 0.934712529 227.741027832
0.911178052 0.119449280 -0.394317687 267.735168457 -0.103932954 0.992738783 0.060561575 -56.532920837 0.398688495 -0.014199778 0.916976452 228.220092773
0.890563071 0.121052139 -0.438456208 267.478454590 -0.100933932 0.992497146 0.069005460 -56.497451782 0.443519801 -0.017198613 0.896099567 228.694488525
0.866356075 0.123695016 -0.483866453 267.202606201 -0.097675398 0.992099166 0.078732572 -56.458869934 0.489782333 -0.020948602 0.871593058 229.149871826
0.838251233 0.125987470 -0.530529916 266.898101807 -0.094009474 0.991764307 0.086981565 -56.418315887 0.537119210 -0.023037575 0.843191683 229.589935303
0.806296587 0.128708124 -0.577338755 266.568054199 -0.090955824 0.991409421 0.093991742 -56.372825623 0.584476531 -0.023272905 0.811076760 230.014160156
0.770497382 0.132443890 -0.623532236 266.204620361 -0.087965608 0.990910172 0.101779386 -56.319461823 0.631344497 -0.023571368 0.775144219 230.427200317
0.731036246 0.136217937 -0.668603539 265.821441650 -0.084251404 0.990392148 0.109658927 -56.258522034 0.677117229 -0.023833871 0.735489130 230.805633545
0.688867688 0.138202295 -0.711590827 265.407470703 -0.077476412 0.990071476 0.117285326 -56.189090729 0.720734894 -0.025662575 0.692735672 231.174758911
0.643919885 0.139863312 -0.752200305 264.943176270 -0.069229148 0.989767194 0.124772727 -56.100662231 0.761954367 -0.028269451 0.647013426 231.564865112
0.595452905 0.145674735 -0.790072501 264.461547852 -0.064229980 0.988907337 0.133928075 -56.015811920 0.800818503 -0.029001523 0.598204494 231.905685425
0.544169307 0.152107462 -0.825071573 263.955780029 -0.060560141 0.987983704 0.142199442 -55.940914154 0.836786866 -0.027414113 0.546841979 232.208908081
0.491066337 0.156870022 -0.856881440 263.442321777 -0.057609797 0.987347066 0.147739157 -55.858573914 0.869215190 -0.023184970 0.493890166 232.455978394
0.436349034 0.161360994 -0.885190487 262.919799805 -0.052602753 0.986680329 0.153931350 -55.770725250 0.898238540 -0.020604327 0.439025044 232.685058594
0.384030461 0.165157318 -0.908429205 262.396545410 -0.041869879 0.985975027 0.161555439 -55.675674438 0.922370613 -0.024006382 0.385559559 232.880218506
0.331125855 0.168178797 -0.928478181 261.815399170 -0.036982290 0.985545278 0.165326476 -55.575134277 0.942861736 -0.020406634 0.332559109 233.061050415
0.279846013 0.166980296 -0.945412099 261.248229980 -0.028652258 0.985772073 0.165627569 -55.486225128 0.959617317 -0.019262038 0.280648708 233.199203491
0.231658161 0.163109124 -0.959025502 260.651184082 -0.023531139 0.986494243 0.162096873 -55.385398865 0.972512603 -0.014984101 0.232367635 233.315383911
0.187447488 0.155653358 -0.969863653 260.027893066 -0.019216366 0.987757206 0.154811114 -55.291893005 0.982086658 -0.010381699 0.188143671 233.402832031
0.147947192 0.149378762 -0.977649093 259.390106201 -0.019355983 0.988775492 0.148149684 -55.193576813 0.988805890 -0.002994984 0.149177909 233.477630615
0.117347777 0.150476128 -0.981624484 258.723724365 -0.021796487 0.988605857 0.148940697 -55.088531494 0.992851734 0.003918096 0.119290531 233.536483765
0.094707668 0.156171530 -0.983179092 258.018005371 -0.024312533 0.987686455 0.154545546 -54.982063293 0.995208263 0.009266898 0.097338438 233.601318359
0.079506159 0.162686601 -0.983469367 257.320465088 -0.024822280 0.986609638 0.161199391 -54.879119873 0.996525407 0.011595592 0.082479775 233.651580811
0.068973422 0.167433679 -0.983467758 256.611785889 -0.027228303 0.985764086 0.165915042 -54.772705078 0.997246921 0.015334405 0.072550476 233.700408936
0.063527346 0.169550151 -0.983471990 255.904113770 -0.030314527 0.985335529 0.167913273 -54.665912628 0.997519612 0.019146383 0.067735612 233.744995117
0.061781883 0.167792559 -0.983884513 255.178283691 -0.033917077 0.985551238 0.165947020 -54.541427612 0.997513235 0.023117952 0.066580236 233.797897339
0.061863780 0.166811466 -0.984046221 254.444473267 -0.036704369 0.985647917 0.164775521 -54.424777985 0.997409582 0.025925137 0.067098618 233.849212646
0.062358379 0.166270614 -0.984106541 253.686355591 -0.037190795 0.985727727 0.164187923 -54.305370331 0.997360706 0.026361197 0.067652166 233.917083740
0.064371407 0.165649235 -0.984081745 252.921890259 -0.038737930 0.985798359 0.163404256 -54.189994812 0.997174025 0.027602695 0.069874108 233.965179443
0.066638947 0.164843813 -0.984066010 252.134353638 -0.043157179 0.985811412 0.162213683 -54.075393677 0.996843457 0.031659737 0.072807610 234.017288208
0.069106400 0.162722632 -0.984248817 251.334381104 -0.047531739 0.986024022 0.159678817 -53.954467773 0.996476352 0.035748225 0.075875044 234.078567505
0.071613312 0.158501774 -0.984758258 250.546752930 -0.052867599 0.986508489 0.154938847 -53.827812195 0.996030450 0.040966101 0.079026759 234.134628296
0.074939668 0.156459168 -0.984837413 249.739837646 -0.055791516 0.986725330 0.152513742 -53.702449799 0.995626211 0.043516226 0.082673967 234.202087402
0.078592956 0.156517893 -0.984543264 248.913864136 -0.056008901 0.986731410 0.152394742 -53.574913025 0.995332301 0.043166008 0.086316526 234.282226562
0.082196653 0.158924401 -0.983863175 248.081985474 -0.058063760 0.986290514 0.154465571 -53.453514099 0.994923294 0.044430241 0.090297580 234.371383667
0.085668385 0.160927415 -0.983241320 247.202682495 -0.059476424 0.985935271 0.156186253 -53.320053101 0.994547009 0.045099430 0.094034851 234.454940796
0.088095963 0.160992637 -0.983016074 246.321609497 -0.059876900 0.985924244 0.156102896 -53.188110352 0.994310796 0.045107909 0.096495688 234.543975830
0.089600742 0.159900755 -0.983058333 245.430877686 -0.056710411 0.986246049 0.155250400 -53.060855865 0.994361997 0.041839063 0.097436428 234.649002075
0.090217412 0.157638699 -0.983367264 244.527709961 -0.055636544 0.986649394 0.153060585 -52.919822693 0.994366944 0.040902399 0.097783387 234.752197266
0.090608716 0.156797647 -0.983465672 243.630447388 -0.054558136 0.986826241 0.152306885 -52.790760040 0.994391084 0.039855707 0.097969592 234.850189209
0.090915859 0.160211712 -0.982886910 242.693984985 -0.055168640 0.986268938 0.155659959 -52.652408600 0.994329333 0.040072557 0.098506153 234.941741943
0.091757059 0.165718734 -0.981895208 241.749710083 -0.055714093 0.985364616 0.161097884 -52.507873535 0.994221687 0.039923508 0.099646986 235.049072266
0.094040334 0.169676632 -0.981002808 240.803421021 -0.056331143 0.984697700 0.164915740 -52.366359711 0.993973613 0.039752245 0.102159381 235.147109985
0.097178161 0.165593624 -0.981394649 239.857650757 -0.055725742 0.985419989 0.160754859 -52.227306366 0.993705869 0.039067049 0.104989111 235.257064819
0.100514889 0.157791391 -0.982343554 238.899124146 -0.055828590 0.986682653 0.152775913 -52.082420349 0.993368030 0.039486583 0.107985556 235.359756470
0.104341447 0.152697787 -0.982749403 237.951782227 -0.058363911 0.987380266 0.147220656 -51.944854736 0.992827594 0.041995868 0.111936748 235.461029053
0.108631611 0.154183924 -0.982052326 236.977554321 -0.060961172 0.987072408 0.148228765 -51.820514679 0.992211223 0.043764710 0.116626501 235.585647583
0.115241170 0.159728974 -0.980411351 236.010116577 -0.061308526 0.986249030 0.153473645 -51.691459656 0.991443932 0.042421062 0.123449266 235.706832886
0.123643100 0.164995089 -0.978513718 235.044860840 -0.062859043 0.985401988 0.158213854 -51.556877136 0.990333915 0.041946374 0.132209599 235.835525513
0.133140385 0.166279823 -0.977048934 234.074447632 -0.064881764 0.985173166 0.158821136 -51.417839050 0.988971174 0.042247143 0.141954899 235.979446411
0.143103302 0.163575828 -0.976096511 233.115112305 -0.066217750 0.985619724 0.155463710 -51.274326324 0.987490058 0.042387541 0.151877046 236.138442993
0.153629184 0.160531193 -0.975001395 232.169372559 -0.063895568 0.986263990 0.152317643 -51.132671356 0.986060560 0.038897835 0.161776185 236.302291870
0.164062440 0.159964383 -0.973393500 231.217391968 -0.063001379 0.986448824 0.151491165 -50.988697052 0.984436095 0.036471121 0.171917200 236.484756470
0.175640464 0.160647124 -0.971258581 230.252044678 -0.062290940 0.986432254 0.151892304 -50.850830078 0.982481897 0.033822138 0.183264315 236.640518188
0.186027884 0.162447035 -0.969022453 229.305908203 -0.060451951 0.986261666 0.153731763 -50.716716766 0.980683029 0.029980905 0.193292439 236.831344604
0.195789695 0.163339287 -0.966947019 228.361404419 -0.054878660 0.986310601 0.155498281 -50.578289032 0.979109108 0.022619799 0.202073336 237.044830322
0.203331828 0.165698647 -0.964987159 227.414840698 -0.053535830 0.985983014 0.158023387 -50.443679810 0.977645278 0.019530199 0.209352553 237.251525879
0.209042728 0.164700031 -0.963937223 226.487472534 -0.049809154 0.986228943 0.157707036 -50.319210052 0.976637185 0.015045382 0.214367568 237.469238281
0.213328838 0.160625607 -0.963685751 225.562210083 -0.040625390 0.986997306 0.155517995 -50.176956177 0.976135492 0.005973630 0.217080474 237.694152832
0.214596152 0.158198595 -0.963805974 224.626922607 -0.033817124 0.987407148 0.154542953 -50.034732819 0.976117432 -0.000571206 0.217243612 237.912429810
0.212762296 0.158740461 -0.964123368 223.703628540 -0.029295541 0.987307847 0.156092823 -49.889137268 0.976664782 -0.004966177 0.214712262 238.145141602
0.208614945 0.162125349 -0.964466155 222.770965576 -0.026563369 0.986739457 0.160123765 -49.743904114 0.977636993 -0.007784724 0.210155189 238.357330322
0.203501344 0.161463678 -0.965669096 221.819641113 -0.021625109 0.986808479 0.160441101 -49.587127686 0.978835881 -0.011767291 0.204308510 238.553741455
0.198027968 0.161179423 -0.966853857 220.882766724 -0.013325877 0.986739337 0.161765099 -49.442111969 0.980105877 -0.019149862 0.197549820 238.757659912
0.189231515 0.161432147 -0.968571603 219.937362671 -0.015074141 0.986754715 0.161517650 -49.296718597 0.981816709 -0.015963830 0.189158559 238.966476440
0.181015015 0.161124706 -0.970191956 218.985137939 -0.014974542 0.986825585 0.161093250 -49.146747589 0.983366370 -0.014632121 0.181043029 239.145492554
0.172885358 0.155708581 -0.972556233 218.036987305 -0.009979017 0.987651110 0.156351402 -49.008758545 0.984891415 -0.017325714 0.172304213 239.310134888
0.165384829 0.150615215 -0.974660516 217.080657959 -0.005254626 0.988390326 0.151845291 -48.873085022 0.986215234 -0.019991443 0.164256155 239.475112915
0.158939064 0.148652554 -0.976033211 216.097671509 -0.000264429 0.988606274 0.150524408 -48.734825134 0.987288356 -0.023666114 0.157167435 239.636215210
0.150784314 0.154886857 -0.976357758 215.136138916 0.003426045 0.987561882 0.157193378 -48.595523834 0.988560855 -0.027047366 0.148378193 239.790649414
0.143558085 0.160601228 -0.976523578 214.161437988 0.011813246 0.986396015 0.163961530 -48.458442688 0.989571393 -0.035073921 0.139707923 239.941436768
0.136645257 0.162352592 -0.977225542 213.194274902 0.018734537 0.985878706 0.166409850 -48.316886902 0.990442872 -0.041046984 0.131674051 240.080718994
0.129132152 0.162090540 -0.978290081 212.219787598 0.022958055 0.985796988 0.166364744 -48.162288666 0.991361618 -0.043942675 0.123576820 240.222503662
0.121433198 0.161322832 -0.979402483 211.236679077 0.025791772 0.985858381 0.165584102 -48.018421173 0.992264569 -0.045367945 0.115555108 240.348175049
0.114289463 0.158010021 -0.980801165 210.256301880 0.032209292 0.986161768 0.162626892 -47.870098114 0.992925346 -0.050177447 0.107618511 240.458450317
0.107273221 0.154450819 -0.982159495 209.283599854 0.036483426 0.986583114 0.159131229 -47.717742920 0.993559957 -0.052903071 0.100199044 240.566268921
0.101026297 0.153869241 -0.982913077 208.291442871 0.038473874 0.986624420 0.158404678 -47.568019867 0.994139612 -0.053819519 0.093755066 240.665969849
0.096337080 0.155783862 -0.983082354 207.309341431 0.041732498 0.986175418 0.160363600 -47.422599792 0.994473636 -0.056475457 0.088504016 240.754821777
0.090862095 0.160617128 -0.982825756 206.333740234 0.043553274 0.985322833 0.165051728 -47.277992249 0.994910717 -0.057802226 0.082533062 240.856994629
0.085914671 0.163191363 -0.982846558 205.344253540 0.039718639 0.985148847 0.167045623 -47.126232147 0.995510519 -0.053389013 0.078157008 240.927078247
0.083831608 0.165257514 -0.982681096 204.324325562 0.041301660 0.984728813 0.169125259 -46.970256805 0.995623648 -0.054764397 0.075725973 240.995956421
0.081598818 0.165748358 -0.982786417 203.358444214 0.038760789 0.984800994 0.169306368 -46.815753937 0.995911241 -0.051908780 0.073934078 241.077621460
0.080979943 0.163612038 -0.983195603 202.398040771 0.034365483 0.985390365 0.166807771 -46.667663574 0.996123254 -0.047296088 0.074174225 241.143707275
0.080779552 0.157127395 -0.984269083 201.416320801 0.034865040 0.986446500 0.160336390 -46.517292023 0.996122062 -0.047268484 0.074206471 241.211349487
0.080683887 0.153542772 -0.984842598 200.419418335 0.035477892 0.986995339 0.156784967 -46.386161804 0.996108234 -0.047590166 0.074187219 241.287643433
0.081359267 0.152771935 -0.984906852 199.461791992 0.038551126 0.986960948 0.156275123 -46.238220215 0.995939076 -0.050683711 0.074408889 241.381195068
0.082807183 0.150928482 -0.985070407 198.510147095 0.033207130 0.987498343 0.154091969 -46.107189178 0.996012270 -0.045471296 0.076760054 241.454589844
0.085507035 0.147239178 -0.985398054 197.558456421 0.026704188 0.988326192 0.149993956 -45.978450775 0.995979667 -0.039139792 0.080576956 241.518676758
0.087989092 0.144395217 -0.985600352 196.590866089 0.022909436 0.988882840 0.146921352 -45.850406647 0.995858073 -0.035507035 0.083702862 241.616226196
0.090426385 0.148639292 -0.984748423 195.661178589 0.020282812 0.988319397 0.151040807 -45.730239868 0.995696604 -0.033631548 0.086355329 241.700073242
0.092633009 0.153544277 -0.983790398 194.710327148 0.016106673 0.987678170 0.155667692 -45.595306396 0.995570183 -0.030265562 0.089018464 241.784500122
0.094348192 0.156598270 -0.983145654 193.732971191 0.017404549 0.987140477 0.158904806 -45.447784424 0.995387137 -0.032103583 0.090409398 241.894546509
0.094843566 0.158900380 -0.982728481 192.794799805 0.019122489 0.986705601 0.161388963 -45.306526184 0.995308518 -0.034098916 0.090544105 241.988815308
0.094540298 0.160400838 -0.982514083 191.854827881 0.021659903 0.986369371 0.163114429 -45.165012360 0.995285451 -0.036702052 0.089777410 242.076705933
0.093125999 0.160145864 -0.982690573 190.928268433 0.021705538 0.986418605 0.162810355 -45.031108856 0.995417714 -0.036491707 0.088385165 242.172256470
0.091854572 0.156895161 -0.983334482 189.994338989 0.021177970 0.986978054 0.159454763 -44.887306213 0.995547235 -0.035471674 0.087335706 242.265548706
0.090447485 0.152873769 -0.984098196 189.073165894 0.017785177 0.987742662 0.155074567 -44.747978210 0.995742559 -0.031528473 0.086619914 242.341552734
0.089052856 0.152588338 -0.984269559 188.165237427 0.014533751 0.987891376 0.154464811 -44.618846893 0.995920956 -0.028060682 0.085756898 242.418060303
0.087451875 0.156100065 -0.983862460 187.272659302 0.014463536 0.987343132 0.157937944 -44.491256714 0.996063888 -0.028042123 0.084087253 242.492797852
0.086260736 0.160611585 -0.983241200 186.379837036 0.018973693 0.986475885 0.162804574 -44.361194611 0.996092081 -0.032699376 0.082046747 242.575469971
0.085180879 0.163903773 -0.982791960 185.488159180 0.023474835 0.985772848 0.166435570 -44.238029480 0.996089041 -0.037248023 0.080121398 242.668365479
0.082807183 0.165162057 -0.982784033 184.658905029 0.020844661 0.985668182 0.167403072 -44.115859985 0.996347547 -0.034347974 0.078177691 242.750579834
0.080863833 0.158940971 -0.983971059 183.821578979 0.020496912 0.986729920 0.161071092 -44.003440857 0.996514499 -0.033193208 0.076532960 242.818679810
0.078828037 0.148644298 -0.985743999 182.989746094 0.023605086 0.988265336 0.150912181 -43.882717133 0.996608853 -0.035164695 0.074394226 242.900375366
0.077556849 0.144563690 -0.986451507 182.200195312 0.028884407 0.988690436 0.147162795 -43.702045441 0.996569633 -0.039906569 0.072504103 242.980804443
0.075219154 0.151134342 -0.985647440 181.385604858 0.027049311 0.987774491 0.153524786 -43.587383270 0.996800303 -0.038209103 0.070211470 243.058807373
0.072723210 0.161441073 -0.984199226 180.577270508 0.026809424 0.986139119 0.163740247 -43.473354340 0.996991813 -0.038293540 0.067387104 243.109771729
0.069965839 0.164000556 -0.983975947 179.798110962 0.027285218 0.985709488 0.166229621 -43.366771698 0.997176230 -0.038478404 0.064491212 243.170883179
0.067380011 0.159443676 -0.984905005 179.042404175 0.027845509 0.986463249 0.161600962 -43.261310577 0.997338891 -0.038313866 0.062028110 243.231369019
0.065460443 0.154354870 -0.985844672 178.295532227 0.025070213 0.987397313 0.156262666 -43.151535034 0.997540295 -0.034944382 0.060765743 243.270278931
0.064004540 0.152886972 -0.986168861 177.576873779 0.021338865 0.987759411 0.154518515 -43.044780731 0.997721434 -0.030933611 0.059958637 243.308975220
0.062379003 0.155460358 -0.985870719 176.849533081 0.021410584 0.987358570 0.157049716 -42.944942474 0.997822881 -0.030904673 0.058261931 243.353591919
0.060664117 0.157447949 -0.985662401 176.143661499 0.020334646 0.987081051 0.158926129 -42.850742340 0.997951210 -0.029684223 0.056678712 243.393249512
0.058646142 0.160516247 -0.985289395 175.449935913 0.016118184 0.986707211 0.161706612 -42.745117188 0.998148739 -0.025364548 0.055279315 243.421493530
0.057094932 0.164987624 -0.984641850 174.788146973 0.014224105 0.986015975 0.166042700 -42.646377563 0.998267591 -0.023485869 0.053949654 243.452835083
0.056220412 0.167643607 -0.984243393 174.135406494 0.017015077 0.985498428 0.168829292 -42.553161621 0.998273492 -0.026238650 0.052552700 243.492630005
0.055778265 0.165912792 -0.984561741 173.507797241 0.020597085 0.985695839 0.167270795 -42.469501495 0.998230755 -0.029609188 0.051563084 243.522827148
0.056345403 0.161001608 -0.985344589 172.908370972 0.020018771 0.986531734 0.162340343 -42.382961273 0.998210728 -0.028872542 0.052363455 243.548751831
0.057160079 0.157224149 -0.985907495 172.337402344 0.017942272 0.987200677 0.158470646 -42.293014526 0.998203933 -0.026747644 0.053607523 243.581100464
0.058151424 0.157385558 -0.985823810 171.785018921 0.016582876 0.987206161 0.158584476 -42.205692291 0.998170197 -0.025569730 0.054797530 243.613388062
0.061508596 0.159354866 -0.985303521 171.253662109 0.017718412 0.986842632 0.160709918 -42.136283875 0.997949481 -0.027343087 0.057875812 243.652297974
0.065845907 0.162068978 -0.984580159 170.748016357 0.017153621 0.986391783 0.163514391 -42.072769165 0.997682452 -0.027655870 0.062169790 243.697860718
0.070883930 0.162045419 -0.984234154 170.267990112 0.015732057 0.986411750 0.163536966 -42.005054474 0.997360528 -0.027076162 0.067371428 243.734268188
0.076492310 0.160301983 -0.984099746 169.817001343 0.017048612 0.986636817 0.162040427 -41.937858582 0.996924520 -0.029172391 0.072737217 243.776855469
0.083479762 0.159045026 -0.983735681 169.390945435 0.017029509 0.986809552 0.160987139 -41.877964020 0.996363997 -0.030191712 0.079670191 243.819290161
0.091541409 0.160979420 -0.982703447 168.988037109 0.016186379 0.986475885 0.163105220 -41.819702148 0.995669842 -0.030837305 0.087697685 243.863357544
0.098763227 0.166213781 -0.981131375 168.613220215 0.013596423 0.985634327 0.168345273 -41.762851715 0.995018065 -0.029966198 0.095084548 243.911682129
0.107874990 0.171379954 -0.979281366 168.263626099 0.011021636 0.984762788 0.173553348 -41.711891174 0.994103372 -0.029515348 0.104342341 243.952087402
0.117430985 0.173559576 -0.977797151 167.940673828 0.008208878 0.984406233 0.175718576 -41.666114807 0.993047237 -0.028661437 0.114175022 243.997390747
0.127090871 0.173548847 -0.976590395 167.653121948 0.005070992 0.984447658 0.175605074 -41.629215240 0.991878152 -0.027270094 0.124234259 244.042663574
0.137410223 0.173199773 -0.975254059 167.388931274 0.002929218 0.984518230 0.175257772 -41.599727631 0.990509987 -0.026938960 0.134775519 244.095443726
0.147155166 0.172320336 -0.973987281 167.147827148 0.001978338 0.984654069 0.174506456 -41.566734314 0.989111483 -0.027606420 0.144556046 244.147521973
0.156765521 0.169292599 -0.973018348 166.912826538 0.002390869 0.985131502 0.171785325 -41.529548645 0.987633049 -0.029256381 0.154029906 244.202377319
0.166162431 0.165769458 -0.972065210 166.681564331 0.000526480 0.985753775 0.168193847 -41.499702454 0.986098409 -0.028459281 0.163707972 244.249099731
0.175378561 0.162891328 -0.970932007 166.449050903 -0.003389202 0.986311257 0.164859310 -41.464076996 0.984495282 -0.025622115 0.173529923 244.296051025
0.184641719 0.160674363 -0.969583094 166.218612671 -0.007094361 0.986737967 0.162166178 -41.429023743 0.982780397 -0.023064077 0.183332920 244.348587036
0.193589926 0.158148110 -0.968252182 165.989532471 -0.009790696 0.987184465 0.159282878 -41.389102936 0.981033802 -0.021355718 0.192657351 244.404037476
0.202635288 0.154482633 -0.966992259 165.760467529 -0.009855770 0.987749934 0.155733481 -41.352302551 0.979204655 -0.022026643 0.201675534 244.466018677
0.211618304 0.151998460 -0.965460658 165.530563354 -0.009607121 0.988108397 0.153458267 -41.316814423 0.977305174 -0.023199297 0.210562110 244.526611328
0.220302045 0.151022017 -0.963669777 165.298873901 -0.012309216 0.988293529 0.152066976 -41.284439087 0.975354075 -0.021638654 0.219582021 244.587310791
0.228134632 0.151322544 -0.961798370 165.068527222 -0.018556193 0.988344669 0.151097700 -41.251640320 0.973452747 -0.016623318 0.228283644 244.642272949
0.235432804 0.153029799 -0.959767401 164.836395264 -0.025409952 0.988157690 0.151323378 -41.215969086 0.971558511 -0.011238866 0.236533225 244.697494507
0.242335498 0.154584348 -0.957798183 164.599441528 -0.030359298 0.987949610 0.151769370 -41.179817200 0.969717443 -0.007701032 0.244108319 244.762542725
0.249938250 0.149507284 -0.956649482 164.356353760 -0.029945575 0.988728106 0.146696895 -41.142978668 0.967798531 -0.008017726 0.251598060 244.838867188
0.257874608 0.139750510 -0.956018150 164.095977783 -0.027176399 0.990141630 0.137408167 -41.109092712 0.965796173 -0.009452961 0.259130299 244.923736572
0.265052736 0.132185355 -0.955130517 163.809509277 -0.025511459 0.991173387 0.130093992 -41.070945740 0.963896453 -0.010115013 0.266085446 245.015182495
0.271136045 0.129430294 -0.953799427 163.491302490 -0.027513497 0.991555274 0.126732528 -41.027301788 0.962147892 -0.008119423 0.272407472 245.110061646
0.275240123 0.131644875 -0.952319622 163.141235352 -0.031179562 0.991281450 0.128019273 -40.979133606 0.960869908 -0.005543157 0.276945055 245.213134766
0.277038395 0.133681700 -0.951514006 162.762268066 -0.032502253 0.991011560 0.129767656 -40.926906586 0.960308909 -0.005024277 0.278893232 245.326248169
0.275790095 0.134151727 -0.951810539 162.358276367 -0.036822900 0.990960658 0.129000157 -40.868595123 0.960512340 -0.000528552 0.278236985 245.439544678
0.272370458 0.133123428 -0.952938914 161.927322388 -0.040933244 0.991089344 0.126753360 -40.804664612 0.961321473 0.004483007 0.275392652 245.552642822
0.267754197 0.134625390 -0.954035461 161.474822998 -0.041036870 0.990884960 0.128308102 -40.736232758 0.962612927 0.004795600 0.270838201 245.674484253
0.263265729 0.136551186 -0.955010474 161.003128052 -0.035704102 0.990632832 0.131802142 -40.674518585 0.964062512 -0.000601210 0.265675128 245.809768677
0.257217348 0.140123650 -0.956140578 160.503906250 -0.032804310 0.990127146 0.136279553 -40.609436035 0.965796769 -0.003687941 0.259274483 245.943725586
0.249305487 0.145676702 -0.957405448 159.985870361 -0.031276651 0.989316642 0.142387897 -40.533508301 0.967919707 -0.005553648 0.251198351 246.074493408
0.239385486 0.153943062 -0.958642960 159.441452026 -0.032105111 0.988065600 0.150650829 -40.450504303 0.970393777 -0.005286299 0.241470933 246.201553345
0.228445530 0.159549043 -0.960394084 158.891799927 -0.033049271 0.987182200 0.156138003 -40.364604950 0.972995579 -0.003928706 0.230790317 246.317687988
0.217461288 0.162970454 -0.962367594 158.320785522 -0.029796228 0.986611485 0.160343111 -40.279457092 0.975614130 -0.006193504 0.219405711 246.447082520
0.207696736 0.164728537 -0.964223325 157.727691650 -0.022055864 0.986256659 0.163741827 -40.186412811 0.977944553 -0.012741864 0.208475530 246.572494507
0.196868002 0.161113590 -0.967101574 157.126831055 -0.015187696 0.986788273 0.161301613 -40.087955475 0.980312347 -0.017067082 0.196713984 246.699844360
0.185767889 0.155076116 -0.970279336 156.508514404 -0.009763077 0.987709939 0.155992791 -39.989364624 0.982545257 -0.019505560 0.184998810 246.817596436
0.173342168 0.151926413 -0.973073006 155.866714478 -0.006114051 0.988177001 0.153195471 -39.887691498 0.984842777 -0.020605847 0.172221661 246.937026978
0.161596000 0.148174107 -0.975669742 155.219940186 0.000105917 0.988660991 0.150164649 -39.789695740 0.986857176 -0.024369374 0.159747958 247.037384033
0.149859250 0.144866660 -0.978036642 154.546920776 0.007686079 0.989006937 0.147669256 -39.691551208 0.988677382 -0.029646870 0.147098422 247.149612427
0.139637589 0.144416392 -0.979614973 153.819854736 0.017543755 0.988791287 0.148269936 -39.574989319 0.990047336 -0.037890185 0.135538816 247.265762329
0.129411757 0.144265875 -0.981040359 153.118652344 0.023909803 0.988618195 0.148534253 -39.469604492 0.991302729 -0.042678561 0.124489427 247.363281250
0.119964421 0.145272538 -0.982091904 152.406906128 0.027405318 0.988374352 0.149549469 -39.366634369 0.992399931 -0.044855163 0.114588499 247.451477051
0.111512601 0.148853049 -0.982551754 151.663421631 0.029457644 0.987788677 0.152989671 -39.252998352 0.993326485 -0.046003949 0.105765998 247.535217285
0.105626404 0.155105993 -0.982234955 150.921844482 0.036426362 0.986494005 0.159695759 -39.138046265 0.993738651 -0.052647363 0.098549843 247.620086670
0.101231635 0.160617143 -0.981811821 150.163055420 0.042532548 0.985280454 0.165570006 -39.018184662 0.993953407 -0.058519889 0.092910051 247.708724976
0.098239839 0.163107052 -0.981705308 149.400329590 0.043783408 0.984813392 0.168004915 -38.906822205 0.994199276 -0.059487183 0.089606524 247.780258179
0.096064925 0.160339728 -0.982376039 148.621414185 0.044883162 0.985238910 0.165196046 -38.781990051 0.994362652 -0.059961688 0.087450325 247.854354858
0.093777716 0.155825794 -0.983323038 147.860641479 0.045866244 0.985950649 0.160616368 -38.662914276 0.994536102 -0.060163572 0.085313082 247.938858032
0.092099667 0.155936658 -0.983464062 147.083953857 0.044214644 0.986047149 0.160486862 -38.537994385 0.994767725 -0.058264300 0.083919942 248.006072998
0.091118634 0.158548489 -0.983137786 146.282394409 0.042091031 0.985749185 0.162870705 -38.416778564 0.994950235 -0.056221850 0.083146691 248.074890137
0.089170635 0.160273463 -0.983036816 145.463546753 0.038280923 0.985687613 0.164178118 -38.281028748 0.995280683 -0.052271441 0.081758976 248.152450562
0.087714732 0.157828003 -0.983563364 144.658813477 0.033339076 0.986350536 0.161248490 -38.151954651 0.995587766 -0.046934977 0.081255615 248.212341309
0.087243259 0.153619468 -0.984271288 143.849502563 0.030959196 0.987143159 0.156811878 -38.030170441 0.995705962 -0.044153038 0.081365645 248.264862061
0.086368144 0.148447752 -0.985141516 143.036453247 0.029228099 0.988033295 0.151445970 -37.911674500 0.995834470 -0.041873921 0.080995739 248.328964233
0.086184800 0.147171095 -0.985349059 142.192077637 0.028496623 0.988260269 0.150098398 -37.793823242 0.995871544 -0.041015316 0.080979168 248.397460938
0.086512566 0.149437040 -0.984979272 141.347503662 0.029576518 0.987865031 0.152472615 -37.675731659 0.995811701 -0.042323060 0.081042945 248.466934204
0.086556852 0.154494643 -0.984194815 140.487716675 0.031656269 0.986977041 0.157715470 -37.542381287 0.995743930 -0.044807289 0.080538869 248.545745850
0.086841464 0.160199672 -0.983257174 139.628723145 0.032620735 0.985999286 0.163527504 -37.416412354 0.995687962 -0.046275537 0.080399811 248.619049072
0.087186217 0.164376050 -0.982537150 138.770233154 0.032658242 0.985291064 0.167734742 -37.290840149 0.995656610 -0.046712104 0.080535591 248.690429688
0.086609125 0.164537787 -0.982561171 137.917755127 0.028480060 0.985455036 0.167532831 -37.176567078 0.995835364 -0.042493291 0.080663323 248.778457642
0.086696625 0.162535056 -0.982886672 137.045883179 0.023893341 0.985978365 0.165153861 -37.041877747 0.995948315 -0.037802733 0.081597447 248.853897095
0.087235808 0.158661574 -0.983471692 136.176315308 0.024113394 0.986609697 0.161306739 -36.906303406 0.995895922 -0.037786577 0.082241774 248.926422119
0.087068498 0.158342600 -0.983538032 135.308135986 0.024063095 0.986664891 0.160976246 -36.765377045 0.995911837 -0.037682950 0.082097232 249.002304077
0.086752892 0.158253223 -0.983580232 134.445648193 0.024067722 0.986681283 0.160874978 -36.619785309 0.995939255 -0.037628915 0.081788659 249.072204590
0.086387098 0.160663038 -0.983221710 133.574005127 0.025781296 0.986219943 0.163418174 -36.493938446 0.995928109 -0.039465960 0.081054568 249.151351929
0.086034358 0.160262138 -0.983318031 132.705184937 0.026119851 0.986275375 0.163029492 -36.355674744 0.995949805 -0.039710261 0.080667555 249.215515137
0.085467100 0.161541879 -0.983158052 131.850631714 0.022858799 0.986190915 0.164027363 -36.222324371 0.996078789 -0.036492750 0.080594182 249.276412964
0.085850418 0.163325787 -0.982829869 130.977340698 0.023865379 0.985851645 0.165912613 -36.084163666 0.996022284 -0.037699297 0.080737948 249.338394165
0.086685121 0.163315296 -0.982758343 130.130874634 0.027672447 0.985696197 0.166244417 -35.951416016 0.995851457 -0.041606274 0.080925882 249.406661987
0.086347342 0.158728957 -0.983539164 129.294494629 0.028304793 0.986436963 0.161681592 -35.830249786 0.995862901 -0.041799642 0.080683410 249.469238281
0.085391760 0.149863169 -0.985012412 128.455474854 0.029114630 0.987825811 0.152815208 -35.710754395 0.995922089 -0.041727450 0.079989016 249.534347534
0.083621681 0.145795420 -0.985774517 127.614044189 0.031769920 0.988346159 0.148870781 -35.587848663 0.995991111 -0.043766811 0.078015268 249.607360840
0.082828641 0.149302796 -0.985316336 126.782623291 0.035803750 0.987629533 0.152663112 -35.466476440 0.995920479 -0.047922917 0.076458454 249.683303833
0.081864715 0.155650452 -0.984414160 125.936714172 0.033481684 0.986742437 0.158802971 -35.352092743 0.996080935 -0.045960207 0.075567961 249.747528076
0.080745995 0.155896261 -0.984467626 125.115127563 0.029516116 0.986885548 0.158700079 -35.231742859 0.996297598 -0.041872062 0.075085580 249.802749634
0.079925895 0.152885303 -0.985006690 124.311737061 0.030339945 0.987336934 0.155708864 -35.115592957 0.996339083 -0.042330232 0.074275255 249.859878540
0.079133391 0.151508227 -0.985283256 123.532241821 0.035420347 0.987331390 0.154667959 -35.003948212 0.996234536 -0.047138471 0.072764397 249.928359985
0.077683270 0.153973103 -0.985016525 122.762763977 0.035236731 0.986960888 0.157055974 -34.901966095 0.996355236 -0.046909388 0.071244895 249.983551025
0.076584578 0.157024801 -0.984620810 122.042259216 0.035407446 0.986469805 0.160073727 -34.811656952 0.996434212 -0.047122099 0.069988549 250.017776489
0.074031770 0.155971259 -0.984983504 121.307792664 0.038549241 0.986507952 0.159110054 -34.699996948 0.996510684 -0.049749579 0.067020357 250.066421509
0.070372045 0.156067863 -0.985236406 120.625091553 0.039655898 0.986466467 0.159095213 -34.606475830 0.996732354 -0.050266307 0.063230634 250.109542847
0.065317810 0.157581806 -0.985343516 119.954513550 0.036867626 0.986396790 0.160194203 -34.509731293 0.997183383 -0.046790835 0.058619618 250.137451172
0.059004426 0.157673970 -0.985727072 119.314193726 0.036467146 0.986447692 0.159972161 -34.410404205 0.997591615 -0.045385744 0.052454829 250.150817871
0.050599158 0.160737410 -0.985699356 118.682891846 0.034366161 0.986098886 0.162566692 -34.323310852 0.998127639 -0.042100444 0.044371843 250.168029785
0.041419685 0.162042648 -0.985914171 118.056571960 0.033930056 0.985963643 0.163476229 -34.234569550 0.998565614 -0.040223263 0.035340190 250.181915283
0.030524731 0.158872381 -0.986827254 117.460319519 0.033021271 0.986588001 0.159855306 -34.144435883 0.998988509 -0.037465852 0.024869204 250.187973022
0.017925978 0.152783364 -0.988097191 116.881576538 0.037169009 0.987470984 0.153360873 -34.068408966 0.999148250 -0.039475746 0.012022614 250.195556641
0.001937866 0.146117121 -0.989265382 116.306762695 0.044231661 0.988286555 0.146059200 -33.990356445 0.999019444 -0.044039894 -0.004547834 250.192626953
-0.019720078 0.142644435 -0.989577532 115.725242615 0.049610093 0.988690376 0.141527951 -33.904308319 0.998574018 -0.046302099 -0.026573658 250.177734375
-0.047178745 0.143830925 -0.988477170 115.171722412 0.051999401 0.988590837 0.141365618 -33.829685211 0.997532189 -0.044730764 -0.054119706 250.135864258
-0.078567982 0.148645103 -0.985764623 114.599281311 0.052130319 0.988080919 0.144839481 -33.750438690 0.995544910 -0.040008500 -0.085380435 250.072357178
-0.111591458 0.152769268 -0.981941640 114.035865784 0.052393891 0.987643123 0.147702098 -33.671714783 0.992372215 -0.034965467 -0.118216753 249.984359741
-0.146471500 0.156194717 -0.976805568 113.472518921 0.053576387 0.987258732 0.149832442 -33.593761444 0.987762809 -0.030387525 -0.152973652 249.880554199
-0.182572722 0.158709317 -0.970298350 112.932174683 0.054020151 0.987013936 0.151278973 -33.520175934 0.981707394 -0.024796277 -0.188775301 249.750946045
-0.218364239 0.160088032 -0.962646723 112.390876770 0.055648878 0.986890078 0.151496440 -33.441673279 0.974279284 -0.020488799 -0.224410295 249.600906372
-0.253173113 0.160755545 -0.953971267 111.836517334 0.057777476 0.986849606 0.150962472 -33.364387512 0.965694189 -0.016898416 -0.259131908 249.442993164
-0.287008882 0.160974190 -0.944305599 111.299293518 0.060374808 0.986859381 0.149878144 -33.283329010 0.956023395 -0.013995901 -0.292956233 249.251708984
-0.321084142 0.160698682 -0.933317363 110.755180359 0.060976487 0.986961722 0.148957804 -33.204372406 0.945085824 -0.009082451 -0.326696634 249.042053223
-0.353969812 0.157651559 -0.921873748 110.226814270 0.059954140 0.987488091 0.145851940 -33.137535095 0.933333099 -0.003642954 -0.358992815 248.804824829
-0.385220885 0.153988212 -0.909886062 109.671257019 0.056887038 0.988066912 0.143135041 -33.039810181 0.921069443 0.003377877 -0.389383912 248.564651489
-0.410780311 0.153674006 -0.898690045 109.144950867 0.055282466 0.988077402 0.143690094 -32.960857391 0.910056770 0.009343266 -0.414378285 248.299606323
-0.430812478 0.157330036 -0.888621390 108.598136902 0.057971559 0.987476826 0.146727175 -32.875278473 0.900577605 0.011697128 -0.434538007 248.018737793
-0.447121263 0.162592083 -0.879571557 108.042930603 0.058530930 0.986551106 0.152614027 -32.785678864 0.892556071 0.016754843 -0.450624585 247.728881836
-0.459766865 0.166893944 -0.872216225 107.493453979 0.057169046 0.985706627 0.158474535 -32.695087433 0.886197686 0.022997558 -0.462736368 247.425125122
-0.471267462 0.165163279 -0.866388202 106.917724609 0.052628502 0.985825598 0.159305185 -32.598270416 0.880419016 0.029478617 -0.473279834 247.111495972
-0.480261445 0.164487854 -0.861564279 106.343048096 0.050324243 0.985808074 0.160156012 -32.500110626 0.875680685 0.033559151 -0.481723309 246.789611816
-0.484464407 0.164565250 -0.859192967 105.759323120 0.051495153 0.985808551 0.159780473 -32.387775421 0.873294115 0.033163682 -0.486063480 246.463623047
-0.486460209 0.166085482 -0.857771754 105.156486511 0.056124397 0.985678494 0.159022033 -32.287090302 0.871898413 0.029215954 -0.488814831 246.135055542
-0.487696052 0.168539181 -0.856590629 104.552017212 0.062218685 0.985403121 0.158459887 -32.186267853 0.870793819 0.023984283 -0.491063476 245.796951294
-0.489069581 0.167104959 -0.856088221 103.909118652 0.064238094 0.985712051 0.155708805 -32.073619843 0.869876206 0.021158949 -0.492816329 245.453643799
-0.489018798 0.164672762 -0.856588125 103.293434143 0.067966834 0.986226141 0.150793001 -31.971260071 0.869621038 0.015521064 -0.493475437 245.103408813
-0.488543987 0.163245142 -0.857132554 102.637664795 0.073458567 0.986549973 0.146023840 -31.866815567 0.869441748 0.008375309 -0.493964791 244.743850708
-0.488194585 0.162608162 -0.857452691 101.975418091 0.075749069 0.986676276 0.143986210 -31.761686325 0.869441569 0.005342022 -0.494007468 244.372558594
-0.487486839 0.165425211 -0.857316136 101.313079834 0.077026822 0.986207664 0.146496773 -31.661060333 0.869726062 0.005378917 -0.493505478 243.998092651
-0.486296415 0.169731870 -0.857150376 100.635658264 0.076447636 0.985455513 0.151766807 -31.538503647 0.870443285 0.008276545 -0.492199183 243.606369019
-0.484385610 0.172957882 -0.857587337 99.945640564 0.077328816 0.984890401 0.154955164 -31.431503296 0.871430278 0.008741841 -0.490441442 243.206268311
-0.482234836 0.168554679 -0.859673858 99.245735168 0.075031102 0.985656559 0.151167125 -31.321701050 0.872823119 0.008395761 -0.487964749 242.798385620
-0.479208827 0.160492212 -0.862902999 98.523803711 0.073379084 0.987023830 0.142826900 -31.203357697 0.874628425 0.005124852 -0.484767318 242.390060425
-0.475491285 0.157015726 -0.865594685 97.794158936 0.076487154 0.987595618 0.137130082 -31.081304550 0.876389086 -0.001002714 -0.481602788 241.996139526
-0.471051335 0.159821928 -0.867506623 97.031608582 0.081704579 0.987126946 0.137494624 -30.956106186 0.878313780 -0.006112225 -0.478045702 241.590728760
-0.466324568 0.165232137 -0.869045436 96.260192871 0.086780056 0.986207068 0.140942514 -30.858442307 0.880346954 -0.009690858 -0.474231482 241.181076050
-0.462653995 0.169130743 -0.870256603 95.461875916 0.088131309 0.985545337 0.144683465 -30.745948792 0.882147729 -0.009758502 -0.470872164 240.764358521
-0.458473682 0.172092974 -0.871886492 94.671913147 0.089813828 0.985021293 0.147195727 -30.624465942 0.884158134 -0.010822110 -0.467062593 240.340225220
-0.454918146 0.176486343 -0.872870088 93.836242676 0.091683120 0.984238982 0.151221156 -30.489156723 0.885801196 -0.011234201 -0.463929057 239.908691406
-0.452373147 0.177104205 -0.874066949 93.014122009 0.090044491 0.984145463 0.152805954 -30.354330063 0.887271643 -0.009579629 -0.461148262 239.477569580
-0.449236989 0.176837042 -0.875736654 92.153587341 0.096929267 0.984076381 0.148991078 -30.218355179 0.888138950 -0.017952204 -0.459224224 239.045410156
-0.446506262 0.176849246 -0.877129793 91.322982788 0.105836689 0.983830452 0.144485965 -30.093635559 0.888499260 -0.028318644 -0.458003521 238.622329712
-0.446694970 0.169466004 -0.878490269 90.454154968 0.105588809 0.985020816 0.136326611 -29.959331512 0.888433993 -0.031862341 -0.457897544 238.181198120
-0.446204066 0.166288942 -0.879346192 89.592483521 0.109336048 0.985354006 0.130855471 -29.837854385 0.888227046 -0.037755962 -0.457850337 237.736755371
-0.446130514 0.166048884 -0.879429042 88.703826904 0.111998051 0.985271215 0.129217297 -29.708274841 0.887932479 -0.040846571 -0.458156705 237.289077759
-0.446577787 0.169931069 -0.878459752 87.817588806 0.105283305 0.984958708 0.137010127 -29.580570221 0.888528883 -0.031301469 -0.457751632 236.820419312
-0.447486639 0.178894997 -0.876215041 86.902763367 0.101764947 0.983609498 0.148849770 -29.439741135 0.888481915 -0.022559717 -0.458357334 236.341064453
-0.449286819 0.186472178 -0.873710215 86.004478455 0.100174665 0.982322097 0.158140063 -29.297222137 0.887753546 -0.016473375 -0.460024118 235.862762451
-0.451370478 0.186431378 -0.872644365 85.098701477 0.101020038 0.982320666 0.157610536 -29.147357941 0.886600077 -0.017013833 -0.462223887 235.387252808
-0.453515649 0.179232940 -0.873040199 84.198989868 0.105247751 0.983486116 0.147234470 -29.000465393 0.885012150 -0.025112376 -0.464890242 234.914794922
-0.455802083 0.171348736 -0.873432577 83.321205139 0.106547996 0.984742820 0.137583226 -28.864877701 0.883681118 -0.030351788 -0.467104673 234.444366455
-0.458038926 0.169152707 -0.872690141 82.433265686 0.108048141 0.985043406 0.134220093 -28.739871979 0.882341444 -0.032814540 -0.469464898 233.964965820
-0.460495591 0.170648113 -0.871104419 81.544487000 0.108029678 0.984826446 0.135817885 -28.610351562 0.881063759 -0.031561594 -0.471943378 233.477081299
-0.463260531 0.173394337 -0.869094014 80.648262024 0.106728867 0.984450817 0.139518797 -28.484733582 0.879772067 -0.028123878 -0.474563479 232.993438721
-0.465000868 0.179304361 -0.866962492 79.715499878 0.106854491 0.983483374 0.146090999 -28.337209702 0.878838003 -0.024706382 -0.476480126 232.496185303
-0.466061234 0.185907364 -0.865000486 78.832412720 0.106170975 0.982361674 0.153926104 -28.196971893 0.878359318 -0.020098977 -0.477578640 232.007080078
-0.467221379 0.184880659 -0.864594400 77.957191467 0.103439048 0.982607305 0.154218167 -28.054872513 0.878068745 -0.017378800 -0.478219032 231.507095337
-0.468353033 0.177961633 -0.865433574 77.112251282 0.101234242 0.983863235 0.147529006 -27.920942307 0.877722740 -0.018515855 -0.478811145 231.027832031
-0.468785644 0.172562897 -0.866292357 76.239540100 0.103193194 0.984715283 0.140310436 -27.789936066 0.877263665 -0.023619972 -0.479427695 230.549743652
-0.469751120 0.171231180 -0.866033375 75.331016541 0.102633774 0.984949291 0.139072806 -27.659605026 0.876812518 -0.023554653 -0.480255127 230.058578491
-0.469262004 0.176077619 -0.865326464 74.460533142 0.104992524 0.984093249 0.143307522 -27.530826569 0.876795232 -0.023604032 -0.480284452 229.583587646
-0.469036579 0.182252079 -0.864169657 73.586029053 0.104425125 0.983056843 0.150647491 -27.405687332 0.876983702 -0.019581847 -0.480121374 229.090118408
-0.468618989 0.183963224 -0.864033461 72.734489441 0.105058774 0.982741177 0.152257666 -27.273992538 0.877131104 -0.019423470 -0.479858160 228.618576050
-0.467645407 0.180956155 -0.865195215 71.864761353 0.104822069 0.983266592 0.148993641 -27.129720688 0.877678931 -0.021015361 -0.478788376 228.137664795
-0.466939926 0.176197648 -0.866557360 70.995018005 0.104576401 0.984074175 0.143741995 -26.997856140 0.878083706 -0.023502573 -0.477929711 227.676605225
-0.466005206 0.173949331 -0.867514312 70.132858276 0.106993414 0.984367132 0.139906093 -26.869495392 0.878289163 -0.027621355 -0.477331638 227.211288452
-0.465348482 0.168304116 -0.868979275 69.270149231 0.110362828 0.985127091 0.131699130 -26.740592957 0.878220499 -0.034617025 -0.477002025 226.755401611
-0.464716911 0.167147711 -0.869540274 68.401016235 0.111074284 0.985268712 0.130031198 -26.610923767 0.878465235 -0.036155887 -0.476436853 226.289306641
-0.463283777 0.173282474 -0.869103968 67.541458130 0.114266962 0.984191120 0.135317624 -26.485498428 0.878812611 -0.036619432 -0.475760221 225.829681396
-0.461795330 0.181688622 -0.868178666 66.677406311 0.118643925 0.982652962 0.142537057 -26.359834671 0.879015625 -0.037181154 -0.475340843 225.374206543
-0.461218238 0.181650713 -0.868493378 65.807807922 0.118156120 0.982675672 0.142785177 -26.237632751 0.879384339 -0.036762666 -0.474691153 224.919967651
-0.460624814 0.181230336 -0.868896067 64.966430664 0.119264342 0.982693076 0.141740397 -26.111593246 0.879545748 -0.038339168 -0.474267244 224.466659546
-0.460177779 0.182460099 -0.868875802 64.131202698 0.124683350 0.982237041 0.140230179 -25.995300293 0.879028380 -0.043803550 -0.474753380 224.032791138
-0.460263848 0.181758866 -0.868977249 63.298358917 0.126830444 0.982239723 0.138272181 -25.872699738 0.878676116 -0.046571109 -0.475142002 223.587509155
-0.461043119 0.180526823 -0.868820727 62.464027405 0.127572477 0.982401192 0.136430174 -25.749931335 0.878159821 -0.047937442 -0.475959539 223.135543823
-0.461586833 0.185753435 -0.867429018 61.611640930 0.132371157 0.981306076 0.139700398 -25.626337051 0.877163172 -0.050338704 -0.477546334 222.678939819
-0.462918639 0.192354918 -0.865278065 60.781303406 0.135757744 0.980038762 0.145237148 -25.504980087 0.875943124 -0.050235223 -0.479791880 222.231079102
-0.465264201 0.192428976 -0.864002466 59.961273193 0.134777874 0.980103970 0.145709172 -25.379379272 0.874850869 -0.048655126 -0.481942534 221.781890869
-0.467570543 0.192013979 -0.862849176 59.156902313 0.136128098 0.980119348 0.144344077 -25.260879517 0.873411238 -0.049966980 -0.484413505 221.334533691
-0.470718265 0.192541912 -0.861018181 58.350158691 0.135819659 0.980078101 0.144913733 -25.132919312 0.871767044 -0.048729658 -0.487491608 220.883529663
-0.474039435 0.194649473 -0.858718872 57.554603577 0.133877143 0.979853392 0.148203209 -25.005550385 0.870266318 -0.044708669 -0.490548253 220.432983398
-0.477008343 0.194007486 -0.857218802 56.778781891 0.131474584 0.980109513 0.148659959 -24.885927200 0.869009435 -0.041790444 -0.493027449 219.980895996
-0.480026364 0.191280648 -0.856146276 56.007316589 0.129795834 0.980683625 0.146330595 -24.767438889 0.867598832 -0.040881675 -0.495581388 219.532485962
-0.482571483 0.190092787 -0.854979277 55.246070862 0.130840585 0.980855942 0.144230053 -24.652456284 0.866028666 -0.042264681 -0.498204947 219.095550537
-0.484949946 0.188837796 -0.853911161 54.502082825 0.130540162 0.981100917 0.142829314 -24.542350769 0.864744663 -0.042204645 -0.500435829 218.673904419
-0.486442327 0.187195539 -0.853423715 53.784080505 0.127676964 0.981522739 0.142519176 -24.439001083 0.864333749 -0.039635200 -0.501354814 218.248703003
-0.488296032 0.185589164 -0.852715790 53.057884216 0.125961185 0.981881499 0.141571537 -24.340566635 0.863539994 -0.038280297 -0.502825856 217.853317261
-0.489267111 0.186519518 -0.851955593 52.350109100 0.125610515 0.981748700 0.142798781 -24.239021301 0.863041103 -0.037147842 -0.503766179 217.454910278
-0.489786386 0.187196657 -0.851508498 51.667278290 0.123189941 0.981737554 0.144967720 -24.134777069 0.863095284 -0.033894066 -0.503902435 217.060699463
-0.491153955 0.185378909 -0.851118445 50.982364655 0.120223880 0.982167542 0.144544780 -23.997026443 0.862736464 -0.031331033 -0.504682422 216.721450806
-0.494312644 0.184926808 -0.849386334 50.270000458 0.119564556 0.982286990 0.144279391 -23.870971680 0.861022353 -0.030237373 -0.507667542 216.463394165
-0.492261171 0.186199725 -0.850299180 49.616119385 0.120091289 0.982039094 0.145524234 -23.763799667 0.862123549 -0.030477609 -0.505780578 216.141555786
-0.487831593 0.186791673 -0.852719009 48.999301910 0.118454918 0.981967509 0.147337347 -23.667591095 0.864863694 -0.029132962 -0.501161098 215.804641724
-0.481969237 0.186035082 -0.856210470 48.399414062 0.116113916 0.982142091 0.148035467 -23.567411423 0.868460178 -0.028069399 -0.494963527 215.482696533
-0.473574281 0.184467763 -0.861219585 47.810794830 0.113182336 0.982459545 0.148199007 -23.470081329 0.873451412 -0.027291626 -0.486146092 215.168701172
-0.462430358 0.181962103 -0.867783248 47.231349945 0.111557059 0.982878029 0.146648571 -23.373615265 0.879609525 -0.028992582 -0.474811792 214.879745483
-0.448573947 0.180518225 -0.875325501 46.666709900 0.110744193 0.983068645 0.145985529 -23.296878815 0.886858046 -0.031451914 -0.460970283 214.619918823
-0.430106044 0.179634511 -0.884726048 46.119747162 0.111146331 0.983084619 0.145571858 -23.192525864 0.895910263 -0.035722721 -0.442796350 214.356536865
-0.410459638 0.179799289 -0.893977225 45.576217651 0.108578824 0.983030438 0.147857204 -23.111610413 0.905391514 -0.036377590 -0.423016787 214.121566772
-0.388161302 0.179050311 -0.904031098 45.029273987 0.104526922 0.983168840 0.149843752 -23.012742996 0.915644825 -0.036332052 -0.400343776 213.904556274
-0.362480640 0.179011464 -0.914638042 44.483345032 0.098003864 0.983260691 0.153602228 -22.924163818 0.926824212 -0.033960227 -0.373956800 213.686752319
-0.334371448 0.178421825 -0.925398052 43.931549072 0.092340358 0.983393490 0.156238601 -22.833215714 0.937906802 -0.033209864 -0.345294237 213.503143311
-0.302238703 0.177092552 -0.936637700 43.375362396 0.088144183 0.983573496 0.157524079 -22.746313095 0.949148357 -0.034949310 -0.312883615 213.337493896
-0.267202854 0.172641829 -0.948049426 42.819450378 0.079247758 0.984425068 0.156930357 -22.662752151 0.960376382 -0.033198554 -0.276722670 213.193222046
-0.230082631 0.166080743 -0.958894908 42.263942719 0.067608871 0.985677302 0.154497027 -22.571510315 0.970819890 -0.029282726 -0.238015771 213.070388794
-0.190192342 0.161489546 -0.968374014 41.709018707 0.056753345 0.986537397 0.153371990 -22.488227844 0.980105162 -0.025788300 -0.196797013 212.980087280
-0.146436453 0.158088744 -0.976506114 41.155525208 0.044241078 0.987206459 0.153186664 -22.414110184 0.988230228 -0.020769566 -0.151556969 212.913650513
-0.097468853 0.154529005 -0.983168602 40.594028473 0.029163770 0.987891555 0.152380109 -22.334281921 0.994811177 -0.013820589 -0.100795388 212.862121582
-0.045782924 0.150369465 -0.987569332 40.045391083 0.011357635 0.988620281 0.150002986 -22.256235123 0.998886943 -0.004348896 -0.046969771 212.854080200
0.010668337 0.152506396 -0.988245010 39.488868713 0.005010054 0.988280594 0.152565986 -22.180576324 0.999930620 -0.006578796 0.009779215 212.889816284
0.068344951 0.154456884 -0.985632896 38.928424835 -0.004052870 0.987977684 0.154543310 -22.097127914 0.997653604 -0.006567635 0.068149269 212.967285156
0.129103184 0.159221321 -0.978765011 38.367221832 -0.014587305 0.987223387 0.158673167 -22.014961243 0.991523862 -0.006207667 0.129776299 213.069396973
0.190198541 0.161100119 -0.968437672 37.810184479 -0.021519534 0.986891568 0.159943581 -21.926511765 0.981509924 -0.009580724 0.191172183 213.208999634
0.248878956 0.160382122 -0.955163240 37.267841339 -0.027434774 0.986965895 0.158573687 -21.844135284 0.968145967 -0.013260953 0.250035107 213.390029907
0.304523826 0.154813424 -0.939839363 36.751888275 -0.032761108 0.987821698 0.152102083 -21.762874603 0.951941133 -0.015528530 0.305887103 213.597366333
0.356942534 0.148156509 -0.922302485 36.319671631 -0.043668866 0.988909304 0.141955703 -21.684455872 0.933105111 -0.010394149 0.359453619 213.793792725
0.407138407 0.142202407 -0.902228773 35.857772827 -0.060053412 0.989836156 0.128910795 -21.627630234 0.911390126 0.001697391 0.411540031 214.015518188
0.456816971 0.133482799 -0.879488885 35.370395660 -0.064558342 0.991045356 0.116881713 -21.548732758 0.887215078 0.003384780 0.461343765 214.297012329
0.506116211 0.122962676 -0.853654802 34.927177429 -0.058485977 0.992399335 0.108272538 -21.445596695 0.860479891 -0.004871652 0.509460986 214.603332520
0.553340912 0.114420868 -0.825058639 34.490509033 -0.053281836 0.993353784 0.102025941 -21.336874008 0.831249058 -0.012494508 0.555759907 214.986755371
0.597799063 0.115242034 -0.793319285 34.008148193 -0.057455674 0.993227363 0.100986555 -21.275756836 0.799584329 -0.014788967 0.600371659 215.378509521
0.638001263 0.111838594 -0.761870384 33.529991150 -0.059227332 0.993592858 0.096256420 -21.209856033 0.767754197 -0.016288165 0.640537381 215.821136475
0.675053954 0.112954617 -0.729070187 33.106098175 -0.063518003 0.993439078 0.095101193 -21.177406311 0.735028982 -0.017889354 0.677799702 216.260482788
0.709164083 0.111997046 -0.696091294 32.679645538 -0.066759966 0.993533373 0.091840014 -21.117561340 0.701875687 -0.018658619 0.712055087 216.734832764
0.740228057 0.109962985 -0.663302839 32.283317566 -0.070146814 0.993781984 0.086468205 -21.055259705 0.668686688 -0.017477620 0.743338823 217.227081299
0.768241763 0.107537828 -0.631062865 31.883701324 -0.073508851 0.994087815 0.079911977 -21.012954712 0.635925412 -0.015003022 0.771604717 217.749603271
0.792465091 0.095411263 -0.602408230 31.489393234 -0.067800917 0.995347679 0.068454430 -20.972747803 0.606136978 -0.013403911 0.795247316 218.310226440
0.811330020 0.086579487 -0.578141570 31.110940933 -0.065128013 0.996202171 0.057789236 -20.928253174 0.580949187 -0.009232936 0.813887477 218.880798340
0.827117562 0.084702954 -0.555609524 30.714868546 -0.066358551 0.996381223 0.053113043 -20.888790131 0.558097780 -0.007061290 0.829745173 219.480026245
0.839404285 0.085929245 -0.536671877 30.379238129 -0.066205695 0.996235549 0.055960495 -20.826499939 0.539460182 -0.011442754 0.841933370 220.073226929
0.849185288 0.090212867 -0.520332575 29.999088287 -0.066159084 0.995711863 0.064659975 -20.772554398 0.523934484 -0.020483574 0.851512253 220.712356567
0.856944501 0.097203180 -0.506159782 29.643085480 -0.069487289 0.994877934 0.073412679 -20.734222412 0.510703087 -0.027738927 0.859309554 221.349548340
0.863358617 0.095921367 -0.495389700 29.295436859 -0.066831321 0.994853437 0.076158851 -20.688747406 0.500145435 -0.032644857 0.865325868 221.993225098
0.868269682 0.088003904 -0.488224417 28.917938232 -0.058787968 0.995457828 0.074884355 -20.628671646 0.492596954 -0.036318105 0.869499445 222.657867432
0.871099710 0.081904009 -0.484228224 28.583444595 -0.054142475 0.996001005 0.071067683 -20.591310501 0.488112539 -0.035689726 0.872050703 223.306900024
0.873088717 0.078032568 -0.481276482 28.196058273 -0.052285898 0.996402085 0.066700928 -20.540489197 0.484749764 -0.033071853 0.874027431 223.979537964
0.873611331 0.075036861 -0.480804205 27.836360931 -0.050668888 0.996695697 0.063485309 -20.499803543 0.483979225 -0.031099671 0.874526680 224.652923584
0.873738289 0.073672481 -0.480784506 27.474245071 -0.048515733 0.996733487 0.064564832 -20.455471039 0.483970672 -0.033087149 0.874458492 225.331665039
0.874122381 0.075931922 -0.479733676 27.103828430 -0.049408123 0.996481836 0.067695975 -20.416128159 0.483186215 -0.035471823 0.874798775 226.026412964
0.874324560 0.072558150 -0.479887366 26.716596603 -0.044449516 0.996577442 0.069696598 -20.378011703 0.483301997 -0.039606694 0.874557376 226.732971191
0.873800457 0.068791352 -0.481394321 26.373323441 -0.043244097 0.997013867 0.063979186 -20.341953278 0.484358042 -0.035087578 0.874166012 227.402450562
0.873790503 0.062733233 -0.482239276 25.958080292 -0.040741716 0.997601748 0.055953681 -20.287660599 0.484592885 -0.029244542 0.874250829 228.123474121
0.873671234 0.052602965 -0.483664662 25.597404480 -0.032432806 0.998223424 0.049980707 -20.265644073 0.485434562 -0.027980104 0.873825192 228.813735962
0.873131156 0.042553931 -0.485624492 25.234003067 -0.022390639 0.998632133 0.047250003 -20.227497101 0.486970901 -0.030382007 0.872889638 229.524719238
0.872577965 0.035631187 -0.487173617 24.856754303 -0.014286336 0.998770952 0.047460396 -20.205051422 0.488265932 -0.034452971 0.872014523 230.250839233
0.871671796 0.034610134 -0.488866419 24.463172913 -0.010291818 0.998576045 0.052345105 -20.175970078 0.489981979 -0.040596426 0.870786786 230.985824585
0.870295882 0.039347596 -0.490954995 24.063968658 -0.011378854 0.998143971 0.059825443 -20.136590958 0.492397785 -0.046479329 0.869128346 231.718872070
0.869033813 0.046358116 -0.492576033 23.670122147 -0.014389573 0.997547626 0.068495832 -20.092880249 0.494543403 -0.052437238 0.867569685 232.448303223
0.867800951 0.053922813 -0.493977606 23.224132538 -0.020582560 0.997142196 0.072689831 -20.034126282 0.496485531 -0.052912980 0.866430819 233.212249756
0.866992474 0.062743336 -0.494355500 22.798379898 -0.028543558 0.996665776 0.076437078 -19.981912613 0.497503102 -0.052159704 0.865892649 233.957412720
0.865979731 0.070671983 -0.495060235 22.347408295 -0.037057951 0.996310830 0.077404380 -19.934169769 0.498704165 -0.048684705 0.865403950 234.714736938
0.865559459 0.070057854 -0.495881736 21.914413452 -0.039413329 0.996625125 0.072006769 -19.885641098 0.499252856 -0.042781796 0.865399539 235.474258423
0.864974260 0.067585841 -0.497244090 21.471105576 -0.041950136 0.997159123 0.062560923 -19.832284927 0.500059724 -0.033254132 0.865352213 236.248703003
0.864769697 0.066079818 -0.497802019 21.031370163 -0.043572679 0.997439444 0.056709856 -19.774566650 0.500274718 -0.027350396 0.865434647 237.026367188
0.864704907 0.067366354 -0.497742087 20.595216751 -0.045093372 0.997375250 0.056649972 -19.721380234 0.500251949 -0.026540641 0.865473032 237.819702148
0.864908278 0.073877119 -0.496463329 20.122497559 -0.049360994 0.996833503 0.062341880 -19.678224564 0.499496907 -0.029414091 0.865816176 238.626678467
0.865369380 0.079998232 -0.494708061 19.663349152 -0.054101489 0.996320248 0.066475734 -19.621509552 0.498205602 -0.030761626 0.866513073 239.437240601
0.865811050 0.084376514 -0.493205667 19.162662506 -0.056294426 0.995847583 0.071543813 -19.557523727 0.497194290 -0.034178700 0.866965771 240.296997070
0.866176128 0.089541689 -0.491651624 18.674085617 -0.059988078 0.995332956 0.075589225 -19.487739563 0.496125430 -0.035980351 0.867505074 241.145629883
0.866303086 0.094115376 -0.490572363 18.227785110 -0.064794645 0.994965017 0.076461121 -19.440177917 0.495298475 -0.034452051 0.868039429 241.983200073
0.867013812 0.090413861 -0.490012646 17.682611465 -0.064564787 0.995494366 0.069442965 -19.388633728 0.494083464 -0.028570449 0.868944883 242.874191284
0.866957903 0.084782742 -0.491116971 17.182693481 -0.064284615 0.996215522 0.058498941 -19.326578140 0.494218022 -0.019144855 0.869127154 243.740280151
0.866713941 0.081504211 -0.492101610 16.703945160 -0.061799958 0.996505022 0.056200724 -19.270822525 0.494962335 -0.018298093 0.868721724 244.607727051
0.865696430 0.087781422 -0.492812425 16.182285309 -0.063261218 0.995795846 0.066247031 -19.222442627 0.496555835 -0.026173906 0.867610097 245.516006470
0.865122676 0.093895569 -0.492692947 15.677715302 -0.064730659 0.995007277 0.075963765 -19.168935776 0.497365713 -0.033825640 0.866881311 246.406921387
0.864601612 0.094903536 -0.493413955 15.156085968 -0.065146588 0.994884849 0.077201396 -19.103511810 0.498216778 -0.034604222 0.866361737 247.304122925
0.863876104 0.092332453 -0.495169461 14.672576904 -0.065100104 0.995276988 0.072011583 -19.046665192 0.499479771 -0.029973499 0.865806878 248.181015015
0.863486946 0.087765366 -0.496676475 14.151698112 -0.062801063 0.995789409 0.066779740 -18.977119446 0.500446081 -0.026471617 0.865362883 249.095932007
0.862568498 0.088965841 -0.498056918 13.647265434 -0.065049537 0.995749116 0.065209366 -18.915964127 0.501741111 -0.023849180 0.864688993 249.989517212
0.862226188 0.090290770 -0.498411059 13.106655121 -0.065310881 0.995587945 0.067373395 -18.866853714 0.502295256 -0.025539447 0.864318967 250.918457031
0.861906528 0.091159299 -0.498805672 12.597383499 -0.064930335 0.995450675 0.069727965 -18.795425415 0.502892792 -0.027711375 0.863904476 251.809875488
0.861473799 0.094832994 -0.498868346 12.054669380 -0.067761131 0.995089412 0.072149046 -18.735799789 0.503260732 -0.028350623 0.863669395 252.719177246
0.861208975 0.097523630 -0.498806775 11.528875351 -0.069143623 0.994774938 0.075113170 -18.664041519 0.503525794 -0.030198833 0.863452256 253.617858887
0.861145198 0.098223299 -0.498779625 10.986729622 -0.068525478 0.994629920 0.077560201 -18.594318390 0.503719330 -0.032611478 0.863251567 254.541641235
0.861061573 0.097343475 -0.499096453 10.470472336 -0.067735776 0.994716048 0.077148296 -18.535394669 0.503969133 -0.032622740 0.863105357 255.440963745
0.861096799 0.094502598 -0.499581367 9.949088097 -0.066997707 0.995096862 0.072756380 -18.499267578 0.504007518 -0.029179478 0.863206208 256.357452393
0.860740304 0.090968542 -0.500850201 9.429768562 -0.065622829 0.995522201 0.068038285 -18.431644440 0.504796863 -0.025696089 0.862855673 257.260040283
0.860246181 0.090511143 -0.501781106 8.907094955 -0.064971581 0.995554447 0.068191513 -18.369567871 0.505722523 -0.026059981 0.862302542 258.161468506
0.859651506 0.088934086 -0.503080547 8.383587837 -0.064048477 0.995723426 0.066578574 -18.322881699 0.506850183 -0.025012834 0.861671209 259.069152832
0.859053910 0.086268462 -0.504563332 7.863176823 -0.063599713 0.996046603 0.062017642 -18.266092300 0.507918715 -0.021186413 0.861144423 259.950012207
0.858412504 0.086099550 -0.505682588 7.353636742 -0.063821837 0.996079504 0.061256871 -18.213056564 0.508974195 -0.020310076 0.860542119 260.833343506
0.857795835 0.091427386 -0.505793810 6.834093571 -0.065496743 0.995473742 0.068863496 -18.158155441 0.509800434 -0.025942978 0.859901428 261.727325439
0.857623756 0.095686287 -0.505297482 6.290501118 -0.065198138 0.994840264 0.077730618 -18.094633102 0.510128081 -0.033719167 0.859437227 262.639190674
0.857537270 0.096440546 -0.505300999 5.780532360 -0.066030927 0.994779825 0.077801399 -18.028440475 0.510166407 -0.033352114 0.859428823 263.516967773
0.857751369 0.095052660 -0.505200565 5.255759716 -0.068254083 0.995113730 0.071344301 -17.960252762 0.509513438 -0.026713673 0.860047936 264.408630371
0.858019590 0.095472038 -0.504665732 4.710341930 -0.071075007 0.995189309 0.067428783 -17.892574310 0.508675456 -0.021986095 0.860677540 265.310913086
0.858426392 0.097479738 -0.503588915 4.171458721 -0.074172787 0.995047331 0.066175148 -17.844047546 0.507545590 -0.019453898 0.861405253 266.205535889
0.858549953 0.101429507 -0.502597213 3.662380695 -0.077236176 0.994636774 0.068791471 -17.782636642 0.506879210 -0.020242229 0.861779392 267.096405029
0.858839512 0.104508258 -0.501470625 3.140460014 -0.080070876 0.994322062 0.070087537 -17.728343964 0.505948007 -0.020040764 0.862331152 267.981781006
0.858606935 0.108986624 -0.500915289 2.623432398 -0.083697505 0.993830681 0.072768793 -17.660881042 0.505755782 -0.020554442 0.862431824 268.877075195
0.858479619 0.108443886 -0.501251042 2.104296207 -0.084703982 0.993946612 0.069966510 -17.602752686 0.505804241 -0.017606869 0.862468600 269.761718750
0.858404040 0.107147262 -0.501659155 1.594356060 -0.084983334 0.994132876 0.066915125 -17.553377151 0.505885601 -0.014807548 0.862473428 270.633758545
0.858004034 0.108440429 -0.502065539 1.079136014 -0.088343576 0.994049311 0.063728712 -17.493782043 0.505988717 -0.010325231 0.862478375 271.503906250
0.857832789 0.111216843 -0.501750708 0.557587862 -0.089710101 0.993719220 0.066889882 -17.441720963 0.506038547 -0.012368219 0.862422168 272.388580322
0.857905746 0.113771379 -0.501052737 0.039610326 -0.090901032 0.993401945 0.069925174 -17.380046844 0.505702257 -0.014442995 0.862587154 273.279083252
0.857659638 0.118286148 -0.500428140 -0.475248396 -0.093657166 0.992838502 0.074162647 -17.322034836 0.505616724 -0.016737634 0.862595856 274.166564941
0.857484043 0.119473204 -0.500447094 -1.022806168 -0.095150694 0.992711663 0.073958375 -17.262643814 0.505635679 -0.015800251 0.862602413 275.052703857
0.857561290 0.115778752 -0.501182497 -1.535770416 -0.090968139 0.993117869 0.073767923 -17.207509995 0.506274045 -0.017668879 0.862191617 275.934539795
0.857293904 0.110060476 -0.502925277 -2.021271467 -0.085630499 0.993757546 0.071507499 -17.156166077 0.507655978 -0.018237200 0.861366808 276.798095703
0.856426716 0.109239414 -0.504579008 -2.512497663 -0.085010841 0.993855953 0.070876278 -17.104129791 0.509221375 -0.017805649 0.860451341 277.642578125
0.854738355 0.110268101 -0.507211328 -3.014304399 -0.088027135 0.993813813 0.067714959 -17.053987503 0.511540413 -0.013230218 0.859157383 278.496978760
0.854211032 0.107371882 -0.508718848 -3.531057835 -0.083063647 0.994059145 0.070333794 -16.992101669 0.513248444 -0.017823873 0.858054996 279.385894775
0.852281094 0.114552960 -0.510386765 -4.055339336 -0.085777909 0.993124425 0.079662047 -16.927047729 0.516003072 -0.024114549 0.856247246 280.245758057
0.850111961 0.122848228 -0.512072206 -4.547107220 -0.091000006 0.992049992 0.086924039 -16.880344391 0.518679738 -0.027296588 0.854532778 281.079559326
0.848400831 0.122613192 -0.514958262 -5.068484306 -0.090571404 0.992082536 0.087000340 -16.794660568 0.521548510 -0.027170666 0.852788925 281.939331055
0.847094655 0.118681356 -0.518020749 -5.590097427 -0.088435635 0.992634237 0.082803302 -16.725349426 0.524032354 -0.024330745 0.851350784 282.784729004
0.845973253 0.109945357 -0.521767497 -6.124521732 -0.083090082 0.993739963 0.074679062 -16.666128159 0.526711822 -0.019822793 0.849812806 283.642486572
0.844411016 0.103494592 -0.525603354 -6.635887146 -0.079331525 0.994500697 0.068372913 -16.607130051 0.529789150 -0.016037928 0.847977757 284.484283447
0.842723668 0.101008564 -0.528785527 -7.145571232 -0.075460076 0.994706452 0.069748297 -16.549722672 0.533031523 -0.018876348 0.845884800 285.325134277
0.840552449 0.101242341 -0.532185614 -7.671757698 -0.073599838 0.994614840 0.072968177 -16.496271133 0.536707222 -0.022164809 0.843477368 286.158905029
0.837470233 0.099241406 -0.537396312 -8.191854477 -0.073587805 0.994895458 0.069050021 -16.435144424 0.541505814 -0.018281527 0.840498269 286.990966797
0.834847927 0.096278809 -0.541995704 -8.724430084 -0.072910972 0.995251417 0.064487681 -16.386268616 0.545630753 -0.014319982 0.837903380 287.816650391
0.831950605 0.100081794 -0.545748830 -9.246215820 -0.076616116 0.994896770 0.065653324 -16.342924118 0.549534440 -0.012807168 0.835372865 288.625213623
0.829118907 0.104534075 -0.549212575 -9.785511971 -0.076226369 0.994327366 0.074179597 -16.299192429 0.553851366 -0.019639229 0.832383871 289.473236084
0.825726867 0.108083002 -0.553618312 -10.329495430 -0.078328036 0.993932605 0.077218652 -16.235736847 0.558605313 -0.020397684 0.829182744 290.284362793
0.822619736 0.111102819 -0.557631552 -10.833590508 -0.080001637 0.993583798 0.079943545 -16.185968399 0.562935650 -0.021151705 0.826230049 291.059722900
0.820036054 0.112446174 -0.561156690 -11.385143280 -0.082174584 0.993482530 0.078992531 -16.119703293 0.566381752 -0.018663909 0.823931694 291.876007080
0.817351222 0.122041240 -0.563065648 -11.949775696 -0.092718467 0.992431819 0.080512926 -16.053852081 0.568630219 -0.013600763 0.822480917 292.668670654
0.814943850 0.132150352 -0.564272046 -12.496413231 -0.105755493 0.991216898 0.079402983 -15.981672287 0.569809079 -0.005034119 0.821761727 293.453857422
0.813541293 0.140612483 -0.564250588 -13.050854683 -0.114959419 0.990064204 0.080976702 -15.914670944 0.570030689 -0.001011968 0.821622789 294.228851318
0.813043773 0.143071547 -0.564349532 -13.582354546 -0.121150948 0.989692390 0.076363675 -15.860630989 0.569457889 0.006284460 0.821996510 295.009185791
0.813941956 0.143605411 -0.562917411 -14.120128632 -0.123841226 0.989584684 0.073385797 -15.796295166 0.567593038 0.009980597 0.823248744 295.765075684
0.815358400 0.142986983 -0.561021686 -14.668044090 -0.124952100 0.989645481 0.070631273 -15.730274200 0.565311909 0.012511043 0.824782312 296.569549561
0.817128837 0.147810265 -0.557182789 -15.222043037 -0.128224656 0.988957584 0.074305996 -15.663231850 0.562013268 0.010726996 0.827058673 297.394317627
0.820368648 0.147678688 -0.552436709 -15.769215584 -0.126657590 0.989007890 0.076297358 -15.605023384 0.557631731 0.007378329 0.830055714 298.214263916
0.823347390 0.150467783 -0.547228098 -16.286981583 -0.127291024 0.988608599 0.080312073 -15.559224129 0.553078771 0.003532480 0.833121479 299.027374268
0.826402187 0.154252857 -0.541539967 -16.777011871 -0.129167348 0.988031387 0.084319718 -15.494637489 0.548065007 0.000267275 0.836435735 299.820343018
0.828503966 0.161019772 -0.536333680 -17.313871384 -0.136199653 0.986949384 0.085909963 -15.411550522 0.543167353 0.001871709 0.839622378 300.646514893
0.830860496 0.162828773 -0.532125652 -17.863477707 -0.141963869 0.986614406 0.080238655 -15.348878860 0.538067997 0.008875493 0.842854738 301.497955322
0.833354473 0.161087736 -0.528744817 -18.372745514 -0.145427004 0.986787260 0.071427777 -15.273759842 0.533264756 0.017369112 0.845770061 302.324127197
0.835659504 0.161190256 -0.525062799 -18.873750687 -0.148511931 0.986669660 0.066537045 -15.224369049 0.528788686 0.022375764 0.848458529 303.153381348
0.839073777 0.158202827 -0.520506561 -19.400306702 -0.143805802 0.987249970 0.068245143 -15.157965660 0.524666607 0.017589141 0.851126075 304.017700195
0.841932416 0.156099916 -0.516510069 -19.915180206 -0.138657838 0.987684429 0.072480552 -15.099010468 0.521463215 0.010594428 0.853208065 304.866668701
0.844960749 0.150102645 -0.513332784 -20.426691055 -0.132013440 0.988644898 0.071789742 -15.037405014 0.518279612 0.007107299 0.855181694 305.729125977
0.846480131 0.146965161 -0.511734903 -20.949331284 -0.130780175 0.989095151 0.067729801 -14.980756760 0.516108453 0.009592837 0.856469512 306.593414307
0.848204434 0.147565246 -0.508698165 -21.478487015 -0.131725639 0.989002168 0.067254186 -14.905638695 0.513027966 0.009963278 0.858314097 307.468963623
0.849900305 0.149832502 -0.505192757 -21.967956543 -0.133077160 0.988676608 0.069346935 -14.856654167 0.509862661 0.008291636 0.860215843 308.315704346
0.850918710 0.152819097 -0.502577007 -22.468917847 -0.137993664 0.988175392 0.066836886 -14.808711052 0.506848156 0.012479676 0.861945033 309.166931152
0.851509631 0.155380055 -0.500787735 -22.988080978 -0.142980531 0.987696707 0.063338369 -14.758981705 0.504467964 0.017669657 0.863249600 310.033386230
0.852291346 0.155733228 -0.499346137 -23.497882843 -0.140902489 0.987716377 0.067548916 -14.697753906 0.503731966 0.012787746 0.863765359 310.903686523
0.853007913 0.157912374 -0.497434735 -23.992712021 -0.138810813 0.987441897 0.075432181 -14.642518044 0.503099561 0.004705053 0.864215672 311.775451660
0.853222013 0.159622625 -0.496520728 -24.498783112 -0.139561489 0.987173140 0.077536002 -14.574766159 0.502528429 0.003139731 0.864555001 312.657806396
0.853033662 0.158725098 -0.497131646 -24.996406555 -0.142045215 0.987275779 0.071482249 -14.512935638 0.502152026 0.009638399 0.864725649 313.514495850
0.853119671 0.154561803 -0.498294622 -25.491226196 -0.141702548 0.987850726 0.063807160 -14.456678391 0.502102852 0.016174462 0.864656687 314.381347656
0.853470862 0.152513310 -0.498324454 -25.995138168 -0.140178666 0.988161266 0.062347654 -14.397747040 0.501933753 0.016642544 0.864745975 315.237884521
0.854070008 0.152078986 -0.497429818 -26.482131958 -0.136337817 0.988320947 0.068071544 -14.350517273 0.501972556 0.009680619 0.864829421 316.109558105
0.854667783 0.150374666 -0.496921003 -26.965150833 -0.132292643 0.988618791 0.071635038 -14.299412727 0.502037525 0.004514847 0.864834070 316.984649658
0.855158448 0.145809099 -0.497437209 -27.461290359 -0.128174350 0.989303768 0.069637194 -14.238788605 0.502270281 0.004207857 0.864700496 317.852447510
0.855243564 0.144983590 -0.497532099 -27.962572098 -0.127231181 0.989426911 0.069617674 -14.175624847 0.502365053 0.003761515 0.864647448 318.708190918
0.855407834 0.146280006 -0.496869773 -28.441125870 -0.126344219 0.989243209 0.073722839 -14.121444702 0.502309203 -0.000286482 0.864688039 319.553802490
0.855842352 0.146464542 -0.496066570 -28.911499023 -0.124934323 0.989209652 0.076522112 -14.066614151 0.501921654 -0.003515135 0.864905953 320.411071777
0.856490374 0.142997295 -0.495959729 -29.388542175 -0.122970730 0.989721894 0.072998486 -14.018933296 0.501300812 -0.001533970 0.865271747 321.242095947
0.857151985 0.138380498 -0.496126354 -29.828327179 -0.119460434 0.990378976 0.069847897 -13.966983795 0.501018703 -0.000602793 0.865436256 322.056365967
0.858089983 0.133212596 -0.495919347 -30.277109146 -0.114297621 0.991085351 0.068453498 -13.917092323 0.500617266 -0.002056859 0.865666270 322.873596191
0.859037817 0.131724969 -0.494674236 -30.731878281 -0.112604439 0.991281569 0.068418898 -13.868233681 0.499373943 -0.003071912 0.866381109 323.676300049
0.860246480 0.131124735 -0.492729396 -31.139492035 -0.112910710 0.991364360 0.066692472 -13.820711136 0.497219414 -0.001737531 0.867623091 324.458648682
0.861123741 0.136840314 -0.489633143 -31.590154648 -0.119612075 0.990592241 0.066482738 -13.765767097 0.494124293 0.001316167 0.869390249 325.230041504
0.862710714 0.141004100 -0.485641897 -32.011341095 -0.123563215 0.990008056 0.067942813 -13.722970009 0.490369618 0.001392480 0.871513486 326.007324219
0.864451289 0.144793987 -0.481413186 -32.428993225 -0.128522784 0.989453256 0.066814080 -13.682480812 0.486010134 0.004115034 0.873943508 326.762054443
0.866771579 0.144944876 -0.477177113 -32.832916260 -0.131486207 0.989396334 0.061694957 -13.647290230 0.481059641 0.009266781 0.876638889 327.516815186
0.869410813 0.143972829 -0.472648561 -33.240184784 -0.132235333 0.989509821 0.058173656 -13.608425140 0.476065814 0.011924028 0.879328787 328.260650635
0.872056186 0.144020811 -0.467734993 -33.629238129 -0.131188318 0.989534140 0.060097959 -13.562601089 0.471495092 0.008952569 0.881823242 328.991271973
0.875038385 0.144642755 -0.461937606 -34.006347656 -0.128230020 0.989483714 0.066925630 -13.526332855 0.466760039 0.000671774 0.884383738 329.712585449
0.877844810 0.144455135 -0.456641287 -34.363349915 -0.124161303 0.989474416 0.074325986 -13.488165855 0.462571651 -0.008549504 0.886540711 330.419219971
0.880148709 0.141791761 -0.453026921 -34.719463348 -0.120492421 0.989823222 0.075707495 -13.458850861 0.459151238 -0.012047540 0.888276458 331.113403320
0.880981922 0.141006351 -0.451650441 -35.075347900 -0.121811785 0.989976823 0.071469069 -13.421868324 0.457201064 -0.007946622 0.889327884 331.773773193
0.881523132 0.138021901 -0.451516181 -35.402156830 -0.121061310 0.990421593 0.066401891 -13.386446953 0.456356317 -0.003873661 0.889788687 332.417480469
0.881940365 0.133517027 -0.452055722 -35.714363098 -0.117669195 0.991043389 0.063142560 -13.347434998 0.456437439 -0.002494944 0.889752030 333.054870605
0.882613182 0.127576292 -0.452457994 -36.019115448 -0.112821430 0.991827548 0.059576795 -13.322227478 0.456360906 -0.001536308 0.889793456 333.668640137
0.882617116 0.124663390 -0.453261524 -36.331104279 -0.112222053 0.992194891 0.054364357 -13.306177139 0.456501037 0.002883025 0.889718235 334.272033691
0.881845474 0.123598956 -0.455051452 -36.639038086 -0.113526650 0.992300093 0.049520306 -13.278374672 0.457668275 0.007991211 0.889087141 334.878265381
0.880884230 0.123293303 -0.456992030 -36.952003479 -0.113929100 0.992323041 0.048115585 -13.247745514 0.459416032 0.009680424 0.888168454 335.473205566
0.879966021 0.120832078 -0.459412068 -37.261756897 -0.109007232 0.992664635 0.052290894 -13.210903168 0.462360531 0.004065024 0.886682749 336.084808350
0.878447771 0.120143846 -0.462487847 -37.569316864 -0.103738368 0.992741406 0.060851388 -13.187369347 0.466441721 -0.005477035 0.884535015 336.689239502
0.876079559 0.119363777 -0.467158258 -37.888660431 -0.099848814 0.992783487 0.066416211 -13.159973145 0.471714735 -0.011540687 0.881675661 337.284393311
0.872195959 0.117052436 -0.474945217 -38.215332031 -0.097390875 0.993062377 0.065894857 -13.122780800 0.479363352 -0.011217903 0.877544820 337.862457275
0.866756797 0.116345644 -0.484970450 -38.543869019 -0.097072482 0.993167400 0.064771935 -13.094260216 0.489192784 -0.009064227 0.872128606 338.423980713
0.860189259 0.115688980 -0.496679455 -38.868267059 -0.096893638 0.993263960 0.063547686 -13.054475784 0.500685573 -0.006537963 0.865604520 338.984069824
0.853359103 0.111717425 -0.509212554 -39.209297180 -0.092333578 0.993715525 0.063277379 -13.018798828 0.513081610 -0.006980922 0.858311474 339.539093018
0.845382571 0.112056330 -0.522275567 -39.551902771 -0.091199145 0.993671179 0.065576464 -12.974874496 0.526318431 -0.007806126 0.850251734 340.091674805
0.836867213 0.117931336 -0.534551680 -39.923236847 -0.096330449 0.993005753 0.068264142 -12.946611404 0.538863361 -0.005634423 0.842374325 340.644378662
0.827942491 0.124331430 -0.546857297 -40.277236938 -0.102228731 0.992236972 0.070816882 -12.891423225 0.551416814 -0.002727784 0.834225416 341.190032959
0.819587946 0.127912596 -0.558492541 -40.673099518 -0.105592236 0.991785407 0.072193846 -12.854211807 0.563139319 -0.000196721 0.826361954 341.745513916
0.812506318 0.128017247 -0.568722367 -41.076416016 -0.106515892 0.991767883 0.071069069 -12.805415154 0.573138595 0.002833903 0.819453537 342.311462402
0.806387961 0.131445080 -0.576594055 -41.488212585 -0.111589432 0.991291523 0.069920972 -12.753252983 0.580763519 0.007958371 0.814033389 342.880249023
0.801633894 0.136339411 -0.582060635 -41.898014069 -0.119260177 0.990547299 0.067772366 -12.710770607 0.585798681 0.015088039 0.810316145 343.448455811
0.798882842 0.139959276 -0.584976554 -42.347846985 -0.125595301 0.989928484 0.065325268 -12.663829803 0.588227868 0.021283075 0.808415174 344.029876709
0.799087405 0.137692034 -0.585235178 -42.802692413 -0.122532129 0.990288556 0.065684631 -12.612480164 0.588595927 0.019222347 0.808198810 344.646148682
0.799611270 0.142275333 -0.583420634 -43.259883881 -0.125104904 0.989679277 0.069883808 -12.556492805 0.587342024 0.017108891 0.809158027 345.281494141
0.801028967 0.151270345 -0.579197586 -43.719161987 -0.131049946 0.988388896 0.076897956 -12.501957893 0.584104836 0.014306329 0.811552107 345.921051025
0.803803027 0.156457737 -0.573952675 -44.178874969 -0.134151086 0.987616420 0.081346750 -12.457372665 0.579572439 0.011609614 0.814838052 346.572204590
0.808792174 0.148875445 -0.568938792 -44.625339508 -0.128355175 0.988790929 0.076271877 -12.407588005 0.573916495 0.011338137 0.818835318 347.243896484
0.814403296 0.142802998 -0.562454045 -45.083335876 -0.126965210 0.989613473 0.067416862 -12.352379799 0.566239417 0.016507590 0.824075460 347.933380127
0.819413841 0.143326789 -0.554994047 -45.542480469 -0.130697012 0.989446700 0.062557928 -12.302700043 0.558103263 0.021275220 0.829498768 348.619659424
0.824830770 0.145860136 -0.546240807 -45.999420166 -0.132453382 0.989113629 0.064112082 -12.253786087 0.549645662 0.019469831 0.835170984 349.327758789
0.830812812 0.148639396 -0.536336064 -46.464164734 -0.132894382 0.988783062 0.068169527 -12.202442169 0.540452719 0.014639931 0.841247022 350.068786621
0.837060571 0.150823340 -0.525910556 -46.926006317 -0.134762809 0.988473535 0.068985574 -12.156552315 0.530253351 0.013128078 0.847737610 350.831176758
0.843026757 0.149418280 -0.516701221 -47.390945435 -0.137043938 0.988604724 0.062287271 -12.107247353 0.520120144 0.018300928 0.853897035 351.596069336
0.848785758 0.143622100 -0.508857071 -47.858596802 -0.135734618 0.989335895 0.052826017 -12.058530807 0.511017501 0.024231536 0.859228671 352.383270264
0.853718996 0.137414411 -0.502276003 -48.324478149 -0.132587269 0.990125358 0.045523256 -12.013647079 0.503571808 0.027731329 0.863508224 353.187500000
0.857381821 0.135838851 -0.496431500 -48.791816711 -0.130902573 0.990377188 0.044916976 -11.967153549 0.497755915 0.026473161 0.866913080 354.012756348
0.860508263 0.136409551 -0.490834028 -49.259521484 -0.128608555 0.990444899 0.049787540 -11.927460670 0.492935568 0.020282861 0.869829416 354.846191406
0.863606334 0.135519907 -0.485611439 -49.723430634 -0.124632642 0.990687013 0.054826304 -11.881911278 0.488519013 0.013174681 0.872453809 355.697570801
0.866310000 0.135196909 -0.480862558 -50.194496155 -0.122555636 0.990778923 0.057769246 -11.834744453 0.484238684 0.008886347 0.874890804 356.572601318
0.868215442 0.134982437 -0.477474242 -50.673336029 -0.122933470 0.990801632 0.056564473 -11.796127319 0.480717450 0.009587420 0.876823127 357.429138184
0.868720293 0.132650033 -0.477209628 -51.149623871 -0.121331736 0.991107881 0.054624099 -11.749724388 0.480212092 0.010447610 0.877090156 358.320068359
0.868910074 0.128856003 -0.477903098 -51.639907837 -0.116050564 0.991642177 0.056374479 -11.695518494 0.481173068 0.006476570 0.876601696 359.222015381
0.868024111 0.129728109 -0.479275316 -52.124385834 -0.115025647 0.991545081 0.060062006 -11.640448570 0.483014792 0.002993681 0.875607073 360.123413086
0.866680145 0.131776974 -0.481144905 -52.630050659 -0.116886735 0.991273522 0.060945485 -11.595685959 0.484977424 0.003419217 0.874520004 361.028900146
0.865010381 0.132818058 -0.483855784 -53.151168823 -0.118925944 0.991121590 0.059452988 -11.539342880 0.487456322 0.006115548 0.873125970 361.949798584
0.863525033 0.130216315 -0.487204552 -53.664119720 -0.115221262 0.991478860 0.060775869 -11.475399971 0.490967035 0.003654853 0.871170461 362.884124756
0.862122059 0.129401967 -0.489898682 -54.179889679 -0.111754104 0.991591096 0.065254629 -11.425907135 0.494223237 -0.001509268 0.869333744 363.799560547
0.860618114 0.126721531 -0.493232280 -54.711246490 -0.108218506 0.991932333 0.066022411 -11.368713379 0.497619539 -0.003443230 0.867388606 364.734466553
0.858794987 0.120882854 -0.497853965 -55.231628418 -0.104346275 0.992666662 0.061030589 -11.315862656 0.501580596 -0.000463560 0.865110815 365.654327393
0.857158899 0.114948042 -0.502061367 -55.758724213 -0.100880720 0.993365943 0.055201754 -11.260312080 0.505075932 0.003331633 0.863068461 366.568389893
0.855371237 0.116132498 -0.504829943 -56.288311005 -0.101058900 0.993231654 0.057254117 -11.217504501 0.508062184 0.002044026 0.861317992 367.469207764
0.853923202 0.120861322 -0.506169677 -56.833835602 -0.102280721 0.992663980 0.064474046 -11.163530350 0.510248780 -0.003284488 0.860020578 368.392395020
0.852364779 0.127967060 -0.507049084 -57.365592957 -0.106128745 0.991750360 0.071888447 -11.110065460 0.512065411 -0.007462710 0.858914018 369.294525146
0.851195455 0.129731938 -0.508562565 -57.902790070 -0.108261801 0.991530955 0.071734108 -11.052881241 0.513561726 -0.006001860 0.858031690 370.200714111
0.850099564 0.129107073 -0.510550797 -58.444217682 -0.109249368 0.991626859 0.068853498 -10.990375519 0.515165389 -0.002754983 0.857086420 371.101104736
0.848904192 0.129897371 -0.512336135 -58.977111816 -0.110383853 0.991526186 0.068492770 -10.936114311 0.516891718 -0.001590166 0.856049299 371.996917725
0.847836196 0.129889429 -0.514103591 -59.508861542 -0.109651193 0.991524816 0.069679230 -10.882385254 0.518797100 -0.002704512 0.854893148 372.898193359
0.846557498 0.129837096 -0.516219676 -60.038219452 -0.111595571 0.991534352 0.066378474 -10.830275536 0.520467937 0.001414634 0.853880048 373.789703369
0.846202731 0.129126057 -0.516979039 -60.607910156 -0.113696255 0.991605699 0.061573200 -10.777450562 0.520590127 0.006675171 0.853780627 374.686584473
0.846133351 0.129404783 -0.517023027 -61.152885437 -0.114223950 0.991565466 0.061244130 -10.733564377 0.520587504 0.007235704 0.853777707 375.583374023
0.846376717 0.130537912 -0.516339362 -61.694656372 -0.113165498 0.991437852 0.065150172 -10.680292130 0.520422995 0.003290210 0.853902280 376.481201172
0.846595407 0.133326396 -0.515267253 -62.234798431 -0.112245508 0.991067231 0.072018743 -10.622413635 0.520266533 -0.003134299 0.853998244 377.377136230
0.846588969 0.135956183 -0.514590144 -62.779907227 -0.111769877 0.990679264 0.077859685 -10.564376831 0.520379305 -0.008399483 0.853893936 378.276611328
0.846842408 0.135016277 -0.514420629 -63.315258026 -0.110782042 0.990804374 0.077679209 -10.499939919 0.520178199 -0.008793488 0.854012489 379.166809082
0.846916795 0.132728130 -0.514893353 -63.840911865 -0.111322582 0.991144478 0.072387382 -10.442219734 0.519941509 -0.003986835 0.854192555 380.046417236
0.846736312 0.133234203 -0.515059531 -64.376083374 -0.115087867 0.991081655 0.067170709 -10.384955406 0.519415438 0.002401214 0.854518473 380.918060303
0.846199691 0.134671211 -0.515567422 -64.906280518 -0.119227290 0.990857661 0.063134149 -10.328768730 0.519356251 0.008045599 0.854519963 381.783752441
0.846728325 0.131496623 -0.515518963 -65.436248779 -0.117304780 0.991270959 0.060179174 -10.281926155 0.518932283 0.009517416 0.854762375 382.655151367
0.847333670 0.127713457 -0.515475512 -65.956024170 -0.114557877 0.991756499 0.057407010 -10.231668472 0.518557787 0.010408882 0.854979217 383.527008057
0.848353684 0.125420496 -0.514359593 -66.462715149 -0.110370725 0.992085636 0.059869543 -10.188635826 0.517797589 0.005979681 0.855482280 384.389556885
0.848466814 0.127702728 -0.513610899 -66.974258423 -0.108550608 0.991811574 0.067279473 -10.148403168 0.517996967 -0.001331631 0.855381429 385.252166748
0.849032700 0.126986846 -0.512852669 -67.483047485 -0.105095878 0.991880417 0.071611062 -10.097154617 0.517782211 -0.006901432 0.855484664 386.113128662
0.849141240 0.125874922 -0.512947023 -67.982536316 -0.105087787 0.992033064 0.069476411 -10.042624474 0.517605722 -0.005090814 0.855604112 386.956695557
0.849054933 0.124994971 -0.513304949 -68.485603333 -0.106715895 0.992157280 0.065082192 -9.991350174 0.517414212 -0.000480562 0.855735004 387.784057617
0.847511888 0.128556147 -0.514972687 -68.975776672 -0.112618215 0.991688251 0.062221453 -9.941651344 0.518691301 0.005261883 0.854945421 388.584472656
0.845846295 0.128392443 -0.517744601 -69.458053589 -0.112106428 0.991711140 0.062778845 -9.893069267 0.521513402 0.004941244 0.853228807 389.375701904
0.843505025 0.129116908 -0.521371424 -69.942321777 -0.111519337 0.991624236 0.065151915 -9.854221344 0.525416791 0.003187016 0.850839078 390.159881592
0.840633392 0.129802927 -0.525820017 -70.423553467 -0.111720055 0.991534889 0.066160500 -9.803104401 0.529956698 0.003127899 0.848018944 390.928833008
0.837763190 0.128751099 -0.530637383 -70.902725220 -0.109409802 0.991676211 0.067880429 -9.757021904 0.534960151 0.001189187 0.844876528 391.680419922
0.834362447 0.128080919 -0.536129296 -71.374275208 -0.106244311 0.991759837 0.071585827 -9.708308220 0.540880263 -0.002767853 0.841095090 392.416809082
0.830408096 0.131626666 -0.541384280 -71.832832336 -0.107139252 0.991283178 0.076673821 -9.666527748 0.546757400 -0.005667068 0.837271929 393.124816895
0.826290309 0.134279951 -0.547003806 -72.301338196 -0.108077779 0.990918875 0.079993807 -9.614480972 0.552777946 -0.006979153 0.833299339 393.828308105
0.822000980 0.135829538 -0.553050399 -72.753326416 -0.109664634 0.990717649 0.080325931 -9.574326515 0.558827400 -0.005377930 0.829266548 394.502166748
0.818292260 0.134542704 -0.558834553 -73.216247559 -0.109439306 0.990903497 0.078315660 -9.522662163 0.564287901 -0.002926636 0.825572908 395.172546387
0.814686120 0.133122548 -0.564415574 -73.685142517 -0.109705746 0.991099477 0.075408861 -9.474177361 0.569430590 0.000485081 0.822039247 395.830200195
0.810422301 0.131963193 -0.570790172 -74.134056091 -0.109969772 0.991248131 0.073032647 -9.425890923 0.575432301 0.003582377 0.817841530 396.464691162
0.805538714 0.130921811 -0.577898681 -74.587547302 -0.110047869 0.991373003 0.071196795 -9.375225067 0.582234323 0.006244741 0.812996984 397.086639404
0.799833894 0.132260382 -0.585468173 -75.038642883 -0.111485794 0.991182745 0.071607821 -9.341982841 0.589776874 0.007997014 0.807526708 397.688049316
0.794152021 0.132329687 -0.593137026 -75.481300354 -0.109711275 0.991186917 0.074242592 -9.299778938 0.597734094 0.006113902 0.801671147 398.279602051
0.788474679 0.134743363 -0.600126684 -75.925643921 -0.110345148 0.990867317 0.077497721 -9.256978035 0.605088174 0.005116057 0.796142042 398.852111816
0.782888234 0.138949290 -0.606447935 -76.357154846 -0.113286957 0.990283847 0.080647007 -9.217179298 0.611761451 0.005565051 0.791022718 399.398895264
0.777555764 0.143561691 -0.612206697 -76.778961182 -0.116877317 0.989619792 0.083620220 -9.175219536 0.617856503 0.006533686 0.786263704 399.924499512
0.773180485 0.151765317 -0.615759075 -77.195350647 -0.124633037 0.988371909 0.087106720 -9.132951736 0.621818721 0.009394713 0.783104837 400.423492432
0.772114277 0.160150528 -0.614972651 -77.609848022 -0.133676738 0.987002552 0.089199483 -9.080760956 0.621264875 0.013335340 0.783487141 400.910797119
0.774613261 0.167469129 -0.609859347 -77.979896545 -0.141472504 0.985750854 0.090998642 -9.042281151 0.616408825 0.015789576 0.787267923 401.377807617
0.780452847 0.170719847 -0.601454914 -78.303245544 -0.145841166 0.985169947 0.090390682 -8.985396385 0.607966840 0.017171230 0.793776691 401.837646484
0.789596498 0.172435522 -0.588900149 -78.615531921 -0.150293946 0.984819114 0.086850420 -8.954571724 0.594936192 0.019931335 0.803525805 402.285064697
0.802244663 0.173977122 -0.571082652 -78.920043945 -0.155959979 0.984451532 0.080818407 -8.922333717 0.576263726 0.024229899 0.816904545 402.728729248
0.817990005 0.177728713 -0.547087610 -79.199172974 -0.162847102 0.983713090 0.076087922 -8.896843910 0.551700294 0.026852470 0.833610058 403.172912598
0.837325037 0.181159288 -0.515817881 -79.455024719 -0.168110222 0.983107209 0.072382316 -8.872891426 0.520216942 0.026106734 0.853635013 403.621856689
0.859626532 0.182214081 -0.477326244 -79.676063538 -0.171151847 0.982963562 0.067004792 -8.857003212 0.481403559 0.024096159 0.876167834 404.076232910
0.883633256 0.180295631 -0.432071537 -79.866577148 -0.171969935 0.983355343 0.058639180 -8.839861870 0.435452253 0.022487786 0.899930894 404.535705566
0.906388283 0.180895850 -0.381755173 -80.022109985 -0.175954893 0.983220518 0.048138361 -8.830220222 0.384057522 0.023539636 0.923009038 404.993408203
0.927547097 0.182912022 -0.325882792 -80.141044617 -0.180981159 0.982808530 0.036512952 -8.825732231 0.326959074 0.025111157 0.944704831 405.459136963
0.947711587 0.177914903 -0.264932126 -80.215370178 -0.177663580 0.983770788 0.025114521 -8.826392174 0.265100747 0.023267463 0.963939965 405.927825928
0.965588391 0.166539878 -0.199758738 -80.249633789 -0.167178541 0.985830188 0.013788626 -8.835333824 0.199224561 0.020081233 0.979748070 406.394500732
0.978648007 0.159060463 -0.130183771 -80.257453918 -0.160175368 0.987086713 0.001929342 -8.846196175 0.128809556 0.018964082 0.991487980 406.846679688
0.986416459 0.153804868 -0.057677194 -80.239746094 -0.154695809 0.987897694 -0.011287117 -8.861468315 0.055243149 0.020056216 0.998271465 407.297851562
0.987986445 0.153678700 0.016299043 -80.204368591 -0.153308704 0.987934709 -0.021940913 -8.882356644 -0.019474242 0.019178540 0.999626398 407.731536865
0.984862924 0.148727044 0.089024059 -80.131919861 -0.146720901 0.988761306 -0.028706659 -8.907830238 -0.092293002 0.015210438 0.995615721 408.170318604
0.976812303 0.143719494 0.158689693 -80.018280029 -0.140158832 0.989563286 -0.033465639 -8.937646866 -0.161843166 0.010447889 0.986761212 408.589294434
0.964008212 0.137376994 0.227630630 -79.867774963 -0.132116109 0.990495384 -0.038264878 -8.965680122 -0.230723813 0.006813983 0.972995400 408.987640381
0.946635962 0.131223008 0.294382304 -79.691619873 -0.124235056 0.991346478 -0.042400949 -9.000939369 -0.297398835 0.003565663 0.954746664 409.384460449
0.925448537 0.126239687 0.357223302 -79.490447998 -0.116556779 0.991994143 -0.048601877 -9.050542831 -0.360498935 0.003341738 0.932753623 409.729248047
0.899521053 0.121634237 0.419603318 -79.276496887 -0.107278474 0.992550850 -0.057742439 -9.088615417 -0.423501104 0.006926140 0.905869126 410.100433350
0.870016098 0.117892109 0.478720695 -79.044876099 -0.098905943 0.992985487 -0.064788081 -9.118130684 -0.483000666 0.009018360 0.875573516 410.404479980
0.836661041 0.117141873 0.535047829 -78.802032471 -0.095987901 0.993102729 -0.067329653 -9.155586243 -0.539244592 0.004973993 0.842134535 410.714721680
0.798996091 0.121203691 0.588994801 -78.542404175 -0.099870041 0.992620111 -0.068784058 -9.203312874 -0.592984974 -0.003864743 0.805204272 411.030334473
0.760118127 0.124628596 0.637721062 -78.252403259 -0.098012157 0.992195725 -0.077079386 -9.235816002 -0.642350435 -0.003914967 0.766401112 411.317687988
0.722190082 0.121422850 0.680953681 -77.939002991 -0.085744791 0.992593765 -0.086055085 -9.283325195 -0.686359465 0.003759895 0.727252722 411.553619385
0.685488820 0.115295663 0.718896389 -77.584838867 -0.070246339 0.993248999 -0.092314035 -9.333459854 -0.724686503 0.012780409 0.688960195 411.820953369
0.650425911 0.116398148 0.750598133 -77.224540710 -0.064219557 0.993077457 -0.098351315 -9.382830620 -0.756850064 0.015767176 0.653398395 412.064575195
0.617150784 0.122994125 0.777172685 -76.850425720 -0.065491945 0.992309749 -0.105034404 -9.445709229 -0.784114599 0.013923518 0.620459855 412.331756592
0.586622596 0.130464062 0.799282849 -76.445716858 -0.067220494 0.991377294 -0.112483397 -9.503338814 -0.807065904 0.012257114 0.590334117 412.587310791
0.559653640 0.133292258 0.817937076 -76.017143250 -0.064914159 0.990998864 -0.117078744 -9.560334206 -0.826180398 0.012427844 0.563268661 412.850646973
0.538769305 0.129752681 0.832401395 -75.553855896 -0.057660818 0.991430521 -0.117220983 -9.637001038 -0.840477824 0.015158135 0.541633964 413.109863281
0.522830307 0.127781868 0.842804909 -75.092910767 -0.051481802 0.991629362 -0.118409365 -9.702922821 -0.850880742 0.018518880 0.525032341 413.357574463
0.511400580 0.126960844 0.849911928 -74.620864868 -0.046289571 0.991659939 -0.120282426 -9.776980400 -0.858094811 0.022170443 0.513012409 413.619354248
0.506240845 0.125991166 0.853139162 -74.147834778 -0.043270718 0.991735458 -0.120782763 -9.847731590 -0.861305952 0.024229228 0.507508755 413.885589600
0.506035209 0.124855176 0.853428125 -73.659202576 -0.043756772 0.991909266 -0.119169421 -9.920448303 -0.861402154 0.022960670 0.507404327 414.170013428
0.508048534 0.123720616 0.852396667 -73.166755676 -0.045274962 0.992097914 -0.117012545 -9.992117882 -0.860137761 0.020855833 0.509635329 414.460693359
0.510079980 0.122811630 0.851314187 -72.657554626 -0.047400340 0.992263556 -0.114744410 -10.077537537 -0.858819962 0.018176254 0.511955023 414.772857666
0.512841046 0.121734470 0.849808693 -72.127059937 -0.045486003 0.992357731 -0.114704713 -10.151734352 -0.857277751 0.020170886 0.514459014 415.085876465
0.515361190 0.122098163 0.848230481 -71.593849182 -0.045628831 0.992303789 -0.115113929 -10.232481956 -0.855757475 0.020621493 0.516966105 415.398345947
0.517709911 0.121789716 0.846843421 -71.049133301 -0.045186110 0.992326975 -0.115088493 -10.304395676 -0.854362190 0.021316901 0.519240737 415.722290039
0.520208716 0.120675787 0.845470488 -70.492843628 -0.045527805 0.992477655 -0.113645673 -10.388532639 -0.852824867 0.020627052 0.521789551 416.064056396
0.523182392 0.121380210 0.843532503 -69.915519714 -0.044707444 0.992351294 -0.115065716 -10.464401245 -0.851047337 0.022488169 0.524607301 416.413146973
0.525523484 0.125289202 0.841503322 -69.337318420 -0.046586037 0.991850972 -0.118580841 -10.557274818 -0.849502742 0.023114718 0.527077675 416.772308350
0.527953386 0.130206138 0.839232802 -68.748016357 -0.046263866 0.991119444 -0.124667063 -10.648750305 -0.848012328 0.026992261 0.529288769 417.137664795
0.530041218 0.134352684 0.837260842 -68.146018982 -0.048263267 0.990547836 -0.128396362 -10.740942955 -0.846597314 0.027646422 0.531515479 417.519866943
0.531792939 0.133225620 0.836329579 -67.530967712 -0.050296877 0.990773916 -0.125846237 -10.837826729 -0.845379472 0.024859376 0.533587396 417.905303955
0.532920837 0.130862951 0.835984707 -66.897056580 -0.053867463 0.991211474 -0.120822519 -10.934838295 -0.844448805 0.019356463 0.535286486 418.315399170
0.534389019 0.126193076 0.835765362 -66.241256714 -0.055007719 0.991888285 -0.114594251 -11.035992622 -0.843446851 0.015264366 0.536995769 418.737701416
0.536353886 0.125836417 0.834559619 -65.577209473 -0.055376962 0.991938829 -0.113976747 -11.130354881 -0.842174590 0.014916498 0.538998723 419.154815674
0.537559569 0.126468480 0.833687901 -64.904190063 -0.056374494 0.991866887 -0.114113756 -11.221185684 -0.841339231 0.014344223 0.540317178 419.592224121
0.539294302 0.124568522 0.832853079 -64.218864441 -0.055829972 0.992111802 -0.112237215 -11.316662788 -0.840264559 0.014030714 0.541994929 420.041717529
0.540253639 0.120591603 0.832816780 -63.521511078 -0.053365238 0.992596269 -0.109109253 -11.414562225 -0.839808524 0.014503215 0.542689085 420.509094238
0.541183472 0.117997780 0.832584620 -62.816303253 -0.051411930 0.992896557 -0.107299984 -11.520130157 -0.839331508 0.015264202 0.543405652 420.967071533
0.541180909 0.121313363 0.832109630 -62.111297607 -0.051921699 0.992471635 -0.110924140 -11.628668785 -0.839301765 0.016825493 0.543405533 421.436553955
0.540605903 0.131334454 0.830961168 -61.394721985 -0.055907004 0.991164207 -0.120282814 -11.737062454 -0.839416206 0.018569056 0.543171763 421.925903320
0.539923906 0.140207440 0.829954267 -60.678489685 -0.057537314 0.989870429 -0.129792020 -11.848428726 -0.839745045 0.022324488 0.542521894 422.383209229
0.538448572 0.143592760 0.830333829 -59.942012787 -0.059205178 0.989385724 -0.132705271 -11.966035843 -0.840575933 0.022294920 0.541234791 422.868133545
0.535747349 0.141724035 0.832399726 -59.187744141 -0.062754124 0.989770234 -0.128128216 -12.094892502 -0.842043281 0.016407859 0.539160550 423.368713379
0.532787561 0.137309119 0.835035145 -58.430259705 -0.066447943 0.990490019 -0.120474793 -12.219989777 -0.843636215 0.008701108 0.536844611 423.869476318
0.529931068 0.133264750 0.837504327 -57.650314331 -0.067362793 0.991069973 -0.115076490 -12.346446991 -0.845361054 0.004565962 0.534175813 424.373992920
0.528245926 0.130354270 0.839025617 -56.875514984 -0.063578159 0.991443634 -0.114006065 -12.463897705 -0.846707821 0.006879546 0.532013774 424.862030029
0.527142882 0.129046962 0.839921057 -56.107089996 -0.060539808 0.991593599 -0.114354827 -12.571481705 -0.847617447 0.009432688 0.530524015 425.337341309
0.526230574 0.129322350 0.840450644 -55.327899933 -0.055832818 0.991489708 -0.117604598 -12.680586815 -0.848507047 0.014962424 0.528972626 425.831298828
0.526481152 0.128660187 0.840395212 -54.520946503 -0.054349270 0.991554439 -0.117753774 -12.798627853 -0.848447800 0.016320270 0.529027343 426.334625244
0.526190162 0.130016655 0.840368688 -53.717502594 -0.057880636 0.991426587 -0.117145911 -12.922451019 -0.848394811 0.012999956 0.529204369 426.854156494
0.526424885 0.131389007 0.840008259 -52.932239532 -0.060550708 0.991272271 -0.117102280 -13.040158272 -0.848062873 0.010782465 0.529786050 427.350433350
0.526980162 0.131379992 0.839661419 -52.142536163 -0.060682546 0.991274178 -0.117017537 -13.147142410 -0.847708404 0.010713134 0.530354261 427.847564697
0.527185798 0.131192550 0.839561641 -51.328773499 -0.063005358 0.991325319 -0.115344688 -13.270424843 -0.847411096 0.007911216 0.530878484 428.378753662
0.526945353 0.133603439 0.839332283 -50.523315430 -0.066062421 0.991017759 -0.116273485 -13.399471283 -0.847327769 0.005821452 0.531038404 428.907653809
0.527407408 0.136654362 0.838550568 -49.708713531 -0.066403359 0.990590930 -0.119667143 -13.516726494 -0.847013593 0.007430766 0.531519294 429.431213379
0.527731776 0.139793441 0.837828755 -48.896266937 -0.066891804 0.990140617 -0.123073161 -13.654103279 -0.846773148 0.008905739 0.531879663 429.967864990
0.528221607 0.139757305 0.837526023 -48.086223602 -0.067123212 0.990147591 -0.122891031 -13.776044846 -0.846449316 0.008696266 0.532398343 430.485443115
0.528903961 0.137967452 0.837392271 -47.267826080 -0.065752909 0.990393281 -0.121645600 -13.928624153 -0.846130788 0.009277884 0.532894731 431.004364014
0.529494524 0.135584041 0.837408304 -46.465293884 -0.066510543 0.990741313 -0.118355349 -14.053154945 -0.845702052 0.006972041 0.533609867 431.503326416
0.529854894 0.130163580 0.838040173 -45.650535583 -0.062668808 0.991459608 -0.114369884 -14.173933029 -0.845769823 0.008080471 0.533486843 432.006683350
0.529919326 0.124780580 0.838817835 -44.833770752 -0.061346713 0.992164910 -0.108836621 -14.296387672 -0.845826268 0.006215904 0.533422232 432.520507812
0.528839827 0.124062195 0.839605331 -44.019287109 -0.062091727 0.992263198 -0.107509769 -14.409511566 -0.846447349 0.004722908 0.532451510 433.037475586
0.528227448 0.125061437 0.839842498 -43.220798492 -0.062471997 0.992137313 -0.108447358 -14.514883995 -0.846801698 0.004818249 0.531887054 433.530578613
0.526854992 0.127905503 0.840276182 -42.422481537 -0.061555285 0.991758168 -0.112368554 -14.636688232 -0.847723305 0.007478487 0.530385971 434.030578613
0.525591850 0.129580423 0.840810418 -41.619491577 -0.059505057 0.991510868 -0.115608737 -14.750726700 -0.848653316 0.010730550 0.528840780 434.532470703
0.524440765 0.130052969 0.841455996 -40.815593719 -0.058581199 0.991435409 -0.116722390 -14.874123573 -0.849429309 0.011920493 0.527567804 435.029357910
0.524305820 0.126253754 0.842118442 -39.999347687 -0.054648556 0.991897643 -0.114684887 -15.005586624 -0.849774659 0.014109410 0.526957273 435.539459229
0.524902940 0.122916102 0.842240214 -39.183864594 -0.051774681 0.992296457 -0.112548098 -15.126994133 -0.849586010 0.015470117 0.527223289 436.040496826
0.525798202 0.123520240 0.841593266 -38.377681732 -0.051308826 0.992204309 -0.113569394 -15.247667313 -0.849060535 0.016533446 0.528036952 436.542266846
0.526247323 0.128557712 0.840557396 -37.586845398 -0.053126298 0.991545022 -0.118389517 -15.372433662 -0.848670423 0.017646477 0.528627694 437.044342041
0.526680291 0.135485008 0.839197099 -36.795299530 -0.056091949 0.990604460 -0.124725804 -15.495265961 -0.848210871 0.018618431 0.529331446 437.551910400
0.526450753 0.144875973 0.837771297 -36.006214142 -0.061927475 0.989291549 -0.132163540 -15.631635666 -0.847947359 0.017696548 0.529785037 438.067901611
0.526946008 0.146944359 0.837099433 -35.219314575 -0.063246742 0.988988936 -0.133793846 -15.768854141 -0.847542286 0.017558340 0.530437469 438.565490723
0.527747989 0.140551075 0.837691784 -34.424644470 -0.061010066 0.989939809 -0.127659336 -15.898501396 -0.847207069 0.016264338 0.531013787 439.064453125
0.527471125 0.133255407 0.839057326 -33.627033234 -0.063794538 0.991046667 -0.117289409 -16.031162262 -0.847174406 0.008339506 0.531249404 439.580291748
0.528124630 0.124935225 0.839926004 -32.840995789 -0.060992721 0.992143869 -0.109226249 -16.154527664 -0.846973658 0.006455719 0.531595826 440.078582764
0.530071020 0.124267042 0.838798165 -32.065628052 -0.056986261 0.992187560 -0.110979542 -16.270044327 -0.846036196 0.011027060 0.533011436 440.559143066
0.530941844 0.124079809 0.838275015 -31.280679703 -0.052584302 0.992139876 -0.113549039 -16.384998322 -0.845775187 0.016207840 0.533293247 441.048522949
0.531610250 0.129286796 0.837063730 -30.516689301 -0.053779442 0.991439641 -0.118975848 -16.505426407 -0.845280111 0.018231977 0.534012437 441.532135010
0.532506704 0.134100974 0.835735321 -29.758144379 -0.055637367 0.990780056 -0.123528704 -16.623359680 -0.844595194 0.019281741 0.535058022 442.021484375
0.533025563 0.139593631 0.834504306 -29.009618759 -0.058992486 0.990027368 -0.127928659 -16.753671646 -0.844040096 0.018959772 0.535944819 442.503265381
0.533661425 0.142945498 0.833529890 -28.249301910 -0.060408305 0.989537060 -0.131023854 -16.878175735 -0.843537986 0.019570239 0.536712825 442.994354248
0.534358263 0.145410001 0.832656682 -27.502706528 -0.064710759 0.989238203 -0.131226242 -17.008810043 -0.842777431 0.016239986 0.538017154 443.486572266
0.536646187 0.144311979 0.831375420 -26.755533218 -0.066912830 0.989442050 -0.128557861 -17.130798340 -0.841150224 0.013360418 0.540636659 443.972198486
0.540821195 0.138396770 0.829673886 -26.005697250 -0.067228608 0.990327775 -0.121372402 -17.261672974 -0.838446617 0.009862944 0.544894457 444.456451416
0.546410203 0.132457286 0.826977074 -25.271793365 -0.066260852 0.991156220 -0.114973269 -17.378574371 -0.834892571 0.008026376 0.550354600 444.920898438
0.553110003 0.129927978 0.822914362 -24.529125214 -0.066768721 0.991499960 -0.111667916 -17.493364334 -0.830428362 0.006819692 0.557083666 445.418731689
0.561068892 0.124382913 0.818370700 -23.792898178 -0.062615663 0.992190897 -0.107872739 -17.608661652 -0.825397491 0.009281214 0.564475775 445.917999268
0.569873571 0.122599371 0.812535286 -23.072008133 -0.062331282 0.992408097 -0.106023297 -17.718976974 -0.819365025 0.009773515 0.573188901 446.410827637
0.578225195 0.126118571 0.806070566 -22.375263214 -0.067155652 0.991984844 -0.107033595 -17.823822021 -0.813108683 0.007757332 0.582060218 446.911254883
0.586719096 0.131334290 0.799069524 -21.686330795 -0.070926070 0.991302848 -0.110851914 -17.925495148 -0.806678534 0.008364089 0.590931356 447.426971436
0.595195115 0.135958925 0.791996121 -21.004051208 -0.074211642 0.990671277 -0.114293724 -18.030382156 -0.800147057 0.009251729 0.599732459 447.936767578
0.602442026 0.137077481 0.786303639 -20.326053619 -0.078327894 0.990540385 -0.112669930 -18.133773804 -0.794309974 0.006287608 0.607480168 448.474151611
0.609765589 0.134211734 0.781135917 -19.643045425 -0.082169555 0.990952551 -0.106118917 -18.240282059 -0.788311005 0.000522092 0.615276873 449.033508301
0.617487013 0.131087005 0.775581062 -18.959190369 -0.083045609 0.991369307 -0.101441413 -18.349843979 -0.782184899 -0.001769841 0.623043895 449.587585449
0.624540925 0.133095592 0.769567549 -18.299894333 -0.085336566 0.991101444 -0.102154858 -18.450326920 -0.776315868 -0.001872346 0.630341351 450.129882812
0.630767286 0.139725059 0.763288677 -17.649436951 -0.087315626 0.990187943 -0.109104499 -18.546394348 -0.771043837 0.002172530 0.636778355 450.661956787
0.636321545 0.141829476 0.758274019 -16.991657257 -0.087890320 0.989882052 -0.111395031 -18.651226044 -0.766400874 0.004238125 0.642348647 451.233306885
0.642032981 0.140133470 0.753761530 -16.341249466 -0.088529706 0.990127981 -0.108669773 -18.755922318 -0.761548638 0.003039312 0.648100734 451.806396484
0.647471309 0.134672120 0.750096202 -15.688780785 -0.089604467 0.990888000 -0.100558646 -18.859024048 -0.756803751 -0.002103135 0.653638721 452.388671875
0.653823256 0.127280846 0.745865166 -15.037039757 -0.088021196 0.991851807 -0.092099003 -18.961912155 -0.751510203 -0.005435459 0.659699202 452.974090576
0.660790801 0.129888877 0.739245832 -14.413644791 -0.090922840 0.991511583 -0.092939779 -19.060718536 -0.745042622 -0.005800571 0.666991591 453.540008545
0.667777240 0.137304693 0.731588066 -13.796613693 -0.094239458 0.990526319 -0.099882655 -19.157840729 -0.738371551 -0.002245083 0.674390435 454.113067627
0.675475478 0.140037239 0.723963082 -13.181630135 -0.093078479 0.990140676 -0.104679845 -19.248209000 -0.731484354 0.003323302 0.681850195 454.687896729
0.683117628 0.135098383 0.717703760 -12.565634727 -0.091014773 0.990827918 -0.099881671 -19.340139389 -0.724614799 0.002909280 0.689147949 455.280883789
0.691292048 0.126917213 0.711341977 -11.960299492 -0.088498421 0.991913319 -0.090972602 -19.442377090 -0.717135549 -0.000064004 0.696933746 455.882629395
0.700748563 0.121058688 0.703062057 -11.365633011 -0.085853025 0.992645204 -0.085350856 -19.533485413 -0.708223581 -0.000550520 0.705987930 456.473022461
0.710225701 0.120731682 0.693544090 -10.765578270 -0.082963198 0.992673337 -0.087845221 -19.631067276 -0.699068367 0.004851308 0.715038419 457.087615967
0.718604922 0.123183027 0.684421599 -10.199064255 -0.079805627 0.992292106 -0.094802409 -19.719264984 -0.690824211 0.013504781 0.722896636 457.676300049
0.726390243 0.124743849 0.675867021 -9.629901886 -0.075567067 0.991924226 -0.101862155 -19.803941727 -0.683115542 0.022918396 0.729950666 458.272827148
0.733079135 0.126259670 0.668321371 -9.065507889 -0.076247863 0.991680324 -0.103712842 -19.895284653 -0.675855875 0.025071651 0.736607194 458.867095947
0.738536298 0.128073990 0.661937475 -8.512853622 -0.080954857 0.991533875 -0.101522580 -19.992200851 -0.669335842 0.021391053 0.742651939 459.494445801
0.743655205 0.124015920 0.656960428 -7.964868546 -0.081453718 0.992131174 -0.095084235 -20.088844299 -0.663582861 0.017198030 0.747905135 460.135009766
0.748855054 0.118548788 0.652044713 -7.417280674 -0.080516793 0.992857397 -0.088040948 -20.176725388 -0.657824576 0.013429370 0.753051460 460.765411377
0.753284574 0.114136286 0.647715390 -6.874376297 -0.081206866 0.993431866 -0.080613717 -20.266576767 -0.652662098 0.008126128 0.757605553 461.417510986
0.757515907 0.117678352 0.642122686 -6.348118305 -0.087006651 0.993042707 -0.079347320 -20.355628967 -0.646992743 0.004237913 0.762484431 462.045501709
0.762502193 0.121992998 0.635380387 -5.832103729 -0.087413453 0.992482841 -0.085654229 -20.431646347 -0.641053319 0.009770758 0.767434180 462.669860840
0.768125534 0.123206407 0.628333807 -5.318652630 -0.084539592 0.992236376 -0.091214046 -20.512996674 -0.634693861 0.016944770 0.772577941 463.301818848
0.772710919 0.126196921 0.622087002 -4.809295654 -0.088007271 0.991871953 -0.091895521 -20.595691681 -0.628627539 0.016260501 0.777536511 463.931793213
0.776773810 0.125706017 0.617106497 -4.314366817 -0.091756463 0.992010593 -0.086577728 -20.679363251 -0.623059571 0.010627810 0.782102227 464.576568604
0.782602906 0.121099599 0.610628784 -3.810093880 -0.089969270 0.992600679 -0.081544340 -20.760354996 -0.615985572 0.008879017 0.787707388 465.167327881
0.787900209 0.120748527 0.603848636 -3.314912558 -0.087328769 0.992586195 -0.084536046 -20.841838837 -0.609579384 0.013872620 0.792603672 465.800994873
0.792234242 0.125571638 0.597157180 -2.833760023 -0.088860475 0.991906703 -0.090691425 -20.928066254 -0.603712499 0.018785186 0.796980798 466.454711914
0.797473907 0.129123241 0.589374721 -2.349575281 -0.089559510 0.991343379 -0.096007019 -21.014390945 -0.596669495 0.023778979 0.802134693 467.065612793
0.802804589 0.129762173 0.581950665 -1.875720739 -0.091524743 0.991282463 -0.094775170 -21.098508835 -0.589175701 0.022823054 0.807682514 467.703277588
0.808128297 0.130053759 0.574469090 -1.412937999 -0.095095113 0.991331875 -0.090653084 -21.187948227 -0.581279278 0.018630125 0.813490868 468.367858887
0.814033270 0.130940124 0.565866172 -0.948977053 -0.097872302 0.991249263 -0.088577457 -21.277736664 -0.572512805 0.016722374 0.819725275 468.986694336
0.819390237 0.133484349 0.557477951 -0.501269698 -0.101578578 0.990930438 -0.087969787 -21.357473373 -0.564164400 0.015453778 0.825517893 469.654846191
0.825114131 0.134425908 0.548740745 -0.053173065 -0.103483118 0.990808666 -0.087117583 -21.450925827 -0.555407882 0.015096564 0.831441045 470.260650635
0.831146419 0.133824795 0.539709687 0.399268031 -0.105086625 0.990919828 -0.083873361 -21.546861649 -0.546033382 0.012994777 0.837662637 470.854827881
0.836362243 0.134505227 0.531419396 0.828135252 -0.107819885 0.990856886 -0.081101581 -21.627441406 -0.537469149 0.010532733 0.843217671 471.499053955
0.841305435 0.135445163 0.523316145 1.241211891 -0.109941848 0.990739286 -0.079676837 -21.708778381 -0.529261708 0.009498212 0.848405480 472.162963867
0.846511662 0.138400078 0.514065564 1.646088362 -0.111647852 0.990295410 -0.082763277 -21.783887863 -0.520531237 0.012665771 0.853748679 472.823272705
0.852658093 0.140982911 0.503088415 2.087324619 -0.112858936 0.989871979 -0.086117953 -21.898591995 -0.510134280 0.016651150 0.859933555 473.435821533
0.857677460 0.142925739 0.493924648 2.484061718 -0.113938689 0.989538908 -0.088491097 -21.976255417 -0.501405299 0.019619707 0.864990056 474.101837158
0.862783015 0.141319424 0.485421777 2.880509138 -0.115438670 0.989841640 -0.082990348 -22.050561905 -0.492218852 0.015566219 0.870332301 474.734954834
0.867441714 0.136082873 0.478566945 3.249795437 -0.115790792 0.990673482 -0.071822636 -22.125429153 -0.483877420 0.006888308 0.875108659 475.409118652
0.872633934 0.129180968 0.470980138 3.630995750 -0.114306599 0.991620183 -0.060194965 -22.198469162 -0.474809438 -0.001307957 0.880087674 476.074737549
0.877543688 0.125130177 0.462881774 3.990978003 -0.112644397 0.992131531 -0.054647226 -22.259284973 -0.466077596 -0.004185703 0.884733975 476.736541748
0.882798076 0.124561042 0.452937245 4.358118057 -0.112178817 0.992207587 -0.054222018 -22.330389023 -0.456161737 -0.002942869 0.889892042 477.370910645
0.887385130 0.127652109 0.443004012 4.698889256 -0.113954209 0.991818845 -0.057531059 -22.394821167 -0.446723700 0.000570044 0.894671798 478.005950928
0.891749442 0.129856929 0.433497459 5.026820183 -0.115646012 0.991529346 -0.059123054 -22.454645157 -0.437503010 0.002590695 0.899213195 478.628662109
0.895584762 0.131833076 0.424909413 5.330827713 -0.117549405 0.991265416 -0.059791833 -22.513975143 -0.429080546 0.003600808 0.903259039 479.250488281
0.898872316 0.133245170 0.417461723 5.625406742 -0.120234169 0.991082072 -0.057446536 -22.577003479 -0.421393305 0.001443949 0.906876862 479.866302490
0.901886463 0.133425936 0.410850763 5.922709465 -0.121835075 0.991058290 -0.054402895 -22.641424179 -0.414435804 -0.000990791 0.910078049 480.470306396
0.904454112 0.135324523 0.404536843 6.222371101 -0.124643251 0.990797639 -0.052764352 -22.700309753 -0.407954454 -0.002699852 0.912998259 481.045135498
0.906077206 0.135553271 0.400810987 6.499144077 -0.125494123 0.990763009 -0.051380359 -22.755107880 -0.404073447 -0.003744841 0.914718866 481.618865967
0.906945348 0.137455612 0.398190975 6.761240005 -0.127364784 0.990500987 -0.051826935 -22.803634644 -0.401532471 -0.003711313 0.915837288 482.172912598
0.906654477 0.140531659 0.397779554 6.999824047 -0.129454195 0.990074396 -0.054720171 -22.854440689 -0.401521295 -0.001881951 0.915847778 482.714904785
0.905302942 0.144855618 0.399303645 7.231192112 -0.132544339 0.989452779 -0.058439247 -22.897804260 -0.403557390 -0.000020215 0.914954364 483.233520508
0.903121173 0.146675393 0.403557330 7.454409122 -0.133583173 0.989184380 -0.060579278 -22.942926407 -0.408078104 0.000801962 0.912946701 483.738677979
0.899561942 0.148178399 0.410891175 7.673303127 -0.134955257 0.988960564 -0.061188921 -22.981678009 -0.415422022 -0.000408689 0.909628689 484.222015381
0.894845724 0.146749973 0.421563238 7.892532349 -0.134999424 0.989159882 -0.057774335 -23.019565582 -0.425471812 -0.005211666 0.904956698 484.685150146
0.889424562 0.143181130 0.434077382 8.113205910 -0.134292826 0.989615023 -0.051260129 -23.059534073 -0.436908960 -0.012701461 0.899416089 485.123962402
0.883419871 0.138278127 0.447714716 8.324408531 -0.131346256 0.990237415 -0.046668753 -23.099084854 -0.449797124 -0.017577542 0.892957747 485.531890869
0.877470493 0.132820234 0.460873455 8.538557053 -0.126635656 0.990951538 -0.044479385 -23.137912750 -0.462611049 -0.019333668 0.886350513 485.907897949
0.870889068 0.128312051 0.474434614 8.747723579 -0.121107638 0.991579175 -0.045865625 -23.174938202 -0.476324618 -0.017513780 0.879095078 486.255340576
0.863027930 0.126917124 0.488952845 8.951056480 -0.117485143 0.991811275 -0.050076168 -23.209247589 -0.491304487 -0.014227558 0.870871663 486.588653564
0.854072988 0.126173690 0.504618227 9.159853935 -0.111660719 0.991990507 -0.059048019 -23.242649078 -0.508026779 -0.005914712 0.861320972 486.909423828
0.843190312 0.130953789 0.521422267 9.371518135 -0.111275040 0.991388440 -0.069042012 -23.277103424 -0.525973320 0.000194263 0.850501001 487.222381592
0.829619706 0.136493430 0.541387796 9.588939667 -0.112656474 0.990636468 -0.077122785 -23.307357788 -0.546845198 0.002991751 0.837228417 487.533691406
0.813002527 0.141409203 0.564827740 9.820366859 -0.115317218 0.989950240 -0.081856608 -23.334589005 -0.570726573 0.001415271 0.821138978 487.844207764
0.794232965 0.140645862 0.591111422 10.059028625 -0.112505883 0.990059853 -0.084403604 -23.365814209 -0.597106695 0.000532605 0.802161634 488.133270264
0.773300052 0.138819456 0.618656814 10.309402466 -0.108417034 0.990317702 -0.086698249 -23.402423859 -0.624702156 -0.000029173 0.780863106 488.401947021
0.750249565 0.135240555 0.647175074 10.573289871 -0.101585351 0.990812004 -0.089285895 -23.440294266 -0.653303862 0.001243204 0.757094741 488.655761719
0.725746393 0.129816204 0.675603390 10.845310211 -0.093035609 0.991533875 -0.090581104 -23.486171722 -0.681642532 0.002883743 0.731679678 488.896484375
0.699072421 0.126917854 0.703697085 11.118166924 -0.086336412 0.991903722 -0.093129389 -23.532846451 -0.709819555 0.004349507 0.704370141 489.124877930
0.669305265 0.129125312 0.731681049 11.390625954 -0.083654873 0.991617143 -0.098474912 -23.581972122 -0.738263071 0.004701100 0.674496531 489.344329834
0.636324167 0.135682136 0.759395778 11.670438766 -0.085238263 0.990749359 -0.105594248 -23.627651215 -0.766698182 0.002462603 0.642003059 489.558227539
0.600466967 0.141930208 0.786953151 11.963653564 -0.085262813 0.989876151 -0.113470316 -23.672870636 -0.795090973 0.001037333 0.606489301 489.760681152
0.562333703 0.144276574 0.814226747 12.277536392 -0.079852194 0.989534080 -0.120191358 -23.715881348 -0.823045850 0.002569869 0.567969084 489.945037842
0.521326959 0.146501467 0.840687573 12.609593391 -0.074537322 0.989205599 -0.126160726 -23.773193359 -0.850095570 0.003108408 0.526619315 490.117431641
0.478119135 0.146775991 0.865944028 12.961180687 -0.065059200 0.989147425 -0.131737217 -23.824758530 -0.875882149 0.006648466 0.482479453 490.274963379
0.431948006 0.145864189 0.890025139 13.327922821 -0.058555253 0.989288509 -0.133714169 -23.876964569 -0.899995804 0.005641937 0.435862303 490.425506592
0.384075642 0.143345892 0.912106216 13.712390900 -0.055138450 0.989672482 -0.132318079 -23.930755615 -0.921653688 0.000528015 0.388012946 490.554077148
0.334366024 0.140386939 0.931928635 14.108129501 -0.053398099 0.990076661 -0.129987776 -23.992631912 -0.940929413 -0.006299701 0.338544428 490.666290283
0.282466948 0.137428850 0.949381828 14.513442993 -0.050058778 0.990447938 -0.128479585 -24.064592361 -0.957970023 -0.011233658 0.286648273 490.758300781
0.228932202 0.135465592 0.963970602 14.943555832 -0.043676607 0.990701854 -0.128849417 -24.120401382 -0.972462118 -0.012605160 0.232720256 490.822296143
0.171922207 0.132722467 0.976128936 15.352956772 -0.038490523 0.991030931 -0.127969474 -24.197383881 -0.984358430 -0.015570894 0.175488830 490.872253418
0.113077044 0.131773099 0.984809399 15.759684563 -0.033649903 0.991105795 -0.128751874 -24.262216568 -0.993016362 -0.018579852 0.116505444 490.886596680
0.052919090 0.132676736 0.989745736 16.235815048 -0.028905630 0.990922630 -0.131289005 -24.325433731 -0.998180389 -0.021661524 0.056273818 490.890563965
-0.006898522 0.133187473 0.991066873 16.734270096 -0.024178062 0.990778506 -0.133317009 -24.394231796 -0.999683917 -0.024881776 -0.003614664 490.861236572
-0.063893676 0.132752821 0.989087760 17.259180069 -0.017142624 0.990820467 -0.134092793 -24.469268799 -0.997809589 -0.025523227 -0.061031461 490.804595947
-0.115383863 0.132372141 0.984461546 17.807693481 -0.009324286 0.990892828 -0.134329766 -24.541681290 -0.993277431 -0.024678856 -0.113098741 490.713439941
-0.159781575 0.131422251 0.978365064 18.365974426 -0.000810422 0.991080403 -0.133262649 -24.622608185 -0.987152100 -0.022085790 -0.158249855 490.589477539
-0.196321130 0.131218091 0.971720219 18.959579468 0.006309431 0.991153896 -0.132567659 -24.697875977 -0.980519533 -0.019894812 -0.195412397 490.439270020
-0.226512790 0.130236387 0.965261817 19.562131882 0.011384439 0.991306543 -0.131078914 -24.789762497 -0.973941565 -0.018702108 -0.226026297 490.272949219
-0.250622272 0.130428463 0.959258616 20.203195572 0.016106743 0.991307199 -0.130577892 -24.872137070 -0.967951000 -0.017275181 -0.250544429 490.083587646
-0.270795941 0.130453244 0.953756571 20.859704971 0.018688772 0.991300821 -0.130282253 -24.963779449 -0.962455392 -0.017455347 -0.270878196 489.887115479
-0.286905885 0.130819276 0.948984563 21.509895325 0.021822553 0.991267204 -0.130050436 -25.064640045 -0.957710326 -0.016602945 -0.287255168 489.666473389
-0.300815463 0.131319448 0.944598019 22.217952728 0.024597216 0.991213202 -0.129966766 -25.166782379 -0.953365147 -0.015861522 -0.301402330 489.431335449
-0.313274026 0.131770372 0.940476537 22.938852310 0.025797375 0.991142094 -0.130276009 -25.264997482 -0.949312449 -0.016550254 -0.313898444 489.181518555
-0.323758125 0.131726995 0.936925232 23.657583237 0.027708892 0.991155982 -0.129776672 -25.358591080 -0.945734203 -0.016055081 -0.324544787 488.915191650
-0.332247972 0.129901513 0.934203982 24.424398422 0.029137403 0.991411328 -0.127493560 -25.466512680 -0.942741990 -0.015139185 -0.333179355 488.644104004
-0.337540388 0.127508387 0.932635069 25.190668106 0.031209826 0.991754293 -0.124295577 -25.579860687 -0.940793514 -0.012847394 -0.338736534 488.354492188
-0.340252280 0.126950681 0.931725264 25.982572556 0.034977116 0.991867781 -0.122372180 -25.685346603 -0.939683437 -0.009048354 -0.341925621 488.055938721
-0.342389941 0.129322082 0.930615485 26.800811768 0.035152066 0.991551876 -0.124856986 -25.797199249 -0.938900292 -0.010036714 -0.344043374 487.747375488
-0.344093561 0.133275852 0.929428577 27.636247635 0.035042163 0.991007984 -0.129132748 -25.914581299 -0.938281417 -0.011864550 -0.345669746 487.428100586
-0.345918655 0.135217324 0.928470254 28.506788254 0.032683894 0.990697026 -0.132102743 -26.027534485 -0.937695265 -0.015350759 -0.347119927 487.102264404
-0.348168612 0.133124903 0.927931488 29.427232742 0.033143673 0.990994453 -0.129736379 -26.149946213 -0.936846077 -0.014415052 -0.349445343 486.774291992
-0.350507259 0.127721667 0.927810431 30.320224762 0.032345176 0.991717398 -0.124299735 -26.285003662 -0.936001539 -0.013557743 -0.351735353 486.433624268
-0.352773428 0.125895277 0.927200913 31.237586975 0.034404531 0.991982579 -0.121601403 -26.407562256 -0.935076237 -0.010997828 -0.354276538 486.090881348
-0.354246259 0.125984535 0.926626921 32.165542603 0.034953732 0.991975009 -0.121506587 -26.531063080 -0.934498668 -0.010654181 -0.355807066 485.737396240
-0.353774786 0.126913533 0.926680446 33.097732544 0.037012830 0.991875112 -0.121712059 -26.659330368 -0.934598207 -0.008759573 -0.355597854 485.371520996
-0.353924990 0.128390878 0.926419616 34.038043976 0.037980087 0.991688728 -0.122926712 -26.791316986 -0.934502602 -0.008321319 -0.355859756 485.014465332
-0.352979183 0.131083786 0.926403105 34.988792419 0.041642554 0.991356909 -0.124407910 -26.924299240 -0.934704006 -0.005335622 -0.355387092 484.651306152
-0.351968646 0.132651195 0.926564515 35.937068939 0.041990802 0.991147935 -0.125946462 -27.066972733 -0.935069501 -0.005422015 -0.354423165 484.303771973
-0.349590898 0.133443475 0.927350640 36.878261566 0.043237049 0.991048098 -0.126309961 -27.209732056 -0.935904384 -0.004060902 -0.352231145 483.938049316
-0.347421288 0.133320421 0.928183377 37.809516907 0.044584263 0.991070390 -0.125665262 -27.347135544 -0.936648786 -0.002276402 -0.350262880 483.580474854
-0.345605612 0.132085368 0.929037213 38.748889923 0.045400158 0.991238117 -0.124039695 -27.490781784 -0.937280893 -0.000690382 -0.348574162 483.235534668
-0.343831658 0.130640358 0.929899573 39.689147949 0.045562692 0.991429806 -0.122437805 -27.646108627 -0.937925458 0.000270754 -0.346837282 482.895477295
-0.341846228 0.130718917 0.930620074 40.599327087 0.045987185 0.991419017 -0.122366458 -27.777133942 -0.938629985 0.000966076 -0.344924212 482.544982910
-0.339828610 0.131267637 0.931281865 41.533008575 0.047282606 0.991344035 -0.122480050 -27.917284012 -0.939298332 0.002411235 -0.343093753 482.200592041
-0.338021994 0.131402075 0.931919932 42.466674805 0.047981575 0.991323471 -0.122374400 -28.046077728 -0.939914346 0.003349755 -0.341393948 481.860321045
-0.336367488 0.130541250 0.932639241 43.403598785 0.045737818 0.991441727 -0.122275926 -28.172124863 -0.940619469 0.001527242 -0.339459419 481.508331299
-0.334646583 0.133452192 0.932846308 44.353195190 0.047281548 0.991052508 -0.124817476 -28.313606262 -0.941156864 0.002336677 -0.337962151 481.169158936
-0.331381559 0.138662025 0.933251917 45.310626984 0.050966147 0.990328133 -0.129045188 -28.424470901 -0.942119300 0.004801068 -0.335243583 480.810760498
-0.330482006 0.139008820 0.933519125 46.263111115 0.049708176 0.990284979 -0.129864156 -28.579317093 -0.942502260 0.003485754 -0.334181190 480.468566895
-0.330374122 0.135595337 0.934059322 47.212097168 0.045423418 0.990764260 -0.127760947 -28.711948395 -0.942756355 0.000219263 -0.333482027 480.118682861
-0.330295801 0.132220089 0.934570789 48.158603668 0.043755289 0.991220355 -0.124770701 -28.856937408 -0.942862749 -0.000318822 -0.333181262 479.779266357
-0.330613971 0.130305901 0.934726894 49.083000183 0.040982116 0.991470456 -0.123720802 -28.997924805 -0.942875683 -0.002596758 -0.333134174 479.451538086
-0.330446839 0.130690590 0.934732616 50.010131836 0.041466009 0.991420746 -0.123957455 -29.138113022 -0.942913353 -0.002201706 -0.333031058 479.124328613
-0.330602169 0.131381035 0.934580982 50.943851471 0.040209442 0.991324723 -0.125134110 -29.278411865 -0.942913473 -0.003790606 -0.333016872 478.797393799
-0.330552459 0.131885007 0.934527397 51.846340179 0.040688563 0.991258979 -0.125499263 -29.423171997 -0.942910194 -0.003459502 -0.333029270 478.471923828
-0.330552459 0.131885007 0.934527397 52.792530060 0.040688563 0.991258979 -0.125499263 -29.553716660 -0.942910194 -0.003459502 -0.333029270 478.103912354
-0.331051469 0.132431850 0.934273481 53.742870331 0.042460117 0.991190374 -0.125454381 -29.686777115 -0.942656994 -0.001862485 -0.333758116 477.767730713
-0.331117511 0.133360669 0.934117734 54.642196655 0.045582339 0.991066992 -0.125333488 -29.819990158 -0.942487776 0.001079142 -0.334238529 477.438262939
-0.332006812 0.133153513 0.933831751 55.590675354 0.045364033 0.991095126 -0.125190258 -29.961565018 -0.942185581 0.000798356 -0.335090756 477.101806641
-0.331730008 0.135297328 0.933622062 56.512222290 0.046794936 0.990803778 -0.126956984 -30.092176437 -0.942213237 0.001573369 -0.335010529 476.752166748
-0.331618071 0.136332035 0.933511078 57.413463593 0.046976749 0.990662217 -0.127990603 -30.224927902 -0.942243397 0.001409315 -0.334926009 476.423156738
-0.331483245 0.134334087 0.933848679 58.328281403 0.046698395 0.990934372 -0.125969589 -30.360111237 -0.942304790 0.001852434 -0.334751248 476.107330322
-0.330772519 0.128313750 0.934946656 59.189655304 0.043451466 0.991733372 -0.120734677 -30.502630234 -0.942709684 0.000689078 -0.333613634 475.779418945
-0.329888463 0.125098854 0.935694456 60.067111969 0.042048432 0.992144167 -0.117821395 -30.630548477 -0.943083167 0.000476580 -0.332557082 475.457916260
-0.328445196 0.124849461 0.936235309 60.979110718 0.041814901 0.992175579 -0.117639974 -30.767086029 -0.943597078 0.000510301 -0.331095934 475.138427734
-0.325568199 0.125288874 0.937180877 61.866958618 0.043464478 0.992117226 -0.117533982 -30.906131744 -0.944519043 0.002468750 -0.328447461 474.844299316
-0.322556376 0.127460122 0.937929392 62.778537750 0.041790936 0.991843641 -0.120414808 -31.032846451 -0.945627332 0.000356380 -0.325252175 474.532257080
-0.319794774 0.130338356 0.938479304 63.690418243 0.042735975 0.991469324 -0.123135112 -31.172914505 -0.946522593 0.000728868 -0.322636843 474.226348877
-0.317586780 0.129900724 0.939289510 64.628799438 0.041142195 0.991526902 -0.123214260 -31.307750702 -0.947336376 -0.000486780 -0.320240259 473.908691406
-0.315289378 0.130129308 0.940031469 65.583114624 0.043133773 0.991495311 -0.122786313 -31.437423706 -0.948014915 0.001833890 -0.318220973 473.589294434
-0.313229322 0.133210391 0.940288544 66.520286560 0.043964207 0.991085887 -0.125761464 -31.573135376 -0.948659420 0.001946863 -0.316293597 473.274749756
-0.311814904 0.137236521 0.940179765 67.445663452 0.045857113 0.990534425 -0.129378021 -31.700262070 -0.949035823 0.002771959 -0.315156698 472.967773438
-0.310778499 0.136170357 0.940677524 68.402618408 0.045681965 0.990680575 -0.128316402 -31.852666855 -0.949383855 0.003094018 -0.314102769 472.643066406
-0.311205149 0.134175748 0.940823376 69.367843628 0.043335684 0.990956783 -0.126991004 -31.999715805 -0.949354351 0.001250982 -0.314205408 472.331054688
-0.312023520 0.134961069 0.940439641 70.311553955 0.040111493 0.990847766 -0.128886670 -32.135227203 -0.949227154 -0.002493255 -0.314581275 472.016174316
-0.313575506 0.134889618 0.939933836 71.304023743 0.035960466 0.990835726 -0.130197629 -32.278640747 -0.948882282 -0.007026300 -0.315552473 471.696258545
-0.315442920 0.131590545 0.939776540 72.298599243 0.031676237 0.991246819 -0.128165230 -32.431770325 -0.948415875 -0.010660216 -0.316850185 471.372680664
-0.316557527 0.128416538 0.939840913 73.280426025 0.029316679 0.991645098 -0.125620455 -32.572219849 -0.948120356 -0.012213055 -0.317677379 471.037414551
-0.316842437 0.126578614 0.939994276 74.264816284 0.031000912 0.991907477 -0.123119794 -32.718315125 -0.947971642 -0.009868883 -0.318202496 470.700317383
-0.314271569 0.128750965 0.940561831 75.292938232 0.041788325 0.991676450 -0.121785089 -32.826675415 -0.948412955 0.001030918 -0.317035913 470.338745117
-0.313842177 0.129492074 0.940603435 76.278137207 0.045284215 0.991570294 -0.121399075 -32.962368011 -0.948394597 0.004494328 -0.317060590 469.992340088
-0.313477874 0.130766481 0.940548837 77.232528687 0.047296531 0.991393685 -0.122072011 -33.098148346 -0.948417127 0.006217841 -0.316964865 469.652191162
-0.313130021 0.131978154 0.940495193 78.234756470 0.048138551 0.991229713 -0.123070315 -33.241508484 -0.948489368 0.006737065 -0.316737056 469.321472168
-0.312636137 0.131149456 0.940775633 79.252311707 0.044765513 0.991356194 -0.123324335 -33.390209198 -0.948817730 0.003558662 -0.315804839 468.999267578
-0.310980916 0.131621644 0.941258073 80.253128052 0.045056563 0.991292238 -0.123732060 -33.540576935 -0.949347615 0.003931552 -0.314203382 468.672607422
-0.309155107 0.132496774 0.941736758 81.246620178 0.045324095 0.991174638 -0.124573350 -33.685546875 -0.949931204 0.004170895 -0.312431931 468.339782715
-0.307377934 0.133157238 0.942225099 82.219352722 0.045429766 0.991085589 -0.125241965 -33.834838867 -0.950502515 0.004308447 -0.310687184 468.027954102
-0.305115938 0.133682102 0.942885876 83.211471558 0.045139968 0.991015613 -0.125898749 -33.976367950 -0.951244950 0.004148126 -0.308409095 467.705017090
-0.303684115 0.135586560 0.943075955 84.195541382 0.045111842 0.990758598 -0.127915263 -34.129425049 -0.951704204 0.003698062 -0.306994200 467.391296387
-0.301689267 0.138481438 0.943295658 85.136428833 0.045674238 0.990358412 -0.130782783 -34.279308319 -0.952311695 0.003628545 -0.305105567 467.081726074
-0.297971845 0.141675204 0.944002867 86.081657410 0.050560523 0.989879072 -0.132601023 -34.403675079 -0.953234911 0.008217931 -0.302119255 466.739715576
-0.298104882 0.140172556 0.944184899 87.087249756 0.046694666 0.990116119 -0.132248670 -34.551761627 -0.953390360 0.004664421 -0.301703811 466.441406250
-0.297386289 0.138372123 0.944677174 88.120773315 0.046373781 0.990367651 -0.130466133 -34.706043243 -0.953630626 0.005009435 -0.300938606 466.126739502
-0.297364235 0.136107281 0.945012867 89.069290161 0.044468030 0.990687013 -0.128692970 -34.852851868 -0.953728020 0.003754165 -0.300647378 465.824737549
-0.297939181 0.133754462 0.945167780 90.020156860 0.041960612 0.991012812 -0.127015203 -34.999439240 -0.953662276 0.001817010 -0.300873995 465.531219482
-0.297854781 0.132079005 0.945430100 90.874214172 0.043124299 0.991232753 -0.124891609 -35.185886383 -0.953636825 0.003571462 -0.300939322 465.240295410
-0.299620032 0.129624784 0.945211768 91.814994812 0.042720355 0.991556227 -0.122438580 -35.345684052 -0.953101754 0.003694743 -0.302627683 464.963378906
-0.300881624 0.127827197 0.945055783 92.752510071 0.042904634 0.991787136 -0.120488286 -35.484165192 -0.952695906 0.004294578 -0.303894877 464.669128418
-0.302369595 0.126744926 0.944726586 93.674346924 0.044116817 0.991918921 -0.118956208 -35.624404907 -0.952169299 0.005709585 -0.305517793 464.380310059
-0.304669023 0.127120689 0.943937242 94.556121826 0.045055609 0.991867483 -0.119033188 -35.752494812 -0.951392233 0.006263956 -0.307918787 464.099731445
-0.308634520 0.127276808 0.942626953 95.398536682 0.044858437 0.991852045 -0.119235843 -35.879791260 -0.950122476 0.005484484 -0.311829209 463.832122803
-0.313384891 0.127443463 0.941035628 96.238182068 0.045177143 0.991832554 -0.119277887 -35.998981476 -0.948550940 0.005133398 -0.316582918 463.556976318
-0.319360018 0.128253445 0.938914418 97.061088562 0.045809090 0.991730154 -0.119886562 -36.131610870 -0.946525574 0.004723836 -0.322594166 463.288940430
-0.326237679 0.129389361 0.936390758 97.821525574 0.048353944 0.991575241 -0.120168239 -36.253593445 -0.944050431 0.006074790 -0.329745770 463.017456055
-0.335117340 0.129267693 0.933266521 98.583122253 0.051225737 0.991577923 -0.118950337 -36.366199493 -0.940782905 0.007944960 -0.338916779 462.740783691
-0.346495748 0.129412770 0.929081798 99.301406860 0.052952636 0.991557062 -0.118366614 -36.470615387 -0.936555743 0.008183789 -0.350423098 462.474517822
-0.360723257 0.129955351 0.923574924 99.993156433 0.054591618 0.991489291 -0.118189543 -36.581378937 -0.931074023 0.007785749 -0.364747643 462.203918457
-0.378638744 0.130603760 0.916283667 100.640792847 0.055864781 0.991413832 -0.118227392 -36.691135406 -0.923857272 0.006422531 -0.382683754 461.932464600
-0.400162458 0.133121490 0.906724215 101.261711121 0.059097890 0.991082788 -0.119425133 -36.779926300 -0.914536834 0.005796041 -0.404461265 461.648803711
-0.426260710 0.134401679 0.894560099 101.850181580 0.061987109 0.990916371 -0.119341493 -36.864559174 -0.902473927 0.004580598 -0.430719852 461.352722168
-0.456591845 0.135116220 0.879356503 102.410629272 0.066240013 0.990819812 -0.117848903 -36.960102081 -0.887207150 0.004439753 -0.461350322 461.043487549
-0.491315961 0.135868743 0.860319138 102.946937561 0.070680141 0.990719676 -0.116098315 -37.039234161 -0.868109226 0.003766548 -0.496359587 460.718566895
-0.530627608 0.137952060 0.836303592 103.447814941 0.077854663 0.990428090 -0.113977477 -37.122352600 -0.844022036 0.004630547 -0.536288738 460.363128662
-0.573897481 0.139484286 0.806961000 103.917892456 0.085489869 0.990208149 -0.110359818 -37.189044952 -0.814452827 0.005651783 -0.580202460 459.983337402
-0.619551420 0.137534827 0.772813320 104.372200012 0.092393667 0.990463912 -0.102198914 -37.258953094 -0.779499650 0.008085586 -0.626350641 459.595123291
-0.666945815 0.134657294 0.732837737 104.801124573 0.098651074 0.990833938 -0.092282549 -37.314189911 -0.738547027 0.010747787 -0.674116611 459.186126709
-0.715340853 0.132401705 0.686117947 105.189224243 0.105109856 0.991101503 -0.081668459 -37.365184784 -0.690825522 0.013696983 -0.722892046 458.752258301
-0.762336016 0.132101491 0.633555651 105.525733948 0.112207562 0.991099238 -0.071636640 -37.423629761 -0.637379766 0.016478539 -0.770373464 458.277374268
-0.807160974 0.133955777 0.574932396 105.838340759 0.119483232 0.990828276 -0.063111752 -37.473915100 -0.578113496 0.017753448 -0.815763354 457.804229736
-0.847844601 0.135146946 0.512732804 106.104110718 0.125326365 0.990651429 -0.053880367 -37.518810272 -0.515221298 0.018576767 -0.856855869 457.312622070
-0.883587122 0.136796176 0.447840095 106.332214355 0.130988836 0.990403116 -0.044085663 -37.551605225 -0.449572980 0.019708533 -0.893026233 456.807373047
-0.914256930 0.138402894 0.380761266 106.526527405 0.135714158 0.990162849 -0.034047104 -37.574085236 -0.381727874 0.020546895 -0.924046397 456.275573730
-0.939388514 0.141734347 0.312187254 106.673583984 0.141426578 0.989663780 -0.023751328 -37.588535309 -0.312326789 0.021839852 -0.949723840 455.731719971
-0.959506154 0.143695727 0.242279485 106.784080505 0.145041659 0.989348233 -0.012368907 -37.600524902 -0.241476133 0.023272578 -0.970127583 455.182525635
-0.973920345 0.145839110 0.173811048 106.831771851 0.147883162 0.989004135 -0.001202866 -37.596168518 -0.172075272 0.024532232 -0.984778404 454.621093750
-0.982983351 0.149139568 0.107243754 106.843673706 0.151186153 0.988442242 0.011167337 -37.589332581 -0.104338758 0.027191076 -0.994170070 454.068084717
-0.987771749 0.149580047 0.043963935 106.837577820 0.150717065 0.988290906 0.023779541 -37.572982788 -0.039892215 0.030114874 -0.998750091 453.501708984
-0.988462687 0.150618553 -0.015985887 106.802909851 0.149966210 0.988027036 0.036231335 -37.561740875 0.021251600 0.033415977 -0.999215603 452.944122314
-0.985931635 0.150737569 -0.072233021 106.731140137 0.147667512 0.987960279 0.046138257 -37.539642334 0.078318119 0.034822680 -0.996320367 452.384033203
-0.980638504 0.151188403 -0.124460392 106.630378723 0.145319909 0.987854540 0.055004507 -37.510711670 0.131264806 0.035852961 -0.990698934 451.813201904
-0.973644972 0.150347859 -0.171498269 106.509452820 0.141677111 0.987982213 0.061795659 -37.457546234 0.178728074 0.035869636 -0.983244777 451.224914551
-0.965246320 0.151106045 -0.213228703 106.359352112 0.139394686 0.987828732 0.069018327 -37.413021088 0.221062511 0.036896743 -0.974561334 450.645141602
-0.956862569 0.149240777 -0.249281839 106.188156128 0.134347811 0.988028944 0.075825125 -37.365390778 0.257613868 0.039063744 -0.965458035 450.067047119
-0.947806478 0.146461502 -0.283217043 105.998725891 0.128017202 0.988319933 0.082676098 -37.321613312 0.292017907 0.042104285 -0.955485582 449.481964111
-0.937026858 0.143732280 -0.318311185 105.786964417 0.121485524 0.988614619 0.088783100 -37.271011353 0.327448100 0.044521943 -0.943819880 448.891754150
-0.925063252 0.139554605 -0.353245318 105.547431946 0.113703445 0.989150882 0.093016542 -37.212692261 0.362393796 0.045880981 -0.930894971 448.306610107
-0.911962748 0.136823565 -0.386786371 105.280014038 0.107420117 0.989494622 0.096753836 -37.154937744 0.395961255 0.046687234 -0.917079806 447.716217041
-0.897642732 0.135015666 -0.419533789 104.986129761 0.102209665 0.989740789 0.099831671 -37.091381073 0.428708553 0.046732754 -0.902233481 447.119689941
-0.882957697 0.134101048 -0.449892163 104.679870605 0.098291919 0.989900470 0.102155827 -37.031314850 0.459047675 0.045978494 -0.887221217 446.543395996
-0.867747664 0.134423628 -0.478481710 104.335189819 0.095158696 0.989854455 0.105513170 -36.979122162 0.487810731 0.046027094 -0.871735454 445.935241699
-0.852278233 0.135801435 -0.505153716 103.962265015 0.093926251 0.989746809 0.107606374 -36.906517029 0.514587343 0.044263355 -0.856294870 445.344329834
-0.836488128 0.137212172 -0.530528247 103.514556885 0.092452928 0.989603162 0.110172853 -36.820823669 0.540129483 0.043109402 -0.840476990 444.719024658
-0.820601940 0.138606265 -0.554437459 103.096702576 0.091285758 0.989477456 0.112255260 -36.751544952 0.564162672 0.041504625 -0.824619889 444.117797852
-0.804460168 0.141311049 -0.576953650 102.644470215 0.092618302 0.989251256 0.113153681 -36.667659760 0.586742043 0.037591141 -0.808901310 443.520050049
-0.788872838 0.145582825 -0.597063661 102.153854370 0.095898524 0.988796055 0.114393100 -36.581405640 0.607027888 0.032984104 -0.793995619 442.912384033
-0.772758007 0.151943535 -0.616245449 101.634346008 0.101495065 0.988010645 0.116334677 -36.484569550 0.626533329 0.027352676 -0.778914690 442.281860352
-0.758048773 0.157951444 -0.632782638 101.104904175 0.103995658 0.987090409 0.121808976 -36.405883789 0.643853605 0.026530474 -0.764688969 441.666839600
-0.744107604 0.163719386 -0.647687852 100.547058105 0.106514730 0.986178696 0.126910090 -36.290210724 0.659513652 0.025446471 -0.751261592 441.057800293
-0.731719136 0.166524023 -0.660951614 99.993156433 0.106337599 0.985712886 0.130623236 -36.194980621 0.673260450 0.025295500 -0.738972664 440.446441650
-0.720575571 0.164809048 -0.673505247 99.362342834 0.103500403 0.986024559 0.130549744 -36.091545105 0.685608447 0.024362877 -0.727563024 439.800415039
-0.709212542 0.161564961 -0.686232269 98.748672485 0.100909486 0.986627162 0.128000602 -35.973392487 0.697735846 0.021532256 -0.716031790 439.175964355
-0.697440267 0.157666028 -0.699083805 98.117286682 0.094885647 0.987226188 0.127988845 -35.855186462 0.710333347 0.022931583 -0.703491569 438.536682129
-0.684742451 0.158310920 -0.711382985 97.466438293 0.091816872 0.987083316 0.131286785 -35.761421204 0.722978354 0.024580661 -0.690433383 437.897583008
-0.672500849 0.161108643 -0.722347856 96.788818359 0.091978796 0.986645818 0.134424612 -35.625408173 0.734358430 0.023959983 -0.678338647 437.258209229
-0.661887407 0.163112715 -0.731641710 96.054580688 0.093582109 0.986382902 0.135244891 -35.502841949 0.743739069 0.021048296 -0.668138862 436.615234375
-0.652671337 0.163168684 -0.739862621 95.313941956 0.096465722 0.986482918 0.132460743 -35.384597778 0.751475275 0.015081923 -0.659589291 435.971008301
-0.645169735 0.159662455 -0.747170508 94.593627930 0.097057112 0.987125933 0.127131104 -35.261371613 0.757849395 0.009502940 -0.652360201 435.339843750
-0.637750626 0.158017024 -0.753860235 93.836715698 0.099099681 0.987428963 0.123139195 -35.148689270 0.763841510 0.003824763 -0.645392895 434.694152832
-0.631978631 0.157721817 -0.758766711 93.050331116 0.099407382 0.987481594 0.122467227 -35.026966095 0.768583953 0.001969658 -0.639746070 434.030487061
-0.629184842 0.158237696 -0.760977864 92.239410400 0.096985757 0.987388790 0.125128686 -34.907672882 0.771181107 0.004925050 -0.636596918 433.359802246
-0.626351595 0.160634473 -0.762810886 91.440589905 0.097318694 0.986996353 0.127934635 -34.785457611 0.773442328 0.005896293 -0.633839488 432.693634033
-0.622858644 0.161622792 -0.765457809 90.631248474 0.098439462 0.986842155 0.128266171 -34.647605896 0.776116788 0.004540425 -0.630573153 432.030334473
-0.619779944 0.161323950 -0.768015087 89.867393494 0.097145900 0.986887395 0.128903031 -34.524032593 0.778739512 0.005282022 -0.627324939 431.367767334
-0.618384242 0.159649849 -0.769488931 89.034790039 0.094582438 0.987149835 0.128799841 -34.382774353 0.780163765 0.006867629 -0.625537872 430.698364258
-0.616002202 0.160387903 -0.771243691 88.200515747 0.095162541 0.987034380 0.129256219 -34.257740021 0.781975150 0.006228615 -0.623278260 430.014434814
-0.613321662 0.159889668 -0.773480535 87.357086182 0.095046759 0.987120092 0.128685981 -34.131076813 0.784093738 0.005409054 -0.620619059 429.338653564
-0.611477375 0.156451195 -0.775640607 86.520217896 0.090255134 0.987650812 0.128062099 -33.998104095 0.786097527 0.008301530 -0.618046641 428.645019531
-0.609556556 0.155340970 -0.777373850 85.661277771 0.087107055 0.987800002 0.129087374 -33.867733002 0.787942469 0.010971293 -0.615651250 427.955261230
-0.608144641 0.154814422 -0.778583527 84.798484802 0.084412470 0.987849474 0.130491227 -33.740684509 0.789325237 0.013635393 -0.613823533 427.278137207
-0.605891109 0.153691724 -0.780560732 83.939567566 0.082719222 0.988013923 0.130330324 -33.609218597 0.791235566 0.014398590 -0.611342072 426.598815918
-0.603806973 0.153101116 -0.782289565 83.051940918 0.080744013 0.988081515 0.131054506 -33.479660034 0.793030441 0.015966441 -0.608972549 425.916625977
-0.601244926 0.153565571 -0.784169972 82.203437805 0.079439893 0.987985015 0.132570341 -33.357154846 0.795106471 0.017412838 -0.606220126 425.228210449
-0.599256039 0.153157383 -0.785770357 81.316513062 0.078435153 0.988039196 0.132764935 -33.231624603 0.796705782 0.017928168 -0.604101300 424.533264160
-0.597545147 0.152437821 -0.787211776 80.463539124 0.077036351 0.988135159 0.132869527 -33.097087860 0.798125982 0.018751621 -0.602198601 423.853668213
-0.595621467 0.153747484 -0.788414180 79.559799194 0.077622145 0.987934649 0.134014666 -32.959018707 0.799506128 0.018623613 -0.600369334 423.164978027
-0.593726635 0.154155046 -0.789762616 78.678276062 0.074437335 0.987791300 0.136848196 -32.806316376 0.801216483 0.022462592 -0.597952843 422.479003906
-0.591733813 0.153171688 -0.791447639 77.779602051 0.072107621 0.987904131 0.137280613 -32.665847778 0.802901864 0.024164185 -0.595621109 421.793731689
-0.589632869 0.150803789 -0.793467939 76.894973755 0.070167378 0.988264322 0.135684133 -32.525226593 0.804617703 0.024328254 -0.593294621 421.112152100
-0.587434053 0.149941280 -0.795260489 75.986869812 0.069297969 0.988396406 0.135167614 -32.382476807 0.806299865 0.024292096 -0.591008425 420.443542480
-0.585518360 0.149822086 -0.796694517 75.086265564 0.067298442 0.988364398 0.136406586 -32.243232727 0.807861209 0.026252236 -0.588788271 419.771057129
-0.583380938 0.149787530 -0.798267007 74.175331116 0.067202255 0.988379002 0.136348277 -32.103515625 0.809413552 0.025897659 -0.586667538 419.099884033
-0.581848145 0.149616316 -0.799417198 73.262481689 0.066932440 0.988407910 0.136271074 -31.958442688 0.810538709 0.025782119 -0.585117459 418.435943604
-0.580454350 0.151189968 -0.800134122 72.355369568 0.066750795 0.988139689 0.138290599 -31.816858292 0.811552465 0.026861768 -0.583662033 417.776702881
-0.579174161 0.151875407 -0.800931513 71.461105347 0.065090209 0.987970889 0.140274078 -31.677774429 0.812601149 0.029110324 -0.582092762 417.111633301
-0.578099608 0.151510611 -0.801776409 70.525192261 0.063729599 0.987992048 0.140749007 -31.531425476 0.813473701 0.030270062 -0.580813527 416.439971924
-0.576956511 0.151483312 -0.802604616 69.618003845 0.062441539 0.987955570 0.141579986 -31.384571075 0.814384639 0.031569619 -0.579466224 415.774017334
-0.575592041 0.153146267 -0.803268492 68.716072083 0.063055180 0.987693965 0.143124744 -31.238721848 0.815302432 0.031731207 -0.578165412 415.122589111
-0.574293733 0.155309200 -0.803782105 67.837615967 0.063727468 0.987341285 0.145244464 -31.099031448 0.816165090 0.032189984 -0.576921463 414.485076904
-0.572903991 0.157278195 -0.804390848 66.946533203 0.064651191 0.987029910 0.146942690 -30.957105637 0.817068756 0.032179218 -0.575641632 413.838043213
-0.571645260 0.158231840 -0.805099308 66.054321289 0.065493047 0.986897290 0.147459835 -30.807329178 0.817883193 0.031566270 -0.574518204 413.201812744
-0.570424914 0.157629043 -0.806082070 65.173690796 0.065364420 0.987010956 0.146754399 -30.671422958 0.818744600 0.031023283 -0.573319077 412.563049316
-0.569124460 0.156621516 -0.807196915 64.353172302 0.066441864 0.987240851 0.144709989 -30.557018280 0.819562495 0.028726339 -0.572269201 411.940185547
-0.568615079 0.155638367 -0.807745993 63.461406708 0.066797644 0.987431467 0.143238187 -30.416519165 0.819887221 0.027491864 -0.571864724 411.305603027
-0.568398476 0.156285286 -0.807773590 62.578872681 0.067678526 0.987347126 0.143405855 -30.273933411 0.819965124 0.026842739 -0.571783781 410.684295654
-0.568162680 0.158570483 -0.807493925 61.719928741 0.068896055 0.986979961 0.145340681 -30.141458511 0.820027113 0.026944011 -0.571690083 410.058166504
-0.568100929 0.159362197 -0.807381749 60.831348419 0.070789531 0.986898184 0.144985542 -29.983598709 0.819908857 0.025212239 -0.571938992 409.426971436
-0.567921042 0.160553336 -0.807272077 59.959976196 0.071952865 0.986720145 0.145623326 -29.849859238 0.819931984 0.024617013 -0.571931362 408.802185059
-0.568029046 0.160175145 -0.807271481 59.097297668 0.071388535 0.986770689 0.145558715 -29.712141037 0.819906712 0.025051646 -0.571949124 408.178619385
-0.568021297 0.159521267 -0.807406306 58.262561798 0.071248248 0.986884058 0.144857034 -29.579526901 0.819924235 0.024755582 -0.571936727 407.565521240
-0.568120599 0.158834860 -0.807471752 57.409858704 0.070169181 0.986973464 0.144774407 -29.444374084 0.819948435 0.025589686 -0.571865201 406.957214355
-0.568139553 0.158678442 -0.807489038 56.550800323 0.069965057 0.986995041 0.144726306 -29.312921524 0.819952607 0.025728729 -0.571852922 406.351501465
-0.568160892 0.158299744 -0.807548642 55.699928284 0.069664136 0.987053275 0.144474104 -29.180290222 0.819963694 0.025827345 -0.571832895 405.740386963
-0.567758203 0.159326747 -0.807629764 54.839595795 0.071604684 0.986930907 0.144361153 -29.039175034 0.820075333 0.024132136 -0.571746707 405.138397217
-0.567563653 0.159971207 -0.807638943 53.999385834 0.072922394 0.986854613 0.144223124 -28.912050247 0.820093811 0.022960834 -0.571768284 404.543670654
-0.567198038 0.159644246 -0.807960451 53.155414581 0.072945908 0.986915350 0.143794894 -28.776714325 0.820344627 0.022622772 -0.571421862 403.946624756
-0.566506028 0.158981726 -0.808576405 52.322299957 0.072239980 0.987016916 0.143453702 -28.642316818 0.820885122 0.022855837 -0.570635915 403.354278564
-0.565151215 0.157819331 -0.809751570 51.488540649 0.071828119 0.987217426 0.142276078 -28.506599426 0.821854770 0.022244554 -0.569262981 402.770416260
-0.563597441 0.154583722 -0.811456382 50.650638580 0.070225969 0.987744093 0.139391303 -28.380178452 0.823058903 0.021575291 -0.567545891 402.180206299
-0.561335921 0.152798504 -0.813360214 49.821182251 0.071083322 0.988077760 0.136563361 -28.257423401 0.824529767 0.018841565 -0.565505028 401.585327148
-0.558728218 0.152790904 -0.815155089 48.989753723 0.072460502 0.988117993 0.135544419 -28.126964569 0.826179326 0.016665958 -0.563160777 400.999694824
-0.556538939 0.153508306 -0.816517115 48.165584564 0.071624383 0.987988412 0.136926353 -28.010587692 0.827728748 0.017722286 -0.560848951 400.420135498
-0.553677320 0.155850545 -0.818017364 47.361858368 0.073466182 0.987641871 0.138442054 -27.885673523 0.829484463 0.016555596 -0.558284640 399.861816406
-0.551247120 0.158773124 -0.819095850 46.564624786 0.074820027 0.987178206 0.141000673 -27.766849518 0.830980659 0.016441431 -0.556058526 399.322204590
-0.548367143 0.159292817 -0.820926070 45.784748077 0.074721783 0.987096488 0.141623497 -27.656993866 0.832892776 0.016320609 -0.553193927 398.788299561
-0.545709610 0.158883497 -0.822773993 45.003208160 0.073389560 0.987149596 0.141949534 -27.539257050 0.834754407 0.017080225 -0.550357461 398.267517090
-0.542550325 0.159287006 -0.824783206 44.239818573 0.073895380 0.987100899 0.142025724 -27.438528061 0.836767077 0.016108423 -0.547322512 397.770263672
-0.539246202 0.159318835 -0.826941073 43.494922638 0.074215174 0.987111926 0.141781926 -27.332981110 0.838871896 0.015083782 -0.544120312 397.287567139
-0.536659122 0.160669968 -0.828361332 42.763359070 0.075141951 0.986903727 0.142739892 -27.223144531 0.840446889 0.014357962 -0.541703939 396.808898926
-0.535426378 0.161224321 -0.829051197 42.049392700 0.077561021 0.986849248 0.141819865 -27.123239517 0.841013372 0.011632018 -0.540889859 396.342193604
-0.535503387 0.161640331 -0.828920364 41.363956451 0.080658302 0.986814976 0.140322700 -27.011266708 0.840672851 0.008283943 -0.541480303 395.875305176
-0.537173033 0.162059367 -0.827757478 40.690567017 0.083483174 0.986765265 0.139013767 -26.909440994 0.839330792 0.005570605 -0.543592930 395.427520752
-0.539987683 0.164493263 -0.825442731 40.029209137 0.086062133 0.986366987 0.140262023 -26.814292908 0.837261617 0.004700392 -0.546782613 394.989837646
-0.544346452 0.168210596 -0.821822822 39.382480621 0.089219891 0.985741556 0.142665416 -26.715473175 0.834102690 0.004336439 -0.551592588 394.554809570
-0.550615191 0.171010673 -0.817054808 38.759433746 0.093167245 0.985265076 0.143431693 -26.627754211 0.829543889 0.002852917 -0.558434486 394.130950928
-0.558660746 0.172081202 -0.811348557 38.156234741 0.096355170 0.985081673 0.142582625 -26.552249908 0.823780417 0.001477666 -0.566907406 393.696807861
-0.568448305 0.171737343 -0.804594815 37.574989319 0.099179566 0.985142767 0.140203923 -26.464807510 0.816718996 -0.000100695 -0.577035546 393.273651123
-0.579035163 0.172717899 -0.796798050 37.023586273 0.102166682 0.984971046 0.139262468 -26.373224258 0.808876097 -0.000768363 -0.587978959 392.844024658
-0.591165781 0.174699038 -0.787403047 36.497394562 0.105081856 0.984621882 0.139562219 -26.296909332 0.799675643 -0.000237375 -0.600432515 392.427276611
-0.605661750 0.176998496 -0.775787294 35.992233276 0.108075954 0.984210551 0.140175492 -26.224870682 0.788348854 0.001054965 -0.615227938 392.025421143
-0.623227239 0.180813432 -0.760851145 35.518520355 0.114100575 0.983517230 0.140267313 -26.149271011 0.773672462 0.000604838 -0.633585691 391.616210938
-0.646314025 0.185019135 -0.740301728 35.089550018 0.123054393 0.982733309 0.138177067 -26.069828033 0.753084540 -0.001791619 -0.657921672 391.261932373
-0.673405051 0.187413529 -0.715123892 34.692733765 0.130130455 0.982278585 0.134888262 -26.007995605 0.727730751 -0.002224967 -0.685859561 390.846862793
-0.704373240 0.188433781 -0.684361696 34.332138062 0.136483774 0.982084095 0.129934609 -25.952915192 0.696584821 -0.001881801 -0.717471957 390.427947998
-0.738758087 0.188317880 -0.647126794 34.017742157 0.141858980 0.982108057 0.123853743 -25.906696320 0.658872366 -0.000302803 -0.752254844 390.024139404
-0.774939060 0.186779380 -0.603807032 33.733085632 0.145793468 0.982398808 0.116777040 -25.862392426 0.614990890 0.002463967 -0.788530350 389.587066650
-0.811578035 0.186550379 -0.553660870 33.473304749 0.152084857 0.982439101 0.108090848 -25.819169998 0.564102411 0.003520723 -0.825697422 389.153778076
-0.846928120 0.186915740 -0.497770280 33.254821777 0.158737049 0.982364893 0.098801762 -25.780401230 0.507459641 0.004663404 -0.861662865 388.729614258
-0.879136801 0.190421537 -0.436873615 33.073745728 0.168059096 0.981687367 0.089699931 -25.749767303 0.445954084 0.005437918 -0.895039558 388.287078857
-0.910070062 0.192291990 -0.367145836 32.881034851 0.174875811 0.981296182 0.080475189 -25.719184875 0.375753522 0.009033144 -0.926675558 387.843078613
-0.935833812 0.191085562 -0.296144724 32.752990723 0.178410545 0.981497288 0.069517978 -25.693737030 0.303949118 0.012221927 -0.952610135 387.370758057
-0.956432104 0.185863048 -0.225151569 32.686744690 0.177691102 0.982479334 0.056216314 -25.676591873 0.231655300 0.013759648 -0.972700953 386.895629883
-0.970872998 0.184259966 -0.153148875 32.653942108 0.179470733 0.982749522 0.044650383 -25.664733887 0.158734247 0.015864097 -0.987194180 386.417266846
-0.979654551 0.183786511 -0.080618538 32.654201508 0.181397289 0.982747674 0.036084346 -25.657928467 0.085859500 0.020726211 -0.996091604 385.932678223
-0.983376980 0.181384668 -0.008345670 32.689464569 0.181066945 0.983021677 0.029717624 -25.652631760 0.013594295 0.027712498 -0.999523640 385.448730469
-0.982457042 0.175315678 0.063582920 32.758907318 0.177126318 0.983895183 0.024011860 -25.652814865 -0.058349274 0.034852825 -0.997687817 384.958404541
-0.977015257 0.167885363 0.131362528 32.860969543 0.171433836 0.985063970 0.016105197 -25.655624390 -0.126696676 0.038255002 -0.991203785 384.456390381
-0.967219591 0.163993686 0.193888664 32.984947205 0.168751061 0.985624909 0.008164708 -25.666946411 -0.189762533 0.040615980 -0.980989814 383.965454102
-0.954568505 0.161712870 0.250295848 33.133155823 0.166565016 0.986028790 -0.001821237 -25.688095093 -0.247093439 0.039952032 -0.968167782 383.472015381
-0.940339565 0.160631642 0.299932152 33.316314697 0.164448008 0.986304581 -0.012652190 -25.706296921 -0.297856778 0.037425883 -0.953876853 382.987396240
-0.926050067 0.157289460 0.343062311 33.522712708 0.158484742 0.987051368 -0.024741877 -25.720766068 -0.342511743 0.031457923 -0.938987017 382.493621826
-0.912389517 0.154900402 0.378882349 33.748725891 0.153126091 0.987586081 -0.035015892 -25.746545792 -0.379602909 0.026068643 -0.924782515 382.027618408
-0.901082039 0.145959824 0.408346951 34.000427246 0.141765684 0.989063084 -0.040703088 -25.768623352 -0.409821928 0.021212768 -0.911919117 381.540832520
-0.890501142 0.140543312 0.432730585 34.277309418 0.135390788 0.989864171 -0.042874664 -25.785043716 -0.434370250 0.020407803 -0.900503397 381.000274658
-0.879880548 0.138887987 0.454445779 34.554615021 0.133919939 0.990046263 -0.043287978 -25.806358337 -0.455934525 0.022771105 -0.889722228 380.477203369
-0.869642973 0.140400767 0.473295480 34.841140747 0.136493027 0.989716053 -0.042799257 -25.843437195 -0.474437207 0.027381456 -0.879863262 379.929138184
-0.860966682 0.141501337 0.488583922 35.145946503 0.137563676 0.989507735 -0.044166327 -25.881568909 -0.489707172 0.029185668 -0.871398687 379.424835205
-0.853973269 0.140810311 0.500901699 35.465049744 0.134714335 0.989694595 -0.048546042 -25.916103363 -0.502575517 0.026021611 -0.864141822 378.891571045
-0.847877383 0.138042733 0.511906981 35.784301758 0.129559383 0.990184784 -0.052426271 -25.978002548 -0.514119506 0.021871304 -0.857439995 378.345184326
-0.842565060 0.141638026 0.519637585 36.119022369 0.131800488 0.989690185 -0.056053132 -26.015045166 -0.522219419 0.021260083 -0.852546334 377.818725586
-0.837657571 0.146662802 0.526136935 36.453563690 0.137245357 0.988887072 -0.057149284 -26.082115173 -0.528671682 0.024338327 -0.848477483 377.298980713
-0.834337354 0.147766277 0.531080306 36.785495758 0.138230816 0.988704324 -0.057930995 -26.129436493 -0.533641636 0.025077675 -0.845338821 376.776397705
-0.832628012 0.148447141 0.533567369 37.147708893 0.138708428 0.988598526 -0.058590725 -26.184663773 -0.536181509 0.025226010 -0.843725681 376.199523926
-0.831081033 0.150427252 0.535421550 37.517410278 0.140039921 0.988308251 -0.060296420 -26.242879868 -0.538231790 0.024869185 -0.842429996 375.598663330
-0.828524828 0.152572364 0.538765788 37.908542633 0.140802681 0.988014221 -0.063265294 -26.281509399 -0.541960835 0.023442807 -0.840076923 374.978027344
-0.825054288 0.157630712 0.542621434 38.311134338 0.145801067 0.987170935 -0.065081604 -26.329988480 -0.545919001 0.025418928 -0.837452292 374.370300293
-0.821209788 0.162103862 0.547117174 38.725128174 0.149752766 0.986417532 -0.067487732 -26.383428574 -0.550625980 0.026510732 -0.834331155 373.732025146
-0.817578554 0.161882624 0.552593470 39.158035278 0.149768606 0.986422062 -0.067385919 -26.449886322 -0.555999041 0.027667874 -0.830722570 373.063934326
-0.814437151 0.161329240 0.557373166 39.600723267 0.148628712 0.986526847 -0.068368673 -26.506830215 -0.560893416 0.027159670 -0.827442288 372.409362793
-0.810564518 0.162387177 0.562685966 40.054779053 0.149211839 0.986345053 -0.069708422 -26.582197189 -0.566322327 0.027456246 -0.823726416 371.740539551
-0.807716966 0.162942588 0.566606462 40.533123016 0.148522079 0.986291051 -0.071910605 -26.652799606 -0.570556223 0.026070151 -0.820844650 371.035308838
-0.805896282 0.164057687 0.568872929 41.015300751 0.148052290 0.986157417 -0.074659765 -26.720771790 -0.573246717 0.024054911 -0.819029808 370.352600098
-0.803595543 0.166139722 0.571517289 41.503684998 0.149873555 0.985792458 -0.075836003 -26.793354034 -0.575996816 0.024713863 -0.817078471 369.645843506
-0.801473141 0.169849306 0.573404312 42.010742188 0.155282080 0.985039115 -0.074735813 -26.844757080 -0.577519536 0.029140681 -0.815856934 368.998474121
-0.799560189 0.168630317 0.576426327 42.530586243 0.155767187 0.985156238 -0.072137490 -26.908388138 -0.580034554 0.032110043 -0.813958764 368.252471924
-0.797387838 0.169056535 0.579303920 43.055984497 0.158357531 0.984935760 -0.069458380 -26.980638504 -0.582319558 0.036351882 -0.812147141 367.508728027
-0.795267701 0.169680983 0.582028747 43.595676422 0.159758151 0.984755754 -0.068800405 -27.050455093 -0.584830284 0.038269095 -0.810252309 366.750579834
-0.794746518 0.164744347 0.584155381 44.155197144 0.154290736 0.985677958 -0.068068966 -27.119096756 -0.587003052 0.036032192 -0.808782697 365.982543945
-0.794409990 0.157386586 0.586636662 44.727622986 0.147541210 0.986919045 -0.064979963 -27.199277878 -0.589189887 0.034932360 -0.807239413 365.170562744
-0.794855118 0.149693653 0.588045061 45.329166412 0.140998021 0.988131642 -0.060954526 -27.277130127 -0.590190470 0.034463175 -0.806527972 364.381530762
-0.795728683 0.145896420 0.587818384 45.924377441 0.136800960 0.988766134 -0.060224444 -27.357498169 -0.590001464 0.032491811 -0.806748390 363.601257324
-0.795764565 0.149742529 0.586801767 46.516807556 0.137532428 0.988316298 -0.065694369 -27.435922623 -0.589782953 0.028427018 -0.807061553 362.775817871
-0.795164585 0.153678998 0.586596787 47.097648621 0.139620915 0.987762034 -0.069513939 -27.516082764 -0.590100825 0.026626155 -0.806890249 361.981689453
-0.794680834 0.156181544 0.586591601 47.688766479 0.142840296 0.987312257 -0.069362581 -27.596256256 -0.589982271 0.028667804 -0.806907177 361.157135010
-0.794378757 0.155698061 0.587129414 48.278179169 0.144262791 0.987293601 -0.066630021 -27.690092087 -0.590043247 0.031771451 -0.806746602 360.314849854
-0.794703126 0.155301020 0.586795270 48.882373810 0.142952636 0.987409651 -0.067725196 -27.777465820 -0.589925110 0.030062506 -0.806898236 359.482574463
-0.795595288 0.151644811 0.586542726 49.497993469 0.138307735 0.988062322 -0.067851126 -27.842489243 -0.589830041 0.027141366 -0.807071328 358.638061523
-0.795868635 0.150562510 0.586450577 50.119510651 0.138106868 0.988197029 -0.066280961 -27.937156677 -0.589508176 0.028241921 -0.807268739 357.782867432
-0.795910120 0.150170475 0.586495161 50.733253479 0.137217730 0.988283575 -0.066834465 -28.024326324 -0.589660048 0.027283303 -0.807190895 356.960571289
-0.794880509 0.154233024 0.586836755 51.351165771 0.139637485 0.987693667 -0.070445292 -28.104597092 -0.590479910 0.025948824 -0.806635141 356.072601318
-0.792775989 0.160628900 0.587966681 51.991577148 0.145553723 0.986632228 -0.073286757 -28.181901932 -0.591878891 0.027480770 -0.805558443 355.159667969
-0.791220784 0.163847655 0.589171827 52.633701324 0.149013638 0.986054540 -0.074104026 -28.289550781 -0.593097270 0.029161984 -0.804602385 354.302825928
-0.789836764 0.163592905 0.591096818 53.246196747 0.148089200 0.986122966 -0.075040922 -28.383771896 -0.595170319 0.028264981 -0.803102493 353.452514648
-0.789623618 0.158976465 0.592639387 53.885910034 0.145365000 0.986824691 -0.071035296 -28.477624893 -0.596124113 0.030057888 -0.802329659 352.569213867
-0.790053248 0.154720098 0.593192339 54.528633118 0.142456472 0.987474442 -0.067826062 -28.567007065 -0.596256375 0.030917883 -0.802198291 351.696228027
-0.790260673 0.155171961 0.592798412 55.148338318 0.141046315 0.987492561 -0.070458695 -28.651283264 -0.596317232 0.027931301 -0.802262902 350.834533691
-0.790137291 0.158264369 0.592145085 55.767089844 0.142264545 0.987060010 -0.073981769 -28.746194839 -0.596191406 0.025785496 -0.802428365 349.997283936
-0.789452195 0.161477640 0.592191517 56.371849060 0.145912483 0.986490011 -0.074477956 -28.830770493 -0.596217573 0.027611360 -0.802348256 349.134765625
-0.788654804 0.164012596 0.592556775 57.004657745 0.153888926 0.985743701 -0.068025783 -28.934551239 -0.595266163 0.037539057 -0.802651167 348.297058105
-0.787675858 0.165403306 0.593471527 57.662967682 0.159991056 0.985155463 -0.062221818 -29.065998077 -0.594953418 0.045939520 -0.802446246 347.283447266
-0.788608670 0.163083166 0.592874467 58.309299469 0.157289416 0.985610902 -0.061896291 -29.139614105 -0.594437778 0.044440921 -0.802912593 346.385772705
-0.789320707 0.163820848 0.591722667 58.944599152 0.155273363 0.985680044 -0.065764718 -29.219169617 -0.594022810 0.039969303 -0.803454638 345.496765137
-0.789753914 0.165110812 0.590785503 59.559494019 0.153771177 0.985630870 -0.069901779 -29.313476562 -0.593837976 0.035640582 -0.803795099 344.639465332
-0.790761948 0.163595572 0.589857459 60.172180176 0.151506379 0.985950232 -0.070341736 -29.399715424 -0.593077660 0.033743601 -0.804437637 343.786163330
-0.790866017 0.160840526 0.590475559 60.799888611 0.151838973 0.986247361 -0.065276675 -29.482069016 -0.592854142 0.038032103 -0.804411411 342.890686035
-0.790769219 0.159889489 0.590863168 61.421684265 0.153298408 0.986250639 -0.061718930 -29.591238022 -0.592607439 0.041772950 -0.804407477 342.017730713
-0.790803552 0.161896929 0.590270579 62.049972534 0.154623494 0.985945642 -0.063267231 -29.674510956 -0.592217505 0.041237757 -0.804722428 341.168273926
-0.790077209 0.166609302 0.589932024 62.656024933 0.157286033 0.985236466 -0.067603528 -29.751979828 -0.592485964 0.039376073 -0.804618120 340.286560059
-0.789871097 0.168996945 0.589528322 63.205348969 0.159705415 0.984797180 -0.068327561 -29.847478867 -0.592113018 0.040180895 -0.804852605 339.503051758
-0.789007664 0.169907108 0.590422273 63.805248260 0.164040372 0.984371424 -0.064060234 -29.947973251 -0.592079043 0.046309065 -0.804548264 338.655792236
-0.788551092 0.169483319 0.591153502 64.450569153 0.166813806 0.984182537 -0.059648298 -30.026508331 -0.591912389 0.051576830 -0.804350376 337.748199463
-0.787496686 0.172752872 0.591612875 65.092971802 0.171015039 0.983467937 -0.059537537 -30.107608795 -0.592117608 0.054289088 -0.804021120 336.816894531
-0.786629319 0.178391725 0.591093183 65.725921631 0.176516622 0.982370079 -0.061569996 -30.191562653 -0.591655850 0.055905014 -0.804250240 335.938964844
-0.785557389 0.181795180 0.591481090 66.372138977 0.181256473 0.981545091 -0.060953386 -30.277677536 -0.591646433 0.059327394 -0.804011583 335.020721436
-0.784911871 0.183163151 0.591916502 67.031089783 0.184154585 0.981101096 -0.059394363 -30.366224289 -0.591608822 0.062384795 -0.803808212 334.086669922
-0.784037828 0.185834005 0.592242002 67.691734314 0.187207326 0.980496883 -0.059826966 -30.442792892 -0.591809273 0.063965425 -0.803536177 333.155334473
-0.783250928 0.189440817 0.592140675 68.355087280 0.188759804 0.979946733 -0.063828871 -30.514646530 -0.592358112 0.061778337 -0.803303003 332.240722656
-0.782362580 0.193646371 0.591954768 69.023132324 0.190759629 0.979262888 -0.068227440 -30.594457626 -0.592891276 0.059542473 -0.803078532 331.308959961
-0.782165408 0.194163114 0.592045546 69.689002991 0.190092981 0.979266226 -0.070016958 -30.690547943 -0.593364954 0.057778854 -0.802857161 330.408172607
-0.782436371 0.191013306 0.592711806 70.363754272 0.187585473 0.979880869 -0.068155535 -30.787631989 -0.593805552 0.057856765 -0.802525759 329.508361816
-0.781807661 0.190028518 0.593856931 71.037712097 0.189228475 0.979817986 -0.064414710 -30.879068375 -0.594112396 0.062014733 -0.801988006 328.572265625
-0.781942129 0.186895534 0.594673753 71.721702576 0.187775627 0.980304420 -0.061184615 -30.956762314 -0.594396472 0.063822404 -0.801635742 327.631469727
-0.781629801 0.186810941 0.595110416 72.403007507 0.190062642 0.980056226 -0.058017090 -31.036636353 -0.594079852 0.067760378 -0.801546931 326.676971436
-0.781629801 0.186171278 0.595311165 73.088333130 0.190800682 0.980031967 -0.055967961 -31.119802475 -0.593843579 0.069839552 -0.801543713 325.705230713
-0.780919075 0.190943405 0.594731629 73.768409729 0.194455966 0.979133666 -0.059026130 -31.206947327 -0.593592465 0.069554500 -0.801754236 324.730285645
-0.780879617 0.193891466 0.593829095 74.450462341 0.194638133 0.978808165 -0.063643873 -31.287666321 -0.593584836 0.065883592 -0.802070022 323.777679443
-0.780706644 0.195262268 0.593607545 75.125648499 0.196407482 0.978461206 -0.063543566 -31.374114990 -0.593229651 0.066980086 -0.802242160 322.887939453
-0.780502558 0.194547415 0.594110489 75.816078186 0.196592420 0.978513300 -0.062154047 -31.468667984 -0.593436956 0.068286233 -0.801978707 321.942413330
-0.779553533 0.197767988 0.594293356 76.519477844 0.197603449 0.978039622 -0.066267774 -31.556634903 -0.594348073 0.065775126 -0.801513910 320.959167480
-0.778434992 0.201675758 0.594446182 77.214515686 0.199302182 0.977391005 -0.070607454 -31.655944824 -0.595246196 0.063511103 -0.801029801 320.010559082
-0.777726650 0.203224465 0.594845653 77.912162781 0.200213298 0.977099419 -0.072051167 -31.760730743 -0.595865846 0.063059896 -0.800604582 319.079223633
-0.777324200 0.201854393 0.595837533 78.609886169 0.200166658 0.977262676 -0.069935873 -31.870538712 -0.596406639 0.064903975 -0.800054431 318.148895264
-0.776721597 0.198783353 0.597653151 79.321693420 0.199466661 0.977682590 -0.065953031 -31.973632812 -0.597425461 0.067984745 -0.799037814 317.194274902
-0.775776982 0.196647584 0.599583507 80.033981323 0.199638903 0.977879763 -0.062414147 -32.069782257 -0.598594189 0.071280740 -0.797875047 316.251647949
-0.775350332 0.195573494 0.600485384 80.738914490 0.197013482 0.978294015 -0.064237848 -32.163864136 -0.600014508 0.068496883 -0.797051311 315.298614502
-0.774864674 0.200007513 0.599651515 81.433349609 0.195910379 0.977899790 -0.073014557 -32.262802124 -0.601002514 0.060901556 -0.796923637 314.358459473
-0.773681998 0.204820395 0.599554062 82.128501892 0.194554031 0.977387607 -0.082838252 -32.361820221 -0.602963686 0.052555189 -0.796035886 313.373535156
-0.772658229 0.205087319 0.600781322 82.833007812 0.194512919 0.977341890 -0.083471939 -32.468231201 -0.604287744 0.052364439 -0.795043349 312.393493652
-0.771501780 0.202408150 0.603171587 83.527473450 0.195282832 0.977617860 -0.078280851 -32.585071564 -0.605515957 0.057395235 -0.793760777 311.463378906
-0.770309091 0.200957641 0.605177820 84.213218689 0.198109999 0.977500379 -0.072425418 -32.694850922 -0.606115997 0.064101838 -0.792789102 310.521942139
-0.770098925 0.196602240 0.606873274 84.922645569 0.197057471 0.978112817 -0.066810369 -32.786830902 -0.606725574 0.068138316 -0.791985631 309.583831787
-0.769979358 0.195346028 0.607430696 85.623497009 0.197564960 0.978188813 -0.064146265 -32.882282257 -0.606712580 0.070615724 -0.791778684 308.663940430
-0.769859791 0.195945680 0.607388914 86.318695068 0.197626054 0.978116512 -0.065054439 -32.986549377 -0.606844246 0.069953077 -0.791736603 307.736480713
-0.770125985 0.196472779 0.606881082 87.024429321 0.198268130 0.977989137 -0.065015741 -33.071506500 -0.606296957 0.070254870 -0.792129040 306.786254883
-0.770326614 0.196832493 0.606509626 87.725265503 0.198793188 0.977892101 -0.064871617 -33.160102844 -0.605869830 0.070597656 -0.792425275 305.854980469
-0.770459890 0.200915992 0.604999423 88.420509338 0.199906707 0.977312744 -0.069979660 -33.257480621 -0.605333686 0.067026921 -0.793144703 304.941070557
-0.770600796 0.205700144 0.603210032 89.112632751 0.198525682 0.976865768 -0.079503730 -33.354804993 -0.605609119 0.058487043 -0.793610334 304.012939453
-0.770513415 0.207061544 0.602855861 89.802841187 0.198143169 0.976718307 -0.082223445 -33.452884674 -0.605845630 0.056097507 -0.793602347 303.073791504
-0.771286011 0.201630443 0.603707790 90.494766235 0.195079476 0.977734923 -0.077320613 -33.551898956 -0.605856419 0.058134701 -0.793447137 302.133972168
-0.772688150 0.191632152 0.605169594 91.180526733 0.188853383 0.979573965 -0.069060169 -33.655097961 -0.606042564 0.060926355 -0.793095589 301.213836670
-0.773341417 0.185037702 0.606386244 91.875869751 0.187746048 0.980399847 -0.059729531 -33.748867035 -0.605553210 0.067655295 -0.792923927 300.294525146
-0.773870468 0.182716623 0.606415153 92.570823669 0.189513192 0.980416298 -0.053560171 -33.833026886 -0.604325652 0.073475033 -0.793342352 299.378570557
-0.775352001 0.180865094 0.605075955 93.267738342 0.187247649 0.980868220 -0.053252745 -33.915081024 -0.603131294 0.072009422 -0.794384599 298.500488281
-0.773736715 0.192668021 0.603498578 93.931159973 0.194597900 0.978857160 -0.063010812 -33.999835968 -0.602879047 0.068685770 -0.794870496 297.595428467
-0.771634221 0.209231585 0.600668967 94.585365295 0.203220457 0.975949585 -0.078891486 -34.092483521 -0.602729261 0.061192852 -0.795596242 296.705657959
-0.771013737 0.215037510 0.599413633 95.255966187 0.205291525 0.974941969 -0.085694581 -34.197963715 -0.602821112 0.056982845 -0.795839071 295.798004150
-0.770098090 0.212179005 0.601605296 95.930854797 0.206886977 0.975162208 -0.079097822 -34.301300049 -0.603445649 0.063551217 -0.794867635 294.877716064
-0.769980192 0.204764500 0.604319751 96.612174988 0.207174852 0.976024508 -0.066743925 -34.410549164 -0.603497684 0.073808357 -0.793941617 293.976806641
-0.770796180 0.197206229 0.605791390 97.289382935 0.204319328 0.977176607 -0.058133516 -34.488548279 -0.603429496 0.078965791 -0.793497086 293.084442139
-0.770794511 0.191788971 0.607530355 97.969833374 0.202506363 0.977910697 -0.051786296 -34.562335968 -0.604042530 0.083112173 -0.792606711 292.184051514
-0.770598292 0.187997118 0.608962357 98.651519775 0.201243058 0.978394389 -0.047388405 -34.643287659 -0.604714215 0.086032018 -0.791782141 291.289093018
-0.770741343 0.187559754 0.608916461 99.339385986 0.198542953 0.978806436 -0.050186582 -34.718872070 -0.605424345 0.082215197 -0.791645288 290.393707275
-0.770895958 0.190158501 0.607913911 100.017860413 0.195625022 0.978953302 -0.058149301 -34.793212891 -0.606176913 0.074096106 -0.791870952 289.504180908
-0.770880580 0.195572332 0.606213570 100.677749634 0.196167126 0.978335202 -0.066171251 -34.868572235 -0.606021404 0.067909069 -0.792544484 288.636627197
-0.771110177 0.199770629 0.604550183 101.339012146 0.196483880 0.977823019 -0.072499573 -34.945495605 -0.605626404 0.062879220 -0.793260932 287.744476318
-0.772718668 0.202912644 0.601442158 101.991294861 0.195875272 0.977511108 -0.078133732 -35.035552979 -0.603770673 0.057432264 -0.795086622 286.897949219
-0.773561835 0.204254091 0.599901736 102.631652832 0.197105408 0.977229416 -0.078562647 -35.138015747 -0.602288425 0.057470813 -0.796206951 286.040771484
-0.774461627 0.201863244 0.599550366 103.276725769 0.198100194 0.977444410 -0.073203400 -35.233127594 -0.600804210 0.062077805 -0.796982408 285.181732178
-0.774967313 0.195610836 0.600967646 103.927009583 0.197918609 0.978180945 -0.063168682 -35.325412750 -0.600211620 0.069989018 -0.796773314 284.311462402
-0.775422573 0.187590674 0.602934122 104.564392090 0.194721088 0.979355633 -0.054279316 -35.409095764 -0.600669265 0.075314596 -0.795942307 283.472900391
-0.775886536 0.181705445 0.604138553 105.197105408 0.190163910 0.980444372 -0.050661340 -35.485218048 -0.601529658 0.075577900 -0.795267463 282.647735596
-0.776824951 0.178695410 0.603830636 105.835517883 0.183305562 0.981535733 -0.054650512 -35.551811218 -0.602447093 0.068231627 -0.795237303 281.829467773
-0.776555181 0.180992961 0.603492618 106.454025269 0.180607021 0.981599808 -0.061991327 -35.633846283 -0.603608251 0.060855322 -0.794955015 281.023406982
-0.774520397 0.189417914 0.603522301 107.053054810 0.183645681 0.980351508 -0.072008625 -35.706489563 -0.605303645 0.055062115 -0.794088006 280.225677490
-0.772312164 0.195073456 0.604549527 107.624061584 0.187168241 0.979313791 -0.076893270 -35.797836304 -0.607043505 0.053766858 -0.792847514 279.454925537
-0.770159125 0.198994264 0.606016576 108.210754395 0.191362426 0.978408813 -0.078080699 -35.887706757 -0.608469546 0.055834230 -0.791610599 278.670043945
-0.768684387 0.197533280 0.608362913 108.770469666 0.194377571 0.978277743 -0.072041646 -35.982971191 -0.609378576 0.062874824 -0.790382862 277.935638428
-0.767332077 0.196750641 0.610320151 109.339836121 0.196525842 0.978121400 -0.068235405 -36.066036224 -0.610392630 0.067584462 -0.789210439 277.195495605
-0.765695810 0.200267822 0.611230552 109.890670776 0.199415267 0.977381051 -0.070426039 -36.148975372 -0.611509264 0.067963786 -0.788313031 276.470153809
-0.764163494 0.205053210 0.611561954 110.434875488 0.200043201 0.976715028 -0.077527598 -36.222091675 -0.613218963 0.063095048 -0.787389398 275.744110107
-0.763638139 0.207923949 0.611248195 110.983917236 0.200099945 0.976327658 -0.082123645 -36.292446136 -0.613853991 0.059597973 -0.787166715 275.043121338
-0.762821555 0.205113634 0.613214493 111.515792847 0.195196763 0.977157772 -0.084029526 -36.364772797 -0.616442919 0.055597942 -0.785434484 274.326049805
-0.762759209 0.202804968 0.614059687 112.038505554 0.192604199 0.977703691 -0.083660640 -36.450294495 -0.617335200 0.054457556 -0.784813523 273.661468506
-0.761386037 0.203254372 0.615612507 112.555114746 0.192657560 0.977621019 -0.084499493 -36.528430939 -0.619010687 0.054265678 -0.783505559 272.982604980
-0.760436177 0.199182972 0.618112624 113.062126160 0.188342407 0.978537202 -0.083618417 -36.603790283 -0.621501625 0.052830353 -0.781629801 272.305145264
-0.760530233 0.190296233 0.620791197 113.570907593 0.180626869 0.980355263 -0.079230785 -36.681694031 -0.623673201 0.051874161 -0.779962420 271.654815674
-0.759491444 0.183386967 0.624132872 114.067443848 0.177930728 0.981416643 -0.071847104 -36.751598358 -0.625710249 0.056485154 -0.778007746 271.039825439
-0.757535696 0.181562394 0.627036631 114.543609619 0.177726716 0.981621265 -0.069519371 -36.821426392 -0.628134549 0.058777764 -0.775881529 270.440216064
-0.755928159 0.183257416 0.628481567 115.006004333 0.177806124 0.981405735 -0.072303154 -36.890621185 -0.630045474 0.057091884 -0.774456620 269.865325928
-0.754767299 0.184741005 0.629441917 115.453285217 0.175853446 0.981386960 -0.077169925 -36.954109192 -0.631982505 0.052444205 -0.773206115 269.325897217
-0.752388000 0.189153716 0.630978107 115.879341125 0.177900806 0.980639100 -0.081842951 -37.014156342 -0.634242654 0.050673865 -0.771471620 268.799652100
-0.750839472 0.186213359 0.633691370 116.295234680 0.175957426 0.981155396 -0.079831414 -37.080112457 -0.636615336 0.051562123 -0.769455910 268.295288086
-0.750755787 0.181327596 0.635205746 116.710456848 0.174544796 0.981865346 -0.073989868 -37.142272949 -0.637102962 0.055323537 -0.768790960 267.805389404
-0.751971245 0.173753574 0.635884345 117.106414795 0.167828187 0.983312130 -0.070220366 -37.203189850 -0.637473881 0.053915624 -0.768583298 267.338745117
-0.753456950 0.170836315 0.634915709 117.485313416 0.165081933 0.983875394 -0.068827316 -37.261394501 -0.636436105 0.052954692 -0.769509792 266.891784668
-0.755917668 0.167568415 0.632858515 117.851211548 0.161650330 0.984529972 -0.067600958 -37.313007355 -0.634395957 0.051201019 -0.771311164 266.450561523
-0.760364771 0.167276725 0.627585948 118.205520630 0.160808846 0.984666348 -0.067621648 -37.359840393 -0.629274309 0.049504254 -0.775605202 266.018646240
-0.765376568 0.167509586 0.621401250 118.531204224 0.159340858 0.984794676 -0.069209389 -37.407249451 -0.623545825 0.046043374 -0.780429840 265.598724365
-0.772700906 0.167089641 0.612384498 118.850463867 0.156940490 0.985070527 -0.070751399 -37.450180054 -0.615063727 0.041438248 -0.787387967 265.190856934
-0.783026218 0.164565578 0.599823713 119.159683228 0.154529884 0.985598207 -0.068677880 -37.495338440 -0.602487206 0.038914114 -0.797179580 264.793273926
-0.795127034 0.163467690 0.583996534 119.443969727 0.155116037 0.985772967 -0.064735219 -37.533733368 -0.586270094 0.039114505 -0.809171200 264.402893066
-0.808240891 0.166388884 0.564854980 119.697547913 0.161354795 0.985113025 -0.059304211 -37.566028595 -0.566313505 0.043209966 -0.823056340 264.007141113
-0.822816491 0.171629205 0.541772187 119.932434082 0.169061914 0.984070599 -0.054983240 -37.593032837 -0.542578757 0.046351913 -0.838725448 263.615142822
-0.839785099 0.174490824 0.514114916 120.143676758 0.173019603 0.983586192 -0.051209357 -37.624835968 -0.514611900 0.045947108 -0.856191278 263.223114014
-0.858442307 0.175434053 0.481974810 120.342475891 0.175282180 0.983453572 -0.045773376 -37.648620605 -0.482030064 0.045187790 -0.874988675 262.823486328
-0.876402736 0.176801428 0.447950512 120.518692017 0.178429082 0.983181179 -0.038959913 -37.666301727 -0.447304696 0.045782827 -0.893209219 262.422363281
-0.892482400 0.182934061 0.412323207 120.667938232 0.186590329 0.981924057 -0.031768203 -37.683403015 -0.410681576 0.048582964 -0.910483718 262.013458252
-0.907455087 0.190347195 0.374557287 120.796638489 0.195067644 0.980454028 -0.025661113 -37.694305420 -0.372120708 0.049777694 -0.926848650 261.602691650
-0.921351910 0.197535321 0.334799707 120.901695251 0.203157172 0.978970885 -0.018524902 -37.699951172 -0.331418514 0.050949007 -0.942107320 261.188781738
-0.934524655 0.201621234 0.293279409 120.995887756 0.207807571 0.978115976 -0.010255300 -37.698543549 -0.288928986 0.051361855 -0.955971956 260.781585693
-0.946229815 0.202683479 0.252128780 121.069831848 0.209418446 0.977826118 -0.000123955 -37.701293945 -0.246563226 0.052683122 -0.967693925 260.373535156
-0.955621958 0.206773341 0.209837869 121.118988037 0.213933349 0.976777494 0.011760579 -37.693740845 -0.202533141 0.056129977 -0.977665782 259.964141846
-0.964137673 0.209126189 0.163417265 121.149757385 0.215724155 0.976170838 0.023527890 -37.673328400 -0.154602870 0.057937168 -0.986276627 259.548706055
-0.970730662 0.212339967 0.112224862 121.157371521 0.217314690 0.975509703 0.033987772 -37.646858215 -0.102259472 0.057381067 -0.993101716 259.125518799
-0.974910975 0.214445844 0.059679449 121.144447327 0.217287853 0.975021720 0.046028253 -37.621177673 -0.048318192 0.057841066 -0.997155786 258.688781738
-0.976399064 0.215869352 0.006754676 121.110824585 0.215884611 0.974608064 0.059439216 -37.593807220 0.006247942 0.059494618 -0.998209238 258.243225098
-0.975481629 0.214857206 -0.047663897 121.049308777 0.211188719 0.974792123 0.071970098 -37.557781219 0.061925687 0.060139436 -0.996267200 257.804901123
-0.971265674 0.214626625 -0.102851674 120.960517883 0.206542507 0.974842072 0.083804414 -37.519931793 0.118250802 0.060153101 -0.991160154 257.394165039
-0.964442968 0.211297870 -0.158755124 120.853462219 0.198391259 0.975667536 0.093347698 -37.497455597 0.174616396 0.058532894 -0.982895374 257.007812500
-0.953531861 0.209936246 -0.216110229 120.726661682 0.192295954 0.976239622 0.099892303 -37.442531586 0.231946379 0.053693380 -0.971245527 256.550354004
-0.939938664 0.208198413 -0.270497233 120.571289062 0.186111495 0.976882219 0.105183825 -37.391975403 0.286143035 0.048523694 -0.956957459 256.121520996
-0.923474550 0.207017049 -0.323015362 120.385070801 0.180329040 0.977343202 0.110822737 -37.328151703 0.338639051 0.044092923 -0.939882755 255.665573120
-0.904678345 0.205867469 -0.373062760 120.174949646 0.173701584 0.977669358 0.118281066 -37.268596649 0.389082223 0.042204712 -0.920235753 255.236053467
-0.884093642 0.204389721 -0.420242339 119.943214417 0.165144831 0.977903426 0.128187805 -37.206066132 0.437156707 0.043929148 -0.898312092 254.809082031
-0.862016082 0.204023719 -0.464007646 119.674407959 0.156953990 0.977862895 0.138382182 -37.126758575 0.481969088 0.046459794 -0.874955893 254.368194580
-0.838147640 0.206611738 -0.504797459 119.364067078 0.152438238 0.977332294 0.146915555 -37.042514801 0.523709297 0.046186477 -0.850644231 253.928375244
-0.813091159 0.209099352 -0.543286741 119.038825989 0.147558093 0.976813853 0.155116960 -36.945720673 0.563124835 0.045957860 -0.825093031 253.500289917
-0.788095474 0.209155098 -0.578930318 118.665031433 0.139511123 0.976720631 0.162952393 -36.842197418 0.599535525 0.047654800 -0.798928499 253.056289673
-0.764815807 0.205331355 -0.610651791 118.285903931 0.129721195 0.977518976 0.166219860 -36.753395081 0.631053865 0.047913097 -0.774257779 252.625396729
-0.742285013 0.202587411 -0.638726532 117.894630432 0.124188736 0.978281140 0.165961504 -36.657226562 0.658475816 0.043868076 -0.751322508 252.203353882
-0.721271634 0.202086568 -0.662516475 117.446502686 0.122363389 0.978624225 0.165293336 -36.549457550 0.681758165 0.038153641 -0.730581880 251.777526855
-0.701607108 0.204679161 -0.682535052 117.009735107 0.124078125 0.978316903 0.165833265 -36.440876007 0.701678157 0.031662114 -0.711790323 251.357788086
-0.684135556 0.207551673 -0.699200511 116.550117493 0.124502018 0.977818012 0.168437481 -36.324787140 0.718650341 0.028182156 -0.694800735 250.935989380
-0.668810368 0.210756078 -0.712933838 116.031051636 0.125139311 0.977206707 0.171485454 -36.200180054 0.732825339 0.025475189 -0.679939747 250.501220703
-0.656524420 0.210378885 -0.724373102 115.525779724 0.122045398 0.977292061 0.173219889 -36.088626862 0.744365931 0.025316671 -0.667291880 250.075958252
-0.644916654 0.211902842 -0.734288871 115.018920898 0.121673748 0.977006495 0.175082415 -35.964611053 0.754505455 0.023569845 -0.655870795 249.630996704
-0.635883212 0.214479387 -0.741384566 114.461814880 0.121979475 0.976465464 0.177865863 -35.837589264 0.762085021 0.022668220 -0.647080064 249.177993774
-0.627673388 0.220640659 -0.746554852 113.892555237 0.126203150 0.975148499 0.182093889 -35.722366333 0.768179178 0.020077899 -0.639920354 248.708007812
-0.621647477 0.223009780 -0.750880241 113.334823608 0.126012430 0.974601388 0.185129836 -35.596111298 0.773094654 0.020465240 -0.633960485 248.251296997
-0.616527677 0.220990509 -0.755683124 112.741531372 0.122550875 0.975037992 0.185154527 -35.454654694 0.777737200 0.021543242 -0.628220439 247.763427734
-0.610235453 0.219389349 -0.761236548 112.145347595 0.123522736 0.975487471 0.182116330 -35.323181152 0.782531142 0.017103806 -0.622376680 247.285537720
-0.603695512 0.219019413 -0.766539156 111.517494202 0.127264619 0.975666821 0.178543925 -35.181224823 0.786991417 0.010232843 -0.616879106 246.795104980
-0.598554254 0.213810235 -0.772022069 110.848632812 0.127358258 0.976864815 0.171799332 -35.027294159 0.790893614 0.004507832 -0.611937165 246.277038574
-0.594588518 0.212863281 -0.775341034 110.186508179 0.131031051 0.977080226 0.167764813 -34.888210297 0.793281436 -0.001842715 -0.608852386 245.770050049
-0.592465043 0.212871104 -0.776962817 109.513618469 0.133644879 0.977064133 0.165785059 -34.735073090 0.794433415 -0.005615264 -0.607325435 245.250503540
-0.591125846 0.215556994 -0.777242243 108.819602966 0.133148536 0.976485789 0.169549197 -34.587192535 0.795513570 -0.003263764 -0.605927110 244.703613281
-0.591645360 0.218746930 -0.775954783 108.091552734 0.129738122 0.975775182 0.176155746 -34.434555054 0.795690954 0.003550783 -0.605692625 244.143936157
-0.592561364 0.225213081 -0.773401916 107.377494812 0.128104001 0.974248886 0.185549259 -34.270843506 0.795274079 0.010873429 -0.606152892 243.580032349
-0.593753457 0.228212476 -0.771606445 106.641433716 0.124931723 0.973454595 0.191776410 -34.105743408 0.794889569 0.017469764 -0.606503010 243.008071899
-0.593586564 0.227221549 -0.772026896 105.879524231 0.124953412 0.973701358 0.190505400 -33.936004639 0.795010567 0.016614035 -0.606368065 242.416778564
-0.593365192 0.221623287 -0.773822546 105.128753662 0.127734527 0.975093126 0.181320876 -33.759468079 0.794734001 0.008745603 -0.606895208 241.833526611
-0.593336701 0.218599141 -0.774704099 104.386451721 0.129696459 0.975806713 0.176011592 -33.598323822 0.794437408 0.003957748 -0.607333541 241.251296997
-0.592553377 0.220268428 -0.774830699 103.614112854 0.133453280 0.975439191 0.175238684 -33.438949585 0.794399738 0.000434563 -0.607395291 240.658065796
-0.592590809 0.224215388 -0.773669064 102.846115112 0.135114729 0.974538445 0.178937986 -33.275600433 0.794090927 0.001502901 -0.607797265 240.058761597
-0.593946218 0.225034922 -0.772390783 102.085464478 0.134144723 0.974343598 0.180720180 -33.111721039 0.793242395 0.003725901 -0.608894944 239.453155518
-0.595296860 0.230166376 -0.769834816 101.323722839 0.135925323 0.973132849 0.185840651 -32.934944153 0.791925848 0.005990267 -0.610588312 238.841888428
-0.598088861 0.235670283 -0.765995324 100.540512085 0.137938783 0.971793711 0.191284716 -32.754917145 0.789469540 0.008744828 -0.613727093 238.232238770
-0.601390839 0.236664802 -0.763098180 99.763954163 0.135922015 0.971503615 0.194180071 -32.572563171 0.787308276 0.013056256 -0.616421342 237.605361938
-0.603927135 0.231196791 -0.762771428 99.017997742 0.135755002 0.972859442 0.187390208 -32.392875671 0.785393417 0.009619989 -0.618922353 236.990631104
-0.606830955 0.227200598 -0.761667013 98.247589111 0.137223005 0.973832905 0.181160957 -32.213478088 0.782896280 0.005415805 -0.622129083 236.369537354
-0.609344363 0.224666536 -0.760410964 97.497764587 0.137191564 0.974426985 0.177962035 -32.043773651 0.780947149 0.004118167 -0.624583960 235.748840332
-0.610641956 0.229768217 -0.757841110 96.729774475 0.140396625 0.973233998 0.181946024 -31.875949860 0.779362202 0.004705518 -0.626556158 235.122863770
-0.613143921 0.234318092 -0.754420221 95.935737610 0.140645549 0.972118914 0.187626362 -31.686910629 0.777350366 0.008936115 -0.629004598 234.472335815
-0.614590645 0.238231301 -0.752013683 95.186561584 0.141754210 0.971143007 0.191799536 -31.527786255 0.776005507 0.011277065 -0.630625725 233.850082397
-0.615784764 0.235855237 -0.751785517 94.432350159 0.141574338 0.971737921 0.188897192 -31.349773407 0.775090933 0.009886451 -0.631772399 233.223083496
-0.616268396 0.231757179 -0.752663553 93.678031921 0.141337261 0.972749293 0.183800578 -31.179519653 0.774750054 0.006891042 -0.632230520 232.592987061
-0.616494894 0.228335381 -0.753523052 92.936927795 0.142014951 0.973577142 0.178827479 -31.014875412 0.774445474 0.003234684 -0.632632375 231.973663330
-0.616524696 0.224783137 -0.754565954 92.180885315 0.144260868 0.974405468 0.172403112 -30.849977493 0.774006486 -0.002563566 -0.633172393 231.352783203
-0.616479993 0.221503049 -0.755572081 91.436073303 0.144145787 0.975145936 0.168263048 -30.686988831 0.774063826 -0.005181752 -0.633086681 230.740463257
-0.615382910 0.226347029 -0.755030453 90.681266785 0.145889550 0.974039972 0.173096478 -30.513727188 0.774609745 -0.003630467 -0.632429242 230.125000000
-0.613991976 0.234454051 -0.753688037 89.914176941 0.149034128 0.972126484 0.180994377 -30.359645844 0.775114954 -0.001196176 -0.631819487 229.503479004
-0.613165259 0.235745221 -0.753957868 89.145019531 0.149180025 0.971814752 0.182541579 -30.179166794 0.775740623 -0.000547290 -0.631051540 228.873291016
-0.612696290 0.233347982 -0.755084097 88.416076660 0.147308111 0.972393215 0.180974394 -30.015380859 0.776468694 -0.000347681 -0.630155802 228.261322021
-0.611203790 0.235321984 -0.755680740 87.669319153 0.152137622 0.971903622 0.179603860 -29.854619980 0.776713550 -0.005192891 -0.629832506 227.657958984
-0.610391378 0.234950259 -0.756452680 86.936019897 0.153701052 0.971976876 0.177867591 -29.695274353 0.777044535 -0.007698722 -0.629398465 227.059921265
-0.609835744 0.233341470 -0.757398248 86.198585510 0.153638735 0.972352087 0.175859481 -29.531274796 0.777493119 -0.009120323 -0.628825307 226.455245972
-0.609611511 0.236384630 -0.756634712 85.469512939 0.156916887 0.971600056 0.177117139 -29.362216949 0.777014136 -0.010756113 -0.629391313 225.860488892
-0.610023260 0.242776006 -0.754275680 84.746612549 0.160905689 0.970027804 0.182086378 -29.198181152 0.775874615 -0.010290362 -0.630803466 225.267532349
-0.611077666 0.243865579 -0.753069341 84.034889221 0.159946710 0.969777226 0.184253126 -29.041795731 0.775242507 -0.007857978 -0.631614685 224.669692993
-0.612386584 0.242463991 -0.752458751 83.309509277 0.159453258 0.970127285 0.182832524 -28.879268646 0.774311006 -0.008017838 -0.632754564 224.071609497
-0.613627911 0.242731005 -0.751360655 82.606880188 0.159829646 0.970061600 0.182852447 -28.713994980 0.773250103 -0.007886380 -0.634052515 223.484664917
-0.614862919 0.244306207 -0.749839008 81.899322510 0.158189505 0.969689429 0.186221763 -28.550542831 0.772606075 -0.004115835 -0.634872675 222.887237549
-0.616046429 0.243918851 -0.748993158 81.204383850 0.155404165 0.969795465 0.188006073 -28.394805908 0.772228360 -0.000576198 -0.635344982 222.290115356
-0.617290974 0.242457584 -0.748442411 80.514007568 0.155085906 0.970161438 0.186373532 -28.237562180 0.771297693 -0.001026146 -0.636473656 221.717681885
-0.617820859 0.241813198 -0.748214006 79.841835022 0.155809805 0.970320046 0.184938669 -28.086437225 0.770727634 -0.002320133 -0.637160778 221.155838013
-0.618189692 0.241622478 -0.747970641 79.179885864 0.156361341 0.970365524 0.184233367 -27.932804108 0.770319879 -0.003062539 -0.637650371 220.596481323
-0.618865013 0.239851847 -0.747982264 78.537605286 0.154869303 0.970806360 0.183168143 -27.791604996 0.770079136 -0.002483137 -0.637943745 220.063949585
-0.619678259 0.238531277 -0.747731268 77.911140442 0.153983846 0.971132219 0.182184458 -27.654914856 0.769602597 -0.002242818 -0.638519526 219.543655396
-0.620204926 0.239363477 -0.747028410 77.290168762 0.155089572 0.970926106 0.182345122 -27.514772415 0.768956125 -0.002765007 -0.639295936 219.031707764
-0.621141672 0.240163356 -0.745992482 76.678245544 0.153264374 0.970732331 0.184901968 -27.381166458 0.768565714 0.000516251 -0.639770865 218.534133911
-0.621217847 0.239613861 -0.746105671 76.101684570 0.150621861 0.970862269 0.186385244 -27.248489380 0.769026399 0.003406025 -0.639208078 218.050903320
-0.621524215 0.239552736 -0.745870233 75.516517639 0.149682254 0.970872283 0.187088817 -27.109315872 0.768962383 0.004636683 -0.639277458 217.628982544
-0.620216370 0.241492063 -0.746333539 74.951721191 0.151130110 0.970394313 0.188399971 -26.970064163 0.769734919 0.004055254 -0.638351202 217.212570190
-0.617647767 0.244107425 -0.747611403 74.437133789 0.152820975 0.969742477 0.190382063 -26.851392746 0.771464229 0.003338367 -0.636263967 216.796569824
-0.616588593 0.244807705 -0.748256505 73.927940369 0.152083114 0.969561100 0.191890508 -26.728679657 0.772456706 0.004520319 -0.635051489 216.410827637
-0.613774180 0.245204642 -0.750437260 73.454421997 0.151532188 0.969460249 0.192833722 -26.621397018 0.774802804 0.004640952 -0.632186055 216.033920288
-0.609726191 0.243789345 -0.754189134 73.018646240 0.150352597 0.969821393 0.191938952 -26.518901825 0.778221488 0.003635868 -0.627979875 215.677536011
-0.605599046 0.242024079 -0.758072436 72.579811096 0.150631443 0.970270097 0.189436287 -26.412975311 0.781383216 0.000532895 -0.624051094 215.352233887
-0.600680113 0.240057096 -0.762598395 72.172744751 0.150842562 0.970754623 0.186767310 -26.311231613 0.785130739 -0.002844907 -0.619323730 215.043060303
-0.594842076 0.239846319 -0.767226279 71.771102905 0.152251095 0.970789075 0.185440451 -26.222274780 0.789292157 -0.006503232 -0.613983154 214.756942749
-0.588314056 0.238921329 -0.772530198 71.375610352 0.149971738 0.971018016 0.186098099 -26.129367828 0.794603586 -0.006373562 -0.607095003 214.484176636
-0.579585314 0.236901134 -0.779717267 70.982635498 0.144222200 0.971527457 0.187974453 -26.042552948 0.802048028 -0.003505327 -0.597249389 214.215133667
-0.567566752 0.234161735 -0.789326787 70.599128723 0.137572140 0.972197115 0.189490631 -25.956733704 0.811752677 -0.001040816 -0.584000945 213.949829102
-0.551680684 0.232560754 -0.800976753 70.222686768 0.131486505 0.972581744 0.191822991 -25.872844696 0.823625922 0.000507414 -0.567133188 213.687210083
-0.532646775 0.232007980 -0.813916326 69.831321716 0.126996875 0.972713888 0.194163591 -25.783809662 0.836755157 0.000055790 -0.547577143 213.446594238
-0.510454297 0.231543273 -0.828145087 69.435470581 0.123792976 0.972821057 0.195689783 -25.685306549 0.850947678 -0.002627879 -0.525244117 213.227279663
-0.484903693 0.230075151 -0.843761921 69.038108826 0.118020169 0.973165452 0.197535366 -25.600557327 0.866567969 -0.003795318 -0.499045014 213.018783569
-0.456660986 0.226160735 -0.860413849 68.637237549 0.108835094 0.974085093 0.198275566 -25.510427475 0.882958472 -0.003098510 -0.469440937 212.821441650
-0.424868941 0.221519127 -0.877733409 68.239692688 0.098385736 0.975153923 0.198481947 -25.421638489 0.899892747 -0.002027653 -0.436107039 212.635314941
-0.390289783 0.217866227 -0.894543827 67.830947876 0.086511925 0.975978434 0.199954510 -25.334140778 0.916618764 0.000651442 -0.399762392 212.468399048
-0.353672981 0.215116203 -0.910296917 67.415969849 0.073893428 0.976579428 0.202070281 -25.246461868 0.932445884 0.004201815 -0.361285448 212.330093384
-0.314045787 0.212726921 -0.925269067 67.000427246 0.062561788 0.977093339 0.203407645 -25.164907455 0.947344482 0.005992807 -0.320160627 212.209884644
-0.272709012 0.207802713 -0.939386964 66.585174561 0.049982607 0.978137255 0.201864481 -25.081157684 0.960797310 0.008097254 -0.277133346 212.106002808
-0.230176210 0.200435504 -0.952283859 66.169578552 0.032602608 0.979598165 0.198304221 -24.994270325 0.972602725 0.014597967 -0.232014894 212.020080566
-0.184978604 0.197342962 -0.962724447 65.737640381 0.022079781 0.980217814 0.196686357 -24.909889221 0.982494354 0.015126042 -0.185676575 211.962524414
-0.137978435 0.199363813 -0.970162928 65.288406372 0.015093863 0.979841411 0.199206024 -24.821222305 0.990320265 0.012842633 -0.138206124 211.932586670
-0.089545250 0.202035874 -0.975276053 64.829742432 0.009603456 0.979339302 0.201995879 -24.728675842 0.995936573 0.008721724 -0.089635491 211.927337646
-0.040450811 0.204571187 -0.978015602 64.361595154 -0.001341812 0.978804648 0.204791754 -24.628431320 0.999180734 0.009596296 -0.039318919 211.938156128
0.009062827 0.207575798 -0.978177011 63.888233185 -0.013070121 0.978158176 0.207450718 -24.539415359 0.999873579 0.010904796 0.011577904 211.972885132
0.059119940 0.208481580 -0.976237833 63.412319183 -0.025167406 0.977948785 0.207322866 -24.450042725 0.997933567 0.012312450 0.063063264 212.031341553
0.110150933 0.206568480 -0.972212136 62.950733185 -0.035306849 0.978360176 0.203874543 -24.354740143 0.993287623 0.011868760 0.115060568 212.123794556
0.161134839 0.203996778 -0.965619504 62.524234772 -0.049227782 0.978848279 0.198576748 -24.275194168 0.985704005 0.015537657 0.167768836 212.230712891
0.211798370 0.197384268 -0.957173467 62.076946259 -0.060919046 0.980154335 0.188643456 -24.192804337 0.975412965 0.018355705 0.219619513 212.361145020
0.260517180 0.192773253 -0.946028113 61.607173920 -0.076048009 0.980916440 0.178940386 -24.108745575 0.962469459 0.025326520 0.270205617 212.522003174
0.309920371 0.186970949 -0.932197094 61.166748047 -0.078848690 0.982149959 0.170775801 -24.025951385 0.947487473 0.020575598 0.319130719 212.714828491
0.358192146 0.181133166 -0.915908992 60.709537506 -0.076948360 0.983390212 0.164385647 -23.945432663 0.930471599 0.011596017 0.366180599 212.941223145
0.401239157 0.177189693 -0.898671806 60.285255432 -0.077083871 0.984162867 0.159629405 -23.872360229 0.912724078 0.005223520 0.408543169 213.176834106
0.440565467 0.177503914 -0.879996896 59.841766357 -0.083231010 0.984111369 0.156835675 -23.797309875 0.893853903 0.004146628 0.448339283 213.425674438
0.479003549 0.175329387 -0.860125124 59.258937836 -0.088412948 0.984503627 0.151445746 -23.644470215 0.873349130 0.003503151 0.487082124 213.717605591
0.513312101 0.176132455 -0.839933455 58.883010864 -0.095177427 0.984358966 0.148252040 -23.588827133 0.852908075 0.003843106 0.522047162 213.986709595
0.546344161 0.174596176 -0.819160640 58.485298157 -0.097013548 0.984640121 0.145162746 -23.529777527 0.831923306 0.000160888 0.554890513 214.291946411
0.578135431 0.162513241 -0.799592972 58.134956360 -0.086961567 0.986655176 0.137656242 -23.383611679 0.811293483 -0.010050103 0.584552705 214.606292725
0.605458021 0.161963299 -0.779223025 57.771949768 -0.093410030 0.986768663 0.132522345 -23.329578400 0.790376604 -0.007449478 0.612576008 214.928359985
0.630218506 0.161874279 -0.759355903 57.405654907 -0.101470612 0.986808360 0.126146689 -23.273353577 0.769758701 -0.002447665 0.638330340 215.257156372
0.653779626 0.158401579 -0.739919662 57.041976929 -0.104968466 0.987374783 0.118628375 -23.221511841 0.749368906 0.000111401 0.662152708 215.608734131
0.676529884 0.150624275 -0.720846415 56.692298889 -0.103728205 0.988590717 0.109219544 -23.181682587 0.729073167 0.000881828 0.684435129 215.981414795
0.696650386 0.144543976 -0.702698529 56.351291656 -0.103936337 0.989493728 0.100495547 -23.135807037 0.709841788 0.003025651 0.704354584 216.363250732
0.714513302 0.142898500 -0.684872806 56.025775909 -0.106336206 0.989726901 0.095567897 -23.095640182 0.691493571 0.004542228 0.722368360 216.744140625
0.728496909 0.144568086 -0.669620991 55.701713562 -0.109634429 0.989483774 0.094351023 -23.045896530 0.676219225 0.004679095 0.736685514 217.140457153
0.739628792 0.144757465 -0.657262921 55.355060577 -0.107233301 0.989466131 0.097251460 -22.994913101 0.664417267 -0.001449507 0.747360468 217.552032471
0.747443318 0.146284938 -0.648019433 55.020740509 -0.104853250 0.989205420 0.102364190 -22.951038361 0.655998707 -0.008564502 0.754713476 217.966049194
0.753390729 0.148889869 -0.640495360 54.685859680 -0.105209172 0.988774180 0.106097333 -22.903192520 0.649102151 -0.012546778 0.760597885 218.379760742
0.757074594 0.153521106 -0.635034859 54.350696564 -0.109830551 0.988072932 0.107931271 -22.855337143 0.644030511 -0.011965785 0.764906228 218.781051636
0.759762287 0.153755426 -0.631759882 54.013122559 -0.110496007 0.988036931 0.107580982 -22.799156189 0.640743256 -0.011929028 0.767662525 219.192382812
0.760708630 0.148116171 -0.631968379 53.689952850 -0.102571487 0.988814235 0.108284473 -22.754003525 0.640938044 -0.017551005 0.767391980 219.610183716
0.758444548 0.140689045 -0.636371374 53.369174957 -0.093000948 0.989793181 0.107982546 -22.708028793 0.645068049 -0.022715654 0.763787508 220.025192261
0.752638936 0.136849001 -0.644055068 53.040077209 -0.088240243 0.990302861 0.107302792 -22.653326035 0.652493894 -0.023928694 0.757416129 220.425781250
0.743965626 0.136613056 -0.654103994 52.788219452 -0.086644717 0.990336418 0.108288884 -22.619825363 0.662576675 -0.023888569 0.748613119 220.783843994
0.733745694 0.135748893 -0.665724754 52.454154968 -0.083775640 0.990436196 0.109625787 -22.573740005 0.674239516 -0.024665941 0.738100767 221.159820557
0.720836401 0.131898150 -0.680439472 52.090999603 -0.077954724 0.990925133 0.109500699 -22.510370255 0.688707471 -0.025888629 0.724576950 221.538269043
0.704650402 0.130476117 -0.697455287 51.757556915 -0.072142385 0.991028309 0.112509534 -22.462995529 0.705877781 -0.028963808 0.707741380 221.893920898
0.685220718 0.134060979 -0.715891182 51.371841431 -0.069979899 0.990484893 0.118500814 -22.403495789 0.724965751 -0.031101227 0.688082397 222.241561890
0.661978602 0.139338374 -0.736457169 50.993103027 -0.069386989 0.989741325 0.124890164 -22.344882965 0.746304095 -0.031574074 0.664855838 222.560577393
0.633913875 0.140842706 -0.760471284 50.607933044 -0.066822402 0.989575744 0.127572060 -22.297052383 0.770511568 -0.030053183 0.636717200 222.861511230
0.601680517 0.141062781 -0.786181808 50.218593597 -0.064655095 0.989652872 0.128089309 -22.238069534 0.796115756 -0.026238188 0.604575276 223.140670776
0.564848185 0.141827047 -0.812915564 49.826728821 -0.062652320 0.989646792 0.129127353 -22.169786453 0.822813034 -0.022006303 0.567885995 223.390045166
0.523871899 0.143915579 -0.839551449 49.401546478 -0.062189009 0.989455462 0.130806744 -22.101060867 0.849523902 -0.016315117 0.527297914 223.616378784
0.477550089 0.148356378 -0.865988612 48.969532013 -0.067489780 0.988922834 0.132199511 -22.044971466 0.876008630 -0.004686505 0.482272744 223.805618286
0.426015079 0.154419363 -0.891440392 48.540184021 -0.073910460 0.987972796 0.135819703 -21.978912354 0.901692033 0.008025512 0.432304502 223.964508057
0.370275855 0.162649751 -0.914571464 48.076759338 -0.080303945 0.986470401 0.142924398 -21.909318924 0.925444305 0.020522237 0.378327608 224.099868774
0.312289476 0.167732671 -0.935062170 47.613037109 -0.082370594 0.985363245 0.149245858 -21.839769363 0.946409345 0.030413706 0.321534812 224.207427979
0.251358867 0.171947032 -0.952498317 47.148998260 -0.079418033 0.984439254 0.156755105 -21.766590118 0.964630246 0.036243737 0.261103213 224.295196533
0.189027309 0.179652512 -0.965398312 46.672439575 -0.068880543 0.983126283 0.169464573 -21.690332413 0.979553103 0.034463704 0.198212266 224.366378784
0.124494135 0.188170120 -0.974214256 46.186161041 -0.058933839 0.981521487 0.182050422 -21.605798721 0.990468681 0.034749955 0.133283257 224.411376953
0.060712516 0.196174085 -0.978687763 45.714492798 -0.048692651 0.979911208 0.193398684 -21.516267776 0.996966958 0.035913169 0.069045126 224.413818359
-0.003591061 0.200321525 -0.979723632 45.273437500 -0.044711702 0.978717983 0.200279802 -21.433763504 0.998993456 0.044524319 0.005442142 224.373840332
-0.068606734 0.199949205 -0.977401495 44.819965363 -0.035036214 0.978622556 0.202658296 -21.353395462 0.997028470 0.048148148 -0.060134649 224.312042236
-0.134324789 0.195032939 -0.971554995 44.346191406 -0.018039867 0.979796529 0.199181527 -21.267513275 0.990773201 0.044281729 -0.128092647 224.227325439
-0.197946787 0.191921040 -0.961240649 43.899757385 0.006257370 0.980872214 0.194552124 -21.187927246 0.980192900 0.032496132 -0.195361495 224.127349854
-0.261384487 0.190489143 -0.946251750 43.400405884 0.027811505 0.981412351 0.189884901 -21.089664459 0.964834213 0.023316242 -0.261823773 223.988861084
-0.321514368 0.191755667 -0.927285552 42.925479889 0.040571108 0.981171012 0.188831717 -21.000278473 0.946035266 0.023091115 -0.323240399 223.814407349
-0.375500083 0.194004625 -0.906290293 42.508071899 0.049118213 0.980638087 0.189568892 -20.937658310 0.925520062 0.026667744 -0.377758861 223.598419189
-0.423964381 0.194205850 -0.884612083 42.075206757 0.054736078 0.980448008 0.189012349 -20.862701416 0.904023409 0.031714298 -0.426305175 223.350570679
-0.468002081 0.189395666 -0.863193929 41.612560272 0.057405859 0.981217086 0.184167475 -20.748918533 0.881861150 0.036638327 -0.470084071 223.071701050
-0.505607605 0.188651562 -0.841885805 41.196311951 0.066442251 0.981417298 0.180015177 -20.663114548 0.860201478 0.035080239 -0.508746505 222.781372070
-0.538292885 0.185712948 -0.822040915 40.787624359 0.072878256 0.982021630 0.174132794 -20.581638336 0.839600682 0.033825547 -0.542149663 222.477478027
-0.565254807 0.181248128 -0.804758549 40.378734589 0.075856507 0.982850850 0.168077290 -20.491365433 0.821421385 0.033960305 -0.569310069 222.162551880
-0.586901426 0.176273763 -0.790237129 39.982860565 0.075113870 0.983657598 0.163632691 -20.410886765 0.806166947 0.036678456 -0.590550661 221.829238892
-0.603192210 0.171229824 -0.778999150 39.562808990 0.073078141 0.984440446 0.159801736 -20.323390961 0.794241130 0.039463338 -0.606319904 221.481689453
-0.614892244 0.167961091 -0.770517111 39.129173279 0.072172701 0.984940946 0.157106578 -20.241373062 0.785301685 0.040993311 -0.617754817 221.101837158
-0.624249220 0.167218283 -0.763119459 38.693698883 0.074735448 0.985125959 0.154730111 -20.159692764 0.777642488 0.039558064 -0.627461195 220.727355957
-0.631412029 0.166412756 -0.757380724 38.243244171 0.077307850 0.985344529 0.152051374 -20.062692642 0.771584272 0.037455600 -0.635023475 220.340240479
-0.635995269 0.165210992 -0.753800750 37.777507782 0.077301130 0.985540271 0.150781155 -19.971446991 0.767811656 0.037626453 -0.639569998 219.951293945
-0.638787985 0.163957462 -0.751710176 37.304679871 0.075776845 0.985686779 0.150597125 -19.876871109 0.765642285 0.039237387 -0.642069101 219.544509888
-0.639783621 0.163339093 -0.750997722 36.815437317 0.075000435 0.985760152 0.150505304 -19.771013260 0.764887035 0.039965652 -0.642923713 219.126647949
-0.639148474 0.165169343 -0.751137972 36.284095764 0.076780111 0.985490859 0.151368991 -19.677595139 0.765241146 0.039074797 -0.642556667 218.695266724
-0.638598919 0.165370584 -0.751561284 35.740097046 0.077219643 0.985478222 0.151227549 -19.566860199 0.765655875 0.038538441 -0.642095208 218.247131348
-0.637740135 0.165395826 -0.752284229 35.172981262 0.079616241 0.985596895 0.149197757 -19.443809509 0.766125739 0.035255365 -0.641722918 217.785934448
-0.636414647 0.165469199 -0.753389955 34.614067078 0.082401723 0.985714912 0.146887809 -19.335096359 0.766933084 0.031400930 -0.640958428 217.306152344
-0.636121392 0.165466517 -0.753638268 34.006938934 0.083510667 0.985762060 0.145942301 -19.218791962 0.767056584 0.029900163 -0.640882492 216.817123413
-0.635663509 0.165357471 -0.754048347 33.416717529 0.083712846 0.985794365 0.145607740 -19.114019394 0.767413974 0.029433984 -0.640476108 216.316574097
-0.635599375 0.165494815 -0.754072368 32.800487518 0.083874911 0.985774517 0.145648822 -18.992666245 0.767449439 0.029326539 -0.640438557 215.801147461
-0.635283113 0.167081371 -0.753989041 32.173557281 0.085296288 0.985523283 0.146521106 -18.870304108 0.767554700 0.028769907 -0.640337706 215.272811890
-0.634586573 0.168966979 -0.754155517 31.531435013 0.088452272 0.985274851 0.146320403 -18.749338150 0.767773747 0.026146162 -0.640187740 214.740631104
-0.634374976 0.170031101 -0.754093826 30.888023376 0.090802081 0.985146821 0.145741805 -18.631034851 0.767673790 0.023981687 -0.640391707 214.194869995
-0.634477735 0.171648800 -0.753641188 30.238624573 0.093633622 0.984918118 0.145495772 -18.515804291 0.767249048 0.021747667 -0.640980721 213.640640259
-0.636248350 0.172636926 -0.751920521 29.538742065 0.094304204 0.984736025 0.146293253 -18.369207382 0.765698850 0.022169564 -0.642817020 213.059249878
-0.638323188 0.175599992 -0.749471962 28.842370987 0.096828394 0.984216094 0.148131669 -18.228637695 0.763654292 0.021985717 -0.645251036 212.471633911
-0.640739322 0.178414077 -0.746740699 28.145769119 0.099623047 0.983722031 0.149553224 -18.106264114 0.761267662 0.021432042 -0.648083568 211.875991821
-0.643408418 0.176030442 -0.745009601 27.435577393 0.099312708 0.984172404 0.146770865 -17.970884323 0.759054005 0.020444669 -0.650706887 211.256958008
-0.646293759 0.171728432 -0.743514597 26.696897507 0.098444134 0.984970033 0.141925305 -17.842473984 0.756712258 0.018530782 -0.653485656 210.620147705
-0.648150682 0.169140086 -0.742490709 25.974174500 0.099040136 0.985463262 0.138033271 -17.699586868 0.755044281 0.015929975 -0.655480266 209.972717285
-0.649790645 0.172482833 -0.740285158 25.201427460 0.101493135 0.984881163 0.140386209 -17.560522079 0.753307104 0.016087756 -0.657472372 209.310302734
-0.651011467 0.177689686 -0.737977087 24.447631836 0.102529928 0.983889818 0.146452919 -17.428569794 0.752111256 0.019677803 -0.658741951 208.661376953
-0.651475310 0.183680594 -0.736099005 23.686521530 0.105942786 0.982768118 0.151469246 -17.291458130 0.751236558 0.020694062 -0.659708738 207.981033325
-0.651698470 0.185666233 -0.735402822 22.924085617 0.108672559 0.982429862 0.151729539 -17.136327744 0.750652790 0.018963799 -0.660424948 207.292297363
-0.652583361 0.184082463 -0.735015869 22.151916504 0.108326450 0.982741714 0.149947032 -16.988573074 0.749933362 0.018231302 -0.661261916 206.590820312
-0.653324485 0.180683389 -0.735201240 21.388854980 0.105827019 0.983364522 0.147630692 -16.835580826 0.749645233 0.018646590 -0.661577344 205.887832642
-0.653463364 0.180273816 -0.735178292 20.597368240 0.106053337 0.983451426 0.146887615 -16.697069168 0.749492109 0.018017560 -0.661768079 205.174240112
-0.653879642 0.177421585 -0.735502064 19.793506622 0.101658091 0.983903825 0.146965772 -16.539804459 0.749738157 0.021328174 -0.661391020 204.452011108
-0.654143214 0.173025519 -0.736314178 18.986202240 0.096753776 0.984627724 0.145420089 -16.391128540 0.750156760 0.023884397 -0.660828471 203.721603394
-0.654121876 0.172325164 -0.736497581 18.181709290 0.096350275 0.984753013 0.144838110 -16.257476807 0.750227511 0.023780029 -0.660752058 203.000732422
-0.654309988 0.170788065 -0.736688197 17.361328125 0.094340071 0.984988332 0.144561231 -16.107963562 0.750318587 0.025088660 -0.660599828 202.273986816
-0.653594494 0.170473874 -0.737396300 16.555402756 0.093749009 0.985034823 0.144629017 -15.953121185 0.751016438 0.025398541 -0.659795165 201.538070679
-0.653018117 0.171056107 -0.737772048 15.753677368 0.094597116 0.984952688 0.144636244 -15.808140755 0.751411498 0.024658948 -0.659373403 200.816802979
-0.652193308 0.174994916 -0.737577558 14.937118530 0.098344959 0.984299362 0.146570951 -15.671801567 0.751646280 0.023055561 -0.659163356 200.096191406
-0.650989890 0.181897983 -0.736970603 14.085837364 0.107429907 0.983170033 0.147768319 -15.519617081 0.751446187 0.017022982 -0.659575105 199.391174316
-0.651211023 0.182039559 -0.736740112 13.306065559 0.107920021 0.983151674 0.147533417 -15.393999100 0.751184225 0.016566373 -0.659884930 198.691925049
-0.651556373 0.184251457 -0.735884309 12.519001007 0.111913852 0.982787609 0.146982178 -15.241868973 0.750299692 0.013411522 -0.660961747 197.989852905
-0.653470159 0.188313320 -0.733154178 11.709483147 0.115718111 0.982028306 0.149096474 -15.103908539 0.748054981 0.012590885 -0.663517475 197.279037476
-0.656236410 0.189573854 -0.730352998 10.912500381 0.113074392 0.981702149 0.153215677 -14.961509705 0.746034861 0.017961472 -0.665664673 196.553939819
-0.658756733 0.190549716 -0.727825761 10.105981827 0.111986086 0.981453121 0.155592218 -14.810297012 0.743974924 0.020991057 -0.667877793 195.821121216
-0.662314057 0.188048795 -0.725243330 9.311625481 0.109513864 0.981891334 0.154583871 -14.669347763 0.741179466 0.022958852 -0.670914412 195.106109619
-0.664322853 0.182825297 -0.724741638 8.544889450 0.106617242 0.982887387 0.150216907 -14.522822380 0.739802897 0.022522554 -0.672446847 194.390060425
-0.665856004 0.180083379 -0.724020660 7.757397175 0.106090501 0.983425140 0.147036612 -14.379995346 0.738498986 0.021093480 -0.673924685 193.667114258
-0.666602254 0.178294376 -0.723776937 7.030643940 0.104354993 0.983732522 0.146220133 -14.269688606 0.738073111 0.021940906 -0.674364209 192.956832886
-0.668006539 0.177911311 -0.722575009 6.289907932 0.101873845 0.983721912 0.148030102 -14.136508942 0.737149060 0.025273591 -0.675257206 192.266036987
-0.669032812 0.178792223 -0.721407235 5.548703671 0.098417357 0.983398497 0.152451426 -14.002440453 0.736687958 0.030996002 -0.675522089 191.552398682
-0.671010971 0.178253412 -0.719701350 4.799214840 0.095071770 0.983343184 0.154911578 -13.887624741 0.735326946 0.035524078 -0.676780939 190.900024414
-0.672191262 0.174923867 -0.719416857 4.075952530 0.090679407 0.983824670 0.154486954 -13.743025780 0.734803557 0.038608488 -0.677180409 190.208526611
-0.674128413 0.169612557 -0.718875945 3.370298624 0.084478438 0.984595239 0.153086811 -13.618530273 0.733767331 0.042470627 -0.678072214 189.543121338
-0.674860477 0.167380661 -0.718712151 2.672949791 0.081114233 0.984860718 0.153198823 -13.477714539 0.733473837 0.045090050 -0.678220510 188.870086670
-0.675647378 0.164860740 -0.718555152 2.000697374 0.077837870 0.985180259 0.152843639 -13.354189873 0.733104289 0.047337595 -0.678466797 188.218856812
-0.676241875 0.162278652 -0.718584001 1.323688269 0.074142098 0.985475481 0.152777791 -13.226511002 0.732939422 0.050037403 -0.678451419 187.582809448
-0.676289797 0.160764262 -0.718879223 0.685697258 0.071792528 0.985633612 0.152879819 -13.100550652 0.733129144 0.051780879 -0.678115606 186.955963135
-0.676080108 0.162368923 -0.718715906 0.043670416 0.072030365 0.985310316 0.154839367 -12.982357025 0.733299255 0.052914415 -0.677844167 186.340759277
-0.676171422 0.163246006 -0.718430698 -0.571298182 0.071169838 0.985055327 0.156846479 -12.870029449 0.733298600 0.054924522 -0.677684546 185.744049072
-0.676275969 0.162020892 -0.718609989 -1.172826171 0.069769643 0.985215127 0.156471416 -12.755679131 0.733337104 0.055680681 -0.677581549 185.168624878
-0.676167607 0.161992073 -0.718718648 -1.779252291 0.070369326 0.985268354 0.155866608 -12.654868126 0.733379960 0.054816160 -0.677605748 184.592163086
-0.676036239 0.162803173 -0.718658805 -2.359270096 0.072822109 0.985274255 0.154698461 -12.548063278 0.733261466 0.052247487 -0.677936792 184.032867432
-0.676208019 0.162623972 -0.718537688 -2.906569481 0.072854504 0.985312462 0.154439554 -12.440237045 0.733099699 0.052084547 -0.678124189 183.494903564
-0.676042914 0.163397342 -0.718517661 -3.449842691 0.072530173 0.985124767 0.155783638 -12.350793839 0.733284235 0.053202186 -0.677837849 182.968307495
-0.676094294 0.162138924 -0.718753994 -3.970921993 0.070966735 0.985282123 0.155508518 -12.255253792 0.733389437 0.054130800 -0.677650094 182.475265503
-0.675435305 0.161948398 -0.719416261 -4.485773087 0.070246547 0.985280514 0.155845225 -12.154715538 0.734065652 0.054726869 -0.676869631 181.995727539
-0.673748493 0.163535789 -0.720638216 -4.970583916 0.070068091 0.984948814 0.158007354 -12.066948891 0.735631645 0.055963438 -0.675066352 181.538528442
-0.671295285 0.165586844 -0.722456813 -5.438820362 0.070209563 0.984548569 0.160420582 -11.980246544 0.737857342 0.056966197 -0.672548652 181.103225708
-0.668427944 0.166380540 -0.724928796 -5.880372047 0.068576455 0.984293461 0.162676498 -11.900830269 0.740608871 0.059024453 -0.669338942 180.693695068
-0.664489150 0.167762473 -0.728223801 -6.299894333 0.067800894 0.983991027 0.164817199 -11.822711945 0.744215846 0.060145017 -0.665225744 180.313415527
-0.659969091 0.168596447 -0.732131243 -6.700301170 0.067054503 0.983824492 0.166111529 -11.744444847 0.748294473 0.060535766 -0.660598993 179.953521729
-0.655088186 0.169487908 -0.736297190 -7.093483925 0.067614779 0.983755529 0.166292951 -11.673252106 0.752521098 0.059151951 -0.655906558 179.651031494
-0.649002075 0.169386476 -0.741690695 -7.447462559 0.068109207 0.983920813 0.165109128 -11.604524612 0.757732093 0.056640171 -0.650103331 179.352508545
-0.642325401 0.169116378 -0.747541368 -7.781580925 0.068033151 0.984082878 0.164171711 -11.544524193 0.763406813 0.054594040 -0.643606901 179.076171875
-0.635438442 0.168664187 -0.753505528 -8.095353127 0.067465916 0.984247267 0.163418636 -11.493800163 0.769198596 0.053006534 -0.636807680 178.826339722
-0.628484368 0.168510824 -0.759349525 -8.386106491 0.066264920 0.984301090 0.163585961 -11.445478439 0.774994552 0.052492972 -0.629784226 178.595321655
-0.621312737 0.168602973 -0.765208483 -8.657025337 0.065596782 0.984339476 0.163624004 -11.397905350 0.780812383 0.051466424 -0.622642398 178.383255005
-0.613789201 0.166045189 -0.771810770 -8.909659386 0.066289812 0.985018849 0.159196615 -11.355065346 0.786682010 0.046549961 -0.615601063 178.196533203
-0.605945230 0.163238436 -0.778578043 -9.148063660 0.067164063 0.985723376 0.154397100 -11.320151329 0.792666078 0.041263707 -0.608258128 178.031387329
-0.597231030 0.162536681 -0.785428047 -9.365384102 0.067640662 0.985970020 0.152603671 -11.279428482 0.799212217 0.038012754 -0.599846005 177.876510620
-0.588998199 0.162873387 -0.791551530 -9.574418068 0.066684209 0.985934854 0.153250530 -11.240160942 0.805378616 0.037480276 -0.591574907 177.737167358
-0.580162287 0.162075952 -0.798212707 -9.774696350 0.065467015 0.986110330 0.152645171 -11.204981804 0.811865866 0.036302350 -0.582714677 177.606796265
-0.570328712 0.159919828 -0.805698872 -9.973298073 0.064320341 0.986548126 0.150285497 -11.174056053 0.818894267 0.033889320 -0.572942853 177.483016968
-0.558923841 0.157218903 -0.814178228 -10.173154831 0.062454291 0.987054229 0.147727340 -11.141870499 0.826863647 0.031719413 -0.561507225 177.361251831
-0.545339227 0.155005023 -0.823759079 -10.375658035 0.060558304 0.987470686 0.145719945 -11.107691765 0.836025238 0.029581334 -0.547893286 177.248306274
-0.529992223 0.153402179 -0.834012210 -10.572747231 0.057346143 0.987733901 0.145234764 -11.075611115 0.846061528 0.029145885 -0.532288313 177.135894775
-0.513781428 0.152849525 -0.844195247 -10.772167206 0.054323204 0.987822533 0.145793214 -11.048646927 0.856199503 0.029046446 -0.515828133 177.035263062
-0.496912956 0.155416608 -0.853770196 -10.982673645 0.053628784 0.987451434 0.148538262 -11.014873505 0.866141975 0.028023899 -0.499012113 176.945617676
-0.478457332 0.160409093 -0.863334954 -11.193603516 0.052496165 0.986639977 0.154226154 -10.990994453 0.876540005 0.028468885 -0.480486035 176.859680176
-0.458772540 0.163938165 -0.873299479 -11.398107529 0.049905956 0.986035109 0.158883989 -10.963300705 0.887151122 0.029308774 -0.460547328 176.774108887
-0.438728571 0.162482753 -0.883808196 -11.603097916 0.044658303 0.986244440 0.159146369 -10.933216095 0.897509396 0.030352645 -0.439949751 176.696304321
-0.414523959 0.157371864 -0.896328151 -11.820136070 0.040923487 0.987161458 0.154394001 -10.894081116 0.909117877 0.027319133 -0.415642262 176.621520996
-0.387023330 0.153520152 -0.909199953 -12.052179337 0.039034262 0.987886190 0.150190592 -10.858455658 0.921243310 0.022637300 -0.388327479 176.551864624
-0.356859088 0.153993130 -0.921378195 -12.310197830 0.038232494 0.987900376 0.150303379 -10.817849159 0.933375537 0.018410534 -0.358428717 176.485778809
-0.323078156 0.159286946 -0.932870984 -12.596710205 0.038776889 0.987133861 0.155122831 -10.779890060 0.945577621 0.013942957 -0.325098038 176.424880981
-0.285876155 0.164559722 -0.944031358 -12.901232719 0.034505114 0.986273527 0.161474228 -10.731846809 0.957645297 0.013587706 -0.287630200 176.368164062
-0.245163798 0.170266107 -0.954413176 -13.225069046 0.026582509 0.985267460 0.168942153 -10.676648140 0.969117403 0.016047783 -0.246078014 176.310745239
-0.201610804 0.173941255 -0.963897288 -13.562205315 0.015427701 0.984546781 0.174440742 -10.619137764 0.979344428 0.020298392 -0.201178789 176.259750366
-0.154413581 0.176441580 -0.972123802 -13.917399406 0.003790811 0.984023333 0.177999213 -10.558370590 0.987998903 0.023800373 -0.152615428 176.225372314
-0.103929400 0.179686248 -0.978218496 -14.293278694 -0.005116992 0.983435154 0.181188107 -10.493286133 0.994571507 0.023836322 -0.101288438 176.210556030
-0.051088333 0.182873085 -0.981808364 -14.671556473 -0.011424541 0.982920706 0.183674753 -10.430170059 0.998628914 0.020600311 -0.048126459 176.238220215
0.005412579 0.183130383 -0.983073771 -15.060685158 -0.017974697 0.982947111 0.183007821 -10.370018959 0.999823868 0.016679898 0.008612037 176.287872314
0.064383507 0.180864424 -0.981398404 -15.463232994 -0.028378479 0.983372927 0.179366589 -10.298140526 0.997521698 0.016302340 0.068445683 176.353454590
0.126309216 0.175492525 -0.976344407 -15.863723755 -0.038408615 0.984354317 0.171963364 -10.226141930 0.991247118 0.015779473 0.131073475 176.449188232
0.189095497 0.170142546 -0.967106342 -16.243400574 -0.050240446 0.985261083 0.163513154 -10.136355400 0.980672717 0.017668232 0.194856465 176.573120117
0.252876818 0.167740509 -0.952846467 -16.675920486 -0.061742365 0.985646188 0.157128751 -10.046442032 0.965526402 0.019096777 0.259603739 176.721618652
0.316022336 0.169575438 -0.933474243 -17.119119644 -0.071542382 0.985355198 0.154779896 -9.981871605 0.946050584 0.017869055 0.323526084 176.904296875
0.376894772 0.169789255 -0.910561442 -17.588813782 -0.077438682 0.985390067 0.151689291 -9.907291412 0.923013449 0.013341762 0.384536624 177.136260986
0.434554458 0.168398768 -0.884762287 -18.046365738 -0.081723750 0.985684633 0.147468597 -9.827569008 0.896930099 0.008222952 0.442095816 177.401916504
0.487844944 0.166923910 -0.856821895 -18.496026993 -0.088467687 0.985947251 0.141709328 -9.751231194 0.868435860 0.006668858 0.495756745 177.702072144
0.537186980 0.164607465 -0.827245057 -18.964982986 -0.097879656 0.986311615 0.132698953 -9.679911613 0.837764680 0.009686321 0.545945466 178.029861450
0.582535267 0.163749367 -0.796139956 -19.395816803 -0.107408047 0.986414909 0.124294534 -9.622262955 0.805677533 0.013105888 0.592209458 178.387527466
0.623498678 0.164892018 -0.764238179 -19.832298279 -0.115257114 0.986211658 0.118753240 -9.563105583 0.773282111 0.014041390 0.633906662 178.785583496
0.659258962 0.167578146 -0.733004272 -20.306222916 -0.123265848 0.985746622 0.114495210 -9.510582924 0.741743386 0.014872380 0.670518994 179.228744507
0.688870430 0.166403025 -0.705526412 -20.753269196 -0.125523955 0.985974848 0.109988019 -9.443157196 0.713933647 0.012792978 0.700096488 179.709564209
0.712471366 0.164173469 -0.682225525 -21.216615677 -0.125843599 0.986376941 0.105942920 -9.370150566 0.690324605 0.010372426 0.723425508 180.209869385
0.730346799 0.160774708 -0.663886368 -21.692090988 -0.123708941 0.986966610 0.102922484 -9.300107956 0.671781003 0.006959576 0.740717173 180.748229980
0.743053496 0.157686725 -0.650389433 -22.168558121 -0.121373489 0.987480760 0.100748271 -9.225474358 0.658133745 0.004078679 0.752889991 181.300399780
0.750866473 0.155994013 -0.641767442 -22.651868820 -0.120216951 0.987754881 0.099439405 -9.158756256 0.649420917 0.002485603 0.760425091 181.869384766
0.755107760 0.154525697 -0.637129605 -23.097049713 -0.119222641 0.987987280 0.098321408 -9.108880043 0.644669116 0.001717020 0.764459848 182.449554443
0.757267058 0.152994096 -0.634932578 -23.575815201 -0.118756354 0.988224328 0.096486181 -9.031174660 0.642217696 0.002336469 0.766518772 183.042785645
0.758328736 0.150450066 -0.634273052 -24.013422012 -0.115674324 0.988617539 0.096202120 -8.952472687 0.641527057 0.000416271 0.767100275 183.651641846
0.758403540 0.152615443 -0.633666039 -24.526893616 -0.118275933 0.988284051 0.096464880 -8.894674301 0.640964031 0.001788124 0.767568827 184.278213501
0.758401752 0.154344603 -0.633249223 -25.066249847 -0.118647791 0.988017023 0.098716915 -8.825295448 0.640897453 0.000266526 0.767626524 184.919281006
0.758206546 0.156040102 -0.633067489 -25.612957001 -0.118368387 0.987748325 0.101696402 -8.742865562 0.641180038 -0.002171714 0.767387450 185.572311401
0.757435560 0.158291280 -0.633431435 -26.222185135 -0.119262882 0.987386823 0.104132481 -8.662979126 0.641925097 -0.003328793 0.766760111 186.261428833
0.756309390 0.157290563 -0.635024309 -26.788297653 -0.118288949 0.987546742 0.103726342 -8.573243141 0.643431306 -0.003332861 0.765496612 186.943298340
0.754596293 0.154090062 -0.637840629 -27.381406784 -0.116943195 0.988056183 0.100345954 -8.478391647 0.645684719 -0.001129549 0.763603270 187.647781372
0.752537489 0.150815785 -0.641047537 -27.986019135 -0.118302941 0.988547504 0.093692213 -8.396814346 0.647836268 0.005330905 0.761761010 188.356491089
0.750403881 0.149851561 -0.643769026 -28.619770050 -0.121171124 0.988643885 0.088886760 -8.315165520 0.649778128 0.011305243 0.760039866 189.080673218
0.748596668 0.152403042 -0.645272374 -29.259885788 -0.124025650 0.988232732 0.089519553 -8.232784271 0.651322365 0.013016276 0.758689582 189.826324463
0.747982025 0.159339428 -0.644308805 -29.951524734 -0.125918835 0.987192571 0.097955644 -8.131555557 0.651665092 0.007861529 0.758466125 190.597076416
0.748076916 0.164365113 -0.642934799 -30.643545151 -0.124520041 0.986399531 0.107287876 -8.032481194 0.651824951 -0.000201330 0.758369446 191.391815186
0.748038650 0.163445339 -0.643213749 -31.332366943 -0.121764705 0.986546934 0.109080069 -7.928246975 0.652389169 -0.003275380 0.757877111 192.198577881
0.747823596 0.156783208 -0.645119369 -32.020633698 -0.118711278 0.987633049 0.102413900 -7.817123890 0.653197944 -0.000004597 0.757187188 193.010864258
0.747234225 0.150769576 -0.647232294 -32.705116272 -0.117710836 0.988552690 0.094380520 -7.722774982 0.654052973 0.005661897 0.756427586 193.821670532
0.747001052 0.146940395 -0.648381114 -33.435520172 -0.116668113 0.989107907 0.089744627 -7.623896122 0.654505968 0.008606058 0.756007910 194.654296875
0.746166825 0.150654331 -0.648489356 -34.190898895 -0.121087275 0.988523901 0.090323918 -7.532781124 0.654654860 0.011127084 0.755846024 195.500869751
0.745583773 0.157523766 -0.647526979 -34.951816559 -0.124234304 0.987482846 0.097177342 -7.428102493 0.654729486 0.007991191 0.755821049 196.350128174
0.745244503 0.163878798 -0.646339297 -35.702995300 -0.124232411 0.986480296 0.106878377 -7.324724197 0.655116081 0.000645749 0.755528033 197.204635620
0.744912982 0.167696416 -0.645741999 -36.478908539 -0.125408202 0.985836744 0.111349568 -7.213248730 0.655269086 -0.001964413 0.755393028 198.076400757
0.744781375 0.166068807 -0.646314085 -37.261398315 -0.124969915 0.986113906 0.109370217 -7.108734608 0.655502260 -0.000687081 0.755192876 198.959014893
0.744309723 0.161962181 -0.647897542 -38.009166718 -0.124120384 0.986792564 0.104089096 -6.989921093 0.656199038 0.002942763 0.754582107 199.839340210
0.743881345 0.158249363 -0.649305582 -38.768360138 -0.122725889 0.987385154 0.100044690 -6.891799450 0.656946659 0.005265214 0.753918707 200.716827393
0.743123651 0.158215448 -0.650180876 -39.567661285 -0.124147132 0.987375259 0.098374717 -6.795477867 0.657536924 0.007613510 0.753383875 201.615737915
0.742994428 0.160453767 -0.649779916 -40.393798828 -0.124303639 0.987029195 0.101596944 -6.700245380 0.657653332 0.005284049 0.753302157 202.541671753
0.742490411 0.163363785 -0.649630904 -41.190624237 -0.124132894 0.986564279 0.106216326 -6.575891495 0.658254504 0.001775946 0.752793372 203.459808350
0.742097020 0.162004143 -0.650420427 -41.995616913 -0.123526148 0.986786842 0.104847841 -6.462028503 0.658812046 0.002536662 0.752303302 204.375610352
0.741446376 0.158610567 -0.651996970 -42.773872375 -0.123303130 0.987321258 0.099965088 -6.350595474 0.659585953 0.006274506 0.751602948 205.287780762
0.741047978 0.157297537 -0.652767420 -43.618698120 -0.124399051 0.987505376 0.096736602 -6.246280670 0.659827828 0.009517185 0.751356602 206.208297729
0.740319729 0.158639878 -0.653268814 -44.437950134 -0.126412094 0.987273574 0.096492596 -6.151532650 0.660262585 0.011145711 0.750952125 207.118362427
0.739655137 0.162459612 -0.653082788 -45.282279968 -0.129735291 0.986643791 0.098502651 -6.045703888 0.660362780 0.011869881 0.750852942 208.049545288
0.739249706 0.167236313 -0.652335703 -46.102672577 -0.132387802 0.985861659 0.102714330 -5.938728333 0.660290301 0.010429744 0.750938058 208.979568481
0.739202380 0.171881080 -0.651181042 -46.913284302 -0.135424405 0.985070705 0.106282219 -5.820265770 0.659727275 0.009621736 0.751443505 209.912017822
0.739781380 0.174418330 -0.649847567 -47.737598419 -0.137747705 0.984620690 0.107460141 -5.715199471 0.658596337 0.010017995 0.752429724 210.831756592
0.740940273 0.172056213 -0.649156570 -48.538314819 -0.135978118 0.985038161 0.105876282 -5.584682465 0.657660604 0.009823080 0.753250301 211.759643555
0.741722405 0.169536635 -0.648926198 -49.364810944 -0.136197284 0.985439599 0.101779744 -5.469027042 0.656732976 0.012889668 0.754013062 212.691619873
0.742720723 0.165805832 -0.648748338 -50.199481964 -0.135562912 0.986027896 0.096807629 -5.363816261 0.655735195 0.016045183 0.754820406 213.629898071
0.743398130 0.164582491 -0.648283780 -51.019111633 -0.135836452 0.986203969 0.094605669 -5.262577534 0.654910505 0.017730881 0.755498469 214.567794800
0.743408918 0.168254599 -0.647328079 -51.771484375 -0.139113680 0.985572219 0.096409708 -5.183516979 0.654209912 0.018380344 0.756089687 215.493515015
0.743507028 0.172412246 -0.646120131 -52.578998566 -0.141592741 0.984874189 0.099871770 -5.082729816 0.653566182 0.017230567 0.756673217 216.430068970
0.743350983 0.175160676 -0.645560324 -53.377925873 -0.143145144 0.984403491 0.102270365 -4.966894150 0.653405607 0.016386036 0.756830692 217.378250122
0.742836833 0.181169599 -0.644492865 -54.172451019 -0.147277802 0.983326793 0.106666110 -4.855169296 0.653071761 0.015683956 0.757133663 218.322235107
0.742644429 0.185976997 -0.643344283 -54.984050751 -0.149736241 0.982457459 0.111159310 -4.738911629 0.652731419 0.013780102 0.757464051 219.276626587
0.741940379 0.187546685 -0.643700778 -55.793422699 -0.153263643 0.982101142 0.109487697 -4.616671562 0.652713358 0.017422568 0.757404625 220.227630615
0.741253495 0.186715320 -0.644732952 -56.597042084 -0.156723127 0.982126296 0.104239225 -4.504210949 0.652672291 0.023776874 0.757267177 221.167114258
0.740321279 0.186463445 -0.645876050 -57.378635406 -0.160155803 0.982020140 0.099932663 -4.397255421 0.652897120 0.029458515 0.756873608 222.101669312
0.739324510 0.188469678 -0.646435201 -58.222583771 -0.165179968 0.981458962 0.097231187 -4.297892570 0.652774751 0.034892745 0.756748080 223.048553467
0.738755107 0.189446792 -0.646800399 -59.032417297 -0.166531399 0.981234133 0.097194940 -4.193715572 0.653075933 0.035909310 0.756440639 223.985794067
0.738179207 0.191900373 -0.646734715 -59.862415314 -0.167002946 0.980829418 0.100417405 -4.077549458 0.653606534 0.033880543 0.756075799 224.935302734
0.738086462 0.192967117 -0.646523058 -60.677013397 -0.165405452 0.980738521 0.103889182 -3.966122866 0.654117286 0.030259240 0.755787671 225.890121460
0.737114906 0.196452036 -0.646582007 -61.496612549 -0.168558016 0.980018616 0.105601527 -3.881016970 0.654408097 0.031146117 0.755499840 226.826232910
0.736701369 0.196306512 -0.647097230 -62.279003143 -0.168024853 0.980064392 0.106025606 -3.769193411 0.655010462 0.030619193 0.754999161 227.774612427
0.736184418 0.197239161 -0.647401869 -63.131557465 -0.168978900 0.979862452 0.106375352 -3.649777174 0.655346215 0.031085387 0.754688740 228.739730835
0.735986650 0.197149098 -0.647654176 -63.988903046 -0.168970853 0.979876101 0.106262580 -3.539636135 0.655570388 0.031226829 0.754488170 229.684310913
0.734708309 0.199297562 -0.648447633 -64.794487000 -0.171287671 0.979399920 0.106940888 -3.423240900 0.656402588 0.032500707 0.753710389 230.635589600
0.734499931 0.199948028 -0.648483396 -65.656196594 -0.171542183 0.979278028 0.107646540 -3.309485435 0.656569242 0.032175895 0.753579140 231.596771240
0.733089447 0.199504927 -0.650213599 -66.458389282 -0.173328802 0.979246438 0.105040826 -3.192079782 0.657675505 0.035696410 0.752455115 232.563018799
0.732728601 0.197339267 -0.651280284 -67.291526794 -0.174585015 0.979512513 0.100375913 -3.065778017 0.657745242 0.040155478 0.752169311 233.510253906
0.733047962 0.196795002 -0.651085615 -68.131095886 -0.172774121 0.979707479 0.101599246 -2.955385685 0.657867670 0.038013618 0.752173603 234.468536377
0.732706785 0.200824335 -0.650238633 -68.933212280 -0.174783334 0.978949785 0.105395138 -2.851721287 0.657716870 0.036427166 0.752383888 235.408081055
0.733517826 0.201519191 -0.649108350 -69.776748657 -0.173327029 0.978919864 0.108044654 -2.731363058 0.657198131 0.033255342 0.752983928 236.361007690
0.733559251 0.203442663 -0.648461282 -70.608276367 -0.174231797 0.978551984 0.109906144 -2.609152794 0.656912625 0.032359891 0.753271997 237.324935913
0.734165370 0.203101993 -0.647881806 -71.446365356 -0.172957331 0.978676081 0.110810012 -2.491140127 0.656572163 0.030703019 0.753638089 238.274551392
0.734703422 0.199009180 -0.648541689 -72.264762878 -0.169514477 0.979532421 0.108540565 -2.352376461 0.656868219 0.030192081 0.753400743 239.225967407
0.734872460 0.196084648 -0.649240494 -73.071258545 -0.168147087 0.980080724 0.105680555 -2.232288122 0.657030463 0.031506166 0.753205419 240.161117554
0.735170722 0.193004698 -0.649825633 -73.888381958 -0.165270716 0.980717003 0.104306154 -2.111313343 0.657426655 0.030714296 0.752892375 241.112609863
0.735009074 0.192246079 -0.650233209 -74.702598572 -0.163185984 0.980932176 0.105557799 -2.002477884 0.658127725 0.028522994 0.752365887 242.059188843
0.735225677 0.192295939 -0.649973452 -75.524589539 -0.160126984 0.981047034 0.109115049 -1.887077689 0.658636868 0.023854092 0.752082765 242.996109009
0.735403538 0.191913754 -0.649885237 -76.333328247 -0.156400204 0.981233597 0.112781413 -1.773455858 0.659333527 0.018702321 0.751617968 243.924179077
0.735135317 0.188659281 -0.651140451 -77.097000122 -0.153258324 0.981880248 0.111458644 -1.673090458 0.660369635 0.017855484 0.750728428 244.851638794
0.735344529 0.183329627 -0.652425349 -77.899566650 -0.149547622 0.982878864 0.107631929 -1.553606629 0.660987198 0.018422090 0.750171065 245.765014648
0.735059023 0.181476638 -0.653264523 -78.702529907 -0.148356542 0.983214617 0.106204569 -1.437927604 0.661572814 0.018849429 0.749643981 246.668838501
0.734469116 0.182819277 -0.653553605 -79.481834412 -0.149018198 0.982973695 0.107500389 -1.355220914 0.662079096 0.018435653 0.749207199 247.562667847
0.734472275 0.183881253 -0.653252065 -80.271102905 -0.147444427 0.982835829 0.110877916 -1.247776270 0.662427843 0.014881592 0.748977900 248.450805664
0.734486103 0.185215205 -0.652859509 -81.053260803 -0.145510256 0.982642114 0.115070678 -1.149652481 0.662840068 0.010479920 0.748687744 249.335632324
0.734603524 0.184504732 -0.652928531 -81.808677673 -0.142149702 0.982811570 0.117791928 -1.034371376 0.663438857 0.006283216 0.748204112 250.199218750
0.734382153 0.183792993 -0.653378248 -82.547683716 -0.141626969 0.982944250 0.117313296 -0.941763759 0.663795710 0.006383181 0.747886777 251.033370972
0.734102607 0.181229666 -0.654407561 -83.271583557 -0.139652058 0.983419538 0.115686104 -0.834504485 0.664522946 0.006463870 0.747240007 251.862915039
0.733438671 0.181106672 -0.655185580 -84.003616333 -0.141915187 0.983411372 0.112969950 -0.728664219 0.664776564 0.010124255 0.746973693 252.670486450
0.733254552 0.179967076 -0.655705392 -84.730125427 -0.142731607 0.983590961 0.110347405 -0.615949154 0.664804757 0.012677144 0.746909559 253.472610474
0.733062863 0.180800423 -0.655690491 -85.414466858 -0.144159719 0.983421743 0.109998420 -0.523099542 0.664708078 0.013888385 0.746974111 254.265716553
0.733530998 0.183285311 -0.654475927 -86.115478516 -0.146626785 0.982951522 0.110936508 -0.418999285 0.663651109 0.014588341 0.747900009 255.054092407
0.734271049 0.185150787 -0.653119683 -86.815597534 -0.149424300 0.982573032 0.110555910 -0.315273941 0.662207246 0.016413920 0.749140978 255.843887329
0.735605359 0.184043348 -0.651930034 -87.497245789 -0.149825841 0.982754230 0.108380795 -0.221456155 0.660633743 0.017950479 0.750493765 256.614959717
0.737470388 0.183123946 -0.650079250 -88.167091370 -0.149162382 0.982932985 0.107672572 -0.126750842 0.658701777 0.017562032 0.752199173 257.373840332
0.739156246 0.183975980 -0.647920430 -88.838676453 -0.150019482 0.982776105 0.107913479 -0.039764665 0.656614244 0.017435748 0.754025102 258.129852295
0.741116941 0.183094129 -0.645927429 -89.489288330 -0.148507997 0.982969880 0.108238533 0.056047820 0.654745102 0.015707970 0.755686581 258.880981445
0.742852151 0.182501346 -0.644099355 -90.122238159 -0.147117674 0.983107686 0.108883500 0.137336105 0.653090477 0.013874047 0.757152855 259.609252930
0.744487762 0.182084024 -0.642326593 -90.733535767 -0.146163166 0.983203411 0.109304145 0.225619555 0.651440263 0.012508877 0.758596838 260.329498291
0.746668279 0.180941314 -0.640114665 -91.336349487 -0.143106252 0.983455658 0.111065850 0.311446518 0.649620771 0.008675057 0.760208964 261.031280518
0.747783065 0.183015510 -0.638220906 -91.908493042 -0.143891916 0.983084381 0.113314629 0.391368181 0.648163319 0.007100057 0.761468291 261.712158203
0.749358475 0.183940589 -0.636103570 -92.479255676 -0.144720554 0.982913673 0.113739565 0.475328326 0.646156251 0.006825551 0.763174653 262.365600586
0.750539780 0.182894975 -0.635011375 -93.020835876 -0.145842075 0.983086824 0.110771798 0.555117786 0.644530952 0.009472728 0.764519572 262.999542236
0.751741230 0.180223465 -0.634353757 -93.550933838 -0.147057146 0.983522654 0.105154186 0.629692733 0.642852545 0.014237501 0.765857697 263.608551025
0.752778769 0.178913280 -0.633493602 -94.067527771 -0.148506925 0.983704090 0.101350471 0.706101477 0.641303241 0.017783698 0.767081439 264.216308594
0.753874660 0.179754972 -0.631950319 -94.568588257 -0.148623079 0.983570158 0.102473982 0.768913865 0.639987648 0.016669840 0.768204391 264.805938721
0.754876196 0.182959601 -0.629831553 -95.058845520 -0.149687126 0.983018637 0.106151327 0.836607873 0.638557553 0.014146540 0.769444108 265.369812012
0.755379081 0.184210420 -0.628863275 -95.519432068 -0.150206596 0.982797027 0.107461430 0.894665301 0.637840450 0.013285294 0.770053923 265.918365479
0.754040003 0.183543265 -0.630662799 -95.970901489 -0.151508808 0.982873917 0.104899459 0.951778293 0.639115572 0.016452596 0.768934667 266.444580078
0.750995576 0.182147205 -0.634687364 -96.400314331 -0.152422965 0.983061492 0.101771250 1.009941101 0.642473996 0.020311169 0.766038239 266.949066162
0.746811152 0.182194740 -0.639592230 -96.794792175 -0.153227031 0.983005106 0.101106152 1.069754481 0.647143424 0.022495609 0.762036324 267.432464600
0.741775274 0.185599744 -0.644454956 -97.198089600 -0.156990081 0.982298017 0.102199398 1.116706252 0.652014971 0.025364064 0.757781684 267.878784180
0.736154079 0.188424557 -0.650056481 -97.594306946 -0.159892887 0.981695235 0.103482872 1.175876379 0.657656074 0.027760059 0.752806664 268.310028076
0.728053451 0.191311985 -0.658284068 -97.980094910 -0.161930799 0.981088877 0.106032938 1.226494908 0.666120529 0.029398814 0.745264471 268.715759277
0.717600465 0.191246659 -0.669682324 -98.353569031 -0.158536822 0.981170475 0.110320196 1.271037459 0.678170860 0.027003471 0.734408021 269.103332520
0.703436971 0.190768898 -0.684677839 -98.708404541 -0.155573100 0.981273770 0.113572612 1.317653656 0.693522573 0.026626270 0.719942749 269.466888428
0.684603333 0.189365834 -0.703888416 -99.074554443 -0.150311202 0.981585741 0.117881253 1.378068566 0.713249564 0.025100421 0.700460672 269.801147461
0.657864809 0.189887941 -0.728804886 -99.444702148 -0.144923121 0.981525898 0.124917001 1.434667706 0.739061058 0.023442145 0.673230529 270.114990234
0.624133825 0.192887053 -0.757133782 -99.825981140 -0.139434591 0.980989158 0.134975165 1.498592377 0.768774927 0.021328073 0.639163613 270.399322510
0.583575428 0.194866300 -0.788331628 -100.219230652 -0.130696267 0.980664074 0.145658553 1.571726322 0.801472425 0.018029273 0.597759724 270.668884277
0.535445094 0.198610723 -0.820885122 -100.627944946 -0.121875308 0.979953349 0.157600284 1.640765429 0.835730255 0.015659325 0.548916936 270.898223877
0.481106520 0.204282016 -0.852528870 -101.049728394 -0.112136334 0.978823006 0.171262741 1.706807971 0.869460762 0.013203837 0.493825555 271.085754395
0.420921504 0.211220458 -0.882162690 -101.445365906 -0.102498844 0.977358460 0.185106590 1.782813191 0.901287436 0.012505323 0.433041036 271.251068115
0.356581032 0.219378531 -0.908142745 -101.869598389 -0.093028225 0.975546777 0.199133813 1.876880407 0.929621398 0.013475530 0.368269861 271.395538330
0.290115714 0.226636052 -0.929768384 -102.288825989 -0.081740350 0.973871112 0.211880922 1.957807422 0.953494489 0.014529571 0.301060617 271.504089355
0.221115887 0.229538947 -0.947849929 -102.715469360 -0.067676090 0.973175645 0.219884425 2.055938959 0.972896516 0.015526854 0.230718911 271.594970703
0.148887694 0.232485414 -0.961136281 -103.153976440 -0.048034243 0.972522736 0.227798760 2.152811289 0.987686813 0.012251027 0.155963957 271.656005859
0.071723223 0.235725075 -0.969169557 -103.604034424 -0.031559773 0.971721768 0.234010264 2.257526875 0.996925175 0.013802797 0.077134490 271.684356689
-0.006428599 0.238097146 -0.971220076 -104.065216064 -0.017124817 0.971071482 0.238174066 2.366724730 0.999832690 0.018163070 -0.002165198 271.650421143
-0.085740805 0.242224187 -0.966424346 -104.542709351 -0.003211595 0.969924092 0.243386298 2.482747078 0.996312380 0.023971908 -0.082384229 271.572601318
-0.162124753 0.246440500 -0.955501318 -105.025314331 0.023205280 0.968996167 0.245983705 2.605449677 0.986497402 0.017707363 -0.162817001 271.460021973
-0.239445210 0.246671885 -0.939052284 -105.509399414 0.051961929 0.969057441 0.241304159 2.720512867 0.969518483 0.008984126 -0.244853616 271.325622559
-0.316521525 0.243501976 -0.916799366 -105.975616455 0.073894605 0.969883561 0.232089341 2.827005625 0.945702851 0.005714729 -0.324982405 271.132293701
-0.391735196 0.236812621 -0.889080167 -106.443092346 0.092345841 0.971549630 0.218090698 2.947293997 0.915432096 0.003330961 -0.402458906 270.894744873
-0.460954309 0.232123554 -0.856527805 -106.878608704 0.107552081 0.972682536 0.205721214 3.058544159 0.880882382 0.002706736 -0.473327637 270.608367920
-0.521626472 0.229370475 -0.821763575 -107.268722534 0.121662311 0.973338127 0.194451049 3.181149006 0.844455183 0.001453131 -0.535624743 270.286987305
-0.574783802 0.229499072 -0.785464346 -107.672706604 0.130160809 0.973287344 0.189129233 3.285316706 0.807887495 0.006471701 -0.589301586 269.925292969
-0.619535208 0.233320773 -0.749491274 -108.082878113 0.135890186 0.972266912 0.190344125 3.382366180 0.773116767 0.016076416 -0.634059668 269.532806396
-0.655619860 0.235037670 -0.717579246 -108.479545593 0.138942823 0.971645832 0.191309482 3.475087881 0.742197752 0.025723822 -0.669687033 269.116699219
-0.683391213 0.232392147 -0.692077100 -108.866676331 0.141838655 0.972183347 0.186390400 3.589154243 0.716141522 0.029214256 -0.697343826 268.688598633
-0.705126524 0.225775540 -0.672177017 -109.244064331 0.141329348 0.973683715 0.178790540 3.687749147 0.694854319 0.031071611 -0.718478918 268.245147705
-0.720657468 0.223493159 -0.656280220 -109.631950378 0.140338331 0.974044561 0.177601621 3.788322926 0.678938925 0.035888657 -0.733317256 267.780517578
-0.730825782 0.224992171 -0.644416511 -110.041030884 0.139713451 0.973431051 0.181417167 3.901216269 0.668112457 0.042550653 -0.742842913 267.300445557
-0.736236811 0.226720780 -0.637615561 -110.435585022 0.139201880 0.972797275 0.185170949 4.007498264 0.662252784 0.047572352 -0.747769237 266.826019287
-0.738155007 0.227607355 -0.635076284 -110.854240417 0.139624193 0.972528517 0.186261594 4.109235764 0.660024285 0.048817940 -0.749656320 266.340911865
-0.740262985 0.220307916 -0.635196924 -111.315116882 0.135199845 0.974267066 0.180346131 4.253250122 0.658583164 0.047625042 -0.750999451 265.831604004
-0.740159512 0.214318335 -0.637363136 -111.738220215 0.136958659 0.976028085 0.169149250 4.371355534 0.658336103 0.037905015 -0.751769185 265.328552246
-0.739278197 0.211806536 -0.639223218 -112.193405151 0.140529782 0.976871967 0.161160141 4.498105526 0.658573985 0.029312246 -0.751945257 264.814605713
-0.738059044 0.214866772 -0.639610529 -112.662063599 0.145089015 0.976305246 0.160552949 4.611357689 0.658952594 0.025697067 -0.751745701 264.286346436
-0.736634851 0.217692047 -0.640296161 -113.135391235 0.145718008 0.975628674 0.164057881 4.720302105 0.660405338 0.027548097 -0.750403762 263.745330811
-0.735869527 0.216745242 -0.641496420 -113.638801575 0.142649099 0.975746036 0.166044891 4.834593296 0.661926985 0.030678473 -0.748940229 263.171295166
-0.733791590 0.214790776 -0.644526720 -114.133857727 0.138613626 0.976083696 0.167472109 4.970062256 0.665083528 0.033549443 -0.746014953 262.584533691
-0.730858088 0.211654350 -0.648882806 -114.641174316 0.133568272 0.976673543 0.168131679 5.108973980 0.669332445 0.036210231 -0.742080092 262.005798340
-0.727579832 0.205012351 -0.654673934 -115.150741577 0.124407589 0.977910042 0.167972505 5.242194653 0.674648643 0.040766969 -0.737012625 261.432556152
-0.722114205 0.201311022 -0.661834717 -115.699752808 0.118042342 0.978547335 0.168852329 5.374810696 0.681628466 0.043806128 -0.730386138 260.821411133
-0.716175318 0.200870633 -0.668388844 -116.261833191 0.113384098 0.978450835 0.172562897 5.529964924 0.688648462 0.047800638 -0.723517895 260.217773438
-0.710763693 0.200009257 -0.674397111 -116.824119568 0.106357612 0.978259563 0.178034350 5.678692341 0.695343971 0.054813061 -0.716583967 259.652099609
-0.704535484 0.199067101 -0.681176901 -117.350616455 0.100597426 0.978173673 0.181814343 5.825890064 0.702502608 0.059570014 -0.709183693 259.151062012
-0.698265910 0.196905255 -0.688224375 -117.966873169 0.096575677 0.978547454 0.181983680 5.977078438 0.709293783 0.060607281 -0.702302575 258.508392334
-0.691752553 0.197679162 -0.694551408 -118.618171692 0.098029047 0.978605509 0.180891007 6.139565468 0.715450227 0.057045579 -0.696331143 257.887237549
-0.686407089 0.200889423 -0.698920012 -119.269058228 0.099563196 0.977997780 0.183323652 6.303222656 0.720369935 0.056247927 -0.691305876 257.249481201
-0.682375908 0.204105452 -0.701928735 -119.936767578 0.099547997 0.977229834 0.187381953 6.474427700 0.724191427 0.057989329 -0.687156439 256.588836670
-0.679970622 0.208846733 -0.702867687 -120.627182007 0.100220725 0.976054311 0.193064198 6.649950027 0.726357877 0.060836062 -0.684618950 255.928329468
-0.678280234 0.212163821 -0.703507423 -121.323356628 0.101855889 0.975313365 0.195931703 6.828228951 0.727709770 0.061240219 -0.683145881 255.253662109
-0.677581787 0.211544394 -0.704366446 -122.025810242 0.100734234 0.975407422 0.196043283 7.016015530 0.728516102 0.061881520 -0.682228088 254.579879761
-0.677577496 0.206182584 -0.705958664 -122.725616455 0.095491454 0.976436913 0.193526119 7.194404125 0.729225814 0.063715905 -0.681300402 253.889312744
-0.677241087 0.202423066 -0.707368076 -123.438323975 0.093377948 0.977282465 0.190261841 7.376158714 0.729811847 0.062800534 -0.680757642 253.190307617
-0.676644087 0.202348098 -0.707960725 -124.174644470 0.094647124 0.977423549 0.188905120 7.573278904 0.730202079 0.060815074 -0.680519462 252.511917114
-0.676143885 0.201129884 -0.708784759 -124.916603088 0.093071856 0.977627397 0.188632816 7.760625839 0.730867088 0.061575048 -0.679736257 251.802169800
-0.674476862 0.202878654 -0.709874451 -125.683692932 0.094515570 0.977319062 0.189510494 7.957301140 0.732221425 0.060726203 -0.678354263 251.054458618
-0.672999144 0.203544915 -0.711085141 -126.468078613 0.094525360 0.977174580 0.190249339 8.153267860 0.733578622 0.060822025 -0.676877856 250.315475464
-0.672156930 0.202691808 -0.712124527 -127.245277405 0.091129854 0.977133870 0.192106128 8.345482826 0.734779298 0.064229645 -0.675258636 249.563613892
-0.671297073 0.201914266 -0.713155568 -128.040817261 0.088681266 0.977147162 0.193181530 8.553989410 0.735863984 0.066438660 -0.673861980 248.810333252
-0.669800758 0.203188643 -0.714199841 -128.847274780 0.088982150 0.976864934 0.194465995 8.765672684 0.737190068 0.066702433 -0.672385097 248.047164917
-0.669639707 0.202484369 -0.714550674 -129.649551392 0.088171601 0.976987004 0.194221914 8.962595940 0.737433612 0.067055620 -0.672082663 247.303771973
-0.669699788 0.200879201 -0.714947522 -130.421966553 0.088199511 0.977421761 0.192009255 9.165206909 0.737375915 0.065530524 -0.672296643 246.574569702
-0.669923544 0.200486496 -0.714847863 -131.177520752 0.087839708 0.977489829 0.191827670 9.347586632 0.737215340 0.065717861 -0.672454119 245.840087891
-0.670283079 0.202583343 -0.713919163 -131.966888428 0.086814247 0.976818383 0.195676237 9.542786598 0.737010121 0.069180124 -0.672331929 245.091659546
-0.671051979 0.204270571 -0.712715328 -132.766616821 0.085678808 0.976221740 0.199123651 9.744344711 0.736443341 0.072557688 -0.672597170 244.342300415
-0.672253251 0.201573789 -0.712350845 -133.551940918 0.081960261 0.976567745 0.198992416 9.958735466 0.735770464 0.075388834 -0.673021913 243.583312988
-0.673003316 0.201045960 -0.711791694 -134.359024048 0.082989715 0.976797938 0.197429895 10.159900665 0.734969079 0.073799558 -0.674072981 242.835281372
-0.673157454 0.201203316 -0.711601377 -135.108612061 0.087550886 0.977190614 0.193476960 10.339660645 0.734298348 0.067939118 -0.675418735 242.062088013
-0.674640059 0.200153768 -0.710492492 -135.878753662 0.088483833 0.977523267 0.191360593 10.533698082 0.732824445 0.066232406 -0.677186728 241.330352783
-0.675354719 0.203602538 -0.708831728 -136.645996094 0.090401009 0.976742864 0.194424987 10.741822243 0.731931746 0.067226708 -0.678053737 240.550811768
-0.676224351 0.206217468 -0.707245052 -137.498001099 0.092751563 0.976215541 0.195960179 10.944145203 0.730834067 0.066914901 -0.679267645 239.755844116
-0.677084327 0.204839781 -0.706822097 -138.276794434 0.093521759 0.976643026 0.193447888 11.148480415 0.729938686 0.064877279 -0.680426717 239.012557983
-0.678479075 0.202157483 -0.706256628 -139.048904419 0.090269133 0.977047622 0.192949370 11.340241432 0.729052544 0.067158952 -0.681154966 238.279785156
-0.678939700 0.200835854 -0.706191301 -139.823852539 0.088000417 0.977185249 0.193300158 11.543457985 0.728901267 0.069094002 -0.681123495 237.535858154
-0.678397536 0.201993212 -0.706382096 -140.608810425 0.086862013 0.976770997 0.195891351 11.736022949 0.729542315 0.071534418 -0.680184603 236.788696289
-0.677188993 0.202714771 -0.707334399 -141.367187500 0.085256994 0.976443529 0.198215231 11.936898232 0.730853200 0.073923960 -0.678519607 236.049560547
-0.675451398 0.203918010 -0.708648741 -142.127777100 0.085229076 0.976152122 0.199657321 12.128929138 0.732462704 0.074461319 -0.676723003 235.321746826
-0.673333526 0.203796104 -0.710696459 -142.896881104 0.085007355 0.976224184 0.199399352 12.319155693 0.734435916 0.073847823 -0.674648643 234.600585938
-0.670650244 0.202638850 -0.713558853 -143.658187866 0.084987566 0.976618707 0.197466537 12.507735252 0.736889303 0.071787313 -0.672191381 233.875976562
-0.668455243 0.199688539 -0.716444373 -144.437072754 0.083043501 0.977298617 0.194913268 12.721817970 0.739102006 0.070794724 -0.669863224 233.157791138
-0.666116953 0.198368698 -0.718984067 -145.216186523 0.081391446 0.977559030 0.194303185 12.912605286 0.741393030 0.070909493 -0.667314172 232.444549561
-0.663941026 0.199424982 -0.720702648 -146.029830933 0.080095619 0.977204025 0.196613893 13.075363159 0.743483186 0.072814897 -0.664778948 231.722930908
-0.661278248 0.200976253 -0.722716868 -146.786087036 0.078470349 0.976688981 0.199802384 13.263170242 0.746025145 0.075413123 -0.661633849 231.014389038
-0.658690214 0.203501105 -0.724371910 -147.542556763 0.076804847 0.975886524 0.204319626 13.457432747 0.748484015 0.078948073 -0.658436775 230.325195312
-0.655792475 0.205378860 -0.726468265 -148.288635254 0.076739959 0.975434780 0.206489712 13.652533531 0.751030982 0.079665214 -0.655443549 229.640319824
-0.652832985 0.205944568 -0.728969455 -149.031692505 0.077687226 0.975461423 0.206008986 13.837339401 0.753507972 0.077857807 -0.652812719 228.972167969
-0.650349736 0.203999028 -0.731730521 -149.766693115 0.079057470 0.976211667 0.201892912 14.028252602 0.755509794 0.073452234 -0.651006699 228.331115723
-0.647933483 0.204394594 -0.733760953 -150.490814209 0.081884548 0.976432502 0.199686006 14.216103554 0.757282734 0.069299564 -0.649400115 227.697814941
-0.645875812 0.205874994 -0.735159993 -151.198516846 0.084733412 0.976335287 0.198971361 14.380361557 0.758725882 0.066218160 -0.648035884 227.071609497
-0.644345045 0.205759838 -0.736534238 -151.871734619 0.086059585 0.976515293 0.197513670 14.543543816 0.759877324 0.063881099 -0.646920443 226.461349487
-0.643248439 0.206011221 -0.737421632 -152.544418335 0.088279411 0.976654351 0.195839331 14.710976601 0.760551095 0.060874209 -0.646417975 225.873962402
-0.642383099 0.207063243 -0.737881541 -153.201263428 0.089559034 0.976494670 0.196054474 14.882525444 0.761133075 0.059858099 -0.645828128 225.290328979
-0.642148614 0.209142268 -0.737499356 -153.876632690 0.092711031 0.976190031 0.196106464 15.053611755 0.760953665 0.057555109 -0.646248817 224.708114624
-0.643413663 0.209662765 -0.736247420 -154.541381836 0.096062131 0.976273775 0.194065958 15.225000381 0.759467483 0.054139189 -0.648288608 224.130157471
-0.645520687 0.212619931 -0.733550131 -155.192199707 0.101786435 0.975849748 0.193279028 15.377778053 0.756929696 0.050100155 -0.651573062 223.563095093
-0.650001287 0.216229632 -0.728521168 -155.834823608 0.106810495 0.975143552 0.194130212 15.530694008 0.752389491 0.048371173 -0.656940103 222.979019165
-0.656467676 0.220196292 -0.721501112 -156.479415894 0.112250522 0.974314570 0.195220232 15.703508377 0.745955825 0.047166891 -0.664323211 222.395263672
-0.664947867 0.220436752 -0.713619053 -157.097305298 0.114403248 0.974239767 0.194341898 15.861050606 0.738076150 0.047586881 -0.673037291 221.800689697
-0.674312472 0.217384517 -0.705724478 -157.706176758 0.116108470 0.975012362 0.189392969 16.011545181 0.729261160 0.045769423 -0.682703257 221.195190430
-0.684092164 0.212484092 -0.697759807 -158.301269531 0.117827296 0.976255715 0.181773305 16.159984589 0.719815910 0.042134516 -0.692885280 220.597442627
-0.693452597 0.208100528 -0.689795673 -158.894515991 0.118974745 0.977311611 0.175234139 16.299652100 0.710611641 0.039448276 -0.702477932 219.986618042
-0.702125072 0.202907845 -0.682531357 -159.474914551 0.116799310 0.978374839 0.170706049 16.444473267 0.702409148 0.040137783 -0.710641026 219.368453979
-0.708688617 0.199838921 -0.676627755 -160.055770874 0.114588872 0.978915036 0.169099674 16.571350098 0.696153760 0.042304993 -0.716645241 218.739959717
-0.712808609 0.198916733 -0.672559679 -160.643051147 0.113960177 0.979043186 0.168782532 16.712516785 0.692038596 0.043664597 -0.720538974 218.100006104
-0.715840101 0.195770353 -0.670258701 -161.228225708 0.110538960 0.979560375 0.168055460 16.841400146 0.689459145 0.046211164 -0.722848892 217.458587646
-0.716651201 0.192928165 -0.670216501 -161.821929932 0.107196368 0.980029047 0.167487398 16.963645935 0.689144671 0.048185244 -0.723020196 216.788314819
-0.716642261 0.190973818 -0.670785189 -162.418609619 0.105140902 0.980371475 0.166784912 17.093585968 0.689470172 0.048998166 -0.722654700 216.135147095
-0.715501904 0.192066729 -0.671689987 -163.057037354 0.106452376 0.980211794 0.166891292 17.243347168 0.690452695 0.047908042 -0.721789360 215.472824097
-0.713762760 0.195393533 -0.672580600 -163.669342041 0.107139550 0.979455471 0.170845121 17.389944077 0.692144752 0.049882863 -0.720033169 214.801269531
-0.713285327 0.199445233 -0.671896875 -164.300369263 0.104458258 0.978200912 0.179475367 17.567876816 0.693045676 0.057831984 -0.718570113 214.133544922
-0.711951137 0.206593156 -0.671152055 -164.958114624 0.100079782 0.975839794 0.194218159 17.761442184 0.695061028 0.071105085 -0.715426087 213.429367065
-0.709223270 0.208380267 -0.673483849 -165.648605347 0.096668586 0.975039065 0.199885011 17.944095612 0.698325157 0.076658309 -0.711664200 212.711853027
-0.706983805 0.196912825 -0.679264009 -166.342712402 0.086894073 0.977365315 0.192889765 18.136545181 0.701871574 0.077345893 -0.708091974 211.990325928
-0.702263594 0.188475639 -0.686515033 -167.031921387 0.084372021 0.979556739 0.182619721 18.307441711 0.706899822 0.070324510 -0.703809142 211.278106689
-0.698743939 0.188937023 -0.689970732 -167.707916260 0.082318708 0.979321480 0.184805483 18.481546402 0.710619807 0.072334200 -0.699848056 210.597106934
-0.693871021 0.199797809 -0.691826463 -168.466003418 0.085959047 0.976849377 0.195898682 18.665683746 0.714950442 0.076459676 -0.694981933 209.828918457
-0.690311670 0.204190820 -0.694100857 -169.225036621 0.088249765 0.975949109 0.199337065 18.860675812 0.718109965 0.076350451 -0.691728950 209.117172241
-0.686847329 0.198488787 -0.699173331 -169.959899902 0.089427665 0.977756202 0.189724803 19.054973602 0.721279263 0.067786492 -0.689319611 208.392654419
-0.685023308 0.190821841 -0.703086376 -170.745498657 0.086506531 0.979564667 0.181575656 19.239679337 0.723367214 0.063561969 -0.687531948 207.628707886
-0.683524489 0.186857730 -0.705604970 -171.513961792 0.078471549 0.979886949 0.183476895 19.443315506 0.725697219 0.070041053 -0.684439778 206.871551514
-0.680845141 0.187089026 -0.708129764 -172.294189453 0.071545750 0.979190290 0.189914614 19.652227402 0.728924751 0.078638755 -0.680062413 206.090408325
-0.677727938 0.181694120 -0.712511420 -173.109191895 0.067526720 0.980274916 0.185745060 19.850425720 0.732205868 0.077771008 -0.676628828 205.319824219
-0.672943115 0.175463289 -0.718582273 -173.918487549 0.071005285 0.982295334 0.173361182 20.053026199 0.736278534 0.065639049 -0.673487782 204.554244995
-0.668640852 0.175185144 -0.722654819 -174.770385742 0.077154040 0.982950747 0.166898578 20.252529144 0.739572287 0.055839427 -0.670757294 203.793380737
-0.663624406 0.184013292 -0.725080848 -175.630783081 0.082302734 0.981349349 0.173723042 20.443489075 0.743525028 0.055610668 -0.666392088 203.007064819
-0.658922315 0.194709331 -0.726574063 -176.521224976 0.084029339 0.978925288 0.186129838 20.652374268 0.747502923 0.061591551 -0.661396980 202.211456299
-0.654768705 0.198718756 -0.729238868 -177.397109985 0.082492314 0.977843940 0.192395955 20.874025345 0.751314521 0.065818198 -0.656654358 201.433410645
-0.651592731 0.197157800 -0.732499480 -178.272277832 0.080120683 0.978119493 0.191997156 21.094190598 0.754325747 0.066415623 -0.653131962 200.657943726
-0.648672581 0.196148962 -0.735356688 -179.130432129 0.080113798 0.978447556 0.190321058 21.307458878 0.756839275 0.064543821 -0.650406361 199.889129639
-0.646257043 0.196039498 -0.737509549 -180.015213013 0.081865728 0.978672922 0.188407362 21.544027328 0.758715928 0.061382838 -0.648523211 199.120758057
-0.644452810 0.196655542 -0.738923311 -180.878936768 0.082865417 0.978632510 0.188180149 21.753877640 0.760141015 0.060041986 -0.646978378 198.357208252
-0.644205809 0.198753387 -0.738577008 -181.758026123 0.082453407 0.978065670 0.191282541 21.969394684 0.760394812 0.062327139 -0.646463513 197.589050293
-0.644524097 0.201320112 -0.737603664 -182.624084473 0.081581891 0.977312744 0.195458949 22.180967331 0.760219336 0.065802880 -0.646325707 196.824035645
-0.644752741 0.200863421 -0.737528086 -183.481628418 0.083755970 0.977611721 0.193029299 22.388931274 0.759788632 0.062683806 -0.647141337 196.058502197
-0.645715117 0.198782563 -0.737250209 -184.338150024 0.090653330 0.978648067 0.184471935 22.599239349 0.758178353 0.052282102 -0.649948120 195.304489136
-0.648392558 0.200059772 -0.734549701 -185.192062378 0.099893272 0.978869617 0.178425476 22.804460526 0.754724085 0.042313159 -0.654676437 194.553894043
-0.652122021 0.206373513 -0.729483962 -186.044311523 0.106777281 0.977646172 0.181125924 22.995882034 0.750556827 0.040223882 -0.659580588 193.780059814
-0.656870365 0.213578522 -0.723122120 -186.908081055 0.111833692 0.976032853 0.186689675 23.188127518 0.745663881 0.041761503 -0.665012360 193.004852295
-0.662596107 0.211026087 -0.718634069 -187.743301392 0.108519301 0.976411641 0.186665118 23.397075653 0.741073906 0.045697868 -0.669866920 192.222579956
-0.667626143 0.205107778 -0.715685546 -188.568008423 0.102867372 0.977494836 0.184179783 23.590833664 0.737355649 0.049342565 -0.673699975 191.424728394
-0.671321750 0.199336499 -0.713857353 -189.357391357 0.099104613 0.978647351 0.180076703 23.779945374 0.734510481 0.050142825 -0.676742435 190.633102417
-0.673615217 0.197040200 -0.712332666 -190.163635254 0.097836763 0.979097962 0.178311825 23.962865829 0.732578099 0.050421238 -0.678813100 189.844696045
-0.675202608 0.199252218 -0.710211456 -191.006546021 0.099100567 0.978600383 0.180334121 24.153850555 0.730945170 0.051379673 -0.680499434 189.058029175
-0.674335480 0.210031524 -0.707925498 -191.840545654 0.107650593 0.976415753 0.187146068 24.330921173 0.730536163 0.049990624 -0.681041837 188.259521484
-0.675447345 0.216095030 -0.705034673 -192.685958862 0.110209353 0.974942505 0.193238184 24.546617508 0.729126036 0.052820802 -0.682337999 187.462203979
-0.676403761 0.217174768 -0.703784883 -193.481979370 0.109511971 0.974573374 0.195483655 24.739330292 0.728344142 0.055153005 -0.682988405 186.678939819
-0.677036762 0.210851997 -0.705097377 -194.230606079 0.105537653 0.975993216 0.190522939 24.921319962 0.728342474 0.054576747 -0.683036208 185.924087524
-0.677494526 0.203934819 -0.706690848 -195.011627197 0.104002774 0.977701604 0.182436347 25.119972229 0.728137910 0.050101802 -0.683597207 185.144409180
-0.677200079 0.205392912 -0.706550419 -195.822021484 0.106606677 0.977505982 0.181980938 25.301591873 0.728034914 0.047914542 -0.683863401 184.355987549
-0.678173184 0.209950626 -0.704274118 -196.635650635 0.109545656 0.976496875 0.185616940 25.503438950 0.726691902 0.048730239 -0.685233116 183.573776245
-0.679709673 0.215977997 -0.700962782 -197.445724487 0.113509029 0.975125313 0.190384552 25.714609146 0.724645495 0.049840569 -0.687317610 182.788253784
-0.681369662 0.220525235 -0.697928190 -198.250839233 0.117371060 0.974112809 0.193205178 25.925710678 0.722467422 0.049727596 -0.689614177 182.008453369
-0.683523417 0.221530735 -0.695499778 -199.025299072 0.116789877 0.973748863 0.195379928 26.129783630 0.720524788 0.052319393 -0.691452622 181.230575562
-0.686161757 0.218472362 -0.693867266 -199.820861816 0.114170723 0.974358022 0.193885356 26.340505600 0.718433678 0.053817399 -0.693510413 180.447647095
-0.689205885 0.213864297 -0.692284167 -200.604202271 0.110599607 0.975302458 0.191188082 26.543399811 0.716074765 0.055201590 -0.695837498 179.676315308
-0.691626310 0.208734229 -0.691435874 -201.375869751 0.108103409 0.976461411 0.186646104 26.741697311 0.714119852 0.054342724 -0.697911263 178.897537231
-0.692633152 0.207021520 -0.690942287 -202.156372070 0.109711960 0.977017760 0.182755560 26.928487778 0.712897182 0.050777949 -0.699427724 178.117126465
-0.693525314 0.207110703 -0.690020323 -202.932281494 0.110537268 0.977035940 0.182160169 27.115518570 0.711901903 0.050059728 -0.700492620 177.326690674
-0.694683194 0.212589800 -0.687183380 -203.731246948 0.113374501 0.975747883 0.187249422 27.299053192 0.710325003 0.052169941 -0.701937914 176.551391602
-0.695503712 0.218399853 -0.684526503 -204.525085449 0.115279816 0.974261820 0.193712234 27.495298386 0.709214747 0.055815466 -0.702779889 175.762573242
-0.695951819 0.219451815 -0.683733821 -205.276947021 0.114995621 0.973929703 0.195542797 27.691980362 0.708820939 0.057461962 -0.703044057 174.989166260
-0.695823312 0.217520177 -0.684481442 -206.034072876 0.114404202 0.974434257 0.193363890 27.897733688 0.709042728 0.056239545 -0.702919245 174.196945190
-0.696020365 0.214156106 -0.685341299 -206.781600952 0.112929508 0.975255966 0.190059707 28.081487656 0.709085643 0.054890171 -0.702982664 173.413650513
-0.696583033 0.212325335 -0.685339749 -207.522232056 0.110556483 0.975564778 0.189869925 28.283691406 0.708907545 0.056491360 -0.703035831 172.646759033
-0.696619630 0.214684516 -0.684566617 -208.262954712 0.111256093 0.974961877 0.192539379 28.460700989 0.708761573 0.057964519 -0.703062534 171.879974365
-0.695442915 0.216806889 -0.685094237 -209.007858276 0.116529047 0.974804997 0.190200329 28.645622253 0.709070086 0.052440085 -0.703185558 171.117233276
-0.695574045 0.211510614 -0.686614752 -209.741714478 0.117141530 0.976282537 0.182072237 28.831066132 0.708840251 0.046213612 -0.703853488 170.363708496
-0.695016026 0.211301684 -0.687244177 -210.496185303 0.120645940 0.976561844 0.178245708 29.024255753 0.708800077 0.040970400 -0.704218864 169.610351562
-0.695507765 0.215804428 -0.685344517 -211.234558105 0.122670531 0.975490153 0.182677105 29.210859299 0.707969368 0.042981774 -0.704933882 168.864074707
-0.695569277 0.216705546 -0.684998214 -211.956130981 0.120828703 0.975130439 0.185798287 29.390659332 0.708226144 0.046468101 -0.704455018 168.109375000
-0.695004582 0.212154686 -0.686993122 -212.651550293 0.118057698 0.976180732 0.182026178 29.562692642 0.709247112 0.045404181 -0.703496575 167.363632202
-0.695150495 0.202376306 -0.689789712 -213.369430542 0.110252507 0.978216648 0.175888091 29.742181778 0.710359395 0.046217628 -0.702320218 166.609130859
-0.694317818 0.197677910 -0.691987455 -214.101577759 0.103758693 0.978986323 0.175555944 29.922754288 0.712149799 0.050091878 -0.700238466 165.865005493
-0.692898750 0.198101401 -0.693287313 -214.849533081 0.100270480 0.978648007 0.179426730 30.096630096 0.714028895 0.054808296 -0.697967768 165.112792969
-0.689563751 0.200234413 -0.695994377 -215.559646606 0.100524157 0.978179693 0.181822509 30.267850876 0.717214704 0.055413947 -0.694645643 164.357177734
-0.685889363 0.201427549 -0.699273050 -216.317306519 0.102160662 0.978064656 0.181528896 30.452604294 0.720499218 0.053070523 -0.691422224 163.604553223
-0.682254553 0.202151597 -0.702611685 -217.074768066 0.103500314 0.978041232 0.180895090 30.630691528 0.723751426 0.050696000 -0.688195825 162.868301392
-0.678182125 0.204185873 -0.705958247 -217.842193604 0.107996322 0.977887392 0.179089338 30.808031082 0.726915240 0.045214303 -0.685237169 162.138137817
-0.674770117 0.205609992 -0.708808899 -218.625244141 0.111917242 0.977809131 0.177098423 30.997552872 0.729493022 0.040172778 -0.682807684 161.406341553
-0.671137333 0.207972661 -0.711563349 -219.401901245 0.116019920 0.977481365 0.176265597 31.169212341 0.732198358 0.035742879 -0.680153131 160.681640625
-0.667796254 0.215397373 -0.712496817 -220.184799194 0.120563313 0.975875437 0.182020798 31.348026276 0.734515011 0.035651863 -0.677654982 159.949569702
-0.665114164 0.223182306 -0.712609887 -220.968780518 0.125356093 0.974120319 0.188083708 31.530387878 0.736144662 0.035767131 -0.675878406 159.218658447
-0.664151549 0.225015759 -0.712931097 -221.757507324 0.125477105 0.973652124 0.190412879 31.720232010 0.736992776 0.037006490 -0.674886823 158.487152100
-0.662801743 0.226320133 -0.713774264 -222.592269897 0.128567979 0.973470390 0.189276829 31.914686203 0.737675250 0.033684447 -0.674315333 157.757003784
-0.662597418 0.224784732 -0.714448214 -223.362609863 0.125982374 0.973758817 0.189531580 32.105884552 0.738304019 0.035575286 -0.673529029 157.023056030
-0.661987424 0.224089682 -0.715232015 -224.155731201 0.121658929 0.973730624 0.192477882 32.297466278 0.739575624 0.040403552 -0.671859980 156.295730591
-0.661053658 0.219516069 -0.717510521 -224.927154541 0.114271961 0.974546909 0.192873657 32.486709595 0.741586506 0.045508452 -0.669312239 155.566421509
-0.658920169 0.215272367 -0.720751166 -225.757049561 0.109762393 0.975434899 0.190994561 32.674266815 0.744161725 0.046738796 -0.666362524 154.804244995
-0.656464458 0.211716652 -0.724037647 -226.564178467 0.105156034 0.976119578 0.190086216 32.866455078 0.746991754 0.048647903 -0.663051128 154.051315308
-0.654124379 0.209506691 -0.726793349 -227.393661499 0.099809259 0.976380348 0.191623360 33.078197479 0.749773085 0.052804783 -0.659584880 153.298110962
-0.650947452 0.209951326 -0.729512155 -228.232711792 0.098165765 0.976205528 0.193355113 33.286575317 0.752749026 0.054250889 -0.656068563 152.543212891
-0.648108125 0.211089253 -0.731708527 -229.066177368 0.096843056 0.975861132 0.195746049 33.492107391 0.755365729 0.056003705 -0.652906060 151.796127319
-0.645426989 0.213629007 -0.733339667 -229.886474609 0.097816318 0.975304008 0.198025510 33.686359406 0.757533073 0.056078389 -0.650383830 151.061721802
-0.643507957 0.216261089 -0.734254241 -230.753662109 0.099307954 0.974738538 0.200056881 33.898525238 0.758970380 0.055820875 -0.648728490 150.316314697
-0.642249227 0.216796815 -0.735197723 -231.608627319 0.099926479 0.974662781 0.200117782 34.120590210 0.759954751 0.055059716 -0.647640109 149.574249268
-0.640816331 0.215713412 -0.736764967 -232.447235107 0.098829955 0.974905729 0.199478045 34.329402924 0.761306465 0.055014297 -0.646054387 148.832824707
-0.639893174 0.217167541 -0.737139881 -233.295791626 0.098879680 0.974532247 0.201270282 34.540672302 0.762075961 0.055903293 -0.645070076 148.094268799
-0.638612151 0.217714950 -0.738088608 -234.110366821 0.096985772 0.974266529 0.203466207 34.751869202 0.763392687 0.058351897 -0.643293738 147.369384766
-0.637685537 0.218694061 -0.738600373 -234.992645264 0.098348759 0.974119067 0.203518063 34.978050232 0.763992906 0.057140045 -0.642689943 146.641540527
-0.636352420 0.217586234 -0.740076005 -235.831405640 0.098700628 0.974475324 0.201633468 35.197689056 0.765058458 0.055263922 -0.641585588 145.918197632
-0.635229945 0.219347820 -0.740519643 -236.659362793 0.102304503 0.974269927 0.200828016 35.419219971 0.765517235 0.051813483 -0.641325712 145.227447510
-0.634256721 0.219364822 -0.741348565 -237.502136230 0.101617984 0.974236608 0.201337636 35.623592377 0.766415298 0.052365385 -0.640207529 144.508056641
-0.632454991 0.218659744 -0.743093967 -238.361831665 0.102427945 0.974513650 0.199578851 35.834693909 0.767795086 0.050111063 -0.638732910 143.792205811
-0.629970074 0.218991995 -0.745104253 -239.185989380 0.105187178 0.974639058 0.197520554 36.035213470 0.769463122 0.046056606 -0.637028575 143.105102539
-0.627922535 0.219015270 -0.746823788 -240.010620117 0.103743374 0.974578381 0.198580667 36.225032806 0.771330476 0.047215268 -0.634681225 142.426177979
-0.625080347 0.221604690 -0.748442590 -240.839981079 0.103379682 0.973909378 0.202022612 36.429721832 0.773684442 0.048906572 -0.631680965 141.730300903
-0.621898651 0.224469900 -0.750236750 -241.671127319 0.103335239 0.973182797 0.205516696 36.637615204 0.776249766 0.050284661 -0.628416657 141.047210693
-0.618327856 0.224476859 -0.753180385 -242.507965088 0.100186810 0.973037004 0.207753658 36.845630646 0.779508233 0.053001143 -0.624145508 140.353729248
-0.613780141 0.223630220 -0.757141888 -243.321228027 0.096696056 0.973116040 0.209033564 37.043209076 0.783533156 0.055087969 -0.618903399 139.682342529
-0.609023094 0.221823126 -0.761502087 -244.159591675 0.094257206 0.973533213 0.208203465 37.255550385 0.787531912 0.055023648 -0.613812685 139.017501831
-0.604296803 0.219429374 -0.765947640 -244.978912354 0.091392897 0.974073708 0.206948757 37.463352203 0.791500032 0.055056326 -0.608683944 138.379821777
-0.599324703 0.219424561 -0.769846022 -245.789688110 0.090924755 0.974134862 0.206866920 37.662891388 0.795325577 0.053982377 -0.603774190 137.757522583
-0.595224857 0.221204340 -0.772513092 -246.580978394 0.092290252 0.973821104 0.207737654 37.847549438 0.798242033 0.052355163 -0.600057602 137.154769897
-0.592979908 0.221981585 -0.774014831 -247.348587036 0.094236635 0.973775625 0.207075924 38.043266296 0.799683809 0.049851306 -0.598348141 136.645446777
-0.590829253 0.222739547 -0.775440633 -248.152587891 0.096348278 0.973736227 0.206288159 38.241233826 0.801023185 0.047168680 -0.596772432 136.059310913
-0.589322686 0.224506751 -0.776076913 -248.931427002 0.096545443 0.973299563 0.208247259 38.427425385 0.802108288 0.047798142 -0.595262647 135.494720459
-0.587321758 0.230946139 -0.775704443 -249.696029663 0.099934712 0.971783459 0.213658497 38.620815277 0.803160369 0.047966465 -0.593829155 134.956893921
-0.585213423 0.234076619 -0.776359499 -250.424316406 0.102438726 0.971099377 0.215574354 38.799499512 0.804383099 0.046627693 -0.592278957 134.398132324
-0.583751559 0.229170978 -0.778918743 -251.163314819 0.103700839 0.972526968 0.208416343 38.953334808 0.805282474 0.040888868 -0.591479421 133.879089355
-0.581354499 0.222297132 -0.782694936 -251.858779907 0.105385207 0.974423707 0.198475152 39.118957520 0.806796908 0.032899924 -0.589912415 133.346237183
-0.580023885 0.221238598 -0.783981025 -252.567504883 0.100786105 0.974508226 0.200439215 39.289058685 0.808340847 0.037245087 -0.587535858 132.812561035
-0.576993108 0.228347450 -0.784179091 -253.272903442 0.096294284 0.972444892 0.212316573 39.467185974 0.811052918 0.046993189 -0.583082557 132.295989990
-0.573724389 0.232092991 -0.785476506 -253.971969604 0.090904400 0.971129894 0.220551968 39.641101837 0.813988268 0.055132747 -0.578259110 131.798751831
-0.567693710 0.227958500 -0.791049242 -254.647491455 0.086069621 0.972066402 0.218355060 39.803386688 0.818728328 0.055873476 -0.571456194 131.293579102
-0.561344028 0.224713340 -0.796490550 -255.326446533 0.081889018 0.972788930 0.216739267 39.980545044 0.823521376 0.056441434 -0.564470768 130.829711914
-0.552804589 0.225882918 -0.802112460 -255.963821411 0.081273623 0.972586274 0.217877448 40.137584686 0.829338312 0.055253029 -0.556008458 130.397460938
-0.542680383 0.225921527 -0.808985531 -256.615020752 0.080695733 0.972715795 0.217513710 40.287624359 0.836054027 0.052758723 -0.546104670 129.979690552
-0.530537248 0.219647050 -0.818709433 -257.258483887 0.079110779 0.974459469 0.210167229 40.429664612 0.843961775 0.046732835 -0.534363508 129.601181030
-0.516237855 0.214144528 -0.829241037 -257.860321045 0.077883661 0.975962222 0.203548163 40.573978424 0.852896690 0.040494934 -0.520506978 129.241149902
-0.502126575 0.215047926 -0.837629616 -258.471466064 0.080223836 0.975994885 0.202479899 40.719306946 0.861065090 0.034472682 -0.507324934 128.910614014
-0.487700939 0.224043012 -0.843772948 -259.057189941 0.083790220 0.974059701 0.210206702 40.847293854 0.868980587 0.031818062 -0.493822455 128.590438843
-0.473894238 0.232367143 -0.849370480 -259.634368896 0.087253556 0.972199857 0.217288464 40.971508026 0.876248598 0.028861113 -0.480994821 128.290481567
-0.461074948 0.237800449 -0.854904175 -260.183258057 0.091314204 0.971023262 0.220851779 41.087589264 0.882650495 0.023764320 -0.469429135 128.007522583
-0.451180339 0.241515636 -0.859131396 -260.721710205 0.096647181 0.970245779 0.221996605 41.201999664 0.887184203 0.017127849 -0.461097598 127.747650146
-0.444575310 0.243122071 -0.862116337 -261.234283447 0.100381322 0.969920874 0.221759081 41.318569183 0.890099168 0.012048222 -0.455607891 127.495910645
-0.440800428 0.243082479 -0.864063859 -261.735595703 0.103569612 0.969976604 0.220042586 41.433967590 0.891610265 0.007504076 -0.452742100 127.252616882
-0.439671516 0.244117826 -0.864346802 -262.199493408 0.107134826 0.969737887 0.219386667 41.539890289 0.891746104 0.003856421 -0.452519655 127.047851562
-0.439749360 0.246103793 -0.863743842 -262.685363770 0.109558821 0.969240785 0.220384091 41.658683777 0.891413152 0.002282999 -0.453185797 126.811737061
-0.442263842 0.248522982 -0.861765087 -263.150451660 0.112958863 0.968625844 0.221369088 41.767311096 0.889743268 0.000559546 -0.456461072 126.580223083
-0.447451472 0.250115305 -0.858620763 -263.604003906 0.115198605 0.968215942 0.222007066 41.877883911 0.886857748 0.000425451 -0.462042689 126.359275818
-0.454175591 0.250314951 -0.855024576 -264.013946533 0.115137070 0.968161225 0.222277582 41.971801758 0.883440971 0.002508007 -0.468535662 126.135139465
-0.462021470 0.250804305 -0.850666285 -264.422149658 0.116306774 0.968030572 0.222237542 42.062061310 0.879209161 0.003740281 -0.476421118 125.913795471
-0.470862150 0.249693245 -0.846133769 -264.800170898 0.118258856 0.968318641 0.219940454 42.142101288 0.874244750 0.003498793 -0.485473037 125.696891785
-0.480758905 0.249398410 -0.840637743 -265.176391602 0.122391529 0.968399644 0.217307150 42.235229492 0.868269384 0.001585357 -0.496091008 125.482917786
-0.493262172 0.249540761 -0.833319843 -265.526153564 0.127509847 0.968364179 0.214504153 42.313438416 0.860484660 -0.000449695 -0.509476304 125.265289307
-0.509881496 0.248834372 -0.823469937 -265.872589111 0.132372975 0.968544781 0.210709274 42.394424438 0.849999249 -0.001568452 -0.526782036 125.047508240
-0.528436184 0.248521313 -0.811783731 -266.205352783 0.135538802 0.968626440 0.208307654 42.472572327 0.838084042 0.000049084 -0.545541525 124.813926697
-0.547046185 0.247252643 -0.799754262 -266.543609619 0.136301070 0.968943357 0.206326962 42.551269531 0.825931430 0.003862999 -0.563757658 124.564636230
-0.564823270 0.246618152 -0.787498891 -266.879486084 0.137773812 0.969086707 0.204668924 42.631507874 0.813629806 0.007105023 -0.581340194 124.307312012
-0.581923127 0.246027991 -0.775136173 -267.200286865 0.139706925 0.969214261 0.202745289 42.703216553 0.801154077 0.009690255 -0.598380089 124.047210693
-0.598207951 0.245090723 -0.762940168 -267.502044678 0.141170830 0.969421148 0.200732142 42.774639130 0.788807988 0.012374662 -0.614515066 123.788276672
-0.613424182 0.244033009 -0.751105011 -267.809692383 0.143509686 0.969671965 0.197841376 42.854675293 0.776605308 0.013569839 -0.629841328 123.531265259
-0.627613902 0.242248133 -0.739876151 -268.098876953 0.144215301 0.970084608 0.195288986 42.925346375 0.765050888 0.015864611 -0.643774509 123.268898010
-0.640215516 0.238802522 -0.730135500 -268.389434814 0.142825603 0.970885456 0.192307830 43.006263733 0.754801571 0.018836372 -0.655683041 122.999977112
-0.649881959 0.234996021 -0.722793818 -268.694183350 0.140935421 0.971767187 0.189224228 43.077751160 0.746854186 0.021106139 -0.664653182 122.722999573
-0.656462312 0.230374783 -0.718321085 -268.975555420 0.136601090 0.972787619 0.187147945 43.145805359 0.741888046 0.024732083 -0.670067906 122.442108154
-0.660679698 0.227984011 -0.715210497 -269.281219482 0.133046031 0.973244369 0.187334210 43.215408325 0.738783777 0.028611965 -0.673335195 122.150306702
-0.662293196 0.227065638 -0.714009047 -269.564300537 0.130764559 0.973375916 0.188254952 43.280300140 0.737745404 0.031312898 -0.674352288 121.855918884
-0.661977887 0.226191536 -0.714578867 -269.870544434 0.128470525 0.973509908 0.189139500 43.356594086 0.738431334 0.033403814 -0.673501015 121.563377380
-0.660230398 0.224804640 -0.716630518 -270.173736572 0.124988623 0.973735809 0.190306023 43.428180695 0.740590513 0.036075130 -0.670988083 121.268997192
-0.658423305 0.224046543 -0.718527496 -270.494781494 0.122516945 0.973838031 0.191387281 43.491886139 0.742609084 0.037982062 -0.668647170 120.980484009
-0.656169415 0.221457869 -0.721386254 -270.808105469 0.117952555 0.974317133 0.191815868 43.571422577 0.745338142 0.040774345 -0.665438652 120.691734314
-0.651421428 0.218660861 -0.726524413 -271.132507324 0.112805955 0.974840641 0.192251354 43.643718719 0.750283301 0.043280363 -0.659698367 120.404525757
-0.644815087 0.215739653 -0.733259559 -271.448486328 0.107186303 0.975382149 0.192719236 43.721725464 0.756785512 0.045672908 -0.652065516 120.129226685
-0.637260556 0.214522064 -0.740188897 -271.769256592 0.103075810 0.975571632 0.193998486 43.802612305 0.763724267 0.047331981 -0.643805385 119.858261108
-0.629446864 0.215220839 -0.746643782 -272.098602295 0.100467294 0.975353301 0.196449175 43.878292084 0.770521402 0.048641026 -0.635555744 119.594184875
-0.621816516 0.216603905 -0.752613664 -272.430389404 0.098390393 0.974984229 0.199311629 43.951251984 0.776958108 0.049885288 -0.627573013 119.338050842
-0.615051031 0.216546312 -0.758169055 -272.766021729 0.093362466 0.974784851 0.202677011 44.027519226 0.782940626 0.053872146 -0.619759798 119.086410522
-0.607296467 0.216523573 -0.764400840 -273.099121094 0.088284925 0.974578619 0.205918297 44.143558502 0.789554834 0.057568386 -0.610973835 118.838584900
-0.599352121 0.216816679 -0.770563245 -273.436096191 0.084637716 0.974388361 0.208335757 44.228755951 0.795998573 0.059647746 -0.602352619 118.595634460
-0.590535879 0.216930494 -0.777308702 -273.767150879 0.085051522 0.974559605 0.207363889 44.309303284 0.802517176 0.056344494 -0.593962669 118.368247986
-0.581570625 0.217668414 -0.783834279 -274.089569092 0.086114436 0.974596798 0.206749469 44.381320953 0.808925211 0.052739970 -0.585541248 118.144554138
-0.573199153 0.217075005 -0.790140033 -274.397369385 0.084247336 0.974774063 0.206683114 44.452053070 0.815073729 0.051903382 -0.577027678 117.927047729
-0.566193461 0.214500457 -0.795873404 -274.692840576 0.080100961 0.975294948 0.205872655 44.522491455 0.820371151 0.052813530 -0.569387317 117.715736389
-0.560849786 0.212016374 -0.800310314 -274.984588623 0.076443881 0.975786448 0.204931974 44.581760406 0.824380934 0.053757221 -0.563476920 117.526069641
-0.556085706 0.208925664 -0.804437101 -275.257904053 0.075500906 0.976585865 0.201443851 44.651988983 0.827688754 0.051284276 -0.558839440 117.347106934
-0.551405430 0.209079057 -0.807612836 -275.531158447 0.079322219 0.976838708 0.198731184 44.712230682 0.830457985 0.045519777 -0.555218816 117.173667908
-0.547933221 0.212611467 -0.809052110 -275.804443359 0.085471876 0.976329386 0.198684260 44.769645691 0.832143903 0.039714530 -0.553135633 117.000297546
-0.547809482 0.215582207 -0.808349788 -276.073852539 0.089388326 0.975780010 0.199657470 44.827957153 0.831814110 0.037117191 -0.553812146 116.823905945
-0.552054644 0.216645181 -0.805171132 -276.344757080 0.091423333 0.975560606 0.199808240 44.886177063 0.828780651 0.036693648 -0.558369160 116.647636414
-0.560264587 0.216098636 -0.799628079 -276.595886230 0.093162023 0.975682914 0.198402718 44.949378967 0.823058069 0.036663026 -0.566772819 116.464721680
-0.573162794 0.214671165 -0.790822864 -276.844604492 0.093999855 0.975929022 0.196790740 45.012416840 0.814032316 0.038455889 -0.579545259 116.277069092
-0.588808894 0.214027420 -0.779420674 -277.087677002 0.096607193 0.976027071 0.195033848 45.062107086 0.802478254 0.039540015 -0.595370054 116.085319519
-0.607082129 0.213370234 -0.765456915 -277.323791504 0.100514323 0.976158202 0.192385256 45.109889984 0.788256288 0.039854288 -0.614054918 115.886932373
-0.628884315 0.211898372 -0.748066723 -277.565734863 0.107314929 0.976592779 0.186413556 45.167922974 0.770057261 0.036953814 -0.636903763 115.698005676
-0.650609493 0.209216237 -0.730024576 -277.781951904 0.112651110 0.977254987 0.179673046 45.224243164 0.751010656 0.034658909 -0.659379840 115.471435547
-0.674042463 0.207912296 -0.708829761 -278.003387451 0.117561281 0.977535903 0.174936891 45.278472900 0.729278088 0.034583934 -0.683343172 115.227745056
-0.699707150 0.207199395 -0.683724046 -278.217529297 0.120999254 0.977563858 0.172418401 45.326965332 0.704108953 0.037912264 -0.709079385 114.969039917
-0.726660252 0.206900597 -0.655100882 -278.424774170 0.124842852 0.977463603 0.170232534 45.382465363 0.675558507 0.041916542 -0.736114025 114.686981201
-0.753897905 0.209287882 -0.622765243 -278.643035889 0.133353412 0.976918817 0.166872546 45.438499451 0.643315494 0.042756990 -0.764406323 114.391387939
-0.781079769 0.208822504 -0.588479161 -278.846435547 0.141505376 0.977100194 0.158907130 45.504676819 0.608186483 0.040846169 -0.792742729 114.075286865
-0.808392882 0.209127396 -0.550242782 -279.043853760 0.149740309 0.977071524 0.151357636 45.564472198 0.569279552 0.039962884 -0.821172357 113.741325378
-0.837561488 0.208979324 -0.504795313 -279.279418945 0.157319531 0.977070630 0.143469572 45.638198853 0.523202896 0.040750425 -0.851233244 113.386032104
-0.862927437 0.207786351 -0.460631549 -279.449462891 0.163080454 0.977286458 0.135336429 45.689517975 0.478290021 0.041665498 -0.877213120 113.006561279
-0.886033177 0.207176268 -0.414756835 -279.602630615 0.170829147 0.977547824 0.123360038 45.740539551 0.431001902 0.038448524 -0.901531458 112.605842590
-0.907355309 0.208000571 -0.365297228 -279.744384766 0.179724067 0.977526069 0.110190764 45.785804749 0.380007297 0.034329474 -0.924346209 112.182815552
-0.926141858 0.209527105 -0.313623399 -279.859619141 0.188683093 0.977357090 0.095769309 45.837772369 0.326588303 0.029520534 -0.944705606 111.742584229
-0.942699790 0.212086067 -0.257559419 -279.963256836 0.196703300 0.976823509 0.084401935 45.878784180 0.269490540 0.028902899 -0.962569356 111.270629883
-0.955785036 0.215951100 -0.199600980 -280.038146973 0.205166921 0.975965261 0.073473334 45.913394928 0.210670277 0.029273186 -0.977118969 110.776649475
-0.966223478 0.216821820 -0.139285311 -280.082977295 0.209933817 0.975712478 0.062553391 45.942981720 0.149465367 0.031199858 -0.988274574 110.258682251
-0.973236799 0.216385394 -0.077381581 -280.095306396 0.212947130 0.975767136 0.050319698 45.968620300 0.086394846 0.032494787 -0.995731115 109.719467163
-0.975424647 0.219835564 -0.014823006 -280.084442139 0.219140574 0.974934578 0.038470287 45.983161926 0.022908598 0.034276534 -0.999150157 109.167564392
-0.973739743 0.222560540 0.047937602 -280.036529541 0.223991886 0.974221408 0.026837369 45.986389160 -0.040728897 0.036870241 -0.998489857 108.612792969
-0.968586683 0.223361373 0.109314211 -279.949188232 0.226107508 0.974012315 0.013246021 45.995674133 -0.103514738 0.037546683 -0.993919015 108.034881592
-0.959024191 0.226947054 0.169611961 -279.835479736 0.230792120 0.972998321 0.003042534 45.971622467 -0.164341658 0.042062961 -0.985506535 107.446060181
-0.947334766 0.227740943 0.225146279 -279.674163818 0.232180864 0.972647965 -0.006923364 45.939247131 -0.220564798 0.045715913 -0.974300265 106.836395264
-0.934503675 0.225721925 0.275232255 -279.493225098 0.230273634 0.972992539 -0.016110860 45.924839020 -0.271435499 0.048323065 -0.961242914 106.204154968
-0.920569897 0.225123167 0.319172770 -279.286346436 0.229762912 0.972961128 -0.023571417 45.900817871 -0.315849155 0.051634923 -0.947403669 105.585716248
-0.906510353 0.223517150 0.358160764 -279.039062500 0.227689952 0.973237514 -0.031080963 45.877265930 -0.355522603 0.053374395 -0.933142424 104.993736267
-0.891335368 0.222771913 0.394834071 -278.760131836 0.226453960 0.973283291 -0.037924141 45.833183289 -0.392733842 0.055608615 -0.917969346 104.360496521
-0.875838757 0.223867998 0.427539021 -278.477874756 0.226944461 0.972889781 -0.044515569 45.793315887 -0.425913960 0.058039155 -0.902900219 103.806144714
-0.860983133 0.225529313 0.455899954 -278.143798828 0.226353467 0.972566962 -0.053643055 45.745578766 -0.455491304 0.057008766 -0.888413072 103.153068542
-0.845467329 0.232820719 0.480603665 -277.794219971 0.230593979 0.970897973 -0.064680189 45.685623169 -0.481676012 0.056139328 -0.874549627 102.515747070
-0.831123948 0.238550976 0.502321005 -277.412933350 0.232274309 0.969662666 -0.076176874 45.632858276 -0.505254030 0.053363852 -0.861319184 101.875305176
-0.816997290 0.240916312 0.523903489 -277.000366211 0.231678903 0.969127417 -0.084362045 45.574581146 -0.528053403 0.052453831 -0.847589731 101.223617554
-0.801009774 0.245681047 0.545916200 -276.565246582 0.237240225 0.967518628 -0.087319814 45.494697571 -0.549636960 0.059569262 -0.833277345 100.542922974
-0.786582112 0.245998710 0.566368580 -276.091003418 0.238654256 0.967055500 -0.088587657 45.402000427 -0.569502354 0.065484822 -0.819377184 99.864578247
-0.774038076 0.244026199 0.584223032 -275.597076416 0.236826017 0.967348039 -0.090283945 45.327056885 -0.587178707 0.068476021 -0.806555986 99.186767578
-0.763502836 0.244154409 0.597872674 -275.079895020 0.235001639 0.967347920 -0.094932891 45.237194061 -0.601529181 0.068019517 -0.795949578 98.500511169
-0.757140398 0.241051480 0.607151389 -274.511505127 0.228323415 0.968459725 -0.099770516 45.143596649 -0.612051487 0.063086584 -0.788297772 97.787155151
-0.754681230 0.237491116 0.611600101 -273.923034668 0.220169798 0.969803870 -0.104908176 45.035804749 -0.618046939 0.055483647 -0.784181118 97.066146851
-0.753233314 0.235258684 0.614241540 -273.326904297 0.216035619 0.970527112 -0.106797829 44.938461304 -0.621263206 0.052254379 -0.781857610 96.329101562
-0.752124667 0.235646605 0.615450323 -272.718383789 0.217517585 0.970316529 -0.105697319 44.827213287 -0.622088850 0.054373711 -0.781056285 95.557861328
-0.751081586 0.236042798 0.616571724 -272.102142334 0.219002545 0.970100820 -0.104605183 44.714153290 -0.622828066 0.056463748 -0.780318856 94.773735046
-0.750244737 0.236916050 0.617254913 -271.474884033 0.220454827 0.969806790 -0.104280606 44.605136871 -0.623323739 0.057840854 -0.779821634 93.989715576
-0.749539256 0.236649573 0.618213475 -270.838012695 0.219693601 0.969911098 -0.104915321 44.510490417 -0.624440253 0.057179388 -0.778976798 93.184997559
-0.748176932 0.235874072 0.620157003 -270.173065186 0.220317975 0.969961762 -0.103122279 44.387767792 -0.625852466 0.059478015 -0.777670383 92.328216553
-0.748019695 0.234342486 0.620926857 -269.518890381 0.218218565 0.970411301 -0.103356481 44.287696838 -0.626775265 0.058185086 -0.777024746 91.512359619
-0.747342944 0.232593954 0.622397482 -268.847839355 0.216836005 0.970818758 -0.102435686 44.158317566 -0.628061116 0.058403604 -0.775969386 90.670738220
-0.746910214 0.229780585 0.623960197 -268.149902344 0.215278178 0.971415460 -0.100036815 44.041835785 -0.629111111 0.059606507 -0.775026798 89.815567017
-0.746005654 0.228420898 0.625539541 -267.456756592 0.214174017 0.971723437 -0.099413313 43.922466278 -0.630559564 0.059811421 -0.773833036 88.963775635
-0.745130181 0.228380203 0.626596928 -266.760101318 0.212775320 0.971847355 -0.101190120 43.797363281 -0.632066369 0.057924557 -0.772746444 88.127662659
-0.743450999 0.229965255 0.628010094 -266.050262451 0.212891325 0.971553147 -0.103739083 43.667091370 -0.634001553 0.056572974 -0.771259785 87.253410339
-0.741144896 0.231424883 0.630195796 -265.338439941 0.214211121 0.971158624 -0.104711547 43.539218903 -0.636252940 0.057388514 -0.769343019 86.379135132
-0.738340735 0.233099699 0.632864654 -264.594879150 0.217377037 0.970545352 -0.103869818 43.417964935 -0.638435900 0.060878925 -0.767263651 85.482147217
-0.736251712 0.231572524 0.635852098 -263.873474121 0.217326418 0.970765114 -0.101903595 43.291976929 -0.640861154 0.063160770 -0.765054345 84.607681274
-0.733629704 0.230246723 0.639354289 -263.135314941 0.219500422 0.970707297 -0.097708195 43.154121399 -0.643122852 0.068656892 -0.762678981 83.730773926
-0.731202483 0.226455197 0.643475592 -262.380706787 0.219950333 0.971177816 -0.091845006 43.038398743 -0.645728052 0.074375391 -0.759936452 82.861511230
-0.728220940 0.226345688 0.646886289 -261.622741699 0.222278863 0.970868349 -0.089480557 42.912677765 -0.648294985 0.078627534 -0.757318497 81.975570679
-0.726652145 0.230199397 0.647290349 -260.828552246 0.221239209 0.970408797 -0.096747249 42.803924561 -0.650407434 0.072904408 -0.756078839 81.094459534
-0.725745797 0.236019969 0.646210492 -260.037689209 0.216901362 0.969902635 -0.110646896 42.672271729 -0.652876079 0.059862427 -0.755095720 80.191474915
-0.725533247 0.240393683 0.644835293 -259.263397217 0.212919250 0.969443083 -0.121841997 42.517093658 -0.654421151 0.048897434 -0.754547596 79.315299988
-0.724929571 0.236707002 0.646875024 -258.503387451 0.208223283 0.970471561 -0.121770427 42.360130310 -0.656597733 0.046419457 -0.752811432 78.453750610
-0.723130465 0.228724927 0.651741922 -257.725280762 0.206548303 0.972010911 -0.111948900 42.199661255 -0.659105718 0.053662531 -0.750133395 77.562294006
-0.720786452 0.220947742 0.657000005 -256.948150635 0.204569101 0.973425269 -0.102930702 42.054283142 -0.662282765 0.060210846 -0.746830940 76.680839539
-0.717506170 0.218166366 0.661504686 -256.169586182 0.202585801 0.973991215 -0.101489194 41.922626495 -0.666441262 0.061192326 -0.743042111 75.806297302
-0.714596272 0.217533737 0.664854825 -255.398406982 0.200229973 0.974260569 -0.103558019 41.778335571 -0.670269191 0.059121698 -0.739759684 74.972419739
-0.710678220 0.219174936 0.668504834 -254.610427856 0.200748965 0.973903179 -0.105888911 41.639770508 -0.674267173 0.058948718 -0.736130834 74.107803345
-0.706651092 0.218917131 0.672844589 -253.833770752 0.200515479 0.973908544 -0.106281348 41.493865967 -0.678555906 0.059811927 -0.732109785 73.257461548
-0.702178836 0.219902098 0.677191257 -253.058364868 0.202008337 0.973556638 -0.106677674 41.353286743 -0.682742715 0.061891474 -0.728032827 72.417167664
-0.698274255 0.219430640 0.681368709 -252.269638062 0.201790527 0.973594606 -0.106743060 41.212551117 -0.686799645 0.062957816 -0.724115014 71.580558777
-0.693759322 0.219921336 0.685808301 -251.463790894 0.203595325 0.973283470 -0.106151700 41.064083099 -0.690830946 0.065983638 -0.719999433 70.704841614
-0.689569712 0.219714940 0.690086246 -250.668121338 0.203583956 0.973254323 -0.106440589 40.916812897 -0.695016026 0.067092285 -0.715857148 69.884475708
-0.685865164 0.218922436 0.694018483 -249.869369507 0.201018751 0.973566055 -0.108446188 40.784332275 -0.699414134 0.065131254 -0.711742640 69.059410095
-0.681917787 0.219726935 0.697644889 -249.066970825 0.201063171 0.973378062 -0.110040016 40.643726349 -0.703250945 0.065232448 -0.707942724 68.234191895
-0.678311706 0.219408020 0.701251388 -248.260101318 0.199891046 0.973483920 -0.111232243 40.504497528 -0.707062244 0.064723738 -0.704183340 67.427284241
-0.674513221 0.219741747 0.704801917 -247.444290161 0.200400665 0.973328590 -0.111673996 40.347091675 -0.710543275 0.065917194 -0.700559378 66.624153137
-0.671334028 0.221393228 0.707315922 -246.647674561 0.200806618 0.972980320 -0.113956094 40.193840027 -0.713433623 0.065531135 -0.697651982 65.857437134
-0.667812705 0.224298432 0.709730268 -245.866775513 0.201566055 0.972384095 -0.117644608 40.050670624 -0.716517925 0.064492971 -0.694581509 65.070724487
-0.664282084 0.225180894 0.712757349 -245.063674927 0.202775806 0.972074687 -0.118121997 39.897720337 -0.719452143 0.066063628 -0.691393018 64.300544739
-0.659999371 0.224733219 0.716865599 -244.263473511 0.203823194 0.971984446 -0.117056929 39.730510712 -0.723088801 0.068856351 -0.687314987 63.505275726
-0.655701041 0.227002397 0.720087826 -243.446166992 0.205108061 0.971421003 -0.119465135 39.582889557 -0.726627290 0.069362395 -0.683521867 62.723663330
-0.651662230 0.228541344 0.723260462 -242.629791260 0.206096113 0.971005380 -0.121131845 39.428546906 -0.729973495 0.070124127 -0.679869056 61.950534821
-0.647728086 0.228126541 0.726915836 -241.801513672 0.207386151 0.970884025 -0.119896382 39.275764465 -0.733102560 0.073092028 -0.676179171 61.170879364
-0.644132376 0.228510022 0.729984045 -240.979736328 0.209509641 0.970545232 -0.118944183 39.118389130 -0.735662460 0.076322883 -0.673034668 60.407817841
-0.641431093 0.228583232 0.732336104 -240.165924072 0.208590314 0.970582426 -0.120248884 38.962055206 -0.738279402 0.075626850 -0.670242071 59.663787842
-0.639327765 0.228952438 0.734057963 -239.336730957 0.206155807 0.970730066 -0.123219058 38.809165955 -0.740783393 0.072552949 -0.667814493 58.914226532
-0.637994409 0.227634832 0.735626221 -238.497985840 0.201618895 0.971361876 -0.125721619 38.652500153 -0.743177891 0.068106458 -0.665619016 58.169670105
-0.635668874 0.228157997 0.737474680 -237.661849976 0.201813221 0.971217930 -0.126519248 38.494342804 -0.745115042 0.068407796 -0.663418293 57.421951294
-0.633533478 0.227814302 0.739416003 -236.831146240 0.201133594 0.971305609 -0.126927808 38.332843781 -0.747114897 0.068308391 -0.661175728 56.684761047
-0.630335093 0.229260936 0.741698921 -236.002014160 0.202725694 0.970859110 -0.127807885 38.169521332 -0.749386489 0.069799632 -0.658443689 55.951053619
-0.626212597 0.232627809 0.744138718 -235.150360107 0.206818283 0.969819665 -0.129135683 37.994293213 -0.751720905 0.073035106 -0.655424953 55.179485321
-0.623456120 0.233426332 0.746200383 -234.302368164 0.207771152 0.969541013 -0.129697412 37.825153351 -0.753746688 0.074178278 -0.652965546 54.462898254
-0.620588779 0.232846543 0.748767197 -233.474716187 0.206930384 0.969675422 -0.130036309 37.668369293 -0.756339610 0.074243605 -0.649952769 53.732025146
-0.618963003 0.230566084 0.750815928 -232.626708984 0.202731460 0.970448136 -0.130883217 37.511180878 -0.758805096 0.071202129 -0.647414565 53.024677277
-0.617416382 0.228574827 0.752695739 -231.768478394 0.198731020 0.971138120 -0.131896585 37.361286163 -0.761119783 0.068148889 -0.645021558 52.312351227
-0.614894032 0.228581518 0.754755795 -230.963943481 0.198282242 0.971137524 -0.132574782 37.198513031 -0.763275802 0.068135232 -0.642470241 51.642307281
-0.612101674 0.228875920 0.756933153 -230.107833862 0.198118642 0.971056461 -0.133410379 37.031593323 -0.765559256 0.068301857 -0.639729857 50.916912079
-0.609341621 0.229369581 0.759007871 -229.201522827 0.198178381 0.970920444 -0.134308711 36.865619659 -0.767742574 0.068579078 -0.637078404 50.163730621
-0.606272936 0.229318082 0.761476278 -228.347274780 0.198967457 0.970809340 -0.133944452 36.685565948 -0.769964218 0.070302099 -0.634202361 49.448654175
-0.604677200 0.227360353 0.763330162 -227.507232666 0.196668372 0.971335709 -0.133523300 36.528041840 -0.771807730 0.069384411 -0.632059216 48.809673309
-0.602456093 0.226412222 0.765365481 -226.643707275 0.195365593 0.971583307 -0.133634433 36.360164642 -0.773872852 0.069017231 -0.629569411 48.109615326
-0.599589467 0.225794002 0.767795503 -225.751571655 0.195111319 0.971669018 -0.133382395 36.172626495 -0.776160061 0.069830909 -0.626657486 47.366619110
-0.597786188 0.224677384 0.769526780 -224.834854126 0.191668659 0.972138882 -0.134940982 36.006839752 -0.778405130 0.066828310 -0.624194860 46.633796692
-0.595370770 0.224124253 0.771558106 -223.945068359 0.188793033 0.972442329 -0.136795998 35.827091217 -0.780955017 0.064220451 -0.621276855 45.911853790
-0.593943954 0.221968532 0.773279250 -223.032226562 0.182367623 0.973310769 -0.139313519 35.676303864 -0.783564270 0.058276687 -0.618571877 45.185073853
-0.591877818 0.220114231 0.775390863 -222.163284302 0.178274900 0.973914385 -0.140387967 35.519050598 -0.786065698 0.055140212 -0.615679145 44.508941650
-0.589157581 0.217904404 0.778081894 -221.249984741 0.176042572 0.974434257 -0.139595509 35.336898804 -0.788608074 0.054731783 -0.612455726 43.795253754
-0.586707473 0.215465099 0.780608356 -220.316436768 0.173298419 0.975028515 -0.138877794 35.152519226 -0.791038692 0.053797554 -0.609396338 43.060394287
-0.582997322 0.216035962 0.783225536 -219.423965454 0.173834682 0.974844873 -0.139495403 34.974456787 -0.793659449 0.054826312 -0.605886459 42.385459900
-0.579282761 0.216870815 0.785747349 -218.505569458 0.173696041 0.974659443 -0.140956387 34.785667419 -0.796405375 0.054827601 -0.602272987 41.681949615
-0.574901700 0.217714623 0.788725793 -217.582580566 0.174240306 0.974415481 -0.141967520 34.590747833 -0.799454987 0.055810448 -0.598127723 40.968086243
-0.571003318 0.216884047 0.791780770 -216.636566162 0.173393011 0.974574983 -0.141910255 34.412258148 -0.802427828 0.056258045 -0.594091654 40.258956909
-0.566892862 0.213569939 0.795625806 -215.686447144 0.171986222 0.975210130 -0.139233544 34.205333710 -0.805638433 0.057906184 -0.589570761 39.544483185
-0.561184168 0.212173581 0.800034225 -214.746643066 0.174815297 0.975164115 -0.135994792 34.010543823 -0.809019148 0.063540101 -0.584337831 38.828907013
-0.557756543 0.209075689 0.803240359 -213.856430054 0.169518501 0.976049900 -0.136345565 33.820228577 -0.812509239 0.060116507 -0.579840422 38.152645111
-0.553585410 0.209125400 0.806107879 -212.952423096 0.167710125 0.976121485 -0.138058394 33.639255524 -0.815730810 0.058765359 -0.575439095 37.522544861
-0.549499989 0.210388064 0.808570802 -211.966293335 0.164318383 0.976088345 -0.142305911 33.470508575 -0.819176018 0.054665953 -0.570931196 36.830001831
-0.545840383 0.210480973 0.811021805 -211.049041748 0.158939615 0.976370156 -0.146422356 33.307849884 -0.822676659 0.048980288 -0.566395998 36.159336090
-0.541374803 0.211551309 0.813731670 -210.069702148 0.158182532 0.976172686 -0.148543492 33.114639282 -0.825767159 0.048300415 -0.561939120 35.499256134
-0.537212253 0.209693491 0.816964924 -209.064498901 0.155963510 0.976595581 -0.148109466 32.914264679 -0.828901947 0.047850512 -0.557343602 34.814525604
-0.533504128 0.206268981 0.820260286 -208.078430176 0.152258441 0.977385104 -0.146750718 32.714550018 -0.831980228 0.046599455 -0.552845120 34.141971588
-0.529675722 0.202861995 0.823584318 -207.069473267 0.150354773 0.978057325 -0.144212827 32.505657196 -0.834767938 0.047443803 -0.548554540 33.476985931
-0.526703715 0.199282289 0.826359212 -206.003448486 0.145423353 0.978924334 -0.143384665 32.312919617 -0.837517202 0.044650685 -0.544583321 32.800823212
-0.522144318 0.199676096 0.829153061 -205.005859375 0.145298064 0.978820264 -0.144219980 32.124092102 -0.840389132 0.045170691 -0.540097952 32.135124207
-0.516888618 0.202878863 0.831665039 -203.951583862 0.147194415 0.978105187 -0.147119090 31.931556702 -0.843303204 0.046372276 -0.535434127 31.448453903
-0.511157036 0.206074536 0.834417284 -202.920745850 0.149817556 0.977331400 -0.149592876 31.742727280 -0.846329510 0.048544921 -0.530443430 30.788185120
-0.505533099 0.207136810 0.837574065 -201.911087036 0.151356459 0.976991653 -0.150261581 31.534198761 -0.849427521 0.050810028 -0.525253177 30.146903992
-0.499861836 0.207640633 0.840846837 -200.895431519 0.152617291 0.976762354 -0.150476843 31.320957184 -0.852552593 0.053110130 -0.519935727 29.513294220
-0.494577885 0.206847802 0.844160378 -199.902343750 0.152273878 0.976866126 -0.150150761 31.124107361 -0.855690062 0.054282349 -0.514633894 28.884611130
-0.490368843 0.204687238 0.847137392 -198.868057251 0.151322484 0.977261007 -0.148534402 30.930532455 -0.858277380 0.055354282 -0.510192156 28.264373779
-0.486955404 0.203655645 0.849352181 -197.864654541 0.150780991 0.977437675 -0.147921115 30.724634171 -0.860313833 0.056035183 -0.506675959 27.688480377
-0.482239485 0.206405312 0.851376295 -196.769546509 0.152986050 0.976755440 -0.150146946 30.513078690 -0.862577558 0.057841912 -0.502607107 27.002496719
-0.478424668 0.211209357 0.852349937 -195.726699829 0.154860735 0.975723982 -0.154857576 30.303709030 -0.864365637 0.057907842 -0.499518514 26.396057129
-0.475417256 0.214591071 0.853187740 -194.695770264 0.153241679 0.975169182 -0.159881428 30.116846085 -0.866311491 0.054733541 -0.496496558 25.796110153
-0.471763849 0.215999931 0.854858637 -193.679550171 0.154897690 0.974754393 -0.160812303 29.904350281 -0.868012667 0.056550208 -0.493311763 25.211029053
-0.468504310 0.212710306 0.857471883 -192.614425659 0.154413477 0.975358009 -0.157585710 29.679241180 -0.869862139 0.058575619 -0.489804864 24.590782166
-0.465614557 0.209692881 0.859786153 -191.579132080 0.153622404 0.975925028 -0.154824227 29.478225708 -0.871552348 0.059994005 -0.486618400 23.995149612
-0.462077618 0.209526211 0.861732781 -190.481292725 0.153942764 0.975888550 -0.154735640 29.281818390 -0.873376310 0.061157648 -0.483191371 23.394819260
-0.459068537 0.210128486 0.863193154 -189.421737671 0.153283238 0.975788236 -0.156017721 29.071838379 -0.875077486 0.060690224 -0.480162859 22.810518265
-0.455752134 0.210350856 0.864894569 -188.382415771 0.152504936 0.975760281 -0.156952739 28.864936829 -0.876944840 0.060369156 -0.476784348 22.232534409
-0.451345921 0.212153971 0.866762936 -187.338790894 0.153390199 0.975314438 -0.158849493 28.654108047 -0.879067004 0.061256871 -0.472746491 21.649227142
-0.446513414 0.214708775 0.868634522 -186.285202026 0.153471649 0.974774361 -0.162053734 28.439662933 -0.881516993 0.060951579 -0.468201637 21.080101013
-0.441262126 0.217617691 0.870591879 -185.220123291 0.154362202 0.974096656 -0.165251344 28.228790283 -0.884002209 0.061467309 -0.463423967 20.506195068
-0.436393499 0.217826143 0.872990549 -184.167510986 0.154342189 0.973993778 -0.165875107 28.014305115 -0.886419356 0.062352467 -0.458664417 19.946975708
-0.431832790 0.215123743 0.875923812 -183.104370117 0.154025525 0.974463880 -0.163389891 27.798109055 -0.888705194 0.064357527 -0.453940034 19.393573761
-0.426525950 0.211632460 0.879367650 -182.027526855 0.154714823 0.974982440 -0.159601137 27.579730988 -0.891144812 0.067977175 -0.448598027 18.822336197
-0.421544194 0.210029438 0.882149875 -180.946929932 0.156677648 0.975046694 -0.157277122 27.353525162 -0.893170178 0.071913928 -0.443932176 18.262588501
-0.416872740 0.210983798 0.884139836 -179.858840942 0.157883689 0.974710166 -0.158154488 27.147575378 -0.895148098 0.073660977 -0.439640999 17.717134476
-0.412984133 0.213558316 0.885345578 -178.775817871 0.158585399 0.974130273 -0.160999686 26.942689896 -0.896824718 0.073912561 -0.436167598 17.185785294
-0.409354329 0.216971055 0.886201262 -177.694717407 0.157739922 0.973515689 -0.165485218 26.727306366 -0.898636341 0.072047234 -0.432737827 16.646078110
-0.406966686 0.218992114 0.886803806 -176.614303589 0.154703259 0.973335624 -0.169365317 26.519126892 -0.900247395 0.068265408 -0.429993987 16.130193710
-0.404627919 0.218569607 0.887977481 -175.540863037 0.152145386 0.973573983 -0.170310035 26.300088882 -0.901736379 0.066189483 -0.427189589 15.615537643
-0.402554154 0.215690151 0.889622390 -174.452880859 0.149566069 0.974281847 -0.168537319 26.083120346 -0.903094828 0.065211922 -0.424461126 15.102046013
-0.400381923 0.212926060 0.891267240 -173.383880615 0.147836238 0.974897146 -0.166493386 25.849842072 -0.904344618 0.065100670 -0.421809316 14.585115433
-0.398734570 0.212501720 0.892106473 -172.304779053 0.146135405 0.975075662 -0.166948736 25.627689362 -0.905348241 0.063800119 -0.419850349 14.088645935
-0.396357417 0.213359356 0.892960906 -171.235275269 0.145573705 0.974922657 -0.168327332 25.407499313 -0.906481981 0.063273862 -0.417477250 13.580597878
-0.394880056 0.213458106 0.893591404 -170.183151245 0.143069521 0.975056171 -0.169695422 25.184883118 -0.907524705 0.060836371 -0.415569544 13.090061188
-0.392512679 0.213423073 0.894642174 -169.116394043 0.143320858 0.975015581 -0.169716567 24.960783005 -0.908511460 0.061604977 -0.413293958 12.587429047
-0.390403152 0.210814580 0.896182418 -168.031951904 0.142855093 0.975511134 -0.167243779 24.740179062 -0.909493327 0.062731728 -0.410958529 12.080369949
-0.388436556 0.207343787 0.897844851 -166.950973511 0.141532332 0.976218820 -0.164211616 24.509857178 -0.910541236 0.063288257 -0.408544898 11.592100143
-0.385126352 0.208826691 0.898926795 -165.864013672 0.142231196 0.975855172 -0.165761724 24.292625427 -0.911837876 0.064016253 -0.405529261 11.097363472
-0.381561279 0.211672902 0.899780810 -164.773422241 0.141686976 0.975316584 -0.169358805 24.081579208 -0.913419783 0.062866464 -0.402134299 10.609786987
-0.378029943 0.212790787 0.901006997 -163.691802979 0.140408218 0.975146651 -0.171390161 23.850166321 -0.915084183 0.061718181 -0.398512125 10.127365112
-0.374977469 0.212743863 0.902292907 -162.630065918 0.139129952 0.975202262 -0.172114596 23.632848740 -0.916534364 0.060996894 -0.395277977 9.661961555
-0.371511698 0.212409765 0.903803885 -161.527572632 0.138145745 0.975287437 -0.172424421 23.428615570 -0.918093145 0.060798969 -0.391674280 9.189056396
-0.368761420 0.209750891 0.905549288 -160.396102905 0.137697637 0.975785732 -0.169945851 23.196336746 -0.919268370 0.062022503 -0.388714433 8.743358612
-0.366091609 0.207710966 0.907101452 -159.278564453 0.134932116 0.976318181 -0.169103980 22.978767395 -0.920744359 0.060489561 -0.385448813 8.308581352
-0.362816691 0.206650630 0.908658087 -158.145523071 0.130032167 0.976788223 -0.170224696 22.768838882 -0.922743499 0.056394406 -0.381266356 7.840919018
-0.359596610 0.206303164 0.910016179 -157.066040039 0.125841662 0.977065325 -0.171776578 22.532613754 -0.924583316 0.052747685 -0.377310872 7.388672352
-0.356907964 0.206790417 0.910963655 -155.977844238 0.121065229 0.977204978 -0.174395010 22.311170578 -0.926261425 0.048043057 -0.373807311 6.944489479
-0.354032278 0.207176059 0.911997557 -154.873092651 0.115826875 0.977360487 -0.177061096 22.086914062 -0.928033233 0.042948499 -0.370013714 6.498800278
-0.350132346 0.206925169 0.913558781 -153.771713257 0.113653019 0.977473676 -0.177843332 21.857154846 -0.929779947 0.041560002 -0.365762830 6.058616161
-0.345407009 0.204472974 0.915906489 -152.712646484 0.113245919 0.977924407 -0.175610900 21.620420456 -0.931595027 0.043065421 -0.360937715 5.643489838
-0.340196252 0.200835496 0.918657601 -151.578750610 0.111366361 0.978656411 -0.172711283 21.402280807 -0.933736742 0.043551818 -0.355301619 5.195688248
-0.335291862 0.197835580 0.921108484 -150.492187500 0.110541776 0.979211152 -0.170076683 21.161458969 -0.935606956 0.044795662 -0.350190639 4.791862488
-0.330651879 0.197477654 0.922860861 -149.379592896 0.108066276 0.979353309 -0.170847088 20.940689087 -0.937545300 0.043239228 -0.345165730 4.384811401
-0.326222301 0.198308006 0.924258292 -148.309951782 0.106490240 0.979233205 -0.172517091 20.718999863 -0.939275920 0.042145588 -0.340565562 4.002895832
-0.321740627 0.198336214 0.925821900 -147.226058960 0.104358226 0.979285002 -0.173523068 20.493434906 -0.941059351 0.040787727 -0.335773706 3.608863354
-0.317576051 0.198232591 0.927280486 -146.124267578 0.102256395 0.979360700 -0.174345285 20.271215439 -0.942702949 0.039452456 -0.331292033 3.219335079
-0.313550472 0.198588625 0.928573370 -145.037017822 0.100732908 0.979325175 -0.175428227 20.040555954 -0.944213390 0.038532302 -0.327072263 2.839787722
-0.309919953 0.198578969 0.929793537 -143.986801147 0.098538026 0.979387224 -0.176326036 19.814853668 -0.945642531 0.036973067 -0.323099256 2.480806351
-0.306492805 0.198130921 0.931024492 -142.897750854 0.096739545 0.979516447 -0.176603913 19.592071533 -0.946944535 0.035939075 -0.319381833 2.113203526
-0.302920103 0.196009338 0.932641327 -141.766952515 0.095224746 0.979948580 -0.175022900 19.360025406 -0.948246658 0.035792567 -0.315511107 1.735255837
-0.298545003 0.193875074 0.934496284 -140.677719116 0.095281191 0.980312705 -0.172940731 19.133642197 -0.949627519 0.037409343 -0.311140060 1.364764452
-0.293954730 0.193573117 0.936013103 -139.556304932 0.097899616 0.980225265 -0.171971172 18.912385941 -0.950792670 0.041083612 -0.307092547 0.993943810
-0.288177371 0.194532037 0.937609196 -138.440155029 0.101358689 0.979843676 -0.172141761 18.682786942 -0.952197552 0.045427494 -0.302086234 0.615072489
-0.284086704 0.195002675 0.938759089 -137.360488892 0.102367632 0.979671776 -0.172522783 18.464466095 -0.953318119 0.047087111 -0.298273683 0.275884390
-0.279190421 0.194346368 0.940362751 -136.271438599 0.105042964 0.979608297 -0.171270415 18.243129730 -0.954472959 0.050961439 -0.293912053 -0.071822762
-0.275638819 0.193001926 0.941686630 -135.203475952 0.105100900 0.979814231 -0.170052513 18.026716232 -0.955498457 0.052099053 -0.290359497 -0.385063648
-0.271761179 0.195994467 0.942195475 -134.113616943 0.105588019 0.979203701 -0.173237741 17.818033218 -0.956554949 0.052405268 -0.286804199 -0.715081811
-0.268702269 0.199208900 0.942398727 -133.059829712 0.104734078 0.978621721 -0.177003548 17.605680466 -0.957512558 0.051140025 -0.283821821 -0.992438793
-0.264806747 0.199287295 0.943483949 -132.002899170 0.103479438 0.978634715 -0.177668542 17.380270004 -0.958733201 0.050583355 -0.279771209 -1.308999300
-0.261461735 0.196136966 0.945075750 -130.867538452 0.101105586 0.979314864 -0.175271273 17.153547287 -0.959903955 0.049725726 -0.275883913 -1.632534385
-0.257797360 0.195551798 0.946203053 -129.731323242 0.097433373 0.979573905 -0.175902396 16.926406860 -0.961273849 0.046844564 -0.271584868 -1.965093970
-0.254535437 0.197028056 0.946779847 -128.617935181 0.095855936 0.979344308 -0.178034648 16.696670532 -0.962301254 0.045438349 -0.268164158 -2.267361641
-0.251002192 0.197370976 0.947651088 -127.529594421 0.091929972 0.979427576 -0.179639906 16.471950531 -0.963611305 0.042027518 -0.263982773 -2.568758488
-0.247179151 0.199263766 0.948259771 -126.426803589 0.090946302 0.979077518 -0.182033092 16.265693665 -0.964692414 0.041245945 -0.260129929 -2.866836071
-0.242103219 0.202986732 0.948779404 -125.294525146 0.092990384 0.978223503 -0.185557470 16.036199570 -0.965784013 0.043303281 -0.255706906 -3.185367107
-0.237426996 0.204495966 0.949636698 -124.170997620 0.094129980 0.977833331 -0.187033594 15.798986435 -0.966834068 0.044982456 -0.251413226 -3.484205484
-0.231535196 0.203522041 0.951299310 -123.041099548 0.097289369 0.977813303 -0.185515389 15.552015305 -0.967949629 0.049598008 -0.246198654 -3.787091255
-0.225363970 0.203488126 0.952787459 -121.885528564 0.100534841 0.977581859 -0.185003921 15.304796219 -0.969073832 0.054095149 -0.240769267 -4.088366985
-0.220799446 0.204872727 0.953559101 -120.742607117 0.100278474 0.977276385 -0.186748654 15.082040787 -0.970150530 0.054387480 -0.236326456 -4.366765499
-0.216272116 0.207330510 0.954065323 -119.596511841 0.099319324 0.976794958 -0.189755797 14.854026794 -0.971268415 0.053718239 -0.231845379 -4.652633667
-0.211683750 0.206924155 0.955182016 -118.433448792 0.098607615 0.976864636 -0.189768314 14.611241341 -0.972351134 0.054017358 -0.227190614 -4.934571266
-0.207798481 0.203504398 0.956768513 -117.277099609 0.095754489 0.977653325 -0.187149897 14.363424301 -0.973473787 0.052725419 -0.222641349 -5.197799683
-0.203345299 0.200503767 0.958357513 -116.097091675 0.095402956 0.978207409 -0.184413999 14.106271744 -0.974448144 0.053930409 -0.218042493 -5.461319447
-0.200082660 0.199928045 0.959164202 -114.985702515 0.093082063 0.978410482 -0.184522763 13.860109329 -0.975347579 0.052361190 -0.214372754 -5.682369709
-0.196150422 0.199983686 0.959964514 -113.872108459 0.087789237 0.978632390 -0.185934648 13.619883537 -0.976636291 0.047803417 -0.209515572 -5.949061394
-0.193034887 0.199917465 0.960609615 -112.723472595 0.083233654 0.978830576 -0.186983719 13.379738808 -0.977655351 0.043860689 -0.205588341 -6.185112953
-0.190835357 0.197439045 0.961561263 -111.522590637 0.076548599 0.979573667 -0.185945481 13.128406525 -0.978632987 0.038121201 -0.202051044 -6.408629894
-0.187330246 0.195849046 0.962574899 -110.348129272 0.076837525 0.979841590 -0.184408545 12.868637085 -0.979287088 0.039416559 -0.198602557 -6.628753185
-0.182548285 0.195770070 0.963509500 -109.167655945 0.076042965 0.979851782 -0.184683383 12.637336731 -0.980251968 0.039554514 -0.193757176 -6.879646778
-0.178024530 0.195540845 0.964402139 -107.983947754 0.078471519 0.979757190 -0.184168741 12.391237259 -0.980892360 0.042891562 -0.189765215 -7.108709812
-0.174007654 0.192959368 0.965654373 -106.789848328 0.076035507 0.980319321 -0.182188451 12.148556709 -0.981804609 0.041721858 -0.185254812 -7.352967262
-0.171362400 0.191239759 0.966469169 -105.629928589 0.071525559 0.980805814 -0.181394637 11.897953033 -0.982608438 0.038043067 -0.181751728 -7.560524464
-0.168457866 0.191382378 0.966951311 -104.479545593 0.067707151 0.980900168 -0.182347566 11.664474487 -0.983380854 0.034751646 -0.178198338 -7.760278702
-0.164909959 0.190463006 0.967744172 -103.237411499 0.067561716 0.981054485 -0.181569695 11.405638695 -0.983992040 0.035439827 -0.174653649 -7.976824760
-0.160737395 0.190220982 0.968493581 -102.084526062 0.068104446 0.981051207 -0.181384414 11.177415848 -0.984644890 0.036803462 -0.170646548 -8.175606728
-0.156274319 0.194701403 0.968333423 -100.917541504 0.069411367 0.980119705 -0.185869306 10.938244820 -0.985271752 0.038166746 -0.166682005 -8.376840591
-0.151566029 0.199039146 0.968199909 -99.745582581 0.071017697 0.979177535 -0.190178484 10.689386368 -0.985892594 0.039934732 -0.162545323 -8.578995705
-0.148593426 0.199352562 0.968596220 -98.620201111 0.068483926 0.979192793 -0.191027313 10.448188782 -0.986524224 0.037947878 -0.159154058 -8.764312744
-0.145448327 0.195388094 0.969880641 -97.523597717 0.067881301 0.979965985 -0.187240034 10.193861008 -0.987034500 0.038603015 -0.155797601 -8.949948311
-0.142022014 0.192632765 0.970939040 -96.446868896 0.068378888 0.980447710 -0.184517324 9.973855972 -0.987498999 0.040186234 -0.152417183 -9.110648155
-0.137213349 0.192832202 0.971590698 -95.314285278 0.068971545 0.980347335 -0.184829623 9.737223625 -0.988137424 0.041651033 -0.147816658 -9.293657303
-0.131372690 0.193875805 0.972190142 -94.153251648 0.069052562 0.980097175 -0.186121568 9.488799095 -0.988925338 0.042680934 -0.142145634 -9.467262268
-0.126425147 0.194250107 0.972771108 -92.988990784 0.067963131 0.980031490 -0.186867148 9.249374390 -0.989645302 0.042487860 -0.137102485 -9.613659859
-0.122501493 0.191216156 0.973873734 -91.856231689 0.064082310 0.980740488 -0.184503675 9.012798309 -0.990397453 0.039806113 -0.132395744 -9.764819145
-0.118057132 0.188173026 0.975014567 -90.730949402 0.064022832 0.981280565 -0.181630284 8.789508820 -0.990940809 0.040980436 -0.127894521 -9.918139458
-0.113470197 0.186305895 0.975917459 -89.634567261 0.064093009 0.981588006 -0.179936349 8.557076454 -0.991472125 0.042132109 -0.123321891 -10.040702820
-0.107094288 0.187650591 0.976380289 -88.483634949 0.068953544 0.981065154 -0.180987850 8.323878288 -0.991855085 0.047942117 -0.118005633 -10.181757927
-0.101189613 0.188289344 0.976886988 -87.351287842 0.070073731 0.980837047 -0.181792229 8.082342148 -0.992396474 0.050058641 -0.112444639 -10.316763878
-0.095956326 0.186406210 0.977775812 -86.206207275 0.069067016 0.981187701 -0.180278659 7.853833675 -0.992986679 0.050233193 -0.107025743 -10.447062492
-0.091150641 0.183675051 0.978751898 -85.096740723 0.066201851 0.981786668 -0.178079247 7.634902000 -0.993634343 0.048563175 -0.101650119 -10.572336197
-0.087003112 0.182954490 0.979264081 -83.939407349 0.062655471 0.982050359 -0.177908391 7.388990402 -0.994235814 0.045877680 -0.096904516 -10.674282074
-0.081937432 0.185118467 0.979294419 -82.799278259 0.063816056 0.981556475 -0.180206597 7.163167953 -0.994592309 0.047729038 -0.092239738 -10.778909683
-0.077079177 0.188629925 0.979018688 -81.672042847 0.064741373 0.980814517 -0.183878779 6.934440136 -0.994920850 0.049209818 -0.087812543 -10.881259918
-0.072333574 0.191084564 0.978904963 -80.538124084 0.066066258 0.980238140 -0.186463058 6.694349289 -0.995190144 0.051185057 -0.083528399 -10.987955093
-0.068088055 0.190946192 0.979236364 -79.408790588 0.066079915 0.980221868 -0.186543733 6.460033417 -0.995488644 0.052006453 -0.079359174 -11.087301254
-0.064213753 0.189422503 0.979793727 -78.243438721 0.065693244 0.980492711 -0.185252249 6.202013493 -0.995771587 0.052470081 -0.075404882 -11.191448212
-0.061147332 0.188566864 0.980154872 -77.099998474 0.062618457 0.980782747 -0.184781194 5.947578907 -0.996162653 0.050076917 -0.071780086 -11.273935318
-0.057376981 0.186752498 0.980730057 -75.948448181 0.062646702 0.981085896 -0.183155164 5.722390175 -0.996385098 0.050930619 -0.067991257 -11.357428551
-0.052845597 0.185773537 0.981170475 -74.883308411 0.063065335 0.981202960 -0.182383001 5.498855591 -0.996609271 0.052239694 -0.063568115 -11.450155258
-0.048119307 0.187135264 0.981155038 -73.653564453 0.065066025 0.980793715 -0.183875322 5.251434803 -0.996720195 0.054991916 -0.059371233 -11.527976036
-0.042751431 0.191906124 0.980481684 -72.511016846 0.064662911 0.979852796 -0.188963562 5.027738571 -0.996990979 0.055322334 -0.054299355 -11.597409248
-0.038464546 0.193156213 0.980413914 -71.262664795 0.062029190 0.979709268 -0.190583825 4.754253387 -0.997333050 0.053483590 -0.049665332 -11.653801918
-0.034771204 0.193315089 0.980520427 -70.152053833 0.058894224 0.979804993 -0.191085517 4.530254841 -0.997658551 0.051102735 -0.045454144 -11.685159683
-0.031441450 0.193004847 0.980693936 -68.987983704 0.054019101 0.980073094 -0.191150784 4.296455860 -0.998044848 0.046966143 -0.041240811 -11.735857964
-0.027597427 0.194410801 0.980531991 -67.823593140 0.051791862 0.979866147 -0.192821100 4.057873726 -0.998276532 0.045462221 -0.037110686 -11.763835907
-0.023474097 0.193207771 0.980877161 -66.686454773 0.049623661 0.980163097 -0.191879570 3.806094408 -0.998492241 0.044170514 -0.032596111 -11.804682732
-0.018826842 0.191334069 0.981344461 -65.508407593 0.049361035 0.980499327 -0.190222323 3.552715063 -0.998603582 0.044858910 -0.027904153 -11.839308739
-0.014812827 0.188761204 0.981911361 -64.288642883 0.049026132 0.980975032 -0.187841624 3.286718369 -0.998687685 0.045356862 -0.023785233 -11.848338127
-0.010578632 0.189360529 0.981850684 -63.070175171 0.047171347 0.980906904 -0.188670307 3.038680077 -0.998830855 0.044319354 -0.019309044 -11.869828224
-0.005697250 0.189416572 0.981880367 -61.844921112 0.047521159 0.980838180 -0.188939780 2.789019346 -0.998854101 0.045583658 -0.014589429 -11.894103050
-0.001346469 0.188349441 0.982101202 -60.613838196 0.045517877 0.981095672 -0.188094199 2.541892290 -0.998962641 0.044449896 -0.009894371 -11.892416954
0.003227651 0.186252877 0.982496679 -59.370109558 0.044611439 0.981496692 -0.186209887 2.273701191 -0.998999298 0.044431627 -0.005141139 -11.888069153
0.007592797 0.188710690 0.982003510 -58.115276337 0.042618461 0.981078327 -0.188862458 2.022375822 -0.999062717 0.043285504 -0.000593424 -11.875160217
0.012367070 0.190852553 0.981540918 -56.836830139 0.043669686 0.980576217 -0.191215217 1.758739471 -0.998969555 0.045228370 0.003792405 -11.854220390
0.017148077 0.191560522 0.981330991 -55.566936493 0.043984517 0.980380654 -0.192143604 1.497086763 -0.998885036 0.046458259 0.008385956 -11.837363243
0.021547735 0.189140856 0.981713593 -54.287937164 0.044182599 0.980802000 -0.189935014 1.230925918 -0.998791158 0.047467336 0.012777328 -11.793658257
0.025514603 0.185917825 0.982234001 -53.061016083 0.041869216 0.981492937 -0.186865181 0.992681861 -0.998797297 0.045893170 0.017258167 -11.767994881
0.028409898 0.183912963 0.982532084 -51.818313599 0.037960932 0.982021093 -0.184915006 0.720851600 -0.998875439 0.042551272 0.020917594 -11.729572296
0.030593753 0.185807854 0.982109725 -50.570182800 0.031959623 0.981885374 -0.186760992 0.464443207 -0.999020875 0.037101589 0.024101198 -11.683673859
0.032989025 0.188255936 0.981565833 -49.331298828 0.026736878 0.981582642 -0.189157754 0.194299400 -0.999098063 0.032484129 0.027348042 -11.653218269
0.035970926 0.189523429 0.981217146 -48.099830627 0.023301952 0.981426477 -0.190418124 -0.046286955 -0.999081254 0.029713809 0.030886531 -11.637234688
0.037952006 0.189007252 0.981242061 -46.825851440 0.020647891 0.981591463 -0.189873189 -0.327597678 -0.999066234 0.027466662 0.033350766 -11.578423500
0.040691376 0.188509881 0.981227994 -45.632877350 0.019662090 0.981700063 -0.189415962 -0.579046428 -0.998978376 0.027000599 0.036240220 -11.578671455
0.042848706 0.187464505 0.981336415 -44.344055176 0.021202341 0.981846631 -0.188487753 -0.854595959 -0.998856604 0.028883085 0.038096130 -11.508188248
0.044841945 0.186633065 0.981405854 -43.040962219 0.021966636 0.981972218 -0.187744468 -1.108472586 -0.998752594 0.029977031 0.039933860 -11.442346573
0.046358705 0.186349615 0.981389105 -41.791454315 0.019393519 0.982092381 -0.187399253 -1.357404947 -0.998736560 0.027720183 0.041914582 -11.408665657
0.047467887 0.185508698 0.981495500 -40.503253937 0.014711656 0.982366681 -0.186384857 -1.626539588 -0.998764515 0.023286723 0.043901742 -11.333056450
0.049102128 0.186273754 0.981270194 -39.301952362 0.014085151 0.982228398 -0.187160477 -1.829191446 -0.998694539 0.023011327 0.045605779 -11.310775757
0.049013495 0.189462632 0.980664015 -38.119510651 0.008033760 0.981737375 -0.190071553 -2.086791277 -0.998765945 0.017194524 0.046596289 -11.258412361
0.049882710 0.188652843 0.980776250 -36.825393677 0.005732045 0.981928408 -0.189166024 -2.364320040 -0.998738706 0.015057981 0.047899842 -11.179374695
0.050778449 0.184822217 0.981459498 -35.600589752 0.003736466 0.982685030 -0.185246348 -2.613213539 -0.998703122 0.013073735 0.049208641 -11.131351471
0.050647318 0.181247339 0.982132494 -34.338130951 0.001793787 0.983376503 -0.181569412 -2.866029024 -0.998714983 0.010957748 0.049480259 -11.069825172
0.049811900 0.179122806 0.982564986 -33.059123993 -0.001995966 0.983802080 -0.179247141 -3.115887403 -0.998756707 0.006967492 0.049362600 -11.006190300
0.047474802 0.178802460 0.982739031 -31.783910751 -0.004201345 0.983875334 -0.178806260 -3.379971266 -0.998863637 0.004359975 0.047460496 -10.920968056
0.046397388 0.180902779 0.982405901 -30.515977859 0.000379071 0.983461857 -0.181115121 -3.633398294 -0.998922944 0.008775659 0.045561492 -10.870833397
0.046050489 0.183851063 0.981874764 -29.252567291 0.006657153 0.982839286 -0.184343874 -3.891753197 -0.998916924 0.015025616 0.044036269 -10.825378418
0.047571301 0.183136761 0.981935859 -27.955432892 0.018243693 0.982725501 -0.184167892 -4.152699471 -0.998701334 0.026675254 0.043408453 -10.787919044
0.048224926 0.181197241 0.982263744 -26.690372467 0.025846258 0.982852221 -0.182574749 -4.413762569 -0.998502076 0.034192502 0.042714715 -10.748756409
0.047573090 0.181151301 0.982304037 -25.435949326 0.031422921 0.982659221 -0.182738662 -4.672402382 -0.998373449 0.039560318 0.041055799 -10.705701828
0.045932233 0.182235837 0.982181549 -24.180740356 0.034128100 0.982358932 -0.183864802 -4.935798645 -0.998361588 0.041965328 0.038902581 -10.650324821
0.043254554 0.181345776 0.982467771 -22.876859665 0.029661104 0.982721448 -0.182698503 -5.239555359 -0.998623729 0.037043646 0.037128270 -10.571695328
0.041042805 0.179295987 0.982938766 -21.595832825 0.027329788 0.983198047 -0.180484459 -5.490100861 -0.998783588 0.034271106 0.035453081 -10.514598846
0.039026260 0.181710541 0.982577503 -20.309661865 0.023467027 0.982888579 -0.182700187 -5.754742146 -0.998962700 0.030188300 0.034094214 -10.453760147
0.037292778 0.183393866 0.982332051 -19.003330231 0.021649025 0.982636690 -0.184272662 -6.032459736 -0.999069989 0.028138593 0.032674968 -10.388355255
0.036464274 0.185044125 0.982053578 -17.754335403 0.018789440 0.982406378 -0.185808271 -6.307940960 -0.999158442 0.025227614 0.032345831 -10.354499817
0.035981596 0.186496258 0.981796741 -16.499408722 0.018094592 0.982150078 -0.187226564 -6.575752735 -0.999188781 0.024501935 0.031964719 -10.334085464
0.035899818 0.190371305 0.981055617 -15.227308273 0.017755084 0.981411874 -0.191090167 -6.840277672 -0.999197721 0.024278842 0.031852484 -10.297927856
0.036677480 0.191764012 0.980755568 -14.004656792 0.021058127 0.981049597 -0.192609042 -7.103864670 -0.999105334 0.027717307 0.031944215 -10.284439087
0.037510037 0.191570148 0.980761886 -12.759469986 0.022854418 0.981031418 -0.192496881 -7.365884304 -0.999034882 0.029635310 0.032420278 -10.245038986
0.039553404 0.188559160 0.981264949 -11.503080368 0.027981058 0.981439352 -0.189720541 -7.636322021 -0.998825550 0.034960926 0.033543229 -10.216047287
0.040948510 0.185781121 0.981737614 -10.240098000 0.031434245 0.981835723 -0.187110841 -7.904062748 -0.998666763 0.038522102 0.034364820 -10.159536362
0.042374611 0.186046958 0.981626809 -8.984605789 0.033472635 0.981693268 -0.187504530 -8.167222977 -0.998541057 0.040803082 0.035371423 -10.112850189
0.043741405 0.187360421 0.981316984 -7.716458321 0.033416212 0.981432974 -0.188872099 -8.425708771 -0.998483956 0.041053452 0.036668420 -10.069774628
0.044569075 0.187275484 0.981295884 -6.456665039 0.031760037 0.981509745 -0.188758820 -8.681753159 -0.998501360 0.039578803 0.037797093 -10.022574425
0.044308662 0.185547397 0.981635809 -5.172248840 0.028208673 0.981976688 -0.186885089 -8.947839737 -0.998619556 0.035971262 0.038276017 -9.953387260
0.044274151 0.182457358 0.982216418 -3.904156923 0.026477732 0.982620835 -0.183725968 -9.205968857 -0.998668492 0.034141183 0.038673699 -9.883012772
0.043899417 0.182009161 0.982316434 -2.639635324 0.023625642 0.982800186 -0.183154628 -9.493135452 -0.998756588 0.031248242 0.038844287 -9.814913750
0.043738365 0.183267996 0.982089579 -1.373862743 0.021564573 0.982628047 -0.184328884 -9.748858452 -0.998810351 0.029240601 0.039026439 -9.747261047
0.044609308 0.185312927 0.981666625 -0.108265400 0.023035422 0.982192636 -0.186459035 -10.006731987 -0.998739064 0.030930936 0.039546132 -9.707982063
0.044510365 0.186534584 0.981439650 1.157880068 0.022183150 0.981986463 -0.187644571 -10.275975227 -0.998762667 0.030123569 0.039570630 -9.671029091
0.044848323 0.186871171 0.981360257 2.410290480 0.022905774 0.981898010 -0.188020378 -10.538181305 -0.998731196 0.030911230 0.039756060 -9.623230934
0.045970142 0.185088277 0.981646240 3.632315636 0.023354962 0.982217252 -0.186289668 -10.773427010 -0.998669922 0.031490095 0.040829897 -9.628480911
0.046800077 0.184296161 0.981756032 4.929245949 0.023438595 0.982359648 -0.185526818 -11.006528854 -0.998629391 0.031693667 0.041654885 -9.588613510
0.047107995 0.185089856 0.981592059 6.184349060 0.023718283 0.982198536 -0.186342523 -11.269412994 -0.998608351 0.032059923 0.041879416 -9.545382500
0.046558797 0.187598884 0.981141627 7.365124702 0.020855866 0.981810153 -0.188716397 -11.520750046 -0.998697817 0.029248968 0.041799366 -9.524251938
0.045986712 0.191272914 0.980459034 8.639481544 0.018561058 0.981164336 -0.192281097 -11.788681984 -0.998769581 0.027040727 0.041570246 -9.455676079
0.045988321 0.192458123 0.980227053 9.914916039 0.018309109 0.980937958 -0.193456709 -12.066680908 -0.998774230 0.026843838 0.041587949 -9.402508736
0.045585871 0.191574514 0.980418980 11.175909042 0.016312785 0.981165528 -0.192478910 -12.351091385 -0.998827398 0.024767697 0.041602135 -9.337542534
0.045105577 0.189499646 0.980844319 12.389494896 0.015034705 0.981603563 -0.190337747 -12.630945206 -0.998869240 0.023332015 0.041426718 -9.297348022
0.045087278 0.186893582 0.981345057 13.657584190 0.014787890 0.982111454 -0.187718987 -12.893742561 -0.998873711 0.022975780 0.041516960 -9.240780830
0.045057237 0.184517682 0.981795967 14.892770767 0.012840636 0.982605815 -0.185259193 -13.155644417 -0.998902023 0.020954177 0.041904151 -9.203807831
0.044490874 0.181448668 0.982393563 16.165731430 0.010013692 0.983236790 -0.182057947 -13.409303665 -0.998959720 0.017937317 0.041928113 -9.142091751
0.043165922 0.180222735 0.982678294 17.418102264 0.004923344 0.983544707 -0.180597916 -13.677165985 -0.999055862 0.012633756 0.041568279 -9.075402260
0.041853666 0.182249874 0.982361138 18.637510300 -0.000665806 0.983227491 -0.182382256 -13.941250801 -0.999123633 0.006979316 0.041272998 -9.014958382
0.040890634 0.184796512 0.981925786 19.887205124 -0.004773505 0.982772648 -0.184757113 -14.201338768 -0.999152243 0.002867609 0.041068316 -8.943286896
0.039995432 0.186648875 0.981612325 21.075767517 -0.008647025 0.982426167 -0.186451316 -14.466439247 -0.999162555 -0.001030795 0.040906549 -8.902134895
0.039784133 0.187789291 0.981403410 22.319896698 -0.010780849 0.982204378 -0.187505558 -14.722704887 -0.999150217 -0.003120601 0.041100621 -8.841017723
0.039362729 0.188088268 0.981363058 23.535709381 -0.013505489 0.982134640 -0.187694445 -14.978014946 -0.999133706 -0.005865619 0.041199744 -8.792963028
0.039011121 0.187153816 0.981555760 24.788406372 -0.014761351 0.982304215 -0.186709851 -15.240975380 -0.999129832 -0.007205322 0.041083455 -8.736673355
0.038911104 0.184554070 0.982051909 25.979690552 -0.017219812 0.982774019 -0.184007496 -15.493684769 -0.999094427 -0.009750798 0.041418791 -8.691430092
0.039417922 0.182971776 0.982327819 27.188211441 -0.017093845 0.983071268 -0.182424352 -15.754444122 -0.999076724 -0.009600937 0.041878343 -8.651080132
0.039363742 0.184819087 0.981983960 28.435255051 -0.018351272 0.982713580 -0.184220791 -16.016777039 -0.999056518 -0.010769039 0.042074919 -8.590206146
0.040521681 0.186950803 0.981533170 29.657518387 -0.016319863 0.982332826 -0.186429366 -16.272813797 -0.999045372 -0.008464053 0.042856753 -8.560393333
0.041199267 0.188296154 0.981247902 30.902427673 -0.014392212 0.982091546 -0.187853783 -16.525413513 -0.999047399 -0.006382875 0.043171465 -8.500360489
0.042175710 0.189140439 0.981043994 32.146625519 -0.011337616 0.981944978 -0.188826740 -16.799100876 -0.999046028 -0.003158778 0.043558598 -8.450229645
0.042776644 0.190766752 0.980702996 33.368431091 -0.011675164 0.981629848 -0.190437794 -17.067565918 -0.999016523 -0.003303550 0.044218063 -8.387058258
0.043730378 0.188157648 0.981164932 34.628158569 -0.010085195 0.982137382 -0.187894672 -17.326683044 -0.998992562 -0.001678504 0.044846833 -8.335594177
0.043640375 0.182124048 0.982306778 35.850360870 -0.012011290 0.983267963 -0.181768656 -17.589519501 -0.998975217 -0.003866285 0.045097768 -8.282565117
0.043677032 0.178812280 0.982913256 37.121391296 -0.011734352 0.983876109 -0.178466007 -17.834775925 -0.998976827 -0.003738984 0.045071065 -8.216514587
0.043851495 0.179829001 0.982720017 38.376674652 -0.012525812 0.983687878 -0.179447174 -18.077606201 -0.998959541 -0.004440345 0.045388699 -8.150436401
0.044438124 0.183158621 0.982078552 39.608707428 -0.010149881 0.983081639 -0.182886437 -18.340677261 -0.998960614 -0.001840845 0.045545340 -8.088876724
0.045255542 0.184820801 0.981729686 40.829761505 -0.009513758 0.982771754 -0.184578419 -18.587329865 -0.998930156 -0.000986740 0.046234250 -8.034769058
0.046468079 0.183099240 0.981995642 42.136116028 -0.007572792 0.983093858 -0.182945669 -18.843133926 -0.998891056 0.001064681 0.047069013 -7.980211258
0.047606587 0.179606959 0.982585967 43.395820618 -0.005114526 0.983732164 -0.179568678 -19.093912125 -0.998853147 0.003523208 0.047750771 -7.918685913
0.048226893 0.176863849 0.983053148 44.661334991 -0.003034286 0.984219670 -0.176924884 -19.340650558 -0.998831928 0.005549692 0.048002541 -7.840644836
0.049495757 0.177560538 0.982864499 45.883705139 -0.001425453 0.984082103 -0.177708745 -19.590953827 -0.998773456 0.007394813 0.048960984 -7.804791451
0.051013350 0.183252633 0.981741488 47.157585144 0.000126503 0.983020067 -0.183497906 -19.843841553 -0.998698056 0.009485051 0.050123990 -7.764093399
0.051083803 0.189245641 0.980600297 48.395698547 -0.000619285 0.981887877 -0.189461917 -20.102878571 -0.998694360 0.009071194 0.050275743 -7.703657150
0.050359130 0.190312773 0.980431139 49.610439301 -0.003881082 0.981706500 -0.190360993 -20.358299255 -0.998723686 0.005781285 0.050176501 -7.626946926
0.050145090 0.186763465 0.981124461 50.883678436 -0.004381113 0.982391834 -0.186780840 -20.631135941 -0.998732507 0.005067751 0.050080359 -7.565531254
0.050105572 0.183352247 0.981769562 52.143230438 -0.004082531 0.983033657 -0.183379978 -20.889175415 -0.998735666 0.005180269 0.050004005 -7.505986214
0.050519168 0.184559166 0.981522322 53.395988464 -0.001166202 0.982787311 -0.184737027 -21.167764664 -0.998722553 0.008188136 0.049864829 -7.442582130
0.051793218 0.187891945 0.980823338 54.663291931 0.002563119 0.982113123 -0.188274413 -21.422904968 -0.998654664 0.012265347 0.050385237 -7.383480072
0.052516639 0.189120859 0.980548620 55.906642914 0.004756272 0.981844962 -0.189625651 -21.684173584 -0.998608828 0.014622286 0.050663710 -7.324597359
0.052271545 0.189118996 0.980562031 57.187606812 0.003421098 0.981864631 -0.189552620 -21.954116821 -0.998627126 0.013262823 0.050676584 -7.259573936
0.051751137 0.188665137 0.980677068 58.469978333 0.001790717 0.981973708 -0.189009100 -22.217485428 -0.998658478 0.011537559 0.050480425 -7.196355820
0.051249981 0.184620768 0.981472731 59.754741669 0.000084586 0.982763350 -0.184867978 -22.487827301 -0.998685956 0.009557508 0.050350964 -7.138987064
0.051335633 0.179808855 0.982361197 61.027751923 0.000399321 0.983654380 -0.180066437 -22.746746063 -0.998681426 0.009636112 0.050424755 -7.074722767
0.051562428 0.180162966 0.982284367 62.289417267 0.000010438 0.983592689 -0.180403486 -23.001585007 -0.998669803 0.009312302 0.050714552 -7.014400482
0.051749289 0.183730036 0.981613755 63.556133270 -0.000202917 0.982932568 -0.183966219 -23.258281708 -0.998660207 0.009320952 0.050903380 -6.943395138
0.052054822 0.185729116 0.981221259 64.820144653 -0.001306087 0.982565105 -0.185914204 -23.511894226 -0.998643458 0.008396193 0.051389813 -6.887542725
0.052062929 0.185252756 0.981310844 66.097808838 -0.002451248 0.982664168 -0.185378209 -23.765035629 -0.998640895 0.007245898 0.051614463 -6.811682701
0.053746462 0.184245825 0.981409788 67.448410034 -0.001533724 0.982844234 -0.184431165 -24.036489487 -0.998553634 0.008407347 0.053107023 -6.754884720
0.054940999 0.183222070 0.981535137 68.721138000 0.000009403 0.983019769 -0.183499739 -24.276075363 -0.998489678 0.010090888 0.054006338 -6.694320202
0.055675864 0.181566641 0.981801331 69.996559143 -0.000452399 0.983331025 -0.181823879 -24.542564392 -0.998448789 0.009679042 0.054829955 -6.620958328
0.056118429 0.181384176 0.981809855 71.247520447 -0.000530384 0.983364761 -0.181641132 -24.800472260 -0.998424053 0.009672679 0.055281103 -6.561218739
0.056696117 0.182077348 0.981648386 72.504112244 -0.001586333 0.983245015 -0.182281896 -25.049949646 -0.998390257 0.008777469 0.056034982 -6.505742073
0.056977093 0.182377115 0.981576383 73.732849121 -0.003754064 0.983205736 -0.182461947 -25.309610367 -0.998368442 0.006711259 0.056704879 -6.433849812
0.056525707 0.182247892 0.981626570 74.999122620 -0.006729722 0.983245671 -0.182160988 -25.560880661 -0.998378575 0.003690720 0.056805134 -6.353735924
0.056276202 0.180707723 0.981925726 76.262115479 -0.008611120 0.983535349 -0.180510476 -25.815280914 -0.998378277 0.001702994 0.056905746 -6.274701118
0.055572629 0.179426551 0.982200563 77.533744812 -0.011414461 0.983770549 -0.179067552 -26.076864243 -0.998389423 -0.001260035 0.056718767 -6.185893059
0.055476367 0.177568525 0.982543528 78.800643921 -0.011922352 0.984106660 -0.177177846 -26.334165573 -0.998388827 -0.001885042 0.056711674 -6.094937325
0.055807889 0.177088588 0.982611418 80.069648743 -0.013913460 0.984187484 -0.176582426 -26.585445404 -0.998344660 -0.003816821 0.057389319 -6.024160385
0.055714607 0.177027121 0.982627869 81.325202942 -0.015586525 0.984190702 -0.176424950 -26.832059860 -0.998325229 -0.005486272 0.057593048 -5.948149681
0.056155443 0.176510587 0.982695639 82.576766968 -0.015213311 0.984285712 -0.175926849 -27.078075409 -0.998306215 -0.005070776 0.057958305 -5.893831253
0.055584610 0.175630927 0.982885659 83.852073669 -0.014991045 0.984443367 -0.175061494 -27.328672409 -0.998341501 -0.005003750 0.057352781 -5.813435555
0.055799663 0.175616056 0.982876062 85.106681824 -0.012499034 0.984455526 -0.175188661 -27.576038361 -0.998363733 -0.002509527 0.057127357 -5.754635811
0.055507183 0.176825747 0.982675731 86.386024475 -0.008816019 0.984241486 -0.176609516 -27.825969696 -0.998419344 0.001139805 0.056191385 -5.678608894
0.055272698 0.177922070 0.982491195 87.642227173 -0.004532643 0.984029889 -0.177945733 -28.067398071 -0.998461187 0.005382292 0.055196464 -5.619609833
0.054512620 0.179360300 0.982271910 88.886421204 -0.001880541 0.983751416 -0.179526076 -28.315248489 -0.998511195 0.007939205 0.053964138 -5.546847343
0.053925633 0.179774538 0.982228816 90.138183594 0.001078293 0.983648896 -0.180093676 -28.559459686 -0.998544514 0.010770820 0.052850008 -5.482269287
0.053265989 0.177612931 0.982657909 91.405715942 0.004783921 0.983998120 -0.178114504 -28.812412262 -0.998569012 0.014188431 0.051563978 -5.416010857
0.051505029 0.174463302 0.983315706 92.654624939 0.004839614 0.984567404 -0.174938872 -29.074850082 -0.998661041 0.013769105 0.049865782 -5.353411198
0.050875247 0.173744038 0.983475924 93.905670166 0.007977515 0.984648943 -0.174363971 -29.314628601 -0.998673201 0.016716518 0.048708200 -5.303817749
0.049294949 0.176741660 0.983022094 95.117103577 0.009338818 0.984094024 -0.177402675 -29.544332504 -0.998740673 0.017925330 0.046860337 -5.238648891
0.049953163 0.182253689 0.981981814 96.338386536 0.012732700 0.983013153 -0.183092803 -29.778520584 -0.998670399 0.021649353 0.046784043 -5.218453884
0.050261557 0.185470849 0.981363535 97.514648438 0.015237890 0.982348680 -0.186437458 -30.024036407 -0.998619914 0.024324559 0.046548188 -5.185491085
0.049584508 0.184782729 0.981527925 98.773674011 0.016831130 0.982442439 -0.185805202 -30.267539978 -0.998628259 0.025733307 0.045603812 -5.124614716
0.049248099 0.181799740 0.982101560 99.960784912 0.017614506 0.982983708 -0.182846323 -30.511138916 -0.998631239 0.026304066 0.045207739 -5.061949253
0.048911214 0.180906564 0.982283413 101.170707703 0.017869219 0.983144522 -0.181954935 -30.759185791 -0.998643339 0.026452288 0.044854105 -5.005956173
0.048209906 0.180406585 0.982409954 102.372039795 0.017543897 0.983248889 -0.181421593 -31.005510330 -0.998683214 0.025981620 0.044237316 -4.935393810
0.048490226 0.178494155 0.982745469 103.590522766 0.018300153 0.983578920 -0.179548517 -31.248872757 -0.998656094 0.026690766 0.044427514 -4.885790348
0.048091352 0.177402481 0.982962608 104.781890869 0.017494529 0.983800769 -0.178409651 -31.477300644 -0.998689651 0.025776416 0.044208705 -4.827045918
0.047880054 0.177386388 0.982975841 105.967842102 0.016345158 0.983833611 -0.178337336 -31.715539932 -0.998719335 0.024605706 0.044206619 -4.772018433
0.047971189 0.178007945 0.982859075 107.131988525 0.014210030 0.983770728 -0.178866610 -31.954435349 -0.998747647 0.022546902 0.044663131 -4.724771500
0.048443675 0.178305626 0.982782066 108.290702820 0.012289755 0.983756244 -0.179088175 -32.185684204 -0.998750389 0.020753853 0.045465410 -4.665549278
0.049711883 0.176884592 0.982975423 109.445373535 0.009975836 0.984055161 -0.177583411 -32.416057587 -0.998713791 0.018634006 0.047154665 -4.606842041
0.050712347 0.173992097 0.983440578 110.568748474 0.007776566 0.984608769 -0.174599826 -32.649105072 -0.998683155 0.016502187 0.048578739 -4.551928520
0.051811278 0.172484934 0.983648658 111.673439026 0.004813433 0.984916925 -0.172960877 -32.873889923 -0.998645306 0.013696060 0.050199568 -4.491910458
0.053341269 0.174652308 0.983184338 112.779335022 0.002289534 0.984561980 -0.175021261 -33.091358185 -0.998573780 0.011586905 0.052117884 -4.428466797
0.054375648 0.178956121 0.982353389 113.859367371 -0.000126988 0.983810008 -0.179214478 -33.305488586 -0.998520672 0.009620167 0.053517997 -4.356795311
0.055642664 0.181501359 0.981815338 114.949310303 -0.001553081 0.983353198 -0.181697667 -33.525684357 -0.998449683 0.008585326 0.054998279 -4.289671898
0.058058500 0.181756511 0.981628239 116.068809509 -0.000563920 0.983292580 -0.182031348 -33.747100830 -0.998313129 0.010014936 0.057191014 -4.242345810
0.060071826 0.180692494 0.981703520 117.135353088 0.001339145 0.983464062 -0.181098491 -33.967533112 -0.998193264 0.012193583 0.058836520 -4.169696808
0.062759221 0.179847792 0.981690466 118.181762695 0.004645020 0.983566165 -0.180488378 -34.190948486 -0.998017967 0.015887298 0.060892463 -4.109694481
0.065426350 0.178991824 0.981672823 119.211326599 0.008710228 0.983640671 -0.179931164 -34.404640198 -0.997819483 0.020322844 0.062796950 -4.050287247
0.067604601 0.178388357 0.981634974 120.229904175 0.010158956 0.983711839 -0.179465413 -34.609180450 -0.997660518 0.022105090 0.064691246 -3.983681679
0.069655538 0.177939534 0.981573164 121.212409973 0.009556584 0.983798802 -0.179021180 -34.814552307 -0.997525394 0.021850318 0.066826522 -3.918261051
0.072930515 0.178531587 0.981227636 122.180290222 0.008497320 0.983700633 -0.179613113 -35.024017334 -0.997300863 0.021437079 0.070224702 -3.858870983
0.076369643 0.178640574 0.980946124 123.144691467 0.006281450 0.983713508 -0.179633588 -35.202400208 -0.997059882 0.019880340 0.074003696 -3.793463469
0.079891443 0.176331729 0.981083453 124.048248291 0.002931707 0.984183550 -0.177127659 -35.386047363 -0.996799409 0.017027259 0.078110874 -3.711722612
0.084585488 0.174078703 0.981092155 124.953178406 -0.001060598 0.984636009 -0.174616069 -35.566997528 -0.996415675 0.013729446 0.083470583 -3.629102707
0.089038789 0.173010319 0.980887055 125.822982788 -0.004150562 0.984854460 -0.173333317 -35.748905182 -0.996019483 0.011362158 0.088408351 -3.531059980
0.094976544 0.174595952 0.980048835 126.667213440 -0.007643223 0.984598100 -0.174665689 -35.911388397 -0.995450199 0.009098418 0.094848216 -3.441232681
0.103283525 0.176120043 0.978935301 127.481674194 -0.010085754 0.984333634 -0.176027164 -36.081245422 -0.994600832 0.008307397 0.103441715 -3.347250462
0.114659488 0.177606136 0.977399349 128.299118042 -0.012653179 0.984069407 -0.177333832 -36.246929169 -0.993324399 0.007965811 0.115080178 -3.247249842
0.127949417 0.178655088 0.975557029 129.090896606 -0.016617112 0.983889878 -0.178001687 -36.408042908 -0.991641581 0.006564289 0.128856897 -3.132490635
0.144064367 0.178071588 0.973414600 129.857681274 -0.020686068 0.984002948 -0.176947042 -36.554023743 -0.989352047 0.005355641 0.145443380 -3.012265205
0.162950039 0.176758453 0.970671892 130.627761841 -0.024256751 0.984241605 -0.175157443 -36.699005127 -0.986336231 0.004996598 0.164669812 -2.877858162
0.183895469 0.176827401 0.966909885 131.362457275 -0.030744039 0.984239221 -0.174149409 -36.851181030 -0.982465029 0.002298594 0.186433494 -2.722500563
0.207386851 0.178644359 0.961809158 132.104293823 -0.038622968 0.983913243 -0.174421981 -36.974639893 -0.977496266 -0.000975102 0.210950434 -2.552291632
0.233462453 0.178613186 0.955820441 132.825851440 -0.045520604 0.983914256 -0.172744483 -37.114227295 -0.971299767 -0.003180161 0.237837613 -2.355322361
0.262687683 0.178212643 0.948280394 133.536544800 -0.053308539 0.983974576 -0.170153514 -37.251728058 -0.963407338 -0.005854189 0.267978251 -2.142661572
0.293817878 0.177562982 0.939224303 134.221054077 -0.061940450 0.984066367 -0.166663617 -37.388488770 -0.953852355 -0.009207241 0.300134659 -1.909253597
0.327748418 0.178891569 0.927673876 134.892181396 -0.072159261 0.983781338 -0.164217308 -37.518119812 -0.942005336 -0.013118297 0.335341454 -1.652107239
0.364547789 0.182063490 0.913213015 135.549423218 -0.084282577 0.983125985 -0.162356809 -37.637413025 -0.927362680 -0.017781109 0.373741150 -1.364610553
0.403598428 0.182339013 0.896582842 136.182037354 -0.094132066 0.983015418 -0.157543167 -37.752033234 -0.910081029 -0.020813033 0.413907409 -1.052986622
0.442497671 0.183317870 0.877832770 136.764770508 -0.106386393 0.982701540 -0.151590392 -37.864299774 -0.890436888 -0.026311070 0.454345644 -0.713553488
0.480821431 0.185461760 0.856980026 137.348815918 -0.119445793 0.982117534 -0.145526320 -37.982700348 -0.868644655 -0.032390483 0.494375765 -0.346152931
0.519859612 0.188941509 0.833094954 137.946472168 -0.132009655 0.981287062 -0.140175372 -38.079219818 -0.843990207 -0.037105057 0.535073638 0.056241304
0.561123729 0.188609332 0.805956960 138.502517700 -0.138591945 0.981355786 -0.133165449 -38.177593231 -0.816046834 -0.036976859 0.576801777 0.462528884
0.602232993 0.186554164 0.776217043 139.003936768 -0.144721776 0.981714785 -0.123659685 -38.268379211 -0.785093009 -0.037863567 0.618219495 0.858580351
0.641502917 0.185296506 0.744405270 139.457870483 -0.153352410 0.981777787 -0.112229139 -38.352142334 -0.751636267 -0.042161014 0.658228993 1.288394094
0.679904819 0.183724836 0.709911704 139.870712280 -0.159458205 0.981981397 -0.101418205 -38.425762177 -0.715753078 -0.044246517 0.696950316 1.731697559
0.717358708 0.184926599 0.671713173 140.307342529 -0.165046275 0.981793165 -0.094031632 -38.509429932 -0.676872313 -0.043409333 0.734819353 2.223571301
0.751774788 0.187819526 0.632106423 140.683929443 -0.172335759 0.981224835 -0.086592250 -38.573780060 -0.636502266 -0.043836661 0.770028114 2.726903915
0.784454763 0.189647883 0.590478182 141.043640137 -0.177108943 0.980953276 -0.079768851 -38.633060455 -0.594359517 -0.042003896 0.803101778 3.242216110
0.815002561 0.191916451 0.546752989 141.395843506 -0.182668999 0.980542600 -0.071890876 -38.693840027 -0.549911678 -0.041283570 0.834201932 3.784635544
0.842767835 0.192601308 0.502640188 141.678634644 -0.187413737 0.980358958 -0.061419994 -38.736053467 -0.504597366 -0.042438865 0.862311125 4.319938183
0.867875874 0.195549950 0.456674576 141.993621826 -0.194778815 0.979606986 -0.049309231 -38.780189514 -0.457004011 -0.046156242 0.888266265 4.853586197
0.889702082 0.197476625 0.411622584 142.256301880 -0.200310409 0.979043484 -0.036736626 -38.806846619 -0.410251021 -0.049767625 0.910613656 5.434785843
0.908259869 0.199140728 0.367976934 142.485229492 -0.204697520 0.978523374 -0.024309445 -38.831096649 -0.364915043 -0.053244669 0.929517090 6.050740719
0.923889637 0.201077774 0.325569719 142.705947876 -0.207548693 0.978107810 -0.015123179 -38.852909088 -0.321483225 -0.053599410 0.945397079 6.669697285
0.935168266 0.207493469 0.287065744 142.865844727 -0.214045987 0.976784527 -0.008734554 -38.868141174 -0.282213748 -0.053276982 0.957871079 7.296911240
0.943173230 0.215200365 0.253205568 143.074005127 -0.220895141 0.975278676 -0.006073887 -38.879558563 -0.248253077 -0.050203145 0.967393458 7.911166191
0.948172987 0.223015651 0.226344883 143.257156372 -0.227671787 0.973721445 -0.005667839 -38.867366791 -0.221660882 -0.046158243 0.974030733 8.547838211
0.951469004 0.227144361 0.207634613 143.380294800 -0.231257498 0.972881794 -0.004576651 -38.876018524 -0.203043506 -0.043662518 0.978195727 9.177606583
0.954145074 0.227375552 0.194698662 143.517837524 -0.231361285 0.972865105 -0.002329368 -38.890907288 -0.189945191 -0.042823173 0.980860353 9.821085930
0.956104934 0.225876361 0.186663389 143.644607544 -0.229905725 0.973212898 -0.000063241 -38.902866364 -0.181677520 -0.042854510 0.982423902 10.452424049
0.957271814 0.224568039 0.182208389 143.771545410 -0.228700876 0.973495245 0.001717756 -38.908515930 -0.176993251 -0.043315575 0.983258426 11.072759628
0.958133638 0.222113714 0.180680513 143.890884399 -0.226379797 0.974034250 0.003075695 -38.929767609 -0.175305843 -0.043849342 0.983537018 11.696815491
0.958704591 0.220124587 0.180085257 144.007522583 -0.224459723 0.974475980 0.003800705 -38.933990479 -0.174652115 -0.044065636 0.983643651 12.321532249
0.959240139 0.217430219 0.180506259 144.117874146 -0.221851781 0.975070357 0.004428517 -38.949321747 -0.175043404 -0.044293646 0.983563840 12.938061714
0.959375262 0.215078086 0.182593837 144.236999512 -0.219595909 0.975579858 0.004649956 -38.957599640 -0.177134767 -0.044557910 0.983177423 13.557031631
0.958893061 0.213403076 0.187037975 144.353912354 -0.217983633 0.975944102 0.004028654 -38.968498230 -0.181678891 -0.044634260 0.982344449 14.160651207
0.957847834 0.212163076 0.193686277 144.459625244 -0.216837898 0.976202965 0.003012495 -38.968326569 -0.188437968 -0.044884026 0.981058896 14.748722076
0.956971705 0.209189489 0.201109320 144.575881958 -0.213977292 0.976836324 0.002119802 -38.976856232 -0.196007460 -0.045061413 0.979566514 15.340782166
0.956479132 0.205255255 0.207407802 144.708419800 -0.209888026 0.977725387 0.000338715 -38.986968994 -0.202718347 -0.043856382 0.978254497 15.915779114
0.955779970 0.202418461 0.213333920 144.834716797 -0.206846699 0.978372037 -0.001596687 -39.002880096 -0.209043160 -0.042601340 0.976978064 16.470859528
0.954756618 0.200512275 0.219623834 144.963485718 -0.204791233 0.978799939 -0.003349496 -39.020660400 -0.215639412 -0.041779079 0.975578904 17.012165070
0.953409135 0.199975252 0.225878164 145.089401245 -0.203973621 0.978959560 -0.005743720 -39.033267975 -0.222274199 -0.040597070 0.974138618 17.539779663
0.952200651 0.198903501 0.231843412 145.212722778 -0.202754050 0.979202092 -0.007350620 -39.047916412 -0.228483617 -0.040007923 0.972725332 18.056177139
0.951136529 0.197278798 0.237529650 145.341018677 -0.200952142 0.979560673 -0.008898345 -39.064262390 -0.234430149 -0.039268546 0.971339524 18.558185577
0.950248599 0.193747103 0.243905038 145.467926025 -0.197436988 0.980269790 -0.009471732 -39.081348419 -0.240927875 -0.039155375 0.969752848 19.042987823
0.949210227 0.190945104 0.250079900 145.592483521 -0.194815412 0.980794609 -0.009425589 -39.097698212 -0.247076809 -0.039772552 0.968179345 19.518577576
0.948013842 0.189516321 0.255642891 145.717941284 -0.193541452 0.981045485 -0.009560822 -39.109542847 -0.252609253 -0.040413700 0.966724038 19.978019714
0.946201622 0.191115499 0.261108041 145.835357666 -0.195576370 0.980646729 -0.009046527 -39.123821259 -0.257783711 -0.042506725 0.965267181 20.418273926
0.944616735 0.191053733 0.266829044 145.950317383 -0.195757762 0.980609894 -0.009118630 -39.137195587 -0.263397366 -0.043620251 0.963700712 20.842031479
0.943285763 0.190557748 0.271845073 146.062164307 -0.195229769 0.980706334 -0.010019420 -39.147857666 -0.268509477 -0.043621071 0.962288857 21.243247986
0.942461371 0.188491940 0.276111215 146.175964355 -0.193020493 0.981133699 -0.010942867 -39.161396027 -0.272964686 -0.042981885 0.961063385 21.623369217
0.941586256 0.187079519 0.280029655 146.286544800 -0.191524714 0.981418490 -0.011664028 -39.171630859 -0.277008355 -0.042649902 0.959920466 21.984352112
0.940552235 0.186002910 0.284190804 146.382873535 -0.190194935 0.981659830 -0.013031095 -39.179615021 -0.281402498 -0.041795228 0.958679199 22.317522049
0.939518571 0.186268359 0.287417710 146.474365234 -0.190191686 0.981640279 -0.014473369 -39.192752838 -0.284836709 -0.041066453 0.957695961 22.628646851
0.938568175 0.187383950 0.289787918 146.561080933 -0.190724015 0.981497526 -0.016941296 -39.202625275 -0.287600666 -0.039368950 0.956940949 22.915512085
0.937868834 0.188620836 0.291246116 146.635971069 -0.191340268 0.981332183 -0.019391295 -39.212963104 -0.289466798 -0.037540611 0.956451595 23.179952621
0.937823772 0.189092040 0.291085482 146.715637207 -0.190755993 0.981369734 -0.022926887 -39.223339081 -0.289997756 -0.034024917 0.956422329 23.432353973
0.938457012 0.188071862 0.289702177 146.790496826 -0.188525841 0.981707752 -0.026607322 -39.231910706 -0.289406955 -0.029646518 0.956746936 23.680292130
0.939804494 0.186243758 0.286497444 146.868789673 -0.186111793 0.982131004 -0.027948163 -39.241100311 -0.286583215 -0.027054749 0.957673252 23.927846909
0.941509604 0.185241193 0.281505644 146.939498901 -0.185273200 0.982322931 -0.026749603 -39.253555298 -0.281484544 -0.026970442 0.959186673 24.174123764
0.943816125 0.185252577 0.273665130 147.002929688 -0.185815066 0.982289076 -0.024103638 -39.261497498 -0.273283541 -0.028101709 0.961522937 24.419960022
0.946347117 0.188006029 0.262832254 147.058639526 -0.188408121 0.981799662 -0.023911739 -39.270111084 -0.262544185 -0.026890928 0.964545190 24.663541794
0.949495435 0.190051675 0.249677449 147.110336304 -0.189701468 0.981505454 -0.025697507 -39.279106140 -0.249943644 -0.022964511 0.967988014 24.895355225
0.953186810 0.190826014 0.234564200 147.154022217 -0.190007910 0.981430173 -0.026301507 -39.287322998 -0.235227391 -0.019498799 0.971744776 25.125667572
0.957327724 0.190366179 0.217449784 147.193237305 -0.189558685 0.981557012 -0.024766583 -39.293376923 -0.218154073 -0.017509751 0.975757241 25.358528137
0.961399317 0.190265924 0.198771909 147.228820801 -0.189929664 0.981574416 -0.020938139 -39.296005249 -0.199093238 -0.017622769 0.979822099 25.591953278
0.965066850 0.191525608 0.178784683 147.258605957 -0.191575199 0.981328070 -0.017152419 -39.296943665 -0.178731546 -0.017697474 0.983738720 25.823499680
0.968867719 0.191649243 0.156735152 147.281234741 -0.191829070 0.981326759 -0.014122702 -39.297775269 -0.156515002 -0.016383326 0.987539709 26.058485031
0.972748995 0.191048399 0.131376848 147.303054810 -0.191040203 0.981498957 -0.012784790 -39.298923492 -0.131388739 -0.012661865 0.991250038 26.303655624
0.976403356 0.188561127 0.105267040 147.317535400 -0.188481256 0.982017457 -0.010797115 -39.298461914 -0.105409987 -0.009298522 0.994385362 26.567193985
0.979167342 0.187400967 0.078180499 147.330795288 -0.187509239 0.982244372 -0.006019873 -39.297206879 -0.077920489 -0.008765101 0.996921062 26.848840714
0.980448961 0.190160960 0.050582919 147.323043823 -0.190477014 0.981690586 0.001458146 -39.292484283 -0.049379494 -0.011064521 0.998718798 27.146854401
0.980724335 0.194119826 0.022298234 147.304977417 -0.194423839 0.980839670 0.012367211 -39.288387299 -0.019470269 -0.016464135 0.999674857 27.462766647
0.980771124 0.195060149 -0.006283883 147.279617310 -0.194849089 0.980514884 0.024988031 -39.286708832 0.011035610 -0.023283130 0.999668002 27.789642334
0.980782270 0.191812977 -0.035692465 147.252563477 -0.190594479 0.981047928 0.034910329 -39.272006989 0.041712273 -0.027436642 0.998752892 28.131784439
0.979431987 0.190514043 -0.066463687 147.213699341 -0.187969223 0.981246233 0.042701695 -39.255653381 0.073352508 -0.029330280 0.996874690 28.478713989
0.976711512 0.190571517 -0.098575696 147.157440186 -0.186422169 0.981206656 0.049802914 -39.233451843 0.106214151 -0.030266387 0.993882537 28.835790634
0.972276807 0.193397313 -0.131435513 147.084533691 -0.187132806 0.980587065 0.058568750 -39.212207794 0.140211016 -0.032349143 0.989593029 29.200634003
0.967298567 0.193772048 -0.163663998 146.997024536 -0.185154051 0.980456054 0.066512585 -39.180782318 0.173353627 -0.034034476 0.984271407 29.573143005
0.961518466 0.191298276 -0.197198361 146.906951904 -0.180137485 0.980911613 0.073231682 -39.161670685 0.207443267 -0.034890793 0.977624655 29.948242188
0.954692900 0.185489461 -0.232712567 146.804748535 -0.172010168 0.982071698 0.077121198 -39.116996765 0.242845595 -0.033598140 0.969482958 30.350112915
0.945695817 0.183325708 -0.268423468 146.682098389 -0.166881949 0.982472837 0.083051503 -39.072288513 0.278944224 -0.033746433 0.959714174 30.754297256
0.934974015 0.183464259 -0.303586036 146.527206421 -0.162971199 0.982355714 0.091747731 -39.022144318 0.315061897 -0.036305964 0.948376417 31.188819885
0.922376752 0.186100334 -0.338508219 146.346115112 -0.160638571 0.981727839 0.102008179 -38.988452911 0.351306707 -0.039712500 0.935417831 31.631687164
0.908022702 0.188581541 -0.374074548 146.145736694 -0.158572152 0.981228769 0.109749533 -38.926971436 0.387749463 -0.040337272 0.920881808 32.078983307
0.893606484 0.186026111 -0.408487201 145.930587769 -0.149639741 0.981478453 0.119615972 -38.868606567 0.423173070 -0.045763697 0.904892385 32.527450562
0.877940476 0.181983784 -0.442834526 145.695480347 -0.138611361 0.981944919 0.128728747 -38.808982849 0.458265632 -0.051634293 0.887314200 32.990139008
0.861034632 0.175204918 -0.477412462 145.440933228 -0.124553017 0.982840657 0.136054397 -38.738468170 0.493057787 -0.057684384 0.868082106 33.443141937
0.841716111 0.170980915 -0.512132347 145.154251099 -0.113520131 0.983374119 0.141733855 -38.660793304 0.527851522 -0.061162341 0.847131610 33.909286499
0.820457458 0.169935495 -0.545867741 144.826736450 -0.106724411 0.983543754 0.145779222 -38.575592041 0.561657846 -0.061348237 0.825092077 34.362678528
0.798585117 0.170798242 -0.577139378 144.463150024 -0.102137752 0.983440101 0.149711072 -38.487083435 0.593152404 -0.060609333 0.802805543 34.825561523
0.777798355 0.170353711 -0.604987144 144.080383301 -0.097609878 0.983628929 0.151480973 -38.375560760 0.620888233 -0.058768943 0.781693101 35.287391663
0.758653462 0.169265419 -0.629121780 143.657012939 -0.091945142 0.983811915 0.153818935 -38.273029327 0.644973755 -0.058850590 0.761935413 35.762222290
0.741084695 0.167850316 -0.650092125 143.211090088 -0.085267134 0.983935535 0.156845033 -38.166782379 0.665975213 -0.060803972 0.743491709 36.254119873
0.724196374 0.167260826 -0.669001818 142.739822388 -0.080240093 0.983987868 0.159152091 -38.054603577 0.684909582 -0.061576605 0.726021469 36.757873535
0.708229542 0.167104319 -0.685920596 142.235565186 -0.076936260 0.984065413 0.160299987 -37.939323425 0.701777577 -0.060757034 0.709800601 37.254276276
0.693601966 0.169383392 -0.700161099 141.722839355 -0.075620458 0.983712494 0.163068265 -37.828491211 0.716378331 -0.060157966 0.695113778 37.741176605
0.680588245 0.172568351 -0.712053299 141.179885864 -0.074497499 0.983128428 0.167058766 -37.706970215 0.728868842 -0.060652040 0.681961536 38.232429504
0.670464158 0.175003976 -0.721007288 140.610122681 -0.072688013 0.982602417 0.170906246 -37.579856873 0.738372743 -0.062177949 0.671520472 38.742332458
0.663218498 0.179427624 -0.726599574 140.018478394 -0.076206066 0.981981039 0.172933266 -37.450813293 0.744536042 -0.059321251 0.664941430 39.253128052
0.659132600 0.180771858 -0.729976654 139.431671143 -0.080214433 0.982041419 0.170763716 -37.317588806 0.747736573 -0.054001283 0.661796033 39.765262604
0.657936454 0.180417687 -0.731142402 138.822555542 -0.080854766 0.982189357 0.169607267 -37.178993225 0.748720407 -0.052474484 0.660805821 40.303195953
0.657795966 0.178743392 -0.731679738 138.200119019 -0.078457564 0.982409239 0.169459507 -37.037391663 0.749098718 -0.054063987 0.660248637 40.854095459
0.657593369 0.179997474 -0.731554449 137.574249268 -0.077896029 0.982079148 0.171617925 -36.906681061 0.749335229 -0.055869613 0.659829795 41.424224854
0.656905293 0.180804729 -0.731973469 136.927337646 -0.079722404 0.982035816 0.171026230 -36.759548187 0.749746501 -0.053993348 0.659518719 41.985355377
0.656219840 0.179939330 -0.732801080 136.260910034 -0.081624158 0.982379794 0.168129355 -36.615848541 0.750142097 -0.050515540 0.659344435 42.564750671
0.655314565 0.180816770 -0.733394921 135.584991455 -0.084955953 0.982408762 0.166299388 -36.469688416 0.750563323 -0.046672154 0.659148276 43.150699615
0.654391408 0.183118999 -0.733648002 134.883941650 -0.088596590 0.982118845 0.166112050 -36.331401825 0.750947773 -0.043703601 0.658913851 43.746273041
0.653734922 0.185338497 -0.733675897 134.169387817 -0.089514948 0.981675684 0.168225840 -36.179508209 0.751410544 -0.044300150 0.658346236 44.356582642
0.653108418 0.185276613 -0.734249353 133.472106934 -0.086895660 0.981538892 0.170383424 -36.023826599 0.752262354 -0.047475792 0.657151103 44.982517242
0.651438594 0.186344519 -0.735461473 132.730438232 -0.086327508 0.981278598 0.172162414 -35.866878510 0.753774166 -0.048662692 0.655329347 45.610416412
0.648972452 0.184767187 -0.738035083 132.014984131 -0.084553510 0.981568933 0.171385914 -35.708019257 0.756098747 -0.048821267 0.652633905 46.247013092
0.646279812 0.182404667 -0.740979791 131.286102295 -0.081644416 0.981966376 0.170517623 -35.549034119 0.758720398 -0.049705237 0.649517298 46.881263733
0.643274903 0.181828961 -0.743730903 130.565917969 -0.079941466 0.982032061 0.170945615 -35.386295319 0.761450410 -0.050510082 0.646252215 47.512409210
0.640138268 0.184211224 -0.745848000 129.815353394 -0.080192290 0.981546223 0.173597962 -35.212314606 0.764062941 -0.051315445 0.643097639 48.150718689
0.637526095 0.186393112 -0.747541368 129.044815063 -0.078687340 0.980971754 0.177490026 -35.036628723 0.766399920 -0.054332487 0.640061855 48.798748016
0.634725571 0.190035746 -0.749005973 128.255981445 -0.078946039 0.980164349 0.181783885 -34.864006042 0.768694341 -0.056251816 0.637137890 49.443672180
0.631961107 0.192774653 -0.750641823 127.485877991 -0.080363870 0.979648829 0.183928773 -34.699481964 0.770822167 -0.055911362 0.634592116 50.101970673
0.629970908 0.191245705 -0.752702951 126.685592651 -0.081465967 0.980131269 0.180847853 -34.525638580 0.772334099 -0.052609220 0.633034229 50.761322021
0.627041519 0.189053148 -0.755697012 125.915039062 -0.084248871 0.980871618 0.175479501 -34.348278046 0.774416685 -0.046366334 0.630974770 51.445259094
0.625997782 0.187005416 -0.757070601 125.112777710 -0.083179429 0.981294930 0.173613071 -34.174686432 0.775376141 -0.045708708 0.629843414 52.115322113
0.624794483 0.190723717 -0.757137001 124.352066040 -0.082857192 0.980427444 0.178596571 -34.016056061 0.776380479 -0.048851922 0.628368497 52.762599945
0.624008775 0.194523156 -0.756818175 123.514305115 -0.080996789 0.979404271 0.184950739 -33.830970764 0.777208209 -0.054111041 0.626912594 53.445674896
0.623834074 0.192107171 -0.757578969 122.709182739 -0.075893678 0.979629517 0.185919613 -33.659793854 0.777863264 -0.058487542 0.625705957 54.118186951
0.623442829 0.188881829 -0.758711278 121.874916077 -0.074059442 0.980284512 0.183187097 -33.480010986 0.778353631 -0.058016963 0.625139832 54.789691925
0.622954607 0.186557502 -0.759686708 120.999153137 -0.076357156 0.981010079 0.178294227 -33.291557312 0.778522491 -0.053061709 0.625369787 55.451286316
0.622297168 0.186934516 -0.760132670 120.153099060 -0.078734472 0.981089771 0.176815599 -33.108539581 0.778811336 -0.050183184 0.625247598 56.143611908
0.622313619 0.190901041 -0.759132802 119.311264038 -0.083315581 0.980450392 0.178256810 -32.933143616 0.778321445 -0.047684051 0.626052678 56.825469971
0.622353315 0.195296854 -0.757981181 118.446891785 -0.088297002 0.979708910 0.179928124 -32.755603790 0.777740359 -0.045051403 0.626969159 57.521335602
0.623188972 0.197584808 -0.756700575 117.586585999 -0.089360029 0.979212523 0.182092279 -32.573215485 0.776949346 -0.045859128 0.627890706 58.208557129
0.624163508 0.199753582 -0.755326688 116.740783691 -0.089884251 0.978703916 0.184552133 -32.387481689 0.776106179 -0.047298722 0.628825903 58.907592773
0.623721719 0.206809551 -0.753791153 115.901611328 -0.097128451 0.977395236 0.187788814 -32.206790924 0.775588334 -0.043913387 0.629709721 59.589820862
0.624784172 0.208787441 -0.752364695 115.063346863 -0.100560009 0.977076888 0.187639177 -32.013561249 0.774294794 -0.041576207 0.631457806 60.286949158
0.626147628 0.207892686 -0.751478374 114.213981628 -0.102557987 0.977384686 0.184935048 -31.814830780 0.772930086 -0.038726524 0.633308172 60.984691620
0.627259552 0.207959041 -0.750532210 113.355903625 -0.107087806 0.977567434 0.181367487 -31.624462128 0.771412790 -0.033391654 0.635458350 61.684326172
0.628529310 0.207794711 -0.749514759 112.502510071 -0.107227817 0.977599859 0.181109548 -31.431373596 0.770359099 -0.033463843 0.636731565 62.402587891
0.630254865 0.208956033 -0.747740686 111.625968933 -0.107078552 0.977292240 0.182849914 -31.237258911 0.768968761 -0.035175040 0.638317823 63.125930786
0.631676078 0.209118769 -0.746494949 110.792594910 -0.107929811 0.977275372 0.182439208 -31.066881180 0.767682612 -0.034673445 0.639891624 63.835418701
0.632289946 0.207291394 -0.746484995 109.932518005 -0.110642910 0.977824152 0.177814871 -30.882539749 0.766790509 -0.029837318 0.641203642 64.555831909
0.632709086 0.204238907 -0.746971130 109.074157715 -0.110484377 0.978533506 0.173969477 -30.691900253 0.766467571 -0.027543433 0.641692281 65.282218933
0.632877827 0.204246730 -0.746825993 108.215194702 -0.108696103 0.978463233 0.175484747 -30.507225037 0.766583979 -0.029883340 0.641448498 66.004936218
0.633226991 0.204988733 -0.746326447 107.346534729 -0.106419608 0.978189766 0.178380534 -30.316041946 0.766614914 -0.033531591 0.641231000 66.753585815
0.634138227 0.203938276 -0.745840430 106.487129211 -0.103113234 0.978279471 0.179824784 -30.137788773 0.766313553 -0.037127778 0.641393185 67.485511780
0.635511994 0.199960575 -0.745748103 105.613525391 -0.098415747 0.978981853 0.178630531 -29.937866211 0.765792906 -0.040128477 0.641834021 68.229087830
0.635586619 0.199627861 -0.745773733 104.762939453 -0.097825274 0.979029477 0.178693801 -29.751022339 0.765806735 -0.040619873 0.641786695 68.967063904
0.636841238 0.199091241 -0.744846225 103.903198242 -0.093559459 0.978900731 0.181659028 -29.546281815 0.765297174 -0.046000555 0.642031193 69.722930908
0.637482762 0.203974038 -0.742973983 103.025215149 -0.093896836 0.977699220 0.187849969 -29.351770401 0.764721572 -0.049988218 0.642418921 70.468215942
0.637974620 0.205674335 -0.742082536 102.157203674 -0.095109180 0.977338791 0.189111412 -29.175050735 0.764161408 -0.050069444 0.643078923 71.231208801
0.637470901 0.202363268 -0.743424535 101.275215149 -0.097196355 0.978304863 0.182954878 -28.963865280 0.764319181 -0.044370271 0.643309832 71.972946167
0.636917591 0.198797449 -0.744859397 100.389648438 -0.101134762 0.979376554 0.174909577 -28.765199661 0.764269412 -0.036071822 0.643887520 72.714767456
0.636081100 0.199566483 -0.745368421 99.500419617 -0.106402524 0.979433000 0.171433821 -28.567649841 0.764250815 -0.029736757 0.644233227 73.457351685
0.635749936 0.202120915 -0.744962573 98.605567932 -0.108463719 0.978924990 0.173036098 -28.371200562 0.764236689 -0.029206276 0.644274235 74.222465515
0.635259867 0.204610974 -0.744700789 97.711418152 -0.110426337 0.978422523 0.174629271 -28.179527283 0.764363050 -0.028700389 0.644147038 74.973976135
0.634816527 0.207512051 -0.744275987 96.827224731 -0.110867865 0.977756560 0.178046197 -27.983379364 0.764667451 -0.030510381 0.643702388 75.731239319
0.634886861 0.208363086 -0.743978202 95.919776917 -0.109970838 0.977514267 0.179923087 -27.787786484 0.764738619 -0.032414913 0.643524766 76.480758667
0.634993255 0.209051281 -0.743694305 95.031257629 -0.109272093 0.977315664 0.181421399 -27.591041565 0.764750481 -0.033936366 0.643432319 77.240547180
0.634566188 0.212717131 -0.743019044 94.119468689 -0.110823587 0.976487041 0.184908628 -27.385616302 0.764881670 -0.034992740 0.643219709 78.009376526
0.634192348 0.216202289 -0.742331862 93.219421387 -0.112569004 0.975697041 0.187998831 -27.179054260 0.764936805 -0.035663851 0.643117309 78.772415161
0.633839607 0.213382587 -0.743448257 92.309600830 -0.114187881 0.976475358 0.182912603 -26.973054886 0.764989257 -0.031044483 0.643294454 79.524101257
0.633792043 0.206208020 -0.745510578 91.430961609 -0.114282422 0.978196144 0.173412204 -26.772560120 0.765014529 -0.024708524 0.643538833 80.268875122
0.633859217 0.203470707 -0.746205211 90.536369324 -0.114542156 0.978833079 0.169605181 -26.581466675 0.764919996 -0.022033870 0.643748343 81.016799927
0.634500504 0.201290250 -0.746251583 89.637176514 -0.111082762 0.979218483 0.169681489 -26.404268265 0.764898539 -0.024767317 0.643674493 81.776138306
0.635816514 0.194587633 -0.746909082 88.761764526 -0.104421929 0.980488241 0.166550010 -26.227807999 0.764744103 -0.027901568 0.643729806 82.538215637
0.635895133 0.194542527 -0.746853828 87.871047974 -0.105632871 0.980540574 0.165474713 -26.038986206 0.764512300 -0.026332244 0.644071043 83.287025452
0.637476623 0.194831386 -0.745428979 86.999549866 -0.099806592 0.980229378 0.170848042 -25.861593246 0.763977945 -0.034512915 0.644318759 84.043388367
0.637894094 0.198817015 -0.744018078 86.109191895 -0.097981088 0.979202449 0.177657723 -25.666521072 0.763865709 -0.040427104 0.644107759 84.820045471
0.638299048 0.203693688 -0.742349803 85.217910767 -0.100646734 0.978160441 0.181858197 -25.470855713 0.763180554 -0.041364834 0.644859970 85.560729980
0.638035834 0.207015902 -0.741656780 84.342163086 -0.102635451 0.977451861 0.184536815 -25.263624191 0.763135791 -0.041620843 0.644896507 86.321418762
0.637833595 0.210983127 -0.740712166 83.470382690 -0.106605113 0.976673961 0.186395526 -25.067932129 0.762760639 -0.039925627 0.645447314 87.050605774
0.637815356 0.212497234 -0.740294933 82.608612061 -0.110556006 0.976491630 0.185044453 -24.870708466 0.762213230 -0.036180153 0.646314204 87.783454895
0.637246847 0.210763365 -0.741279542 81.756904602 -0.115723759 0.977139890 0.178341240 -24.666099548 0.761921585 -0.027863756 0.647069693 88.508819580
0.636717558 0.208877519 -0.742267489 80.900032043 -0.118705377 0.977689087 0.173300698 -24.482055664 0.761905432 -0.022232473 0.647306681 89.239135742
0.637745738 0.206359372 -0.742089152 80.058547974 -0.114801779 0.978147686 0.173342541 -24.291387558 0.761643648 -0.025355324 0.647499919 89.981681824
0.638376713 0.209616601 -0.740632296 79.222457886 -0.114080310 0.977343976 0.178281873 -24.115062714 0.761223316 -0.029319473 0.647826791 90.707832336
0.640257239 0.211507559 -0.738468230 78.378936768 -0.110720485 0.976717412 0.183750004 -23.927295685 0.760139287 -0.035883725 0.648768544 91.433807373
0.641742229 0.210758641 -0.737392604 77.518356323 -0.105985716 0.976644456 0.186902821 -23.728824615 0.759561718 -0.041790374 0.649091363 92.174057007
0.643356085 0.206831232 -0.737098157 76.683952332 -0.101614669 0.977365017 0.185558975 -23.533607483 0.758793294 -0.044480525 0.649810851 92.911247253
0.644450307 0.203270972 -0.737132847 75.862442017 -0.099739552 0.978128433 0.182528764 -23.343032837 0.758113444 -0.044109441 0.650629282 93.640632629
0.644772172 0.200586781 -0.737586439 75.041687012 -0.100345537 0.978815138 0.178470433 -23.195707321 0.757759631 -0.041059248 0.651240706 94.367324829
0.645287752 0.196537584 -0.738225400 74.256690979 -0.098691612 0.979688942 0.174555376 -23.017784119 0.757537901 -0.039781794 0.651577890 95.098823547
