1.000000000 -0.000000075 -0.000000024 -0.000001205 -0.000000075 1.000000000 -0.000000004 0.000000179 -0.000000024 -0.000000004 0.999999940 -0.000000983
0.999991179 -0.001481000 -0.003935457 -0.006078411 0.001480383 0.999998927 -0.000121939 -0.002541732 0.003935584 0.000116105 0.999992192 0.483982801
0.999972165 -0.001049472 -0.007380436 -0.001134729 0.001044541 0.999999285 -0.000651910 -0.005680058 0.007381066 0.000644177 0.999972463 1.100245595
0.999937773 -0.001134322 -0.011097953 -0.008933334 0.001124483 0.999998987 -0.000879576 -0.005628418 0.011098891 0.000867035 0.999938011 1.779888630
0.999883235 0.000136892 -0.015280906 -0.015729208 -0.000157475 0.999999106 -0.001336057 -0.009949785 0.015280662 0.001338300 0.999882221 2.438704491
0.999806464 -0.000461658 -0.019668225 -0.036652565 0.000439741 0.999999344 -0.001111151 -0.014874686 0.019668676 0.001102280 0.999805927 3.064305305
0.999726593 0.000565087 -0.023374304 -0.050331388 -0.000597009 0.999998868 -0.001352356 -0.023323998 0.023373466 0.001365934 0.999725759 3.722457170
0.999613285 0.002119905 -0.027726239 -0.067357294 -0.002162624 0.999996483 -0.001505508 -0.032610483 0.027722903 0.001564878 0.999614298 4.429804802
0.999488831 0.002420673 -0.031874508 -0.088456221 -0.002456944 0.999996364 -0.001094249 -0.036943648 0.031871699 0.001171995 0.999491215 5.147288799
0.999356389 0.002540857 -0.035779219 -0.130085349 -0.002530523 0.999996722 0.000338234 -0.048165582 0.035779916 -0.000247485 0.999359548 5.927697659
0.999239445 0.001420135 -0.038965765 -0.169665381 -0.001376405 0.999998391 0.001152803 -0.065248795 0.038967293 -0.001098302 0.999239802 6.798738956
0.999157310 0.001677073 -0.041007347 -0.206226766 -0.001626732 0.999997914 0.001264494 -0.072450221 0.041009329 -0.001196730 0.999157965 7.675611496
0.999087691 0.001808762 -0.042667795 -0.250000685 -0.001753791 0.999997556 0.001329173 -0.076426648 0.042670045 -0.001253140 0.999088347 8.574741364
0.999018073 0.000619261 -0.044300929 -0.287959635 -0.000563530 0.999999046 0.001273846 -0.090552956 0.044301618 -0.001247639 0.999017358 9.481121063
0.998933971 -0.000094888 -0.046161901 -0.324593872 0.000179969 0.999998271 0.001842155 -0.095421158 0.046161592 -0.001848508 0.998932183 10.349786758
0.998877585 -0.002140702 -0.047318704 -0.374839664 0.002237130 0.999995470 0.001988132 -0.111738145 0.047314182 -0.002091769 0.998877764 11.273325920
0.998835385 -0.000501946 -0.048245452 -0.442963034 0.000534426 0.999999642 0.000663412 -0.111753173 0.048245061 -0.000688433 0.998835266 12.212962151
0.998762369 0.000790909 -0.049731143 -0.499858320 -0.000845869 0.999999046 -0.001081114 -0.126153931 0.049730193 0.001121832 0.998762131 13.150331497
0.998718798 0.003450590 -0.050486457 -0.562338650 -0.003547339 0.999992073 -0.001823939 -0.133646727 0.050479714 0.002000683 0.998723209 14.094851494
0.998669565 0.003244725 -0.051464926 -0.612422407 -0.003350590 0.999992430 -0.001968005 -0.146818578 0.051458102 0.002137815 0.998672903 15.037669182
0.998631537 0.002547485 -0.052236650 -0.667050362 -0.002616844 0.999995828 -0.001256615 -0.163767040 0.052233186 0.001391580 0.998633981 15.980308533
0.998599768 0.002127291 -0.052858513 -0.728698254 -0.002178224 0.999997199 -0.000903193 -0.177396372 0.052856401 0.001017055 0.998601615 16.933170319
0.998542070 0.002562033 -0.053917859 -0.793860674 -0.002602797 0.999996424 -0.000683106 -0.195790738 0.053915873 0.000822437 0.998545170 17.888780594
0.998477995 0.002328942 -0.055102468 -0.855432391 -0.002393304 0.999996483 -0.001099443 -0.203728795 0.055099662 0.001229636 0.998480141 18.853458405
0.998447001 0.002153851 -0.055669058 -0.908752918 -0.002219256 0.999996901 -0.001110446 -0.219264016 0.055666450 0.001232254 0.998448610 19.795946121
0.998422623 0.001805943 -0.056115497 -0.958579361 -0.001849687 0.999997973 -0.000724936 -0.232431859 0.056114033 0.000827578 0.998423994 20.756399155
0.998438418 0.001602043 -0.055840563 -1.025199890 -0.001546039 0.999998271 0.001048740 -0.247727111 0.055842105 -0.000960781 0.998439133 21.746461868
0.998462439 0.001366284 -0.055415358 -1.095540047 -0.001187223 0.999993980 0.003266708 -0.268558264 0.055419434 -0.003195904 0.998458028 22.736240387
0.998541892 0.001241561 -0.053969249 -1.146157146 -0.000980263 0.999987662 0.004870555 -0.281826228 0.053974573 -0.004810560 0.998530746 23.715902328
0.998626769 0.000453279 -0.052385651 -1.198960185 -0.000180141 0.999986351 0.005221409 -0.294185758 0.052387256 -0.005204813 0.998613298 24.712858200
0.998673975 0.000864541 -0.051474929 -1.250892878 -0.000668590 0.999992430 0.003826710 -0.296864390 0.051477801 -0.003787231 0.998667002 25.681518555
0.998716295 0.003397190 -0.050540008 -1.300261617 -0.003356105 0.999993920 0.000900664 -0.305480719 0.050542708 -0.000729900 0.998721600 26.652193069
0.998761535 0.004590798 -0.049541321 -1.348060608 -0.004640440 0.999988794 -0.000884070 -0.313228607 0.049536660 0.001112858 0.998771667 27.622777939
0.998808503 0.003389128 -0.048683353 -1.397482991 -0.003415630 0.999994099 -0.000458167 -0.329934716 0.048681460 0.000623896 0.998814166 28.616592407
0.998830736 0.001251124 -0.048328485 -1.450109482 -0.001109838 0.999994993 0.002953216 -0.339398503 0.048331894 -0.002896135 0.998827159 29.617092133
0.998791158 -0.003721530 -0.049015366 -1.492320776 0.004018072 0.999974191 0.005955887 -0.340702415 0.048991885 -0.006145644 0.998780251 30.617496490
0.998747945 -0.007753363 -0.049420930 -1.534838796 0.008073062 0.999947727 0.006275550 -0.352255642 0.049369644 -0.006666681 0.998758376 31.617366791
0.998731852 -0.006119569 -0.049972154 -1.586020827 0.006336881 0.999971092 0.004194335 -0.357383221 0.049945001 -0.004505693 0.998741865 32.615703583
0.998681664 -0.003592666 -0.051205646 -1.634778976 0.003719748 0.999990225 0.002389609 -0.371379167 0.051196519 -0.002576943 0.998685241 33.614349365
0.998612821 -0.003115346 -0.052560937 -1.695854783 0.003224908 0.999992788 0.002002608 -0.368661106 0.052554272 -0.002169345 0.998615682 34.618812561
0.998575211 -0.005686516 -0.053059522 -1.749719977 0.005856719 0.999978185 0.003055613 -0.377834678 0.053040940 -0.003362025 0.998586714 35.633678436
0.998513639 -0.004990602 -0.054273248 -1.813830256 0.005259816 0.999974549 0.004821336 -0.373570979 0.054247756 -0.005099647 0.998514473 36.646610260
0.998467326 -0.003986595 -0.055200286 -1.871711254 0.004283552 0.999976933 0.005265031 -0.384108007 0.055177979 -0.005493426 0.998461485 37.652732849
0.998422205 -0.004836386 -0.055942599 -1.936884046 0.005204179 0.999965727 0.006433310 -0.386700988 0.055909518 -0.006714305 0.998413265 38.665168762
0.998406053 -0.005204003 -0.056198724 -1.984561920 0.005668132 0.999951065 0.008105118 -0.393568367 0.056153756 -0.008410752 0.998386681 39.685203552
0.998399317 -0.002823472 -0.056486864 -2.051130533 0.003341415 0.999953210 0.009079528 -0.385482639 0.056458533 -0.009253751 0.998362005 40.690303802
0.998416483 -0.002778748 -0.056184649 -2.111778975 0.003286247 0.999954581 0.008944963 -0.391893327 0.056157190 -0.009115445 0.998380303 41.696121216
0.998404622 -0.001679137 -0.056438681 -2.166178465 0.002148189 0.999963641 0.008253801 -0.402301133 0.056422718 -0.008361884 0.998371959 42.706211090
0.998429418 -0.000209386 -0.056024335 -2.231917381 0.000604149 0.999975085 0.007032095 -0.408594072 0.056021418 -0.007054909 0.998404622 43.714157104
0.998394668 -0.000466835 -0.056638520 -2.294532537 0.000883822 0.999972701 0.007340029 -0.414401621 0.056633502 -0.007378315 0.998367786 44.720729828
0.998332739 -0.001823804 -0.057692058 -2.361394644 0.002301466 0.999963582 0.008216728 -0.417054713 0.057674922 -0.008335816 0.998300612 45.728874207
0.998315871 -0.002030669 -0.057976767 -2.420360804 0.002527688 0.999960661 0.008503240 -0.413359851 0.057957172 -0.008635476 0.998281658 46.731925964
0.998310804 -0.001365342 -0.058083128 -2.484282255 0.001763275 0.999975264 0.006802951 -0.420379043 0.058072358 -0.006893886 0.998288512 47.729202271
0.998294652 -0.000275195 -0.058374979 -2.550915241 0.000469354 0.999994397 0.003314902 -0.413699985 0.058373690 -0.003336658 0.998289227 48.745864868
0.998265505 0.000047909 -0.058874261 -2.616342068 0.000133079 0.999995291 0.003072717 -0.429046333 0.058874078 -0.003075234 0.998260677 49.745014191
0.998250425 -0.000556737 -0.059124406 -2.679605722 0.000836103 0.999988616 0.004702929 -0.437646270 0.059121065 -0.004744146 0.998239517 50.745613098
0.998254597 -0.002540237 -0.059002131 -2.736396313 0.002964717 0.999970317 0.007110411 -0.452664852 0.058982272 -0.007272936 0.998232543 51.754997253
0.998223543 -0.002596796 -0.059522294 -2.801170349 0.003023603 0.999970317 0.007084063 -0.455430090 0.059502080 -0.007251462 0.998201847 52.734355927
0.998206794 -0.004331479 -0.059702761 -2.859921217 0.004734308 0.999966979 0.006609879 -0.464523405 0.059672110 -0.006880688 0.998194337 53.717411041
0.998190463 -0.005118434 -0.059913531 -2.912894487 0.005486878 0.999967039 0.005989146 -0.479633838 0.059880849 -0.006307057 0.998185515 54.715023041
0.998117805 -0.006033754 -0.061028164 -2.978749752 0.006460092 0.999956071 0.006793435 -0.481279194 0.060984448 -0.007174907 0.998112977 55.685523987
0.998086631 -0.007597591 -0.061361901 -3.039999962 0.008171185 0.999925196 0.009104622 -0.482499748 0.061288089 -0.009588614 0.998074055 56.676395416
0.998035610 -0.009960932 -0.061852369 -3.110054731 0.010748926 0.999865055 0.012422673 -0.487389863 0.061720230 -0.013063129 0.998008013 57.673477173
0.998019695 -0.007968487 -0.062395297 -3.179839134 0.008872100 0.999859512 0.014220792 -0.479837328 0.062273171 -0.014746219 0.997950137 58.660297394
0.997979879 -0.007621441 -0.063071676 -3.250642776 0.008407925 0.999890029 0.012216024 -0.479406953 0.062971592 -0.012721658 0.997934163 59.636344910
0.997921288 -0.006486988 -0.064117014 -3.328465700 0.006924615 0.999954224 0.006607896 -0.492154211 0.064071164 -0.007038157 0.997920454 60.590625763
0.997883081 -0.006050962 -0.064750381 -3.395302534 0.006260110 0.999975801 0.003029948 -0.506315827 0.064730428 -0.003428890 0.997896910 61.563003540
0.997831166 -0.003314144 -0.065740868 -3.474992275 0.003520790 0.999989212 0.003029984 -0.501912594 0.065730073 -0.003254884 0.997832060 62.518642426
0.997784376 -0.003259153 -0.066450953 -3.540434599 0.003556614 0.999984145 0.004360802 -0.514998913 0.066435650 -0.004587492 0.997780204 63.479808807
0.997695923 -0.002898104 -0.067781545 -3.603643179 0.003238092 0.999982655 0.004908782 -0.525435328 0.067766100 -0.005116967 0.997688055 64.435272217
0.997660398 -0.002007080 -0.068334572 -3.678312302 0.002330245 0.999986410 0.004651940 -0.534530640 0.068324253 -0.004800305 0.997651637 65.402008057
0.997558534 -0.001578166 -0.069816642 -3.752756119 0.001940181 0.999985039 0.005119830 -0.539643407 0.069807470 -0.005242799 0.997546673 66.332412720
0.997476816 -0.001767965 -0.070970513 -3.821157455 0.002165034 0.999982417 0.005520409 -0.549336195 0.070959449 -0.005660146 0.997463107 67.232292175
0.997369170 -0.001951573 -0.072461814 -3.894006729 0.002375407 0.999980569 0.005765396 -0.554372787 0.072449103 -0.005922366 0.997354448 68.112007141
0.997296333 -0.001395400 -0.073470458 -3.961281300 0.001848777 0.999979615 0.006105242 -0.565288365 0.073460385 -0.006224579 0.997278631 68.996757507
0.997255921 -0.001016320 -0.074023992 -4.041066170 0.001573916 0.999970794 0.007476700 -0.570925653 0.074014172 -0.007572704 0.997228384 69.929321289
0.997175336 -0.001832299 -0.075086594 -4.120833874 0.002524907 0.999955118 0.009132189 -0.573101699 0.075066462 -0.009295993 0.997135103 70.827812195
0.997082591 -0.000856584 -0.076326653 -4.197677135 0.001612848 0.999950171 0.009849100 -0.579244852 0.076314360 -0.009943481 0.997034132 71.706809998
0.997034550 0.000450748 -0.076955006 -4.262875080 0.000176537 0.999966800 0.008146246 -0.592014968 0.076956078 -0.008135685 0.997001171 72.581184387
0.996947289 0.001997642 -0.078052543 -4.330999851 -0.001697220 0.999990880 0.003917036 -0.606014311 0.078059606 -0.003772619 0.996941507 73.451377869
0.996866763 0.001768285 -0.079080202 -4.396382332 -0.001801168 0.999998331 -0.000342604 -0.626809299 0.079079412 0.000483955 0.996868074 74.295814514
0.996831357 0.002828414 -0.079494141 -4.462841988 -0.002922582 0.999995172 -0.001066403 -0.628535986 0.079490691 0.001295341 0.996834636 75.122047424
0.996783435 0.002769122 -0.080094613 -4.534655571 -0.002751745 0.999996126 0.000329187 -0.637723625 0.080095172 -0.000107741 0.996787131 75.944305420
0.996710956 0.002494517 -0.080999985 -4.604796410 -0.002418960 0.999996543 0.001032733 -0.647529066 0.081002228 -0.000833413 0.996713519 76.728111267
0.996628702 0.001928605 -0.082020849 -4.658035755 -0.001955088 0.999998093 -0.000240779 -0.666064382 0.082020186 0.000400315 0.996630490 77.402465820
0.996653557 -0.001935596 -0.081718393 -4.701156139 0.001687359 0.999993742 -0.003104855 -0.681847394 0.081723846 0.002956564 0.996650577 77.978431702
0.996696174 -0.003594602 -0.081140511 -4.742513180 0.003150146 0.999979377 -0.005603137 -0.689584196 0.081158929 0.005329008 0.996686876 78.543281555
0.996890426 -0.002813668 -0.078750327 -4.785119057 0.002352239 0.999979496 -0.005949683 -0.694718242 0.078765407 0.005745931 0.996876478 79.118690491
0.997152507 0.000050664 -0.075412549 -4.843693256 -0.000419576 0.999988019 -0.004874129 -0.691944301 0.075411364 0.004891880 0.997140408 79.671302795
0.997466147 -0.001069171 -0.071133964 -4.885201931 0.000810029 0.999992907 -0.003669690 -0.698530614 0.071137331 0.003602760 0.997460008 80.214759827
0.997772217 -0.002608681 -0.066661000 -4.919274330 0.002553729 0.999996305 -0.000907340 -0.715067506 0.066663079 0.000735074 0.997775257 80.738273621
0.998239219 -0.005455650 -0.059064887 -4.967496872 0.005569959 0.999982893 0.001773349 -0.732860863 0.059054159 -0.002099227 0.998252571 81.277503967
0.998790801 -0.003960485 -0.049002402 -5.022170544 0.004067516 0.999989569 0.002087727 -0.745366335 0.048993576 -0.002284531 0.998796463 81.776336670
0.999379456 -0.000873446 -0.035211332 -5.066728115 0.000942548 0.999997616 0.001950106 -0.758522451 0.035209499 -0.001982093 0.999377966 82.282234192
0.999840975 0.002260764 -0.017689191 -5.097103119 -0.002226823 0.999995649 0.001946523 -0.760065734 0.017693469 -0.001906831 0.999841630 82.794326782
0.999993086 0.001434297 0.003422813 -5.086937428 -0.001442177 0.999996424 0.002257505 -0.774363041 -0.003419610 -0.002262432 0.999991596 83.252098083
0.999560654 -0.000759333 0.029628970 -5.052721024 0.000667875 0.999994993 0.003091562 -0.780804992 -0.029631220 -0.003070420 0.999556124 83.725921631
0.998293817 -0.000917873 0.058382411 -4.990865707 0.000700057 0.999992728 0.003748637 -0.783982813 -0.058385476 -0.003701373 0.998287261 84.178871155
0.995823562 -0.001360014 0.091287851 -4.927279472 0.000978820 0.999990642 0.004218756 -0.788843393 -0.091292776 -0.004111782 0.995815575 84.625213623
0.991678476 -0.001648275 0.128729314 -4.830566883 0.001106740 0.999990284 0.004277050 -0.791789591 -0.128735155 -0.004098986 0.991670609 85.051002502
0.985466897 -0.001515829 0.169860885 -4.750211716 0.000863427 0.999992013 0.003913739 -0.796515107 -0.169865504 -0.003710192 0.985460222 85.454719543
0.976706684 -0.001742417 0.214571476 -4.639148235 0.000950823 0.999992371 0.003791661 -0.796805620 -0.214576498 -0.003499310 0.976700842 85.831230164
0.964935541 -0.001150729 0.262484193 -4.504415989 0.000386786 0.999995470 0.002961526 -0.798595548 -0.262486458 -0.002756145 0.964931607 86.235862732
0.949114561 -0.001264752 0.314928442 -4.390332222 0.000559140 0.999997139 0.002330413 -0.807130158 -0.314930499 -0.002035722 0.949112475 86.624252319
0.929291010 -0.001676450 0.369344682 -4.220137596 0.001160268 0.999998033 0.001619285 -0.809213459 -0.369346678 -0.001076227 0.929291010 87.000205994
0.904758275 -0.001617444 0.425922215 -4.044745445 0.001329313 0.999998629 0.000973401 -0.811451137 -0.425923228 -0.000314484 0.904759288 87.293670654
0.875487745 -0.001445022 0.483237982 -3.845596552 0.001424881 0.999998868 0.000408524 -0.808558702 -0.483238071 0.000330927 0.875488997 87.600021362
0.841999948 -0.002220019 0.539473116 -3.557289600 0.002810255 0.999996006 -0.000271308 -0.827297568 -0.539470375 0.001744533 0.842002690 87.958366394
0.804806709 -0.002414011 0.593532085 -3.310716629 0.003452343 0.999993861 -0.000614302 -0.823511899 -0.593526900 0.002543510 0.804810166 88.187683105
0.764882445 -0.003186669 0.644161999 -2.985388994 0.004478198 0.999989867 -0.000370703 -0.832844257 -0.644154310 0.003168271 0.764889002 88.457702637
0.722208083 -0.003536453 0.691666722 -2.709171295 0.004673606 0.999989092 0.000232727 -0.829154134 -0.691659987 0.003064545 0.722216785 88.708740234
0.676817477 -0.003773854 0.736141086 -2.405264378 0.004996489 0.999987423 0.000532465 -0.836271048 -0.736133993 0.003317789 0.676827788 88.920272827
0.630006075 -0.004273007 0.776578426 -2.060157061 0.006607587 0.999978185 0.000141610 -0.843967497 -0.776562154 0.005042148 0.630020559 89.160240173
0.582834184 -0.005561360 0.812571943 -1.743188739 0.009220952 0.999957383 0.000229785 -0.866713047 -0.812538743 0.007358816 0.582860708 89.335174561
0.535226941 -0.004552295 0.844696105 -1.409205317 0.008915285 0.999960244 -0.000260097 -0.856913924 -0.844661295 0.007669974 0.535246193 89.539474487
0.488027424 -0.003440618 0.872821450 -1.068560481 0.007461393 0.999972165 -0.000230236 -0.851296663 -0.872796357 0.006624886 0.488039494 89.688156128
0.442181826 -0.002426918 0.896922231 -0.698622465 0.007170642 0.999973953 -0.000829486 -0.859885514 -0.896896839 0.006798351 0.442187697 89.810516357
0.399177432 -0.003642295 0.916866481 -0.341163248 0.010989184 0.999939322 -0.000812186 -0.862393439 -0.916807890 0.010399884 0.399193197 89.944633484
0.359018624 -0.009335068 0.933283806 0.029422581 0.020417415 0.999789238 0.002145933 -0.885810614 -0.933107078 0.018284876 0.359133512 89.983436584
0.322590381 -0.014176049 0.946432352 0.398508966 0.026884802 0.999621630 0.005808977 -0.880113065 -0.946156561 0.023570795 0.322849482 90.016479492
0.288447052 -0.012324568 0.957416534 0.760739565 0.025818992 0.999653637 0.005089518 -0.885101080 -0.957147598 0.023251541 0.288665354 90.116851807
0.256943643 -0.005847621 0.966408670 1.107033968 0.018449947 0.999829113 0.001144368 -0.874086440 -0.966250300 0.017536219 0.257007599 90.203132629
0.227875426 -0.001243006 0.973689437 1.506796598 0.012934970 0.999914825 -0.001750821 -0.869586825 -0.973604381 0.012993680 0.227872103 90.279022217
0.201684028 -0.000196104 0.979450643 1.929011583 0.013329087 0.999907970 -0.002544560 -0.884155869 -0.979360044 0.013568448 0.201668113 90.367309570
0.178523436 0.000133489 0.983935654 2.348773718 0.016772036 0.999854326 -0.003178827 -0.889043212 -0.983792663 0.017070169 0.178495198 90.436737061
0.157707468 0.003918147 0.987478137 2.751644373 0.019564375 0.999783397 -0.007091639 -0.901715636 -0.987292230 0.020437866 0.157596692 90.489326477
0.137802824 0.009323704 0.990415633 3.169366837 0.019094124 0.999744833 -0.012068301 -0.904055834 -0.990275502 0.020574238 0.137589648 90.545433044
0.119796343 0.010548072 0.992742360 3.612467527 0.017929893 0.999757469 -0.012786334 -0.900404692 -0.992636561 0.019331591 0.119578160 90.618598938
0.103789002 0.008040423 0.994566858 4.086203098 0.017847925 0.999791205 -0.009945285 -0.906758904 -0.994439244 0.018783236 0.103623852 90.689842224
0.089149348 0.006199066 0.995998979 4.580289841 0.017848190 0.999810100 -0.007820416 -0.915850580 -0.995858312 0.018474035 0.089021772 90.730567932
0.076265529 0.005094360 0.997074485 5.091006756 0.017828399 0.999820113 -0.006472152 -0.925992668 -0.996928155 0.018269913 0.076160938 90.761344910
0.064899944 0.004880910 0.997879744 5.590391159 0.019880811 0.999783278 -0.006183307 -0.930738151 -0.997693658 0.020240024 0.064788863 90.782119751
0.055572134 0.004940102 0.998442471 6.099795341 0.021977574 0.999739468 -0.006169848 -0.935445726 -0.998212814 0.022286287 0.055449110 90.798660278
0.048451986 0.005144453 0.998812318 6.623878002 0.023383567 0.999706864 -0.006283469 -0.937645078 -0.998551965 0.023660311 0.048317481 90.812255859
0.043186057 0.005380271 0.999052525 7.174055099 0.024526237 0.999678433 -0.006443919 -0.942436099 -0.998766005 0.024781357 0.043040235 90.831138611
0.038122851 0.005700517 0.999256790 7.732133389 0.024391441 0.999680459 -0.006633578 -0.950368822 -0.998975277 0.024626274 0.037971627 90.843757629
0.032540645 0.006092484 0.999451816 8.308668137 0.024119470 0.999685407 -0.006879283 -0.949797750 -0.999179304 0.024330175 0.032383431 90.847686768
0.028885880 0.006019153 0.999564588 8.855971336 0.025469029 0.999652803 -0.006755781 -0.958843827 -0.999258101 0.025653156 0.028722554 90.859138489
0.026790192 0.005811282 0.999624193 9.387728691 0.026232556 0.999634624 -0.006514465 -0.963272333 -0.999296844 0.026397292 0.026627945 90.864250183
0.024339894 0.005480107 0.999688745 9.933928490 0.027583530 0.999600530 -0.006151296 -0.972539485 -0.999323130 0.027724735 0.024178980 90.872215271
0.023001906 0.005172707 0.999722123 10.501077652 0.029435687 0.999549508 -0.005849161 -0.974220872 -0.999302089 0.029562116 0.022839271 90.880981445
0.022685556 0.004865664 0.999730885 11.083495140 0.031567480 0.999486029 -0.005580874 -0.982950211 -0.999244153 0.031685662 0.022520309 90.889404297
0.023739882 0.004530835 0.999708056 11.695073128 0.033179320 0.999435246 -0.005317588 -0.992793977 -0.999167621 0.033295941 0.023576105 90.899276733
0.026002767 0.004368294 0.999652326 12.284460068 0.034073189 0.999405563 -0.005253601 -1.000835538 -0.999080956 0.034198020 0.025838437 90.916252136
0.029135637 0.004279638 0.999566436 12.912262917 0.033819325 0.999414086 -0.005264847 -1.010446548 -0.999003232 0.033958122 0.028973846 90.932640076
0.032761887 0.004021939 0.999455154 13.565339088 0.033607744 0.999421954 -0.005123544 -1.018125772 -0.998898029 0.033757355 0.032607820 90.957656860
0.036337219 0.003320538 0.999334097 14.217308998 0.035296712 0.999366224 -0.004604168 -1.029035926 -0.998716116 0.035440579 0.036196984 90.982009888
0.039756410 0.002130923 0.999207139 14.905060768 0.034921281 0.999383807 -0.003520833 -1.040508032 -0.998598993 0.035033636 0.039657500 91.006523132
0.042762060 0.001252376 0.999084473 15.614667892 0.032412510 0.999471068 -0.002640241 -1.043142796 -0.998559475 0.032495804 0.042698860 91.050559998
0.045866940 0.000574728 0.998947561 16.314695358 0.030695263 0.999526799 -0.001984529 -1.053894877 -0.998476028 0.030754045 0.045827597 91.093879700
0.048853736 0.000914055 0.998805642 17.063657761 0.029552840 0.999560356 -0.002360325 -1.060806751 -0.998368680 0.029632922 0.048805252 91.140472412
0.051224660 0.002960227 0.998682797 17.882791519 0.026572216 0.999637485 -0.004326087 -1.079222918 -0.998333573 0.026758887 0.051127449 91.197479248
0.052385017 0.007460679 0.998599112 18.774168015 0.022034436 0.999720037 -0.008625027 -1.090827823 -0.998383999 0.022455461 0.052205946 91.263053894
0.052390482 0.009664211 0.998580039 19.672922134 0.020014692 0.999742210 -0.010725616 -1.114552736 -0.998426199 0.020548260 0.052183568 91.296966553
0.052398384 0.009689383 0.998579383 20.602596283 0.019242257 0.999757469 -0.010710601 -1.132480502 -0.998441041 0.019776208 0.052199222 91.360786438
0.052465118 0.009173281 0.998580873 21.522794724 0.018170264 0.999783456 -0.010139076 -1.156360626 -0.998457611 0.018676493 0.052287091 91.415214539
0.052046593 0.008487218 0.998608530 22.427127838 0.017534986 0.999801934 -0.009411350 -1.176013470 -0.998490691 0.018000487 0.051887486 91.469413757
0.052222766 0.008272073 0.998601258 23.340879440 0.016559601 0.999821007 -0.009148260 -1.193620205 -0.998498201 0.017014258 0.052076422 91.526535034
0.052406438 0.008332330 0.998591125 24.260248184 0.014798615 0.999848902 -0.009119544 -1.211219788 -0.998516262 0.015255759 0.052275203 91.581604004
0.051946048 0.008780621 0.998611271 25.173812866 0.012768596 0.999873757 -0.009456002 -1.230366468 -0.998568237 0.013242136 0.051827420 91.642570496
0.050634619 0.009666082 0.998670518 26.095497131 0.010086766 0.999897242 -0.010189455 -1.244606614 -0.998666346 0.010589366 0.050531875 91.701324463
0.048234455 0.009712255 0.998788893 27.012081146 0.009137708 0.999906540 -0.010164496 -1.262930155 -0.998794258 0.009616991 0.048141215 91.755172729
0.045318842 0.009031972 0.998931706 27.917160034 0.008647455 0.999918103 -0.009433284 -1.283424377 -0.998935223 0.009065793 0.045237046 91.795387268
0.041589089 0.008219801 0.999100864 28.836082458 0.007543790 0.999935031 -0.008540764 -1.304388285 -0.999106288 0.007892281 0.041524369 91.834053040
0.036025345 0.007374784 0.999323666 29.742994308 0.006006259 0.999953151 -0.007596032 -1.323528528 -0.999332666 0.006275918 0.035979338 91.868461609
0.029208872 0.007328802 0.999546409 30.655267715 0.005048971 0.999959230 -0.007479451 -1.346285701 -0.999560475 0.005265218 0.029170696 91.893669128
0.020512938 0.007399970 0.999762237 31.567548752 0.004416835 0.999962151 -0.007492153 -1.359391332 -0.999779880 0.004569542 0.020479485 91.921691895
0.010695582 0.007573779 0.999914110 32.466587067 0.005510765 0.999955654 -0.007633119 -1.380963564 -0.999927640 0.005592004 0.010653369 91.925399780
0.001073348 0.007279478 0.999973059 33.341136932 0.005755374 0.999956906 -0.007285616 -1.396764636 -0.999982953 0.005763110 0.001031411 91.918319702
-0.008910329 0.006865850 0.999936759 34.232040405 0.003835096 0.999969304 -0.006831974 -1.419218063 -0.999952972 0.003774051 -0.008936365 91.899162292
-0.019668784 0.006782413 0.999783516 35.103393555 0.003968989 0.999969602 -0.006705670 -1.441059709 -0.999798656 0.003836309 -0.019695036 91.875442505
-0.030473076 0.007171929 0.999509811 35.988117218 0.004803226 0.999963760 -0.007028820 -1.455412388 -0.999523997 0.004586752 -0.030506466 91.843032837
-0.040937677 0.007341479 0.999134719 36.862972260 0.004003641 0.999966145 -0.007183622 -1.465508103 -0.999153674 0.003706167 -0.040965669 91.812530518
-0.050936632 0.007594237 0.998673141 37.708301544 0.003989293 0.999964654 -0.007400661 -1.480320334 -0.998694122 0.003607106 -0.050965123 91.766624451
-0.061080337 0.008013738 0.998100758 38.553379059 0.004558241 0.999959588 -0.007749788 -1.496265411 -0.998122573 0.004076296 -0.061114378 91.705474854
-0.070971124 0.008651302 0.997440755 39.402687073 0.005020114 0.999952793 -0.008315960 -1.511068583 -0.997465730 0.004417144 -0.071011238 91.646018982
-0.080465563 0.009391043 0.996713221 40.241477966 0.005047174 0.999946594 -0.009014120 -1.517652273 -0.996744692 0.004305331 -0.080508649 91.580421448
-0.090010196 0.009624667 0.995894432 41.049304962 0.005847820 0.999941170 -0.009135317 -1.530879736 -0.995923698 0.005001611 -0.090061173 91.507469177
-0.098712154 0.009487024 0.995070875 41.827449799 0.006168767 0.999941170 -0.008921579 -1.548605442 -0.995097101 0.005257764 -0.098764807 91.423713684
-0.106329434 0.009175842 0.994288683 42.594409943 0.006595839 0.999941945 -0.008522725 -1.564382672 -0.994309306 0.005652022 -0.106383763 91.349647522
-0.111933552 0.008104296 0.993682563 43.320568085 0.008334965 0.999939203 -0.007216500 -1.580851078 -0.993680716 0.007474613 -0.111994259 91.272216797
-0.115393855 0.007625704 0.993290603 43.993923187 0.010404257 0.999924958 -0.006468011 -1.598485351 -0.993265450 0.009588152 -0.115464494 91.198661804
-0.117480926 0.007116230 0.993049800 44.627555847 0.011702540 0.999914825 -0.005781049 -1.608497143 -0.993006349 0.010942111 -0.117554165 91.122131348
-0.119175792 0.006661856 0.992850900 45.231063843 0.012102111 0.999912977 -0.005256649 -1.618990302 -0.992799520 0.011389196 -0.119246103 91.059768677
-0.119597532 0.006750307 0.992799520 45.843585968 0.012211040 0.999911249 -0.005327731 -1.629219532 -0.992747366 0.011486000 -0.119669266 90.989883423
-0.118795089 0.007052925 0.992893755 46.455234528 0.012971450 0.999900520 -0.005550792 -1.639980197 -0.992834091 0.012219935 -0.118874699 90.918457031
-0.116518289 0.007635025 0.993159056 47.062442780 0.013862148 0.999885559 -0.006060484 -1.655138612 -0.993091702 0.013061233 -0.116610780 90.843025208
-0.112181008 0.007948522 0.993656039 47.666156769 0.013466798 0.999888301 -0.006478083 -1.667851329 -0.993596613 0.012654718 -0.112275496 90.771064758
-0.105699934 0.008128732 0.994365036 48.233596802 0.012485839 0.999898612 -0.006846811 -1.677883267 -0.994319797 0.011691842 -0.105790712 90.717781067
-0.095583320 0.008144524 0.995388448 48.789710999 0.011682802 0.999906838 -0.007059716 -1.688598156 -0.995353043 0.010954205 -0.095669597 90.662879944
-0.082288779 0.007885243 0.996577322 49.341308594 0.011653818 0.999907911 -0.006949396 -1.705596685 -0.996540368 0.011042144 -0.082373038 90.618499756
-0.066307902 0.008312254 0.997764707 49.898780823 0.011545187 0.999904752 -0.007562905 -1.715906024 -0.997732580 0.011017971 -0.066397622 90.584709167
-0.046645012 0.009043599 0.998870671 50.437885284 0.011308070 0.999899745 -0.008524930 -1.729912996 -0.998847544 0.010897724 -0.046742622 90.590393066
-0.022710083 0.010666002 0.999685228 50.971794128 0.009901654 0.999896407 -0.010443397 -1.748060226 -0.999692976 0.009661436 -0.022813294 90.590240479
0.005181445 0.011456186 0.999920964 51.517990112 0.008548378 0.999897301 -0.011500289 -1.767419100 -0.999949992 0.008607361 0.005082995 90.604728699
0.037303425 0.011203129 0.999241114 52.048130035 0.007777873 0.999903560 -0.011500994 -1.777239323 -0.999273658 0.008201067 0.037212688 90.638320923
0.074565805 0.009914107 0.997166872 52.562976837 0.007349674 0.999917924 -0.010491136 -1.788540959 -0.997189045 0.008111202 0.074486844 90.690597534
0.116519824 0.008109067 0.993155360 53.070850372 0.006039335 0.999942422 -0.008873124 -1.797003269 -0.993170023 0.007031961 0.116464168 90.749786377
0.160910383 0.005004607 0.986956298 53.594032288 0.004735861 0.999971747 -0.005842814 -1.807830572 -0.986957729 0.005614324 0.160882115 90.856445312
0.208922908 0.002936252 0.977927566 54.107116699 0.001612685 0.999993086 -0.003347129 -1.819289804 -0.977930605 0.002276449 0.208916694 91.000831604
0.259609997 0.002047618 0.965711355 54.576808929 -0.000415077 0.999997914 -0.002008831 -1.828594923 -0.965713501 0.000120734 0.259610295 91.167785645
0.313004613 0.001857384 0.949749768 54.999382019 -0.000756183 0.999998271 -0.001706545 -1.831484079 -0.949751318 -0.000183963 0.313005507 91.378601074
0.369966894 0.002194353 0.929042399 55.404201508 -0.000235233 0.999997377 -0.002268383 -1.847852826 -0.929044902 0.000620749 0.369966477 91.614700317
0.430069298 0.003927376 0.902787268 55.805389404 -0.000204690 0.999990940 -0.004252845 -1.847744107 -0.902795851 0.001644288 0.430066168 91.836494446
0.488982439 0.005584829 0.872275770 56.193550110 0.001217171 0.999974132 -0.007084882 -1.858133793 -0.872292817 0.004526151 0.488962978 92.116355896
0.547614694 0.008359228 0.836688817 56.577568054 -0.000998442 0.999955893 -0.009337060 -1.860689282 -0.836730123 0.004277783 0.547598839 92.386535645
0.603577554 0.009675636 0.797245562 56.944976807 -0.003156452 0.999947488 -0.009746165 -1.859292030 -0.797298014 0.003366153 0.603576541 92.732383728
0.657313347 0.010113776 0.753549457 57.271797180 -0.004402529 0.999944389 -0.009580655 -1.869129419 -0.753604531 0.002980021 0.657321334 93.087646484
0.707733572 0.008922072 0.706422865 57.566780090 -0.004246993 0.999955893 -0.008374676 -1.872235060 -0.706466615 0.002926914 0.707740307 93.438674927
0.753832519 0.007124210 0.657027900 57.855739594 -0.004457412 0.999973655 -0.005728844 -1.891398668 -0.657051384 0.001389988 0.753844440 93.842720032
0.796709120 0.005064785 0.604341686 58.122047424 -0.004815841 0.999986351 -0.002032006 -1.885379672 -0.604343653 -0.001291458 0.796722651 94.249977112
0.835020423 0.003546550 0.550207615 58.337524414 -0.005609144 0.999982119 0.002066718 -1.888565540 -0.550190389 -0.004811910 0.835025311 94.671783447
0.867753863 0.002885182 0.496985793 58.553977966 -0.007106020 0.999952912 0.006601979 -1.879988313 -0.496943414 -0.009260452 0.867733479 95.132049561
0.894939959 0.003359217 0.446173847 58.747943878 -0.009136307 0.999899924 0.010797192 -1.881698966 -0.446092993 -0.013739195 0.894881129 95.586715698
0.916752994 0.004867192 0.399425000 58.892623901 -0.010800270 0.999862254 0.012604407 -1.894253135 -0.399308622 -0.015869001 0.916679204 96.030784607
0.933302522 0.009004394 0.358978242 59.026863098 -0.015161984 0.999782205 0.014341094 -1.888667464 -0.358770967 -0.018827381 0.933235645 96.503479004
0.946399689 0.012556507 0.322753638 59.155899048 -0.018093118 0.999736011 0.014159356 -1.894005537 -0.322490722 -0.019240016 0.946376979 96.983581543
0.956634283 0.014216188 0.290944427 59.278472900 -0.019209206 0.999712944 0.014311772 -1.872533560 -0.290657520 -0.019279931 0.956632853 97.489242554
0.963487506 0.010766467 0.267536521 59.417526245 -0.015410943 0.999764681 0.015265850 -1.882847309 -0.267309248 -0.018831434 0.963426769 97.986145020
0.967765033 0.009290756 0.251683503 59.552124023 -0.013657613 0.999784887 0.015608707 -1.879738688 -0.251484454 -0.018542942 0.967683613 98.474494934
0.970806479 0.012447967 0.239540935 59.654865265 -0.016756840 0.999732196 0.015959149 -1.866095781 -0.239278167 -0.019507183 0.970755041 98.979469299
0.972898662 0.016736062 0.230625451 59.730487823 -0.021056004 0.999645650 0.016282141 -1.854145050 -0.230271295 -0.020696912 0.972906351 99.486335754
0.974075377 0.020359285 0.225305259 59.819503784 -0.024596155 0.999569178 0.016013166 -1.850422859 -0.224882245 -0.021139666 0.974156618 99.999656677
0.974460244 0.025719706 0.223082006 59.911437988 -0.029652983 0.999458015 0.014298534 -1.840021253 -0.222593397 -0.020548392 0.974694788 100.508468628
0.974602997 0.026337136 0.222385243 60.025020599 -0.030004496 0.999463618 0.013127311 -1.835794687 -0.221920282 -0.019466463 0.974870503 101.032661438
0.974276543 0.024533071 0.224016279 60.157920837 -0.027793888 0.999548614 0.011413426 -1.830262780 -0.223635167 -0.017346106 0.974518478 101.550277710
0.973538637 0.023316385 0.227329880 60.297988892 -0.025877003 0.999630749 0.008289013 -1.830116272 -0.227052733 -0.013952283 0.973782480 102.055160522
0.972795069 0.023595545 0.230462387 60.433849335 -0.025762994 0.999647617 0.006399062 -1.829999804 -0.230230242 -0.012162369 0.973060131 102.601295471
0.971836746 0.026357867 0.234176144 60.577095032 -0.028682016 0.999567270 0.006523444 -1.826896667 -0.233902931 -0.013056358 0.972172260 103.148506165
0.970638216 0.028052315 0.238902315 60.715915680 -0.030953964 0.999485493 0.008401257 -1.825119615 -0.238543734 -0.015549544 0.971007288 103.709877014
0.969628036 0.027863663 0.242992058 60.874820709 -0.031451046 0.999445915 0.010895198 -1.837758183 -0.242553890 -0.018206634 0.969967067 104.268806458
0.968747079 0.027220264 0.246552318 61.030460358 -0.031832583 0.999384582 0.014739538 -1.825905204 -0.245999381 -0.022127267 0.969017446 104.833442688
0.968140960 0.026009697 0.249051362 61.190509796 -0.031446449 0.999345660 0.017874908 -1.817738295 -0.248423532 -0.025137203 0.968325317 105.409454346
0.967743278 0.023778925 0.250813544 61.352680206 -0.029253479 0.999407828 0.018120509 -1.812004566 -0.250234157 -0.024873156 0.967865765 105.972450256
0.967667460 0.022066709 0.251262486 61.508682251 -0.027104706 0.999494672 0.016606692 -1.806815386 -0.250769109 -0.022880137 0.967776477 106.554389954
0.967790008 0.019941280 0.250967801 61.660526276 -0.024029238 0.999623656 0.013234116 -1.799368978 -0.250609517 -0.018838400 0.967904866 107.141876221
0.967932045 0.021863960 0.250258714 61.808692932 -0.025044583 0.999640942 0.009530937 -1.787945390 -0.249960557 -0.015492918 0.968132019 107.718994141
0.968456388 0.022882096 0.248130217 61.956047058 -0.025436195 0.999651313 0.007091354 -1.785618782 -0.247881427 -0.013179146 0.968700707 108.321327209
0.969080746 0.021583773 0.245797738 62.121280670 -0.024505256 0.999660671 0.008832370 -1.782234788 -0.245523751 -0.014582605 0.969280779 108.957351685
0.969537258 0.019836921 0.244139180 62.274036407 -0.023814343 0.999627292 0.013349846 -1.781564832 -0.243783429 -0.018757179 0.969648242 109.552917480
0.970114827 0.018970937 0.241903216 62.427104950 -0.023990519 0.999553382 0.017820958 -1.781822324 -0.241457134 -0.023091748 0.970136642 110.164985657
0.970359266 0.021828545 0.240678519 62.574016571 -0.026976574 0.999471962 0.018114684 -1.774250031 -0.240156054 -0.024070425 0.970435858 110.800811768
0.970715582 0.024488883 0.238979980 62.726150513 -0.029044978 0.999457061 0.015560644 -1.763790131 -0.238469183 -0.022046115 0.970899701 111.438964844
0.971529007 0.025311299 0.235564917 62.877662659 -0.029070707 0.999499261 0.012498725 -1.761441708 -0.235130623 -0.018990900 0.971778154 112.072746277
0.972433448 0.025655653 0.231764868 63.041530609 -0.029029103 0.999516368 0.011155644 -1.747406960 -0.231366590 -0.017576035 0.972707808 112.736465454
0.973237097 0.023976963 0.228549153 63.202232361 -0.027353760 0.999558330 0.011617521 -1.749364257 -0.228169680 -0.017558269 0.973463058 113.440834045
0.974144757 0.022220179 0.224829137 63.377998352 -0.025739104 0.999587655 0.012731686 -1.750900865 -0.224453554 -0.018189397 0.974314928 114.191482544
0.974596858 0.020382455 0.223036915 63.580924988 -0.024141368 0.999608576 0.014138827 -1.751744628 -0.222661451 -0.019164065 0.974707425 115.041717529
0.974829495 0.018266393 0.222202092 63.782691956 -0.022222456 0.999635696 0.015315875 -1.750033736 -0.221841440 -0.019868232 0.974880278 115.924133301
0.975047112 0.015798626 0.221435115 63.989723206 -0.019912871 0.999667823 0.016359018 -1.748092294 -0.221103162 -0.020360211 0.975037873 116.808334351
0.975123644 0.016083468 0.221077532 64.182899475 -0.020271748 0.999655187 0.016688224 -1.735509396 -0.220732957 -0.020754699 0.975113451 117.700904846
0.975106895 0.018571077 0.220956072 64.381607056 -0.022644855 0.999616802 0.015917413 -1.732928157 -0.220575854 -0.020524692 0.975153863 118.610519409
0.974947214 0.022290448 0.221316904 64.580543518 -0.026176862 0.999550164 0.014641850 -1.727374673 -0.220890984 -0.020068400 0.975091934 119.504142761
0.974747419 0.025214728 0.221881941 64.769233704 -0.029013325 0.999482751 0.013875987 -1.722817659 -0.221417308 -0.019963104 0.974974811 120.410316467
0.974204838 0.027848147 0.223940119 64.968681335 -0.031885579 0.999387383 0.014431818 -1.717046618 -0.223401055 -0.021199999 0.974496007 121.317985535
0.973707736 0.027618144 0.226120368 65.176971436 -0.031882171 0.999375701 0.015225851 -1.713435173 -0.225558758 -0.022034727 0.973980248 122.223114014
0.973301411 0.028489852 0.227755710 65.389106750 -0.032783672 0.999348640 0.015090542 -1.706706524 -0.227177456 -0.022154305 0.973601401 123.131240845
0.973015308 0.028499678 0.228973374 65.600303650 -0.032623962 0.999366164 0.014245566 -1.709437847 -0.228422314 -0.021331161 0.973328412 124.028564453
0.972910225 0.024193313 0.229913890 65.827293396 -0.028253466 0.999497354 0.014382709 -1.714847565 -0.229450405 -0.020488936 0.973104656 124.938064575
0.972906470 0.020726187 0.230268016 66.048675537 -0.024604270 0.999599457 0.013982075 -1.714782357 -0.229886055 -0.019268816 0.973026752 125.850212097
0.972751915 0.018292576 0.231125936 66.267372131 -0.022084452 0.999660432 0.013828730 -1.725072026 -0.230794534 -0.018556202 0.972825527 126.769958496
0.972454786 0.020634944 0.232176468 66.476921082 -0.024690598 0.999588907 0.014574591 -1.721328974 -0.231780335 -0.019905696 0.972564459 127.675216675
0.972350538 0.022171728 0.232471094 66.695785522 -0.026973255 0.999483049 0.017494857 -1.709336042 -0.231963053 -0.023281628 0.972445846 128.582626343
0.972208023 0.023061048 0.232979879 66.904518127 -0.028300725 0.999415636 0.019171083 -1.686739087 -0.232401669 -0.025231767 0.972292483 129.493865967
0.971995831 0.022078564 0.233958587 67.119430542 -0.026645113 0.999510884 0.016374810 -1.696171522 -0.233482629 -0.022150092 0.972108603 130.390380859
0.972039402 0.019791981 0.233982295 67.339111328 -0.022311080 0.999718010 0.008123276 -1.703174829 -0.233755559 -0.013116530 0.972206831 131.290008545
0.972292483 0.017678060 0.233098119 67.555076599 -0.018563336 0.999826372 0.001603844 -1.732357502 -0.233029321 -0.005886472 0.972451866 132.187438965
0.972523630 0.017280426 0.232161745 67.768058777 -0.018629344 0.999819875 0.003618244 -1.726829529 -0.232057452 -0.007843839 0.972670436 133.097732544
0.972860396 0.012738582 0.231041610 67.990951538 -0.016750012 0.999740899 0.015408467 -1.693779826 -0.230785519 -0.018860228 0.972821772 134.025115967
0.973097622 0.008509770 0.230235711 68.197570801 -0.014785989 0.999564290 0.025547743 -1.684139132 -0.229918048 -0.028264700 0.972799420 134.933029175
0.973134995 0.011000828 0.229972139 68.397445679 -0.017007254 0.999563634 0.024151539 -1.686384082 -0.229606107 -0.027413892 0.972897530 135.827178955
0.973193824 0.018833250 0.229214013 68.580375671 -0.023018084 0.999613345 0.015596524 -1.702084064 -0.228831723 -0.020454498 0.973251045 136.716369629
0.973394990 0.019259200 0.228322864 68.785644531 -0.021856379 0.999721885 0.008851063 -1.694108248 -0.228088945 -0.013605882 0.973545194 137.612823486
0.973919928 0.016280480 0.226306811 68.985977173 -0.018477987 0.999800384 0.007594578 -1.698796153 -0.226138040 -0.011578197 0.974026442 138.523910522
0.974490702 0.015278578 0.223907232 69.186737061 -0.017542455 0.999813080 0.008124297 -1.703801751 -0.223741338 -0.011844924 0.974576473 139.413192749
0.975096881 0.016955517 0.221130267 69.376983643 -0.019137971 0.999786913 0.007729951 -1.708236575 -0.220952123 -0.011769427 0.975213587 140.306488037
0.975889385 0.017907266 0.217529416 69.570121765 -0.019930296 0.999776065 0.007108763 -1.707555890 -0.217353478 -0.011272784 0.976027787 141.200271606
0.976416290 0.019858379 0.214980781 69.751174927 -0.021828152 0.999738634 0.006791441 -1.707061529 -0.214789778 -0.011323899 0.976594627 142.081420898
0.976672292 0.023759063 0.213416710 69.924896240 -0.025782112 0.999645174 0.006699991 -1.710767508 -0.213181853 -0.012046020 0.976938188 142.970123291
0.976860523 0.024542771 0.212464660 70.113601685 -0.026780384 0.999611974 0.007659147 -1.718238354 -0.212194294 -0.013171796 0.977138758 143.858657837
0.977041423 0.024774201 0.211604163 70.292999268 -0.027318526 0.999585271 0.009107849 -1.717454672 -0.211290807 -0.014679450 0.977312922 144.740036011
0.977300525 0.024580615 0.210426763 70.476440430 -0.027199078 0.999584377 0.009557381 -1.719234943 -0.210104421 -0.015063840 0.977562904 145.624008179
0.977680624 0.023602329 0.208766028 70.660118103 -0.025896389 0.999630511 0.008261156 -1.723478198 -0.208493948 -0.013483051 0.977930725 146.510787964
0.978426337 0.020976707 0.205528304 70.841606140 -0.022771908 0.999720395 0.006372117 -1.734715223 -0.205337241 -0.010914911 0.978630304 147.381118774
0.979543865 0.020371929 0.200196430 71.017066956 -0.022086214 0.999735951 0.006332385 -1.737473965 -0.200014606 -0.010624425 0.979735374 148.253570557
0.980769873 0.018803516 0.194260329 71.185157776 -0.020964473 0.999739051 0.009073202 -1.741701603 -0.194039106 -0.012971280 0.980907977 149.117095947
0.981840372 0.016733214 0.188969523 71.338516235 -0.019812720 0.999699652 0.014418142 -1.739912033 -0.188671544 -0.017900309 0.981877089 149.981048584
0.982568622 0.016942181 0.185126647 71.509376526 -0.021041963 0.999574423 0.020202655 -1.728034973 -0.184705630 -0.023745917 0.982506990 150.880386353
0.983114004 0.018926296 0.182012632 71.668045044 -0.023340467 0.999482453 0.022139654 -1.711682081 -0.181499451 -0.026014058 0.983046830 151.760543823
0.983748436 0.021660376 0.178241104 71.815223694 -0.025560690 0.999480844 0.019613920 -1.705693603 -0.177723736 -0.023851119 0.983791351 152.640441895
0.984804809 0.021496341 0.172329351 71.960777283 -0.024390979 0.999594450 0.014696190 -1.720417023 -0.171943590 -0.018676154 0.984929681 153.487838745
0.985884964 0.020126190 0.166209906 72.117889404 -0.022136204 0.999702394 0.010248511 -1.715906501 -0.165954232 -0.013783105 0.986037076 154.346267700
0.986939251 0.019420695 0.159917548 72.255134583 -0.021360578 0.999717534 0.010419369 -1.707931519 -0.159670070 -0.013699211 0.987075448 155.213165283
0.987949967 0.023016807 0.153052852 72.384056091 -0.025098000 0.999616742 0.011678519 -1.693641543 -0.152725458 -0.015379105 0.988148928 156.079071045
0.988910496 0.026493711 0.146130353 72.500007629 -0.028350538 0.999541461 0.010637337 -1.687734604 -0.145781562 -0.014662242 0.989208102 156.960021973
0.990168154 0.028000964 0.137050405 72.617500305 -0.029412922 0.999532938 0.008286817 -1.693233848 -0.136754408 -0.012236394 0.990529358 157.842071533
0.991294205 0.027314857 0.128801093 72.744613647 -0.028477360 0.999568582 0.007191102 -1.698587418 -0.128549159 -0.010796411 0.991644382 158.716445923
0.992266655 0.027301390 0.121084064 72.853294373 -0.028560141 0.999554455 0.008670859 -1.701692939 -0.120793439 -0.012061981 0.992604375 159.596008301
0.993119657 0.028329846 0.113624848 72.950927734 -0.029995132 0.999465942 0.012971584 -1.687349677 -0.113196723 -0.016290525 0.993438959 160.482772827
0.993932903 0.029197823 0.106041864 73.037788391 -0.031226220 0.999358892 0.017516807 -1.683839202 -0.105462469 -0.020721814 0.994207323 161.379028320
0.994735837 0.028935637 0.098301478 73.123466492 -0.031025100 0.999322712 0.019792169 -1.690930843 -0.097662240 -0.022737792 0.994959772 162.285781860
0.995320559 0.029229289 0.092101730 73.208099365 -0.031234764 0.999303758 0.020406928 -1.676699281 -0.091441169 -0.023188209 0.995540440 163.180480957
0.995705307 0.029235233 0.087842040 73.289382935 -0.031110710 0.999314725 0.020055884 -1.663414598 -0.087195560 -0.022702578 0.995932460 164.072540283
0.995921552 0.032535315 0.084152192 73.363922119 -0.034076773 0.999275625 0.016944272 -1.652021885 -0.083540007 -0.019742806 0.996308863 164.973129272
0.996063173 0.036382549 0.080835432 73.425537109 -0.037520796 0.999216318 0.012604613 -1.641622782 -0.080313534 -0.015588002 0.996647716 165.874557495
0.996155918 0.038070388 0.078891903 73.487243652 -0.039051235 0.999177456 0.010925076 -1.635791540 -0.078411154 -0.013963908 0.996823251 166.771057129
0.996371508 0.038114481 0.076098017 73.548431396 -0.039296985 0.999128103 0.014100363 -1.632114887 -0.075494274 -0.017039629 0.997000575 167.688842773
0.996479392 0.038082667 0.074689336 73.601730347 -0.039594058 0.999037862 0.018858012 -1.607925534 -0.073899359 -0.021748878 0.997028470 168.605194092
0.996616960 0.039454103 0.072096750 73.668991089 -0.041248083 0.998870969 0.023563113 -1.595607877 -0.071085744 -0.026457254 0.997119188 169.537841797
0.996927142 0.038795188 0.068052150 73.732238770 -0.040393289 0.998935819 0.022264054 -1.592539668 -0.067116030 -0.024944495 0.997433245 170.429565430
0.997350454 0.033998188 0.064313285 73.806053162 -0.035170399 0.999233663 0.017180396 -1.606816173 -0.063679934 -0.019396797 0.997781873 171.324356079
0.997766972 0.032721113 0.058226150 73.860046387 -0.033584289 0.999339163 0.013905292 -1.609712958 -0.057732716 -0.015829731 0.998206615 172.220520020
0.998092592 0.033388726 0.051926218 73.911956787 -0.034175601 0.999313056 0.014337216 -1.601930976 -0.051411889 -0.016084483 0.998548031 173.114959717
0.998525143 0.030843195 0.044679675 73.948631287 -0.031630509 0.999354780 0.017019143 -1.600737214 -0.044125970 -0.018407289 0.998856306 174.016448975
0.998917818 0.027088193 0.037807677 73.999397278 -0.027840966 0.999421656 0.019523995 -1.603167295 -0.037256993 -0.020555474 0.999094248 174.940322876
0.999195218 0.024345741 0.031876124 74.040969849 -0.025033880 0.999458313 0.021364942 -1.588319063 -0.031338759 -0.022145735 0.999263406 175.854507446
0.999396920 0.022421315 0.026513506 74.073921204 -0.022991540 0.999506652 0.021395763 -1.577151775 -0.026020752 -0.021992452 0.999419391 176.772369385
0.999553502 0.022157351 0.020043595 74.107467651 -0.022520786 0.999582767 0.018084344 -1.575946808 -0.019634580 -0.018527674 0.999635518 177.686904907
0.999716878 0.019551989 0.013555342 74.131744385 -0.019701581 0.999745548 0.010980206 -1.573574781 -0.013337256 -0.011244165 0.999847770 178.576705933
0.999797106 0.018871652 0.007035770 74.167770386 -0.018929359 0.999787152 0.008205979 -1.577061415 -0.006879460 -0.008337503 0.999941528 179.474029541
0.999817610 0.019095764 0.000293461 74.173667908 -0.019098144 0.999721527 0.013856042 -1.566279650 -0.000028835 -0.013859127 0.999903977 180.397140503
0.999738574 0.022400547 -0.004572092 74.166183472 -0.022292048 0.999496639 0.022571327 -1.539532542 0.005075354 -0.022463514 0.999734700 181.335357666
0.999651790 0.024911907 -0.008687597 74.156555176 -0.024646927 0.999264002 0.029394649 -1.540093660 0.009413436 -0.029170301 0.999530017 182.276870728
0.999611199 0.024951983 -0.012440276 74.141540527 -0.024588592 0.999289513 0.028565794 -1.536069870 0.013144163 -0.028248809 0.999514401 183.197799683
0.999535024 0.026971988 -0.014217920 74.122787476 -0.026643615 0.999384820 0.022809777 -1.549777031 0.014824351 -0.022420362 0.999638736 184.113632202
0.999253869 0.034810990 -0.016725402 74.084304810 -0.034561146 0.999289870 0.015010924 -1.538056374 0.017236020 -0.014421686 0.999747396 185.025482178
0.999191582 0.035704937 -0.018474717 74.061264038 -0.035475802 0.999291241 0.012593344 -1.542172790 0.018911218 -0.011927767 0.999750018 185.954483032
0.999295056 0.031595733 -0.020273648 74.052688599 -0.031284831 0.999390662 0.015480658 -1.540838003 0.020750368 -0.014835499 0.999674559 186.889251709
0.999378026 0.028628727 -0.020587964 74.045166016 -0.028204195 0.999389350 0.020630646 -1.519481778 0.021165976 -0.020037157 0.999575138 187.842529297
0.999365211 0.029137719 -0.020496691 74.021026611 -0.028638719 0.999295950 0.024238583 -1.486393929 0.021188470 -0.023636207 0.999495983 188.786972046
0.999285460 0.030697968 -0.022047598 73.989845276 -0.030169871 0.999258876 0.023905203 -1.470831633 0.022765053 -0.023222959 0.999471009 189.721755981
0.999299526 0.028663361 -0.024058424 73.970642090 -0.028213879 0.999424636 0.018825125 -1.465333581 0.024584129 -0.018133167 0.999533236 190.649948120
0.999280393 0.027727757 -0.025881426 73.962631226 -0.027431529 0.999554813 0.011736998 -1.470953941 0.026195297 -0.011018593 0.999596000 191.570526123
0.999301732 0.025062684 -0.027710695 73.946083069 -0.024865091 0.999663055 0.007457776 -1.464594483 0.027888222 -0.006763548 0.999588132 192.511779785
0.999313295 0.023186412 -0.028901087 73.925445557 -0.022924021 0.999693155 0.009382518 -1.471157551 0.029109720 -0.008713555 0.999538243 193.446014404
0.999313593 0.022369878 -0.029526997 73.901573181 -0.021950519 0.999654472 0.014456032 -1.459958315 0.029840130 -0.013797987 0.999459445 194.394882202
0.999292552 0.021596935 -0.030786550 73.867408752 -0.021089446 0.999637783 0.016719380 -1.461420417 0.031136440 -0.016058289 0.999386072 195.336273193
0.999225080 0.024020065 -0.031179164 73.841354370 -0.023538098 0.999599040 0.015738858 -1.468896866 0.031544667 -0.014992775 0.999389887 196.276611328
0.999145806 0.027126184 -0.031173369 73.810997009 -0.026741974 0.999561906 0.012681391 -1.465357423 0.031503666 -0.011836933 0.999433517 197.192840576
0.999054372 0.029895341 -0.031570096 73.776123047 -0.029528037 0.999491394 0.012042090 -1.447878957 0.031913996 -0.011098512 0.999428928 198.136566162
0.999050200 0.029932959 -0.031664629 73.742095947 -0.029525908 0.999476314 0.013250130 -1.450367212 0.032044608 -0.012302626 0.999410689 199.069030762
0.998990417 0.031591315 -0.031940050 73.711059570 -0.031134732 0.999407172 0.014697498 -1.450064898 0.032385379 -0.013688223 0.999381661 199.995376587
0.998910367 0.033670016 -0.032316003 73.677696228 -0.033181060 0.999328315 0.015554052 -1.442511201 0.032817956 -0.014464835 0.999356508 200.937683105
0.998841524 0.035063352 -0.032959100 73.639389038 -0.034571737 0.999284029 0.015373880 -1.438451409 0.033474509 -0.014216624 0.999338448 201.846847534
0.998846412 0.034420665 -0.033482682 73.614128113 -0.033991743 0.999333620 0.013300856 -1.452942848 0.033918150 -0.012147387 0.999350727 202.760848999
0.998724520 0.037097368 -0.034250800 73.586891174 -0.036769442 0.999272168 0.010159457 -1.454802036 0.034602717 -0.008887125 0.999361515 203.650360107
0.998647928 0.038181223 -0.035276521 73.546730042 -0.037831869 0.999228716 0.010522697 -1.456165195 0.035651036 -0.009173905 0.999322116 204.564529419
0.998559654 0.038582485 -0.037282165 73.520088196 -0.038015846 0.999152303 0.015794046 -1.435715795 0.037859887 -0.014353996 0.999179840 205.480422974
0.998603404 0.036782682 -0.037924062 73.487854004 -0.035939835 0.999096692 0.022675820 -1.433936238 0.038723838 -0.021281177 0.999023199 206.402130127
0.998756766 0.031083133 -0.038972192 73.468772888 -0.030162912 0.999257207 0.023985777 -1.421415687 0.039688751 -0.022780450 0.998952270 207.287338257
0.998770118 0.029295869 -0.040000960 73.432418823 -0.028468756 0.999372065 0.021096528 -1.437091589 0.040593836 -0.019931816 0.998976827 208.171966553
0.998729408 0.030773062 -0.039907422 73.398323059 -0.030065432 0.999381959 0.018216051 -1.439423084 0.040443275 -0.016993083 0.999037206 209.035171509
0.998654664 0.033557918 -0.039533366 73.364204407 -0.032968517 0.999336660 0.015471773 -1.447112560 0.040026292 -0.014147609 0.999098361 209.898361206
0.998666823 0.033777785 -0.039031051 73.332405090 -0.033285350 0.999358714 0.013201899 -1.437296391 0.039451897 -0.011885147 0.999150693 210.723114014
0.998754978 0.033963121 -0.036536459 73.312858582 -0.033578049 0.999374449 0.011105824 -1.453288555 0.036890738 -0.009865184 0.999270558 211.531234741
0.998887599 0.034349669 -0.032308497 73.292549133 -0.034018219 0.999363303 0.010758057 -1.460592866 0.032657415 -0.009647020 0.999419928 212.310302734
0.999068737 0.033350408 -0.027375925 73.261497498 -0.032999866 0.999368668 0.013163637 -1.455692053 0.027797610 -0.012247985 0.999538481 213.051193237
0.999135435 0.035988223 -0.020812606 73.238525391 -0.035616942 0.999204338 0.017949669 -1.437584996 0.021441972 -0.017192876 0.999622166 213.731674194
0.999140978 0.038703479 -0.014807221 73.215980530 -0.038405940 0.999064326 0.019886721 -1.433190584 0.015563007 -0.019300964 0.999692500 214.345916748
0.999203920 0.038900819 -0.008849808 73.197998047 -0.038731724 0.999077380 0.018552573 -1.420316339 0.009563307 -0.018195041 0.999788761 214.941619873
0.999235451 0.038987208 -0.002929752 73.185562134 -0.038942419 0.999142230 0.014085792 -1.424061537 0.003476358 -0.013960937 0.999896526 215.537033081
0.999195993 0.039940521 0.003480164 73.184158325 -0.039965339 0.999174178 0.007335021 -1.425608635 -0.003184373 -0.007468216 0.999966979 216.127761841
0.999077260 0.041621536 0.010593922 73.169662476 -0.041658208 0.999126613 0.003250224 -1.437871575 -0.010449437 -0.003688555 0.999938548 216.705032349
0.999008358 0.041173853 0.016939092 73.180007935 -0.041236538 0.999143779 0.003359680 -1.428983927 -0.016786303 -0.004054864 0.999850929 217.302017212
0.999010623 0.038306929 0.022591215 73.189216614 -0.038470030 0.999236465 0.006822892 -1.437770486 -0.022312650 -0.007685231 0.999721408 217.891143799
0.999065042 0.032353047 0.028676094 73.212455750 -0.032692973 0.999399722 0.011460109 -1.438116670 -0.028288160 -0.012386906 0.999523044 218.487075806
0.998997331 0.029230814 0.033910897 73.239959717 -0.029689144 0.999473512 0.013087269 -1.450535178 -0.033510540 -0.014080936 0.999339104 219.068817139
0.998885930 0.029330108 0.036967523 73.261436462 -0.029837571 0.999467015 0.013247086 -1.448775411 -0.036559325 -0.014335351 0.999228597 219.650878906
0.998796463 0.030879276 0.038105931 73.276046753 -0.031419009 0.999413192 0.013643179 -1.441106439 -0.037662324 -0.014824013 0.999180496 220.232955933
0.998797953 0.031301998 0.037721306 73.292083740 -0.031866055 0.999387860 0.014441935 -1.439026713 -0.037246201 -0.015626609 0.999183893 220.808227539
0.998824060 0.031141538 0.037157714 73.313858032 -0.031752095 0.999368489 0.015951868 -1.436677575 -0.036637530 -0.017112948 0.999181986 221.403305054
0.998811364 0.032438621 0.036382161 73.345993042 -0.033044733 0.999322951 0.016179584 -1.427695155 -0.035832729 -0.017362596 0.999206841 222.010543823
0.998629510 0.038724948 0.035207164 73.358314514 -0.039206985 0.999145210 0.013101211 -1.434466124 -0.034669776 -0.014463626 0.999294043 222.571472168
0.998454869 0.044532880 0.033235747 73.360671997 -0.044790819 0.998971462 0.007052186 -1.422090888 -0.032887552 -0.008529951 0.999422550 223.154495239
0.998641312 0.042284101 0.030454585 73.376228333 -0.042324848 0.999103665 0.000689561 -1.441783309 -0.030398179 -0.001977615 0.999535859 223.733993530
0.998926759 0.037838165 0.026713751 73.411506653 -0.037775882 0.999282181 -0.002838166 -1.456459284 -0.026802018 0.001825979 0.999639094 224.324722290
0.998970449 0.039614055 0.022110706 73.447578430 -0.039637323 0.999213934 0.000608439 -1.462467670 -0.022069274 -0.001484227 0.999755263 224.927413940
0.998937845 0.042448811 0.017921101 73.466537476 -0.042632677 0.999040782 0.009997107 -1.446758389 -0.017479593 -0.010750519 0.999789357 225.538787842
0.999056876 0.041097857 0.014011157 73.474487305 -0.041395735 0.998907864 0.021665553 -1.432305098 -0.013105495 -0.022225125 0.999666989 226.156097412
0.999306560 0.036150303 0.008917404 73.491783142 -0.036401063 0.998894155 0.029755289 -1.427724719 -0.007831925 -0.030059265 0.999517381 226.772430420
0.999350131 0.035630472 0.005458170 73.483985901 -0.035778347 0.998912156 0.029906385 -1.427371740 -0.004386700 -0.030082241 0.999537826 227.375289917
0.999310374 0.037055511 0.002354090 73.479232788 -0.037104137 0.998977840 0.025818437 -1.415482879 -0.001395014 -0.025887985 0.999663830 227.948760986
0.999365628 0.035555720 -0.001997819 73.469116211 -0.035510696 0.999182284 0.019331703 -1.418853521 0.002683491 -0.019248506 0.999811172 228.553665161
0.999520421 0.030633204 -0.004516361 73.477005005 -0.030555256 0.999397695 0.016450619 -1.409768581 0.005017530 -0.016304739 0.999854445 229.152648926
0.999674678 0.024564840 -0.006862967 73.501533508 -0.024429675 0.999518156 0.019149490 -1.387680769 0.007330017 -0.018975608 0.999792993 229.753784180
0.999782860 0.018496100 -0.009596157 73.497489929 -0.018283071 0.999594152 0.021846086 -1.387730002 0.009996284 -0.021665899 0.999715209 230.355575562
0.999816895 0.015726505 -0.010901684 73.511413574 -0.015474526 0.999619424 0.022837918 -1.381700158 0.011256648 -0.022665044 0.999679744 230.969848633
0.999807179 0.015096955 -0.012552396 73.504501343 -0.014824724 0.999658465 0.021516614 -1.369932771 0.012872902 -0.021326387 0.999689639 231.560211182
0.999824882 0.012425039 -0.013995765 73.504173279 -0.012167394 0.999757409 0.018356467 -1.359508276 0.014220403 -0.018182965 0.999733508 232.156356812
0.999842644 0.009666517 -0.014868175 73.519210815 -0.009403431 0.999799550 0.017673710 -1.349101782 0.015035992 -0.017531127 0.999733210 232.743041992
0.999831557 0.008507344 -0.016259911 73.505889893 -0.008194657 0.999781847 0.019210530 -1.341657281 0.016419750 -0.019074060 0.999683142 233.338684082
0.999831975 0.005976044 -0.017327117 73.503273010 -0.005596764 0.999745250 0.021864271 -1.337635159 0.017453318 -0.021763630 0.999610722 233.935974121
0.999817252 0.005565949 -0.018287174 73.501670837 -0.005138826 0.999714613 0.023329068 -1.331855893 0.018411761 -0.023230840 0.999560475 234.524612427
0.999813676 0.003999421 -0.018881571 73.499565125 -0.003576264 0.999742627 0.022399807 -1.328603029 0.018966250 -0.022328114 0.999570787 235.115875244
0.999809921 0.003254809 -0.019223766 73.485336304 -0.002906154 0.999831140 0.018144527 -1.330924034 0.019279532 -0.018085219 0.999650538 235.688339233
0.999803603 0.003303831 -0.019538634 73.469528198 -0.003084970 0.999932170 0.011228693 -1.335248709 0.019574359 -0.011166219 0.999745965 236.267654419
0.999790967 0.005095201 -0.019801836 73.457122803 -0.004956685 0.999962866 0.007045381 -1.336971402 0.019836949 -0.006945764 0.999779046 236.824417114
0.999795973 0.004969738 -0.019573258 73.430389404 -0.004826675 0.999961257 0.007357161 -1.334308505 0.019609017 -0.007261197 0.999781311 237.398956299
0.999798238 0.003336030 -0.019803071 73.424079895 -0.003106165 0.999927461 0.011634486 -1.346560955 0.019840401 -0.011570636 0.999736130 237.982467651
0.999799490 0.000700919 -0.020009080 73.414962769 -0.000349631 0.999845684 0.017561942 -1.345795393 0.020018257 -0.017551435 0.999645531 238.567504883
0.999794662 -0.000897847 -0.020241624 73.408409119 0.001339501 0.999760866 0.021823458 -1.352232099 0.020217145 -0.021846101 0.999556839 239.136993408
0.999792516 0.000734956 -0.020355523 73.392761230 -0.000258952 0.999726474 0.023384541 -1.341746449 0.020367099 -0.023374429 0.999519229 239.715789795
0.999750376 -0.000357707 -0.022335250 73.381896973 0.000905522 0.999698699 0.024528192 -1.335481882 0.022319701 -0.024542309 0.999449551 240.263046265
0.999639273 -0.004046612 -0.026550399 73.368186951 0.004699581 0.999686778 0.024583088 -1.334454417 0.026442559 -0.024699004 0.999345064 240.809906006
0.999422133 -0.007792153 -0.033084810 73.356086731 0.008576386 0.999683917 0.023632836 -1.324427962 0.032890148 -0.023902941 0.999173045 241.342315674
0.999057412 -0.010742459 -0.042057816 73.336685181 0.011666043 0.999694705 0.021779908 -1.331255436 0.041810967 -0.022250038 0.998877704 241.853515625
0.998432755 -0.011393507 -0.054793917 73.317794800 0.012518248 0.999716938 0.020230208 -1.325525045 0.054547869 -0.020884434 0.998292685 242.373855591
0.997277737 -0.012105446 -0.072735816 73.280105591 0.013529595 0.999725640 0.019121056 -1.321439266 0.072484337 -0.020053100 0.997167826 242.914474487
0.995480299 -0.014126485 -0.093911618 73.230598450 0.016063694 0.999672771 0.019905712 -1.321862221 0.093599655 -0.021324327 0.995381534 243.440902710
0.992987454 -0.012751285 -0.117530353 73.128768921 0.015330033 0.999660552 0.021064540 -1.313298225 0.117221802 -0.022718582 0.992845833 243.970230103
0.989395916 -0.012706364 -0.144686848 73.035926819 0.016128305 0.999616623 0.022503307 -1.311796784 0.144345388 -0.024598252 0.989221573 244.499328613
0.984188735 -0.013765568 -0.176587597 72.920074463 0.018008750 0.999585688 0.022449424 -1.310783744 0.176205352 -0.025274608 0.984028876 245.009582520
0.977197886 -0.011946166 -0.211994052 72.789703369 0.016767886 0.999639690 0.020962033 -1.315743804 0.211667210 -0.024038769 0.977046132 245.525070190
0.967710614 -0.009506254 -0.251884818 72.637550354 0.014566449 0.999727607 0.018232888 -1.304146647 0.251642853 -0.021313246 0.967585385 245.998764038
0.955750942 -0.007272191 -0.294087023 72.456451416 0.012435549 0.999799550 0.015691604 -1.313551784 0.293913931 -0.018654428 0.955649793 246.442810059
0.940811872 -0.004929097 -0.338893503 72.253067017 0.010659980 0.999829888 0.015051690 -1.311293244 0.338761687 -0.017773440 0.940704286 246.882064819
0.922774076 0.002475700 -0.385333240 72.039276123 0.003284125 0.999892473 0.014289141 -1.312067032 0.385327160 -0.014451168 0.922666848 247.289108276
0.901331246 0.014711998 -0.432880461 71.784980774 -0.009279581 0.999849439 0.014659810 -1.317259550 0.433030963 -0.009196435 0.901332080 247.667022705
0.875878334 0.027218789 -0.481763631 71.515487671 -0.021836052 0.999620676 0.016777687 -1.322062016 0.482037574 -0.004175442 0.876140594 248.021774292
0.846612930 0.037306216 -0.530899942 71.242485046 -0.031343356 0.999303818 0.020238632 -1.315247178 0.531285286 -0.000494150 0.847192824 248.368499756
0.813847184 0.042776126 -0.579502344 70.940948486 -0.035278633 0.999084473 0.024202973 -1.308203697 0.580007076 0.000746481 0.814611018 248.716659546
0.778423905 0.048838917 -0.625836313 70.632408142 -0.037919305 0.998806596 0.030780373 -1.298472524 0.626592696 -0.000228960 0.779346883 249.029052734
0.740771770 0.058105037 -0.669239163 70.311065674 -0.040578086 0.998303294 0.041760076 -1.294212937 0.670529962 -0.003778293 0.741872609 249.308609009
0.701320052 0.068923526 -0.709506571 69.968017578 -0.044465356 0.997606277 0.052958228 -1.277089834 0.711458266 -0.005592272 0.702706099 249.576095581
0.659746587 0.075063638 -0.747729719 69.626113892 -0.045420244 0.997162759 0.060028277 -1.242648840 0.750114202 -0.005641445 0.661284208 249.797363281
0.616349578 0.078726903 -0.783527374 69.284057617 -0.044505015 0.996882141 0.065155238 -1.239721775 0.786213994 -0.005287567 0.617931664 250.018127441
0.571078598 0.081423968 -0.816847146 68.908264160 -0.042740632 0.996668160 0.069467746 -1.204142213 0.819781899 -0.004759054 0.572655976 250.181259155
0.523234606 0.080556184 -0.848372638 68.523338318 -0.037693005 0.996735513 0.071396723 -1.184339523 0.851354659 -0.005379593 0.524563015 250.367462158
0.473212153 0.076707058 -0.877602577 68.178840637 -0.030565128 0.997031689 0.070664898 -1.160649538 0.880418062 -0.006615520 0.474152058 250.511978149
0.421211213 0.072377324 -0.904070020 67.772727966 -0.023868205 0.997350097 0.068724863 -1.128138423 0.906648338 -0.007369221 0.421822548 250.655059814
0.368094653 0.068110198 -0.927290261 67.406600952 -0.019224085 0.997657716 0.065647691 -1.101476312 0.929589510 -0.006338329 0.368541867 250.786483765
0.316373110 0.067462854 -0.946233034 66.965789795 -0.016266901 0.997707188 0.065694027 -1.067257643 0.948495269 -0.005391624 0.316745162 250.886856079
0.266852230 0.067782149 -0.961350918 66.539375305 -0.014434983 0.997692823 0.066337742 -1.033477783 0.963629365 -0.003825371 0.267214984 250.979583740
0.220513642 0.068821281 -0.972952843 66.139190674 -0.011603019 0.997622192 0.067936599 -1.005550385 0.975314856 -0.003691832 0.220787838 251.036819458
0.176502541 0.068694830 -0.981900156 65.660331726 -0.008987650 0.997632563 0.068179987 -0.988891602 0.984259248 -0.003209050 0.176702112 251.084564209
0.136206552 0.068540491 -0.988306761 65.182525635 -0.006842602 0.997645080 0.068245165 -0.956492305 0.990656912 -0.002532938 0.136354744 251.117614746
0.100425750 0.068342075 -0.992594719 64.706436157 -0.004563774 0.997659206 0.068229116 -0.928225994 0.994934082 -0.002322067 0.100502521 251.133956909
0.069791265 0.066874802 -0.995317459 64.196258545 -0.003640540 0.997760832 0.066783771 -0.893662393 0.997554779 -0.001037509 0.069878474 251.164062500
0.043344490 0.065489292 -0.996911287 63.679229736 -0.002951834 0.997853220 0.065422893 -0.871773958 0.999055684 0.000106919 0.043444779 251.192703247
0.020040683 0.065126382 -0.997675836 63.127803802 -0.002185266 0.997876704 0.065095671 -0.830237925 0.999796748 0.000875548 0.020140454 251.199325562
0.000289707 0.064543262 -0.997914970 62.586917877 -0.003212262 0.997909844 0.064542077 -0.799116373 0.999994814 0.003186779 0.000496413 251.190170288
-0.014858318 0.064521447 -0.997805774 62.050266266 -0.004067614 0.997903645 0.064588428 -0.766137481 0.999881387 0.005018283 -0.014564786 251.187332153
-0.026319642 0.063968927 -0.997604787 61.493492126 -0.005757676 0.997924209 0.064141385 -0.733073175 0.999637008 0.007431976 -0.025896689 251.163772583
-0.032266133 0.063078515 -0.997486830 60.929164886 -0.005476107 0.997980356 0.063286930 -0.699067831 0.999464273 0.007504292 -0.031855572 251.122390747
-0.035705112 0.063103355 -0.997368097 60.349685669 -0.005403903 0.997977674 0.063335441 -0.666774511 0.999347627 0.007651001 -0.035291862 251.088745117
-0.037692912 0.063164748 -0.997291148 59.780181885 -0.005358660 0.997973144 0.063410543 -0.632589400 0.999275029 0.007734190 -0.037278045 251.058532715
-0.038812168 0.063491151 -0.997227252 59.214740753 -0.005308676 0.997952163 0.063743971 -0.607994497 0.999232233 0.007767927 -0.038395558 251.029449463
-0.038915962 0.063881896 -0.997198462 58.630661011 -0.005032253 0.997929156 0.064125158 -0.579552293 0.999229789 0.007513565 -0.038513865 251.003204346
-0.038516633 0.063983373 -0.997207463 58.025379181 -0.005390873 0.997920036 0.064237386 -0.549717665 0.999243319 0.007849942 -0.038091589 250.978622437
-0.038280863 0.063181810 -0.997267604 57.401950836 -0.004133272 0.997980535 0.063385710 -0.514116466 0.999258518 0.006548356 -0.037942465 250.958160400
-0.038179863 0.061968420 -0.997347772 56.766708374 -0.003253138 0.998062372 0.062137429 -0.481893867 0.999265730 0.005616824 -0.037904266 250.935546875
-0.037574861 0.061310340 -0.997411251 56.097511292 -0.003230345 0.998103440 0.061474644 -0.432201087 0.999288619 0.005531806 -0.037305582 250.912353516
-0.037509922 0.060924210 -0.997437358 55.408679962 -0.003141826 0.998127580 0.061084591 -0.392613381 0.999291241 0.005424976 -0.037248354 250.889236450
-0.036526311 0.060944617 -0.997472644 54.683391571 -0.003242356 0.998126149 0.061103348 -0.353336632 0.999327421 0.005465962 -0.036260229 250.865432739
-0.036089588 0.061504193 -0.997454166 53.910881042 -0.002989166 0.998093307 0.061651822 -0.316903174 0.999344110 0.005206459 -0.035836849 250.847244263
-0.034912247 0.061842233 -0.997475088 53.030170441 -0.001741318 0.998078287 0.061940640 -0.267218828 0.999388874 0.003899325 -0.034737393 250.818161011
-0.033047274 0.061693147 -0.997548044 52.118553162 -0.000553012 0.998091817 0.061745167 -0.213539541 0.999453723 0.002592076 -0.032950100 250.791671753
-0.032321472 0.061538395 -0.997581363 51.198051453 -0.000307628 0.998102069 0.061580561 -0.158700198 0.999477565 0.002297173 -0.032241214 250.765869141
-0.031353701 0.063008450 -0.997520447 50.259609222 0.000247731 0.998011529 0.063031755 -0.108382456 0.999508262 0.001729079 -0.031306904 250.732986450
-0.030426545 0.064641856 -0.997444451 49.298816681 0.000909794 0.997907996 0.064644203 -0.055861473 0.999536514 0.001059356 -0.030421758 250.702484131
-0.030027777 0.066605479 -0.997327566 48.333423615 0.002727419 0.997779131 0.066553593 -0.004814327 0.999545455 -0.000721755 -0.030142738 250.678451538
-0.029494526 0.067099497 -0.997310281 47.392692566 0.002496030 0.997746170 0.067055069 0.050914943 0.999561846 -0.000511642 -0.029595546 250.646316528
-0.030067550 0.065623008 -0.997391522 46.453701019 0.002273647 0.997844458 0.065584339 0.108809322 0.999545395 -0.000295839 -0.030152002 250.618515015
-0.031016517 0.063411668 -0.997505367 45.516773224 0.002310685 0.997987449 0.063370526 0.160268188 0.999516189 -0.000339467 -0.031100616 250.591857910
-0.032542054 0.063042946 -0.997480154 44.570102692 0.003075178 0.998010337 0.062976196 0.208381370 0.999465585 -0.001018131 -0.032671135 250.555664062
-0.034446172 0.065363020 -0.997266829 43.612842560 0.005466745 0.997856438 0.065212898 0.252132744 0.999391556 -0.003205546 -0.034729671 250.522750854
-0.036627728 0.069528610 -0.996907413 42.642124176 0.008601139 0.997561693 0.069258295 0.294337988 0.999292016 -0.006037852 -0.037136421 250.485031128
-0.038524199 0.071232945 -0.996715546 41.688148499 0.010242676 0.997431695 0.070888303 0.341459930 0.999205291 -0.007478209 -0.039154828 250.450637817
-0.040525209 0.071317822 -0.996630013 40.734279633 0.010133378 0.997427523 0.070962906 0.400738895 0.999127090 -0.007223523 -0.041143596 250.419830322
-0.042371809 0.070585877 -0.996605337 39.795997620 0.010051539 0.997480869 0.070220590 0.459614277 0.999051273 -0.007042118 -0.042974599 250.372528076
-0.044076525 0.069078013 -0.996637166 38.863204956 0.009186583 0.997592390 0.068738021 0.523007333 0.998985946 -0.006126038 -0.044605002 250.327682495
-0.045766141 0.068421081 -0.996606290 37.917755127 0.008746009 0.997640789 0.068090536 0.579572678 0.998914003 -0.005600172 -0.046256520 250.272583008
-0.046523828 0.067898095 -0.996606946 36.979770660 0.008348910 0.997678816 0.067581445 0.629330099 0.998882353 -0.005176518 -0.046982791 250.225250244
-0.047541380 0.067185074 -0.996607184 36.031490326 0.007217102 0.997732401 0.066916719 0.682236791 0.998843253 -0.004011380 -0.047918469 250.174880981
-0.048054148 0.065499775 -0.996694863 35.108787537 0.005765649 0.997849226 0.065297723 0.732607067 0.998828113 -0.002608843 -0.048328437 250.121154785
-0.048285048 0.063791759 -0.996794522 34.177448273 0.004547407 0.997962177 0.063646279 0.782849371 0.998823404 -0.001459756 -0.048476763 250.070602417
-0.048045255 0.063665777 -0.996814072 33.255531311 0.003928116 0.997970939 0.063550398 0.831226945 0.998837471 -0.000862388 -0.048197750 250.013244629
-0.046675384 0.063753054 -0.996873498 32.322200775 0.006384974 0.997959971 0.063523635 0.879121959 0.998889685 -0.003400099 -0.046987239 249.978149414
-0.045010667 0.063731708 -0.996951461 31.386262894 0.006461769 0.997960687 0.063504532 0.922020793 0.998965621 -0.003583772 -0.045330659 249.937652588
-0.043734550 0.064062133 -0.996987045 30.467565536 0.006191386 0.997940183 0.063851841 0.971357286 0.999024034 -0.003380280 -0.044041075 249.889831543
-0.042260598 0.064436860 -0.997026622 29.548816681 0.007549745 0.997910142 0.064174034 1.014461517 0.999078095 -0.004815346 -0.042658802 249.842575073
-0.040676251 0.065466009 -0.997025430 28.639394760 0.010818312 0.997821629 0.065076992 1.067987680 0.999113798 -0.008139127 -0.041295860 249.810607910
-0.039508756 0.065654509 -0.997060120 27.714855194 0.013033535 0.997788072 0.065186061 1.115460753 0.999134362 -0.010419885 -0.040277075 249.779312134
-0.038037609 0.064948402 -0.997163534 26.783199310 0.012091126 0.997842491 0.064531475 1.169365883 0.999203265 -0.009602292 -0.038740873 249.742324829
-0.036690403 0.064635314 -0.997234285 25.864433289 0.013047114 0.997852087 0.064195402 1.230620980 0.999241531 -0.010655758 -0.037454884 249.702804565
-0.036060378 0.065272793 -0.997215629 24.943851471 0.012578534 0.997815311 0.064857259 1.280572295 0.999270499 -0.010204811 -0.036802642 249.670227051
-0.035384096 0.067036517 -0.997122884 24.022699356 0.016380902 0.997652590 0.066490896 1.330821037 0.999239564 -0.013981136 -0.036399174 249.636245728
-0.035363872 0.068991370 -0.996990323 23.094707489 0.016241219 0.997522175 0.068452165 1.390192866 0.999242544 -0.013771688 -0.036396798 249.594757080
-0.036705013 0.069744118 -0.996889412 22.191736221 0.015742827 0.997478187 0.069205731 1.441323400 0.999202013 -0.013153739 -0.037710335 249.561279297
-0.038412169 0.069130078 -0.996867776 21.298801422 0.014372120 0.997539103 0.068622887 1.492128134 0.999158621 -0.011691230 -0.039311141 249.525497437
-0.040339176 0.067733452 -0.996887505 20.398138046 0.012677846 0.997654080 0.067272589 1.542269945 0.999105513 -0.009924741 -0.041103266 249.486328125
-0.043060336 0.066195779 -0.996877134 19.518293381 0.011813715 0.997766554 0.065744616 1.591407061 0.999002755 -0.008945924 -0.043746278 249.453414917
-0.046309009 0.065392047 -0.996784389 18.617240906 0.011690575 0.997822165 0.064917058 1.644203901 0.998858809 -0.008646816 -0.046972580 249.404846191
-0.050335690 0.065080754 -0.996609688 17.741949081 0.011589403 0.997845471 0.064576171 1.694833040 0.998665214 -0.008299713 -0.050981514 249.362777710
-0.054578539 0.065161139 -0.996381164 16.873332977 0.010397596 0.997851372 0.064687818 1.742093325 0.998455465 -0.006829483 -0.055138841 249.314193726
-0.058476713 0.065730639 -0.996122539 15.984219551 0.009898326 0.997819126 0.065261588 1.782281160 0.998239756 -0.006043748 -0.058999866 249.259552002
-0.061522838 0.066448003 -0.995891452 15.088934898 0.009191598 0.997776866 0.066006050 1.831965446 0.998063445 -0.005093038 -0.061996784 249.200500488
-0.064588748 0.066699460 -0.995680392 14.205517769 0.007714014 0.997767329 0.066338927 1.884332657 0.997882068 -0.003396025 -0.064958975 249.136505127
-0.067045137 0.066355072 -0.995541036 13.333266258 0.006316477 0.997794390 0.066079929 1.932528257 0.997729957 -0.001858053 -0.067316301 249.073135376
-0.068634175 0.065838113 -0.995467126 12.453108788 0.004608152 0.997830272 0.065676764 1.974497080 0.997631371 -0.000079683 -0.068788588 248.997467041
-0.069855727 0.065194093 -0.995424688 11.591097832 0.003742262 0.997872233 0.065091848 2.023104906 0.997550189 0.000821809 -0.069951139 248.926651001
-0.070410825 0.065349244 -0.995375335 10.721035957 0.002610632 0.997860432 0.065327801 2.077128649 0.997514784 0.002001136 -0.070430689 248.858489990
-0.070254922 0.065411784 -0.995382190 9.880574226 0.002441079 0.997856021 0.065402128 2.116971731 0.997526228 0.002164929 -0.070263974 248.804580688
-0.070379645 0.065124437 -0.995392144 9.035028458 -0.000075423 0.997866213 0.065291703 2.167800665 0.997520208 0.004670203 -0.070224650 248.737167358
-0.069570281 0.065139517 -0.995448112 8.213824272 -0.000649660 0.997862697 0.065342985 2.213277817 0.997576892 0.005192548 -0.069379210 248.676467896
-0.068826064 0.064993769 -0.995509326 7.431968212 -0.002133667 0.997863770 0.065295070 2.259809732 0.997626364 0.006618012 -0.068540379 248.624664307
-0.067423187 0.065263629 -0.995587647 6.677942276 -0.001735089 0.997849107 0.065529443 2.299006224 0.997722983 0.006145558 -0.067164920 248.574035645
-0.065383613 0.065552883 -0.995704830 6.034618378 -0.002391313 0.997826636 0.065849677 2.332893372 0.997857511 0.006686444 -0.065084726 248.528442383
-0.062912859 0.065728366 -0.995852411 5.459188461 -0.001921542 0.997819126 0.065979645 2.363498449 0.998017251 0.006064457 -0.062649369 248.495101929
-0.060955487 0.065376446 -0.995997190 4.874937534 -0.003978467 0.997828841 0.065740220 2.395842552 0.998132467 0.007969689 -0.060563002 248.439575195
-0.058428742 0.065100268 -0.996166706 4.299978733 -0.003929853 0.997848749 0.065440752 2.424726009 0.998283863 0.007738329 -0.058047201 248.399017334
-0.056129828 0.065105349 -0.996298492 3.700497627 -0.004297391 0.997846723 0.065448694 2.456126451 0.998414218 0.007955027 -0.055729110 248.357467651
-0.053945664 0.065175965 -0.996414542 3.156439304 -0.003676695 0.997847855 0.065468833 2.486687899 0.998537064 0.007195197 -0.053590000 248.316528320
-0.051449113 0.065385215 -0.996532977 2.623825312 -0.003249208 0.997838140 0.065638676 2.518507957 0.998670459 0.006614905 -0.051125437 248.285339355
-0.048744209 0.065708019 -0.996647656 2.091655731 -0.003147892 0.997818708 0.065939248 2.552097321 0.998806417 0.006351402 -0.048431024 248.249725342
-0.045291573 0.065695986 -0.996811330 1.569954157 -0.003711309 0.997817278 0.065930985 2.578056335 0.998966992 0.006685507 -0.044948898 248.225921631
-0.040808160 0.065746829 -0.997001648 1.066929340 -0.004380167 0.997811317 0.065979585 2.607200861 0.999157488 0.007059457 -0.040430918 248.200225830
-0.036762390 0.066048972 -0.997138977 0.583657742 -0.004076497 0.997795165 0.066242807 2.634310722 0.999315679 0.006499997 -0.036412168 248.185943604
-0.033098109 0.066127993 -0.997262180 0.102940053 -0.005037219 0.997785032 0.066329919 2.668407917 0.999439478 0.007218732 -0.032691725 248.170745850
-0.029513890 0.066342145 -0.997360468 -0.368908435 -0.006304056 0.997762859 0.066555537 2.696512461 0.999544501 0.008251643 -0.029029651 248.151580811
-0.025804793 0.066456474 -0.997455657 -0.841019988 -0.006358107 0.997756779 0.066641100 2.723664284 0.999646842 0.008061504 -0.025324356 248.142303467
-0.022063809 0.067182288 -0.997496784 -1.301509142 -0.006133772 0.997711718 0.067332514 2.749362707 0.999737740 0.007603945 -0.021601252 248.121414185
-0.017781319 0.067317232 -0.997573256 -1.729802132 -0.006803417 0.997699618 0.067447104 2.777788877 0.999818742 0.007986127 -0.017282436 248.103897095
-0.013466815 0.067655809 -0.997617900 -2.156837702 -0.007197175 0.997675836 0.067756973 2.802862883 0.999883413 0.008092420 -0.012948579 248.096374512
-0.008204443 0.067833066 -0.997663140 -2.559653044 -0.007477420 0.997664511 0.067894727 2.831197739 0.999938488 0.008016896 -0.007678096 248.088485718
-0.002533871 0.067380250 -0.997724295 -2.968183756 -0.007522668 0.997697830 0.067397647 2.855406523 0.999968529 0.007676237 -0.002021152 248.080978394
0.002745237 0.066898935 -0.997756183 -3.381736279 -0.006804551 0.997737885 0.066879064 2.874933481 0.999973297 0.006605589 0.003194222 248.058212280
0.008021059 0.066379495 -0.997762203 -3.792523146 -0.007404955 0.997770905 0.066320613 2.901581764 0.999940515 0.006856336 0.008494719 248.042785645
0.013254660 0.066001095 -0.997731626 -4.194490910 -0.007191263 0.997799635 0.065910146 2.923081398 0.999886334 0.006301247 0.013700103 248.030822754
0.018043227 0.065874249 -0.997664928 -4.523113728 -0.007398887 0.997808695 0.065750003 2.939294338 0.999809921 0.006195175 0.018491065 248.032836914
0.022611791 0.065961257 -0.997565925 -4.812860012 -0.007738438 0.997802675 0.065801583 2.955685854 0.999714375 0.006231628 0.023072554 248.040527344
0.026513105 0.066043064 -0.997464478 -4.996639729 -0.007983380 0.997797370 0.065852977 2.963528156 0.999616504 0.006217095 0.026981954 248.041702271
0.029391555 0.065311395 -0.997432053 -5.141542435 -0.007807759 0.997847617 0.065108612 2.969372034 0.999537587 0.005873980 0.029838219 248.053207397
0.031647995 0.062682509 -0.997531712 -5.294561386 -0.006363179 0.998023987 0.062511638 2.963056803 0.999478877 0.004369017 0.031984322 248.051681519
0.033977490 0.061130665 -0.997551262 -5.415469170 -0.006435928 0.998120308 0.060946394 2.964050770 0.999401808 0.004349284 0.034307044 248.055892944
0.035562262 0.061331384 -0.997483730 -5.506063461 -0.006893096 0.998106360 0.061123993 2.968960524 0.999343634 0.004701963 0.035917651 248.063323975
0.036486614 0.061642539 -0.997431099 -5.600409031 -0.006953904 0.998087227 0.061428778 2.981571913 0.999309897 0.004694636 0.036845498 248.058609009
0.037337381 0.061283007 -0.997421920 -5.628907681 -0.006950785 0.998109579 0.061065149 2.985266924 0.999278605 0.004652771 0.037692707 248.058380127
0.037922554 0.060396984 -0.997453928 -5.625485420 -0.006688790 0.998164773 0.060185798 2.986356974 0.999258339 0.004389270 0.038256954 248.071517944
0.038217116 0.059874449 -0.997474074 -5.617563248 -0.006683905 0.998196244 0.059661783 2.990348339 0.999247015 0.004386838 0.038548406 248.078384399
0.038300321 0.059774637 -0.997476935 -5.628557682 -0.006791071 0.998201787 0.059557393 2.991481304 0.999243259 0.004492784 0.038637407 248.082870483
0.038232636 0.059821524 -0.997476637 -5.655236244 -0.006798160 0.998198867 0.059604350 2.994780540 0.999245703 0.004502094 0.038570464 248.076324463
0.038591530 0.059744246 -0.997467458 -5.667694092 -0.006816525 0.998203516 0.059524685 2.995607138 0.999231696 0.004502030 0.038929500 248.078079224
0.038512524 0.059721470 -0.997471809 -5.673133373 -0.006752572 0.998205185 0.059504736 2.993587494 0.999235213 0.004443744 0.038846675 248.077178955
0.038451493 0.059707031 -0.997475088 -5.674056053 -0.006826112 0.998205662 0.059487700 2.995527744 0.999237120 0.004521407 0.038790014 248.076675415
0.038486686 0.059655629 -0.997476697 -5.662408352 -0.006918493 0.998208344 0.059432507 2.993832827 0.999234974 0.004613602 0.038830455 248.069778442
0.038379565 0.059450224 -0.997493207 -5.638342857 -0.007036974 0.998219967 0.059222862 2.991675377 0.999238431 0.004746309 0.038729582 248.064895630
0.038546365 0.058803614 -0.997525156 -5.608772755 -0.006998689 0.998258352 0.058576468 2.987811804 0.999232352 0.004723368 0.038890779 248.072067261
0.038610782 0.058812942 -0.997522056 -5.603789330 -0.007018378 0.998257756 0.058584735 2.983327150 0.999229610 0.004738906 0.038956281 248.084915161
0.038453832 0.058757275 -0.997531414 -5.619636059 -0.007161925 0.998260260 0.058524191 2.985904217 0.999234617 0.004893687 0.038807701 248.085922241
0.038447596 0.058653645 -0.997537792 -5.600422382 -0.006966465 0.998267293 0.058428112 2.985088825 0.999236226 0.004702810 0.038789600 248.087829590
0.038597863 0.058626205 -0.997533679 -5.596974373 -0.006887193 0.998269260 0.058403037 2.984909058 0.999231160 0.004615889 0.038934834 248.089782715
0.038644984 0.058547363 -0.997536361 -5.580737114 -0.006819791 0.998274267 0.058326550 2.989359140 0.999229670 0.004548880 0.038977612 248.091644287
0.038567036 0.058430694 -0.997546256 -5.572376728 -0.006884587 0.998280764 0.058207627 2.988111973 0.999232292 0.004622711 0.038903017 248.089248657
0.038738240 0.058203325 -0.997552872 -5.577611923 -0.006700098 0.998294830 0.057986502 2.989732742 0.999226868 0.004437332 0.039062101 248.096313477
0.038704753 0.058269005 -0.997550428 -5.593111038 -0.006830702 0.998290420 0.058047280 2.993643522 0.999227345 0.004567179 0.039036594 248.093933105
0.038589675 0.058137506 -0.997562468 -5.603631973 -0.006702992 0.998298705 0.057921182 2.992944956 0.999232590 0.004451416 0.038913734 248.091125488
0.038637873 0.058176566 -0.997558415 -5.610835075 -0.006701194 0.998296440 0.057960127 2.992112875 0.999230802 0.004445294 0.038961891 248.090423584
0.038861934 0.057866506 -0.997567773 -5.606213093 -0.006611901 0.998314798 0.057652339 2.989918470 0.999222755 0.004355253 0.039179042 248.091522217
0.039119072 0.057733051 -0.997565508 -5.607286453 -0.006738512 0.998322010 0.057512667 2.985483646 0.999211907 0.004472171 0.039442457 248.095764160
0.039520845 0.056752622 -0.997605801 -5.616549969 -0.006564214 0.998378932 0.056536637 2.982304335 0.999197304 0.004314036 0.039829329 248.115722656
0.040382043 0.056190379 -0.997603178 -5.630972385 -0.006534769 0.998411000 0.055971440 2.980828285 0.999163032 0.004258783 0.040685061 248.122665405
0.042317156 0.056097556 -0.997528195 -5.659602165 -0.006605279 0.998416364 0.055867370 2.982027531 0.999082565 0.004224716 0.042620722 248.134124756
0.045029350 0.055603441 -0.997437060 -5.690464973 -0.006721063 0.998444080 0.055356231 2.984764576 0.998963118 0.004211102 0.045332976 248.136535645
0.049598835 0.055359431 -0.997233748 -5.733681202 -0.006983080 0.998457551 0.055080123 2.981719732 0.998744786 0.004231776 0.049908888 248.151138306
0.056659676 0.055239774 -0.996864259 -5.799810410 -0.007331551 0.998464286 0.054911803 2.980875731 0.998366714 0.004197192 0.056977682 248.166809082
0.065399118 0.055370729 -0.996321857 -5.907351494 -0.007656177 0.998457730 0.054986950 2.984380245 0.997829914 0.004031830 0.065722197 248.156372070
0.076595880 0.055399425 -0.995522141 -6.025496006 -0.008213939 0.998456419 0.054930817 2.995868921 0.997028530 0.003969600 0.076932669 248.130676270
0.089883260 0.055169627 -0.994423032 -6.142604351 -0.008980413 0.998468876 0.054582443 3.006535769 0.995911837 0.004024200 0.090241082 248.114501953
0.105719320 0.055651348 -0.992837489 -6.341022015 -0.010144239 0.998441160 0.054885350 3.010943413 0.994344234 0.004269060 0.106119044 248.119812012
0.124888726 0.057930507 -0.990478039 -6.569752693 -0.011322464 0.998312116 0.056961149 3.016340017 0.992106140 0.004100770 0.125333846 248.169982910
0.147184253 0.059649531 -0.987308860 -6.831633568 -0.012816290 0.998211145 0.058397684 3.040452957 0.989026010 0.004058337 0.147685438 248.227249146
0.170923263 0.060154308 -0.983446300 -7.066832066 -0.014174638 0.998181403 0.058592133 3.055000544 0.985182285 0.003925164 0.171465054 248.243179321
0.197064698 0.060061038 -0.978548944 -7.297279835 -0.014417894 0.998191297 0.058363173 3.057579994 0.980284572 0.002607210 0.197574228 248.326721191
0.227107093 0.059639215 -0.972041905 -7.519670486 -0.014970145 0.998219013 0.057747774 3.070547342 0.973754823 0.001436592 0.227595419 248.426254272
0.259620905 0.059435822 -0.963879764 -7.746277332 -0.014610865 0.998231769 0.057618726 3.080049992 0.965600014 -0.000875986 0.260030270 248.533264160
0.295240760 0.059265826 -0.953582942 -8.007301331 -0.013167293 0.998231769 0.057964124 3.088551521 0.955332100 -0.004557345 0.295499116 248.631774902
0.334871948 0.061168779 -0.940276086 -8.273995399 -0.014104704 0.998104274 0.059907556 3.109158278 0.942158163 -0.006799123 0.335099876 248.731811523
0.376473814 0.064384393 -0.924187243 -8.558380127 -0.017764628 0.997900367 0.062283255 3.125830650 0.926256955 -0.007030255 0.376827180 248.904708862
0.420849949 0.067261562 -0.904633224 -8.834810257 -0.022619762 0.997715354 0.063659459 3.152119398 0.906848133 -0.006328572 0.421409875 249.037307739
0.466913402 0.069016322 -0.881605744 -9.133914948 -0.027222905 0.997599065 0.063679233 3.184847832 0.883883953 -0.005732890 0.467671186 249.183166504
0.513164461 0.069421709 -0.855478108 -9.432529449 -0.029616438 0.997562230 0.063186280 3.200295687 0.857779145 -0.007088813 0.513969421 249.418106079
0.560569942 0.069139488 -0.825215697 -9.652397156 -0.031043544 0.997562587 0.062491536 3.211554289 0.827524900 -0.009413324 0.561349988 249.627792358
0.607934058 0.067887433 -0.791079998 -9.910211563 -0.032039553 0.997624040 0.060990430 3.207159519 0.793340802 -0.011732381 0.608664691 249.888214111
0.654740930 0.065462068 -0.753013253 -10.188726425 -0.034431562 0.997791469 0.056803588 3.236343861 0.755068660 -0.011264272 0.655548871 250.176803589
0.700685918 0.062797241 -0.710700929 -10.413978577 -0.037029549 0.997977376 0.051673293 3.243756533 0.712508261 -0.009889876 0.701593935 250.489059448
0.745186448 0.061961144 -0.663971305 -10.651411057 -0.041353486 0.998051465 0.046725616 3.270122528 0.665572524 -0.007361817 0.746296704 250.854248047
0.787414074 0.061240461 -0.613374770 -10.846175194 -0.044167414 0.998100340 0.042952862 3.279408455 0.614839971 -0.006730564 0.788623035 251.208923340
0.826019406 0.060627572 -0.560371578 -11.048391342 -0.045675695 0.998128474 0.040660921 3.293244123 0.561787963 -0.007991398 0.827242732 251.589935303
0.859939873 0.058989298 -0.506975055 -11.268416405 -0.045408722 0.998202085 0.039123449 3.294443607 0.508371353 -0.010622779 0.861072421 252.022186279
0.889177799 0.055938650 -0.454129547 -11.435578346 -0.044225574 0.998358846 0.036382969 3.304795742 0.455419391 -0.012266828 0.890192389 252.457107544
0.914368272 0.054260153 -0.401231229 -11.598237991 -0.044561453 0.998445749 0.033472911 3.309131384 0.402423859 -0.012727159 0.915364921 252.940490723
0.935424268 0.052110560 -0.349665731 -11.762658119 -0.044523276 0.998566508 0.029707957 3.326042175 0.350712538 -0.012221314 0.936403334 253.427490234
0.951901197 0.051320754 -0.302076578 -11.886490822 -0.045804579 0.998629451 0.025321813 3.345476151 0.302962005 -0.010267405 0.952947319 253.914031982
0.965543628 0.050762489 -0.255242348 -12.018081665 -0.046678469 0.998666883 0.022037335 3.369832516 0.256020695 -0.009363713 0.966625869 254.478195190
0.975696266 0.049829118 -0.213386804 -12.102044106 -0.046597667 0.998710513 0.020150421 3.374190331 0.214115679 -0.009717385 0.976759970 255.028076172
0.983179688 0.049664065 -0.175758690 -12.187367439 -0.047101520 0.998714626 0.018725181 3.377715349 0.176462710 -0.010131737 0.984255195 255.617172241
0.988484204 0.049194463 -0.143104240 -12.266504288 -0.047226645 0.998737514 0.017118331 3.381161690 0.143765658 -0.010162886 0.989559591 256.230651855
0.992108345 0.048010066 -0.115827501 -12.326361656 -0.046481021 0.998793125 0.015868952 3.382476807 0.116449527 -0.010359953 0.993142545 256.826049805
0.994432926 0.047553625 -0.094029918 -12.398871422 -0.046341620 0.998812437 0.015034158 3.385313988 0.094633132 -0.010592978 0.995455801 257.403747559
0.995998085 0.046213601 -0.076498605 -12.461593628 -0.045250244 0.998873532 0.014281755 3.389376163 0.077072412 -0.010763034 0.996967316 258.008544922
0.996888697 0.046334546 -0.063764960 -12.495831490 -0.045544811 0.998867095 0.013786590 3.397116899 0.064331479 -0.010839548 0.997869670 258.594329834
0.997400522 0.047186006 -0.054457415 -12.518047333 -0.046541296 0.998831093 0.013050279 3.400240421 0.055009507 -0.010481847 0.998430908 259.227233887
0.997809768 0.047334779 -0.046205238 -12.543302536 -0.046815433 0.998828292 0.012262007 3.410145998 0.046731461 -0.010072045 0.998856664 259.913696289
0.998099148 0.046945397 -0.039927892 -12.560872078 -0.046511807 0.998848915 0.011724174 3.412250757 0.040432282 -0.009844780 0.999133706 260.626037598
0.998257041 0.047032297 -0.035648424 -12.584583282 -0.046660230 0.998848021 0.011202559 3.422177315 0.036134183 -0.009519680 0.999301493 261.368072510
0.998367131 0.046496786 -0.033184629 -12.612277985 -0.046155062 0.998873711 0.010995288 3.433100462 0.033658452 -0.009445706 0.999388754 262.093048096
0.998425782 0.046485554 -0.031385642 -12.634594917 -0.046144322 0.998868346 0.011515473 3.434319973 0.031885389 -0.010049084 0.999440849 262.789733887
0.998428166 0.047358334 -0.029973857 -12.652088165 -0.047014996 0.998821437 0.012062332 3.432289839 0.030509735 -0.010634160 0.999477863 263.471679688
0.998504102 0.046262268 -0.029143617 -12.665025711 -0.045900673 0.998861909 0.012961920 3.438947201 0.029710051 -0.011604829 0.999491155 264.169738770
0.998509884 0.045731664 -0.029776836 -12.685827255 -0.045348953 0.998881161 0.013408843 3.441691399 0.030356687 -0.012038524 0.999466538 264.854248047
0.998491168 0.045208775 -0.031170843 -12.720444679 -0.044820070 0.998909652 0.013062975 3.445918083 0.031727374 -0.011646194 0.999428689 265.585510254
0.998453498 0.044773579 -0.032952040 -12.741666794 -0.044416104 0.998946846 0.011506298 3.457917929 0.033432469 -0.010024912 0.999390602 266.363403320
0.998356462 0.045812689 -0.034433033 -12.779469490 -0.045551818 0.998927236 0.008327546 3.466588736 0.034777556 -0.006745382 0.999372244 267.194641113
0.998239100 0.047839783 -0.035070147 -12.812015533 -0.047651485 0.998844862 0.006190334 3.471960545 0.035325732 -0.004508300 0.999365628 268.106719971
0.998226881 0.047854174 -0.035398226 -12.856135368 -0.047653601 0.998842835 0.006493001 3.475864172 0.035667926 -0.004794646 0.999352157 269.032043457
0.998265505 0.047193743 -0.035195097 -12.890804291 -0.046856489 0.998847961 0.010350954 3.477184534 0.035643008 -0.008683893 0.999326825 269.950897217
0.998341680 0.046031035 -0.034567866 -12.922076225 -0.045502193 0.998837113 0.015937146 3.471501827 0.035261232 -0.014337812 0.999275267 270.890716553
0.998397052 0.044753838 -0.034648165 -12.960182190 -0.044121437 0.998849034 0.018811099 3.475092173 0.035450108 -0.017252227 0.999222398 271.841522217
0.998481154 0.042787183 -0.034708798 -12.993989944 -0.042199306 0.998955905 0.017501116 3.483868122 0.035421334 -0.016009856 0.999244213 272.800231934
0.998523414 0.040953591 -0.035689589 -13.030979156 -0.040518075 0.999096155 0.012846075 3.490859985 0.036183380 -0.011381046 0.999280274 273.757598877
0.998538792 0.039203428 -0.037193406 -13.061505318 -0.038939387 0.999211192 0.007801345 3.503940105 0.037469860 -0.006341667 0.999277592 274.729125977
0.998505712 0.039015353 -0.038263973 -13.104501724 -0.038872410 0.999234140 0.004476817 3.508452654 0.038409285 -0.002982726 0.999257624 275.720733643
0.998490453 0.038866062 -0.038810141 -13.147597313 -0.038747512 0.999241829 0.003806239 3.513034582 0.038928594 -0.002296706 0.999239266 276.709106445
0.998419940 0.039937720 -0.039528910 -13.193634033 -0.039795354 0.999198258 0.004386018 3.509227514 0.039672337 -0.002806031 0.999208689 277.703735352
0.998392761 0.040886074 -0.039245646 -13.245366096 -0.040600065 0.999142945 0.008061200 3.498276472 0.039541561 -0.006454878 0.999197006 278.705902100
0.998370469 0.041296709 -0.039382655 -13.295293808 -0.040823199 0.999084949 0.012756880 3.497812748 0.039873388 -0.011128375 0.999142647 279.684906006
0.998434961 0.040540364 -0.038524896 -13.333609581 -0.039990522 0.999088407 0.014941466 3.498214960 0.039095458 -0.013377461 0.999145806 280.706604004
0.998465359 0.039797023 -0.038511019 -13.367916107 -0.039293136 0.999132991 0.013757903 3.505088091 0.039025109 -0.012223581 0.999163389 281.716766357
0.998494565 0.038945735 -0.038623184 -13.412328720 -0.038512930 0.999187350 0.011891267 3.516594648 0.039054867 -0.010385885 0.999183059 282.735839844
0.998477578 0.038799852 -0.039205305 -13.454701424 -0.038437206 0.999211371 0.009965710 3.519283295 0.039561007 -0.008443606 0.999181390 283.757110596
0.998505056 0.038007878 -0.039281465 -13.498923302 -0.037665166 0.999245942 0.009431946 3.519016027 0.039610285 -0.007938312 0.999183655 284.796325684
0.998484194 0.037877120 -0.039932165 -13.546560287 -0.037517861 0.999248743 0.009712156 3.518496037 0.040269986 -0.008199275 0.999155104 285.820983887
0.998520255 0.036052044 -0.040712964 -13.578631401 -0.035630144 0.999304056 0.011045102 3.509836912 0.041082785 -0.009578159 0.999109745 286.853088379
0.998450041 0.036230113 -0.042245798 -13.623807907 -0.035743389 0.999286234 0.012224054 3.513239861 0.042658485 -0.010695111 0.999032378 287.874328613
0.998433352 0.035080187 -0.043591980 -13.668285370 -0.034602761 0.999333143 0.011662465 3.517090321 0.043971993 -0.010135802 0.998981237 288.908081055
0.998403966 0.033885747 -0.045179561 -13.706155777 -0.033536617 0.999401689 0.008466753 3.524466276 0.045439381 -0.006938081 0.998942912 289.947113037
0.998326719 0.034083709 -0.046711504 -13.758001328 -0.033860367 0.999411106 0.005567462 3.528185606 0.046873707 -0.003976487 0.998892784 290.983276367
0.998283803 0.033696644 -0.047895953 -13.810590744 -0.033484526 0.999425590 0.005227392 3.526265621 0.048044536 -0.003614657 0.998838603 292.018646240
0.998207808 0.033774618 -0.049400236 -13.867633820 -0.033508450 0.999419212 0.006209459 3.523008585 0.049581215 -0.004543016 0.998759806 293.060729980
0.998087525 0.035809975 -0.050387703 -13.924937248 -0.035445042 0.999338686 0.008120840 3.508327961 0.050645135 -0.006319326 0.998696744 294.108032227
0.997998297 0.036519393 -0.051629532 -13.988416672 -0.036014523 0.999294221 0.010678705 3.509979725 0.051983021 -0.008797930 0.998609245 295.160827637
0.997928381 0.037157435 -0.052518625 -14.043466568 -0.036538091 0.999251485 0.012707377 3.507152557 0.052951440 -0.010762134 0.998539090 296.208404541
0.997780740 0.039770085 -0.053402696 -14.108176231 -0.039132267 0.999150276 0.012939731 3.498645067 0.053871881 -0.010821258 0.998489201 297.253753662
0.997722328 0.041116975 -0.053472206 -14.171150208 -0.040523712 0.999104917 0.012135331 3.497483730 0.053923272 -0.009940811 0.998495638 298.292907715
0.997735560 0.040997550 -0.053317036 -14.225315094 -0.040449567 0.999117494 0.011319865 3.491571426 0.053734027 -0.009137592 0.998513520 299.314910889
0.997681320 0.042090841 -0.053480405 -14.282059669 -0.041628003 0.999085665 0.009742175 3.487677336 0.053841516 -0.007493316 0.998521447 300.339324951
0.997686028 0.042215701 -0.053294621 -14.334718704 -0.041841362 0.999091268 0.008123554 3.485475779 0.053589080 -0.005874848 0.998545766 301.357421875
0.997700632 0.041792076 -0.053354803 -14.392641068 -0.041439928 0.999111414 0.007692700 3.483531952 0.053628832 -0.005464005 0.998546004 302.386322021
0.997713149 0.041885149 -0.053047009 -14.449855804 -0.041491456 0.999102592 0.008504582 3.482603073 0.053355571 -0.006284148 0.998555839 303.395019531
0.997721732 0.042292222 -0.052561250 -14.511066437 -0.041842312 0.999077797 0.009634196 3.475572109 0.052920181 -0.007412973 0.998571277 304.419128418
0.997736514 0.042798538 -0.051865630 -14.571797371 -0.042306785 0.999049008 0.010545597 3.470694542 0.052267592 -0.008327472 0.998598337 305.430877686
0.997651398 0.044895109 -0.051730193 -14.628713608 -0.044391789 0.998955369 0.010841384 3.464331150 0.052162841 -0.008519537 0.998602211 306.436218262
0.997696400 0.044374730 -0.051308356 -14.690553665 -0.043804161 0.998965740 0.012195244 3.466532946 0.051796395 -0.009919643 0.998608351 307.436859131
0.997704804 0.045103688 -0.050504263 -14.747783661 -0.044407792 0.998903513 0.014820773 3.476960421 0.051117312 -0.012543987 0.998613894 308.465545654
0.997683465 0.045883305 -0.050222509 -14.804037094 -0.045165326 0.998861730 0.015342211 3.475435734 0.050869249 -0.013038365 0.998620212 309.471496582
0.997582018 0.048063908 -0.050199740 -14.860736847 -0.047481213 0.998790920 0.012739909 3.480588198 0.050751321 -0.010325570 0.998657942 310.480529785
0.997499287 0.050240152 -0.049710177 -14.912535667 -0.049768895 0.998703718 0.010676572 3.474830866 0.050182085 -0.008175865 0.998706639 311.469604492
0.997473300 0.051217552 -0.049230795 -14.970190048 -0.050822284 0.998664856 0.009251164 3.480593204 0.049638841 -0.006725780 0.998744667 312.470916748
0.997454584 0.051917933 -0.048876405 -15.027210236 -0.051556915 0.998632789 0.008622190 3.485091448 0.049257174 -0.006080340 0.998767614 313.477294922
0.997380793 0.053390194 -0.048795249 -15.084410667 -0.053050909 0.998557925 0.008225948 3.481208801 0.049164012 -0.005615782 0.998774886 314.489013672
0.997426152 0.052711379 -0.048605073 -15.135662079 -0.052357458 0.998591959 0.008530196 3.482648849 0.048986230 -0.005963416 0.998781681 315.512298584
0.997448206 0.052041210 -0.048876002 -15.192660332 -0.051644567 0.998621821 0.009347274 3.485144377 0.049295045 -0.006799253 0.998761117 316.549530029
0.997510672 0.050847124 -0.048856501 -15.246187210 -0.050412189 0.998677433 0.010097509 3.476982594 0.049305275 -0.007609421 0.998754799 317.584503174
0.997466385 0.051179051 -0.049412426 -15.297871590 -0.050734464 0.998659909 0.010214034 3.476454496 0.049868919 -0.007681255 0.998726249 318.582855225
0.997436941 0.051955383 -0.049193259 -15.357214928 -0.051533062 0.998623013 0.009818325 3.476673126 0.049635585 -0.007258094 0.998741031 319.608001709
0.997448087 0.052405346 -0.048486747 -15.406521797 -0.051975120 0.998597324 0.010095528 3.476001024 0.048947748 -0.007549673 0.998772740 320.636840820
0.997487664 0.052360047 -0.047714766 -15.453404427 -0.051926889 0.998598039 0.010276726 3.470799446 0.048185907 -0.007773241 0.998808146 321.658935547
0.997501493 0.052500680 -0.047268290 -15.508131027 -0.052077521 0.998591483 0.010143552 3.470159531 0.047734205 -0.007656605 0.998830616 322.692626953
0.997516215 0.052615933 -0.046827082 -15.562050819 -0.052200463 0.998585999 0.010055500 3.473023653 0.047289900 -0.007586141 0.998852313 323.728027344
0.997570992 0.052099347 -0.046236139 -15.607674599 -0.051657442 0.998607457 0.010705330 3.479277611 0.046729445 -0.008290897 0.998873115 324.744689941
0.997640669 0.051244289 -0.045683578 -15.656019211 -0.050822645 0.998654068 0.010347925 3.471076965 0.046152323 -0.008001762 0.998902261 325.775848389
0.997611225 0.052120969 -0.045333892 -15.709499359 -0.051792391 0.998622596 0.008396495 3.468337774 0.045709036 -0.006028498 0.998936474 326.809448242
0.997588754 0.052323349 -0.045593776 -15.759310722 -0.052051976 0.998619020 0.007123061 3.469024181 0.045903463 -0.004732651 0.998934507 327.837951660
0.997744441 0.049361724 -0.045489389 -15.798874855 -0.049001493 0.998758137 0.009004323 3.472465277 0.045877323 -0.006754976 0.998924136 328.881958008
0.997813702 0.048087969 -0.045334794 -15.845276833 -0.047619451 0.998800933 0.011362413 3.474654913 0.045826782 -0.009178764 0.998907149 329.935058594
0.997731745 0.049829476 -0.045258265 -15.898742676 -0.049308579 0.998704672 0.012557901 3.468727827 0.045825344 -0.010297806 0.998896301 330.993957520
0.997772455 0.049246036 -0.044997081 -15.947029114 -0.048677888 0.998721361 0.013639756 3.465115786 0.045611210 -0.011419023 0.998893857 332.045227051
0.997791052 0.049205307 -0.044627726 -15.997544289 -0.048610315 0.998715043 0.014324980 3.473483562 0.045275196 -0.012123983 0.998900950 333.084320068
0.997815192 0.048970290 -0.044347554 -16.042928696 -0.048377819 0.998726189 0.014339589 3.473629713 0.044993229 -0.012162833 0.998913109 334.140014648
0.997855604 0.048092503 -0.044398304 -16.086608887 -0.047535054 0.998777986 0.013531022 3.470614672 0.044994749 -0.011391543 0.998922169 335.216949463
0.997816205 0.048835397 -0.044472203 -16.133523941 -0.048333094 0.998755455 0.012304807 3.468606472 0.045017716 -0.010128470 0.998934746 336.252807617
0.997861505 0.047774345 -0.044609591 -16.178852081 -0.047286518 0.998810172 0.011931298 3.471103668 0.045126472 -0.009796361 0.998933077 337.288940430
0.997886479 0.047047697 -0.044820469 -16.223411560 -0.046530008 0.998838365 0.012528166 3.470713854 0.045357767 -0.010416203 0.998916388 338.315093994
0.997901261 0.046634242 -0.044922926 -16.267848969 -0.046065241 0.998845518 0.013622951 3.460652828 0.045506306 -0.011524988 0.998897493 339.356506348
0.997945011 0.045715380 -0.044899162 -16.317928314 -0.045078024 0.998869181 0.015110500 3.463923693 0.045539126 -0.013055492 0.998877108 340.407897949
0.998018146 0.043813862 -0.045168106 -16.358669281 -0.043137401 0.998943448 0.015847638 3.467424393 0.045814678 -0.013867809 0.998853683 341.448516846
0.997971117 0.044596381 -0.045439385 -16.403701782 -0.043975513 0.998926282 0.014576670 3.462573290 0.046040621 -0.012548884 0.998860657 342.471832275
0.997992218 0.043733358 -0.045812275 -16.448181152 -0.043194488 0.998986065 0.012690770 3.455352068 0.046320785 -0.010686465 0.998869479 343.499237061
0.998020172 0.042596906 -0.046271220 -16.497585297 -0.042068549 0.999038517 0.012336748 3.457422495 0.046752196 -0.010365773 0.998852670 344.517822266
0.998039365 0.041710068 -0.046664312 -16.543088913 -0.041164171 0.999072969 0.012602227 3.460973740 0.047146641 -0.010656631 0.998831093 345.537597656
0.998049438 0.040861547 -0.047196638 -16.593311310 -0.040274769 0.999099851 0.013320900 3.457790852 0.047698427 -0.011394095 0.998796701 346.567138672
0.998009682 0.040934063 -0.047967970 -16.638151169 -0.040286310 0.999084413 0.014397090 3.444530249 0.048513338 -0.012435996 0.998745084 347.579681396
0.998042345 0.039624754 -0.048385482 -16.685039520 -0.038909130 0.999120295 0.015646745 3.448889256 0.048962861 -0.013733488 0.998706222 348.589813232
0.998019636 0.039464481 -0.048982672 -16.730566025 -0.038701404 0.999115646 0.016433638 3.441786528 0.049587850 -0.014505405 0.998664439 349.600189209
0.997986078 0.039256729 -0.049826346 -16.779520035 -0.038495384 0.999128222 0.016151980 3.442553043 0.050416946 -0.014201377 0.998627305 350.592895508
0.997981787 0.038546305 -0.050462041 -16.830501556 -0.037805583 0.999164045 0.015555006 3.441649437 0.051019400 -0.013615877 0.998604894 351.601135254
0.997916460 0.039316505 -0.051155291 -16.877937317 -0.038575832 0.999137223 0.015389759 3.439407349 0.051716179 -0.013384347 0.998572052 352.578491211
0.997860372 0.039898500 -0.051793218 -16.935661316 -0.039161317 0.999117672 0.015174082 3.445580482 0.052352890 -0.013113339 0.998542547 353.570312500
0.997806787 0.040465634 -0.052383684 -16.986070633 -0.039722610 0.999095857 0.015151754 3.446016312 0.052949406 -0.013037720 0.998512089 354.570129395
0.997771680 0.040478218 -0.053036321 -17.039842606 -0.039702028 0.999089599 0.015610959 3.449811220 0.053619884 -0.013470539 0.998470604 355.537414551
0.997735798 0.040763479 -0.053491864 -17.094814301 -0.039941702 0.999068320 0.016345944 3.449707270 0.054108292 -0.014172388 0.998434484 356.493713379
0.997676730 0.041967884 -0.053662598 -17.154331207 -0.041172951 0.999026477 0.015837476 3.454165936 0.054274976 -0.013591247 0.998433530 357.459594727
0.997648478 0.042532641 -0.053744234 -17.219106674 -0.041775651 0.999012411 0.015133956 3.455389023 0.054334793 -0.012853179 0.998440027 358.425933838
0.997674286 0.042776696 -0.053066302 -17.262166977 -0.042060889 0.999009311 0.014536369 3.453121901 0.053635500 -0.012270559 0.998485208 359.382019043
0.997724831 0.042559054 -0.052284639 -17.321098328 -0.041842941 0.999015808 0.014718772 3.464010000 0.052859552 -0.012497554 0.998523772 360.310089111
0.997778296 0.042921223 -0.050952483 -17.375865936 -0.042205788 0.998995781 0.015038351 3.464801550 0.051546730 -0.012854462 0.998587847 361.208923340
0.997856557 0.042767063 -0.049530048 -17.427698135 -0.042025927 0.998989761 0.015912743 3.462882757 0.050160512 -0.013797102 0.998645842 362.122741699
0.997903466 0.042856239 -0.048495341 -17.479749680 -0.042135164 0.998987019 0.015798327 3.465579510 0.049123224 -0.013721859 0.998698473 363.036285400
0.998008907 0.041663960 -0.047352023 -17.529344559 -0.040935431 0.999029577 0.016255919 3.469689846 0.047983304 -0.014285189 0.998746037 363.892669678
0.998134613 0.040234588 -0.045918789 -17.575832367 -0.039479867 0.999071836 0.017229648 3.470648050 0.046569347 -0.015384653 0.998796582 364.752563477
0.998202920 0.040092010 -0.044536389 -17.620359421 -0.039328359 0.999066055 0.017896254 3.474336386 0.045212235 -0.016112564 0.998847485 365.588287354
0.998254240 0.040529244 -0.042963341 -17.660295486 -0.039757777 0.999035001 0.018664986 3.478719711 0.043678313 -0.016924284 0.998902202 366.414031982
0.998293340 0.040578950 -0.041995402 -17.711355209 -0.039824951 0.999032795 0.018641390 3.481497526 0.042711180 -0.016937125 0.998943746 367.228485107
0.998336494 0.040747605 -0.040789790 -17.744300842 -0.040095102 0.999056458 0.016692916 3.477628231 0.041431461 -0.015029687 0.999028206 368.031951904
0.998363256 0.041085001 -0.039785303 -17.786235809 -0.040567912 0.999082565 0.013722046 3.465845585 0.040312525 -0.012085591 0.999114037 368.793457031
0.998387992 0.041515056 -0.038703177 -17.816448212 -0.041079059 0.999083817 0.011997374 3.463028193 0.039165743 -0.010388155 0.999178648 369.431610107
0.998432815 0.040886469 -0.038212948 -17.848119736 -0.040435109 0.999103725 0.012514913 3.465812206 0.038690343 -0.010950166 0.999191225 369.974426270
0.998479962 0.040541735 -0.037336774 -17.859098434 -0.040040150 0.999098718 0.014089411 3.470191479 0.037874285 -0.012573036 0.999203384 370.524047852
0.998481631 0.040372618 -0.037476417 -17.865270615 -0.039792113 0.999078035 0.016112804 3.464451551 0.038092326 -0.014597084 0.999167502 371.052551270
0.998433292 0.040265176 -0.038853247 -17.880434036 -0.039628230 0.999069333 0.017030865 3.460805416 0.039502792 -0.015464507 0.999099672 371.566314697
0.998266160 0.041317105 -0.041921191 -17.887100220 -0.040678687 0.999044597 0.015973192 3.459831238 0.042541057 -0.014240207 0.998993099 372.090545654
0.998037934 0.041963667 -0.046466481 -17.899675369 -0.041316979 0.999036551 0.014794886 3.454218149 0.047042515 -0.012846016 0.998810232 372.607574463
0.997623324 0.043001708 -0.053838715 -17.904388428 -0.042310975 0.999007642 0.013907784 3.447536707 0.054383297 -0.011596774 0.998452783 373.112457275
0.996946931 0.043061517 -0.065135181 -17.917715073 -0.042229347 0.999008417 0.014102221 3.442788839 0.065677807 -0.011308562 0.997776747 373.628997803
0.995875716 0.043501556 -0.079618253 -17.937793732 -0.042439863 0.998986721 0.014981337 3.441259384 0.080189250 -0.011540575 0.996712804 374.137542725
0.994201720 0.044634055 -0.097829513 -17.961503983 -0.043311197 0.998939693 0.015606819 3.439505339 0.098422341 -0.011279230 0.995080769 374.627288818
0.991789937 0.046278525 -0.119210102 -18.015487671 -0.044549506 0.998860300 0.017130904 3.442814112 0.119866990 -0.011679522 0.992721200 375.067016602
0.988454223 0.047324836 -0.143939376 -18.128326416 -0.044972375 0.998796761 0.019556232 3.453377724 0.144691631 -0.012857161 0.989393234 375.478057861
0.983671963 0.047941256 -0.173467383 -18.199880600 -0.044534914 0.998731852 0.023479100 3.444048882 0.174372971 -0.015370401 0.984559655 375.902465820
0.977159560 0.048093453 -0.206993327 -18.290208817 -0.043663044 0.998709917 0.025922539 3.447103500 0.207972959 -0.016292522 0.977998853 376.319427490
0.968142807 0.048530772 -0.245651037 -18.412208557 -0.042884476 0.998679459 0.028286202 3.452687502 0.246699393 -0.016850488 0.968945503 376.660095215
0.956410170 0.050867237 -0.287562430 -18.532537460 -0.043723635 0.998555899 0.031214762 3.459239721 0.288734972 -0.017280869 0.957253039 377.008575439
0.942533493 0.054359972 -0.329659760 -18.715478897 -0.045283843 0.998355389 0.035154957 3.474919558 0.331028581 -0.018206496 0.943445086 377.390930176
0.926053941 0.056671534 -0.373111844 -18.937580109 -0.045219760 0.998200536 0.039381664 3.495221138 0.374672204 -0.019597549 0.926950157 377.781005859
0.906323493 0.058279663 -0.418546528 -19.117979050 -0.043672010 0.998058617 0.044405326 3.496167898 0.420321882 -0.021966862 0.907109141 378.161254883
0.884005189 0.060968403 -0.463484347 -19.362190247 -0.043187473 0.997869909 0.048892103 3.513886213 0.465477914 -0.023204193 0.884755194 378.541381836
0.857259095 0.066467836 -0.510577023 -19.622545242 -0.045331702 0.997525036 0.053747937 3.536460400 0.512885869 -0.022930631 0.858150423 378.857971191
0.826383114 0.072537534 -0.558416724 -19.882226944 -0.047283817 0.997104883 0.059548914 3.562813759 0.561119556 -0.022806197 0.827420473 379.130401611
0.792590082 0.076331116 -0.604958177 -20.211168289 -0.046058107 0.996793807 0.065428160 3.588928938 0.608012676 -0.023994548 0.793564618 379.423431396
0.755063891 0.077287734 -0.651080132 -20.527122498 -0.040970057 0.996649146 0.070795998 3.613936901 0.654370010 -0.026780766 0.755700111 379.738586426
0.713603973 0.076778255 -0.696329236 -20.857475281 -0.034224514 0.996609986 0.074814260 3.642795324 0.699712694 -0.029556274 0.713812530 380.021453857
0.669270039 0.077440426 -0.738972604 -21.258607864 -0.026785970 0.996421993 0.080160506 3.677318096 0.742536247 -0.033854987 0.668949604 380.280242920
0.621001124 0.077283897 -0.779990196 -21.631170273 -0.019411374 0.996338248 0.083265834 3.715431929 0.783569217 -0.036567561 0.620227396 380.487396240
0.568934977 0.075208798 -0.818936348 -22.056518555 -0.011023573 0.996417403 0.083849952 3.762662172 0.822308660 -0.038677644 0.567725658 380.739227295
0.512931645 0.073537119 -0.855273902 -22.505571365 -0.003000531 0.996471524 0.083878040 3.785842657 0.858424187 -0.040457495 0.511342406 380.962799072
0.453256816 0.072820634 -0.888400555 -22.948474884 0.001794086 0.996580958 0.082603432 3.823198318 0.891378224 -0.039034512 0.451576412 381.145202637
0.391060382 0.072292626 -0.917521536 -23.459972382 0.006091171 0.996685266 0.081126302 3.867129326 0.920345008 -0.037314143 0.389323682 381.325134277
0.326431692 0.070218131 -0.942608953 -23.968252182 0.012749428 0.996819079 0.078671731 3.912737846 0.945134819 -0.037698738 0.324498057 381.467468262
0.261785030 0.068216443 -0.962712348 -24.444122314 0.023349252 0.996759355 0.076978274 3.924770355 0.964843750 -0.042630453 0.259343803 381.527313232
0.198026881 0.071658425 -0.977573693 -24.993274689 0.029870495 0.996419787 0.079090834 3.958384514 0.979741335 -0.044862807 0.195177451 381.587524414
0.138087079 0.078374982 -0.987314045 -25.552167892 0.029458068 0.996098042 0.083192393 3.990923643 0.989981771 -0.040572241 0.135239497 381.613281250
0.083378717 0.084806278 -0.992902696 -26.110132217 0.025251124 0.995872498 0.087180473 4.024484158 0.996197939 -0.032340996 0.080893159 381.586822510
0.035285242 0.088615969 -0.995440781 -26.710863113 0.019059952 0.995820105 0.089325443 4.054182529 0.999195576 -0.022125013 0.033448722 381.580200195
-0.005022620 0.090248972 -0.995906770 -27.269489288 0.014825547 0.995816350 0.090166099 4.099867821 0.999877512 -0.014312083 -0.006339616 381.569702148
-0.035652116 0.094161928 -0.994918227 -27.888118744 0.013220351 0.995508552 0.093744107 4.148019791 0.999276698 -0.009811065 -0.036736887 381.561340332
-0.058062047 0.098281488 -0.993463457 -28.506935120 0.014109607 0.995123625 0.097621158 4.203715324 0.998213291 -0.008349374 -0.059165511 381.539306641
-0.074574307 0.099298850 -0.992259264 -29.111080170 0.014548579 0.995032370 0.098483019 4.251652241 0.997109413 -0.007091745 -0.075648494 381.495422363
-0.084497258 0.096536629 -0.991736293 -29.709600449 0.013089859 0.995317340 0.095770016 4.301482677 0.996337712 -0.004889466 -0.085365184 381.419555664
-0.089747295 0.089129336 -0.991968632 -30.265211105 0.010146124 0.996017873 0.088575281 4.335443974 0.995913029 -0.002115330 -0.090294212 381.347625732
-0.092113085 0.079907149 -0.992537379 -30.828100204 0.008068100 0.996802092 0.079501808 4.372870922 0.995715976 -0.000684813 -0.092463247 381.275421143
-0.091627695 0.075614549 -0.992918372 -31.423465729 0.009289013 0.997134387 0.075078480 4.413125992 0.995750010 -0.002344041 -0.092067562 381.222534180
-0.090216361 0.077317677 -0.992916405 -32.028530121 0.010857797 0.996999025 0.076649114 4.458325386 0.995863020 -0.003865965 -0.090785064 381.177398682
-0.089106053 0.081007779 -0.992722392 -32.651435852 0.012746621 0.996698260 0.080188148 4.509774208 0.995940566 -0.005508692 -0.089844346 381.120849609
-0.088024914 0.082400903 -0.992704153 -33.253768921 0.012830988 0.996583760 0.081585251 4.551159859 0.996035635 -0.005555930 -0.088781379 381.070404053
-0.087975778 0.082370117 -0.992711186 -33.874824524 0.010635374 0.996596158 0.081750013 4.596731186 0.996065915 -0.003365917 -0.088552453 381.010101318
-0.086654954 0.082114562 -0.992848575 -34.523902893 0.009095998 0.996620953 0.081632748 4.650700092 0.996196926 -0.001957153 -0.087109104 380.949951172
-0.084056199 0.081097916 -0.993155539 -35.188453674 0.007292261 0.996706009 0.080770724 4.695051193 0.996434510 -0.000453164 -0.084370725 380.888671875
-0.080596395 0.080498032 -0.993490994 -35.843647003 0.004769889 0.996753275 0.080375478 4.746695518 0.996735394 0.001739043 -0.080718592 380.839202881
-0.077003792 0.080767773 -0.993753910 -36.527149200 0.003037257 0.996727824 0.080774173 4.801913261 0.997026205 0.003201554 -0.076997109 380.778808594
-0.073768295 0.082258470 -0.993877172 -37.223999023 0.001946984 0.996602476 0.082339585 4.848844051 0.997273505 0.004138906 -0.073677786 380.718597412
-0.070653863 0.083569497 -0.993994057 -37.938133240 0.002442049 0.996495843 0.083606318 4.895027161 0.997497916 0.003479652 -0.070610441 380.663970947
-0.067705102 0.084325753 -0.994135320 -38.634750366 0.002543255 0.996433139 0.084347524 4.949265957 0.997702122 0.003182338 -0.067678124 380.611541748
-0.064913973 0.083743021 -0.994370759 -39.439456940 0.001155757 0.996478140 0.083845101 5.013179779 0.997890174 0.004293382 -0.064782158 380.552734375
-0.062355749 0.082461111 -0.994641721 -40.336357117 0.000240898 0.996582150 0.082606964 5.084579468 0.998054087 0.004911322 -0.062162552 380.503234863
-0.059740879 0.083684258 -0.994700015 -41.257301331 0.002103204 0.996488035 0.083708428 5.153326988 0.998211920 0.002908661 -0.059707038 380.453277588
-0.057075478 0.085542709 -0.994698465 -42.209556580 0.004962418 0.996334493 0.085398741 5.222683907 0.998357654 -0.000062034 -0.057290759 380.411682129
-0.054583430 0.088947475 -0.994539618 -43.161811829 0.006059541 0.996035635 0.088748783 5.298512459 0.998490870 -0.001182313 -0.054906081 380.368835449
-0.052105337 0.091930799 -0.994401097 -44.130905151 0.007593623 0.995761633 0.091658726 5.374121189 0.998612761 -0.002775268 -0.052582573 380.314880371
-0.049849354 0.093047723 -0.994412839 -45.066749573 0.007418331 0.995657861 0.092792399 5.450465679 0.998729169 -0.002751318 -0.050323114 380.266632080
-0.047634322 0.092185140 -0.994602025 -46.026988983 0.006410080 0.995739937 0.091983691 5.531884193 0.998844445 -0.001993989 -0.048022252 380.226318359
-0.046326492 0.089792512 -0.994882584 -46.975364685 0.003626283 0.995960295 0.089720987 5.608895302 0.998919904 0.000548647 -0.046465002 380.171600342
-0.045679402 0.087823935 -0.995088160 -47.940986633 0.002712547 0.996135116 0.087791882 5.682507038 0.998952568 0.001310967 -0.045741141 380.126678467
-0.045444034 0.087233044 -0.995151043 -48.917804718 0.003384325 0.996187747 0.087169454 5.757386684 0.998961270 0.000593333 -0.045566119 380.081817627
-0.045565203 0.087604418 -0.995112658 -49.887866974 0.004819677 0.996155024 0.087475546 5.830779076 0.998949707 -0.000810364 -0.045812223 380.038848877
-0.045985647 0.088349283 -0.995027542 -50.845451355 0.005859467 0.996087968 0.088172704 5.901290894 0.998924971 -0.001775732 -0.046323463 379.989898682
-0.046796530 0.089125782 -0.994920552 -51.786537170 0.006602411 0.996017516 0.088913582 5.972548008 0.998882830 -0.002408118 -0.047198586 379.936523438
-0.047620047 0.089566447 -0.994841874 -52.753784180 0.005617834 0.995979905 0.089400075 6.046016693 0.998849809 -0.001331709 -0.047931831 379.883117676
-0.048449326 0.090179734 -0.994746447 -53.699123383 0.005708308 0.995924592 0.090008587 6.114463806 0.998809516 -0.001317558 -0.048766635 379.835479736
-0.049493805 0.090406269 -0.994674504 -54.638637543 0.005316012 0.995904624 0.090253636 6.185862541 0.998760402 -0.000820790 -0.049771767 379.781494141
-0.050338980 0.090657368 -0.994609058 -55.577690125 0.006902413 0.995879412 0.090423889 6.249258041 0.998708367 -0.002313433 -0.050757319 379.731048584
-0.051545277 0.090270430 -0.994582474 -56.537796021 0.005130114 0.995917141 0.090125762 6.326785564 0.998657465 -0.000456847 -0.051797919 379.680847168
-0.053098172 0.089465387 -0.994573534 -57.504890442 0.005265079 0.995989799 0.089311749 6.395521164 0.998575449 -0.000494298 -0.053356219 379.622314453
-0.055402670 0.089218542 -0.994470000 -58.484870911 0.004947747 0.996012092 0.089081310 6.468499184 0.998451889 0.000014866 -0.055623230 379.565551758
-0.058605198 0.090426877 -0.994177461 -59.442943573 0.005075860 0.995903075 0.090284705 6.550795078 0.998268545 0.000244743 -0.058824122 379.505004883
-0.061923314 0.092313409 -0.993802667 -60.429744720 0.005162012 0.995729864 0.092170842 6.625117779 0.998067617 0.000577419 -0.062135365 379.443389893
-0.064891271 0.093140610 -0.993536174 -61.386375427 0.003940257 0.995650709 0.093081564 6.702078342 0.997884572 0.002125307 -0.064975992 379.376281738
-0.068009898 0.092522122 -0.993385434 -62.360328674 0.000564135 0.995694101 0.092698604 6.776633263 0.997684717 0.005743926 -0.067769229 379.298095703
-0.070256434 0.091386870 -0.993333995 -63.300647736 -0.001083832 0.995787144 0.091689266 6.863388538 0.997528315 0.007518288 -0.069861397 379.222595215
-0.072398506 0.089853361 -0.993320286 -64.248344421 -0.002074962 0.995917916 0.090239659 6.936367035 0.997373700 0.008594230 -0.071916580 379.153717041
-0.073724180 0.089139700 -0.993286908 -65.208053589 -0.001252040 0.995988250 0.089475133 7.003600121 0.997277915 0.007840034 -0.073316850 379.089172363
-0.074626558 0.089642011 -0.993174374 -66.143692017 -0.000786286 0.995945811 0.089951321 7.087969303 0.997211337 0.007493587 -0.074253544 379.018920898
-0.074828692 0.089974880 -0.993129075 -67.087348938 0.000876767 0.995926678 0.090162359 7.155200958 0.997196078 0.005875906 -0.074602857 378.947570801
-0.074521020 0.091077276 -0.993051767 -68.032196045 0.000221344 0.995822072 0.091314808 7.232901096 0.997219503 0.006584977 -0.074229807 378.878753662
-0.073438838 0.089139819 -0.993308187 -68.980400085 -0.000405344 0.995994747 0.089410961 7.299384594 0.997299850 0.006968775 -0.073108636 378.809204102
-0.071287274 0.087974049 -0.993568718 -69.935920715 -0.001143184 0.996095061 0.088279851 7.376625538 0.997455180 0.007428970 -0.070908308 378.735351562
-0.068609037 0.088179588 -0.993739128 -70.876731873 -0.002041148 0.996071696 0.088527575 7.455597401 0.997641623 0.008102069 -0.068159610 378.669555664
-0.064916752 0.089252576 -0.993891358 -71.826568604 -0.001952520 0.995978892 0.089567624 7.534060955 0.997888863 0.007754940 -0.064481370 378.601684570
-0.061540198 0.090010405 -0.994037807 -72.767539978 -0.002703352 0.995906651 0.090347067 7.606574059 0.998101056 0.008247115 -0.061044905 378.544982910
-0.057387922 0.090655513 -0.994227409 -73.697669983 -0.003152047 0.995847285 0.090985209 7.681663513 0.998346984 0.008355222 -0.056863900 378.497436523
-0.053196758 0.090580754 -0.994467378 -74.636573792 -0.003700095 0.995852768 0.090904936 7.759949207 0.998577356 0.008515380 -0.052641071 378.447052002
-0.049540605 0.090637170 -0.994651139 -75.559707642 -0.003844743 0.995849192 0.090937912 7.838769436 0.998764813 0.008329207 -0.048986550 378.409179688
-0.045035645 0.090202540 -0.994904816 -76.498786926 -0.002835161 0.995899618 0.090421148 7.916654587 0.998981476 0.006892804 -0.044595249 378.359344482
-0.041172702 0.089639619 -0.995122910 -77.436798096 -0.003425089 0.995948911 0.089855805 7.994025707 0.999146283 0.007107906 -0.040698934 378.313415527
-0.037314650 0.089125596 -0.995321274 -78.360420227 -0.003165287 0.995999277 0.089305051 8.073228836 0.999298573 0.006482780 -0.036883324 378.282440186
-0.032964386 0.089083135 -0.995478511 -79.280960083 -0.003296596 0.996004760 0.089239463 8.152223587 0.999450982 0.006223338 -0.032538954 378.254394531
-0.029238563 0.089320190 -0.995573819 -80.208518982 -0.002835503 0.995988071 0.089440718 8.226962090 0.999568462 0.005437979 -0.028867995 378.240936279
-0.025343170 0.089707628 -0.995645642 -81.134704590 -0.003257334 0.995952785 0.089818276 8.289728165 0.999673486 0.005519349 -0.024948351 378.221923828
-0.021622719 0.090232879 -0.995686054 -82.074760437 -0.004207650 0.995901763 0.090343878 8.357693672 0.999757469 0.006142894 -0.021154515 378.193817139
-0.019326573 0.091419592 -0.995624959 -82.995071411 -0.004468490 0.995793045 0.091521837 8.434016228 0.999803245 0.006217653 -0.018836789 378.178497314
-0.016705167 0.091671005 -0.995649278 -83.911354065 -0.003519407 0.995776653 0.091741852 8.505221367 0.999854267 0.005036572 -0.016311947 378.174346924
-0.013842628 0.091818579 -0.995679557 -84.836097717 -0.002678201 0.995768011 0.091864020 8.577774048 0.999900579 0.003938190 -0.013538172 378.173339844
-0.012280821 0.091219462 -0.995755076 -85.739730835 -0.001301525 0.995827913 0.091242261 8.646617889 0.999923706 0.002416452 -0.012110859 378.166290283
-0.011245333 0.090029642 -0.995875537 -86.627250671 -0.000359972 0.995938182 0.090039432 8.718406677 0.999936640 0.001370931 -0.011167229 378.148498535
-0.010183834 0.089638069 -0.995922387 -87.500862122 0.000489327 0.995974302 0.089637801 8.784275055 0.999948025 0.000425440 -0.010186723 378.144409180
-0.010019873 0.089039177 -0.995977581 -88.379165649 0.001007384 0.996028125 0.089033611 8.849198341 0.999949336 -0.000111307 -0.010069753 378.134033203
-0.009755731 0.088472500 -0.996030927 -89.233146667 0.001910879 0.996078074 0.088458031 8.910241127 0.999950647 -0.001040408 -0.009886500 378.103912354
-0.010458656 0.088167265 -0.996050715 -90.100845337 0.003218020 0.996103048 0.088138163 8.978613853 0.999940157 -0.002283592 -0.010701626 378.091400146
-0.012348806 0.087997191 -0.996044278 -90.926750183 0.004927428 0.996113360 0.087942287 9.037194252 0.999911666 -0.003822042 -0.012734345 378.072265625
-0.015036074 0.088567078 -0.995956898 -91.701438904 0.006080570 0.996058941 0.088484444 9.095491409 0.999868631 -0.004725618 -0.015515397 378.056396484
-0.018943213 0.089823470 -0.995777726 -92.378883362 0.007290717 0.995942116 0.089699686 9.143876076 0.999794066 -0.005560823 -0.019521192 378.046813965
-0.023206241 0.090419620 -0.995633483 -92.956542969 0.008468268 0.995883584 0.090245038 9.189153671 0.999694884 -0.006337129 -0.023876378 378.030456543
-0.027790502 0.090318225 -0.995525241 -93.527046204 0.009233668 0.995890498 0.090093680 9.231751442 0.999571264 -0.006688694 -0.028510205 378.022369385
-0.033670340 0.089258067 -0.995439470 -94.107048035 0.009895124 0.995984972 0.088972352 9.277438164 0.999384105 -0.006854355 -0.034418352 378.005828857
-0.039732125 0.088361233 -0.995295644 -94.670440674 0.010522702 0.996064007 0.088009447 9.312051773 0.999154866 -0.006976480 -0.040505528 377.988128662
-0.047017086 0.088594764 -0.994957387 -95.207176208 0.011089461 0.996043921 0.088167541 9.355749130 0.998832464 -0.006888239 -0.047813460 377.958648682
-0.053985927 0.089147389 -0.994554281 -95.732933044 0.011727179 0.995994747 0.088639997 9.397741318 0.998472869 -0.006878093 -0.054815091 377.936462402
-0.060443517 0.089347415 -0.994164824 -96.277122498 0.012357587 0.995976508 0.088758990 9.440877914 0.998095155 -0.006920647 -0.061304517 377.893615723
-0.066664688 0.088413030 -0.993850708 -96.849487305 0.012184022 0.996064246 0.087792777 9.480331421 0.997701108 -0.006256509 -0.067479528 377.854217529
-0.072699644 0.086700648 -0.993578374 -97.402793884 0.012657830 0.996214271 0.086004563 9.518936157 0.997273684 -0.006324132 -0.073521949 377.818939209
-0.078129642 0.085380062 -0.993280470 -97.928398132 0.013496962 0.996325254 0.084580205 9.557077408 0.996851921 -0.006798137 -0.078994937 377.780700684
-0.083764955 0.084250361 -0.992917657 -98.476295471 0.013919935 0.996421158 0.083373390 9.598759651 0.996388316 -0.006837659 -0.084638014 377.739562988
-0.088729940 0.083219916 -0.992573202 -99.034072876 0.014371492 0.996506870 0.082265064 9.632319450 0.995952189 -0.006965472 -0.089615904 377.690551758
-0.093884870 0.082972504 -0.992119551 -99.598251343 0.013648408 0.996534705 0.082050256 9.675797462 0.995489419 -0.005837654 -0.094691969 377.649291992
-0.098303728 0.082773194 -0.991708040 -100.173606873 0.013396611 0.996554613 0.081849836 9.717977524 0.995066285 -0.005239460 -0.099073954 377.605255127
-0.102095209 0.082460485 -0.991351008 -100.735237122 0.013429072 0.996581852 0.081512637 9.761752129 0.994683921 -0.004990955 -0.102853596 377.556915283
-0.106027246 0.082544602 -0.990931094 -101.303504944 0.014181858 0.996572673 0.081497177 9.799780846 0.994262099 -0.005412399 -0.106834494 377.500457764
-0.108788587 0.082207911 -0.990659833 -101.885993958 0.013557361 0.996604681 0.081212506 9.845128059 0.993972540 -0.004595823 -0.109533750 377.435638428
-0.111367829 0.081529833 -0.990429223 -102.458610535 0.011334477 0.996668458 0.080768988 9.884081841 0.993714571 -0.002231002 -0.111921005 377.370513916
-0.113301814 0.080968030 -0.990256011 -103.038604736 0.009815624 0.996716559 0.080373257 9.937314987 0.993512213 -0.000613630 -0.113724515 377.298126221
-0.114212200 0.080834635 -0.990162432 -103.627891541 0.009721936 0.996727407 0.080249257 9.974119186 0.993408978 -0.000460941 -0.114624254 377.224731445
-0.114446379 0.080973417 -0.990124047 -104.204704285 0.010683434 0.996715367 0.080277659 10.009157181 0.993372142 -0.001390527 -0.114935584 377.166625977
-0.114655316 0.081700943 -0.990040004 -104.791870117 0.010417779 0.996656358 0.081040546 10.053037643 0.993350744 -0.001022377 -0.115123078 377.085784912
-0.113970384 0.084253632 -0.989905119 -105.392662048 0.010036413 0.996444225 0.083654746 10.096981049 0.993433475 -0.000401014 -0.114410765 377.001281738
-0.113972858 0.088857204 -0.989502132 -106.002243042 0.008539080 0.996043086 0.088461079 10.145388603 0.993447185 0.001632652 -0.114280641 376.929534912
-0.113352366 0.098617099 -0.988648534 -106.623443604 0.008086193 0.995120406 0.098335631 10.204782486 0.993522048 0.003152093 -0.113596767 376.844238281
-0.111769073 0.107265532 -0.987928152 -107.250022888 0.006133786 0.994212687 0.107254006 10.273513794 0.993715346 0.005927853 -0.111780204 376.757324219
-0.109506108 0.109864667 -0.987895906 -107.883773804 0.005401297 0.993923962 0.109936394 10.336389542 0.993971586 0.006702697 -0.109434143 376.675170898
-0.106404461 0.105700605 -0.988688886 -108.526985168 0.003603085 0.994368136 0.105920076 10.390795708 0.994316578 0.007707955 -0.106186092 376.595092773
-0.103071190 0.095582321 -0.990070820 -109.183311462 0.000491291 0.995377004 0.096043505 10.440344810 0.994673789 0.009412829 -0.102641627 376.513916016
-0.100202054 0.092085496 -0.990696728 -109.860084534 -0.000454038 0.995703578 0.092596874 10.506963730 0.994967043 0.009728133 -0.099729724 376.447998047
-0.096893862 0.097289532 -0.990528286 -110.572959900 0.000437314 0.995215118 0.097707167 10.569370270 0.995294631 0.009033969 -0.096472777 376.383941650
-0.092381731 0.110282138 -0.989597738 -111.352302551 0.000945579 0.993856847 0.110668577 10.698846817 0.995723307 0.009287918 -0.091918461 376.312561035
-0.088611819 0.115528598 -0.989343941 -112.206314087 0.001343576 0.993263960 0.115866087 10.766044617 0.996065438 0.008937741 -0.088170029 376.252227783
-0.084859401 0.110743284 -0.990219533 -113.065750122 0.000300483 0.993807018 0.111118816 10.843347549 0.996392906 0.009131855 -0.084367163 376.171081543
-0.081769578 0.097504742 -0.991870224 -113.949455261 -0.001616588 0.995188534 0.097964287 10.900018692 0.996649921 0.009613860 -0.081218511 376.093109131
-0.078014314 0.088064805 -0.993055105 -114.828933716 -0.004283419 0.996052086 0.088667154 10.969672203 0.996943057 0.011170894 -0.077329062 376.023834229
-0.074264944 0.088860489 -0.993271589 -115.743927002 -0.006322323 0.995960176 0.089573771 11.058970451 0.997218549 0.012931893 -0.073403038 375.943389893
-0.070037901 0.095332742 -0.992978692 -116.694419861 -0.008277687 0.995333076 0.096142724 11.162510872 0.997510076 0.014953103 -0.068921871 375.881317139
-0.064286664 0.097514786 -0.993155539 -117.627532959 -0.009325331 0.995112002 0.098310582 11.249740601 0.997887850 0.015581487 -0.063063063 375.811187744
-0.057993699 0.091451056 -0.994119465 -118.571044922 -0.012754940 0.995646298 0.092335649 11.312868118 0.998235404 0.018034738 -0.056574799 375.751068115
-0.051484182 0.080507234 -0.995423615 -119.528114319 -0.015141247 0.996567845 0.081382960 11.378171921 0.998559058 0.019261796 -0.050088465 375.709960938
-0.045034695 0.074118122 -0.996232212 -120.478195190 -0.012505286 0.997123897 0.074749835 11.433593750 0.998907268 0.015824415 -0.043978289 375.681701660
-0.039282452 0.076663494 -0.996282935 -121.451332092 -0.008544393 0.996990263 0.077054881 11.506646156 0.999191642 0.011539446 -0.038509209 375.646453857
-0.033398956 0.084696703 -0.995847046 -122.435096741 -0.007972534 0.996348441 0.085006818 11.606884003 0.999410450 0.010778473 -0.032601830 375.625854492
-0.028144673 0.091610037 -0.995397270 -123.413490295 -0.006277158 0.995755792 0.091820605 11.702361107 0.999584198 0.008832438 -0.027450088 375.616729736
-0.023872854 0.092466019 -0.995429695 -124.395362854 -0.005880875 0.995683193 0.092630677 11.779348373 0.999697745 0.008065262 -0.023226004 375.582916260
-0.021267841 0.090249151 -0.995692253 -125.379600525 -0.004920521 0.995895863 0.090372793 11.856655121 0.999761760 0.006821262 -0.020736452 375.559631348
-0.019479934 0.088723257 -0.995865822 -126.359008789 -0.003356671 0.996043384 0.088804804 11.931094170 0.999804616 0.005072629 -0.019105010 375.538574219
-0.018900951 0.088491738 -0.995897591 -127.345367432 -0.001803870 0.996070921 0.088541456 12.009057045 0.999819696 0.003469907 -0.018667107 375.523010254
-0.018864134 0.088852130 -0.995866358 -128.338256836 -0.000709087 0.996041954 0.088881321 12.090857506 0.999821842 0.002382739 -0.018726507 375.506439209
-0.019002043 0.089557990 -0.995800376 -129.338119507 -0.000206321 0.995979786 0.089578129 12.171167374 0.999819398 0.001907535 -0.018907215 375.490386963
-0.020724446 0.090786293 -0.995654821 -130.337142944 -0.000697919 0.995867014 0.090820245 12.259434700 0.999784946 0.002577005 -0.020575479 375.461761475
-0.022893406 0.092203274 -0.995476961 -131.349090576 0.000054052 0.995738149 0.092226267 12.346273422 0.999737859 0.002057490 -0.022800844 375.441894531
-0.025487065 0.091998510 -0.995432913 -132.356155396 0.000646954 0.995757699 0.092012040 12.432147026 0.999674857 0.001701043 -0.025438538 375.413574219
-0.027913947 0.087744161 -0.995751977 -133.361175537 0.002272089 0.996143043 0.087715000 12.503107071 0.999607801 0.000185947 -0.028005652 375.378784180
-0.029876132 0.082656622 -0.996130168 -134.357437134 0.005454466 0.996573687 0.082529895 12.560542107 0.999538779 -0.002967769 -0.030224614 375.354858398
-0.032710928 0.081405073 -0.996144354 -135.364456177 0.008003617 0.996666908 0.081185050 12.636116982 0.999432921 -0.005317202 -0.033253521 375.318450928
-0.035102464 0.084577054 -0.995798647 -136.361251831 0.011212148 0.996383071 0.084231548 12.715736389 0.999320924 -0.008208396 -0.035923850 375.295440674
-0.037150647 0.087819122 -0.995443463 -137.356262207 0.012079915 0.996097803 0.087426081 12.802995682 0.999236584 -0.008777018 -0.038066503 375.248962402
-0.039599717 0.088788345 -0.995263219 -138.372848511 0.011017079 0.996022582 0.088417821 12.871430397 0.999154925 -0.007463661 -0.040420398 375.206451416
-0.041429706 0.087213844 -0.995327890 -139.370529175 0.007982301 0.996180117 0.086956337 12.936758041 0.999109626 -0.004342517 -0.041967623 375.153015137
-0.043296173 0.085343607 -0.995410502 -140.353683472 0.004522149 0.996351182 0.085227653 13.003259659 0.999052107 -0.000811452 -0.043524183 375.102569580
-0.045136571 0.084393933 -0.995409727 -141.342895508 0.003598141 0.996432483 0.084317565 13.076871872 0.998974383 0.000224103 -0.045279302 375.051269531
-0.046172328 0.084085576 -0.995388389 -142.332855225 0.004159253 0.996458530 0.083983116 13.146230698 0.998924911 -0.000262469 -0.046358623 375.003143311
-0.047495067 0.085113786 -0.995238721 -143.333816528 0.005246316 0.996370494 0.084960289 13.222557068 0.998857915 -0.001186226 -0.047769178 374.955718994
-0.048945267 0.088163733 -0.994902670 -144.329208374 0.007219593 0.996101856 0.087914869 13.294086456 0.998775363 -0.002879852 -0.049390912 374.912689209
-0.051452752 0.092529498 -0.994379759 -145.312652588 0.009660874 0.995698154 0.092152357 13.384801865 0.998628795 -0.004865174 -0.052125335 374.863494873
-0.054248970 0.095034160 -0.993994653 -146.305557251 0.011126326 0.995456338 0.094566725 13.461342812 0.998465419 -0.005929445 -0.055059813 374.810211182
-0.056953683 0.094136871 -0.993928850 -147.278717041 0.010858784 0.995544314 0.093667723 13.544283867 0.998317838 -0.005458217 -0.057722207 374.744598389
-0.059376668 0.090474173 -0.994127274 -148.248123169 0.009598992 0.995889962 0.090061359 13.611040115 0.998189628 -0.004195163 -0.060001001 374.675201416
-0.061515160 0.086546138 -0.994346917 -149.226394653 0.010749198 0.996233225 0.086045399 13.677229881 0.998048365 -0.005395421 -0.062213805 374.614227295
-0.062774464 0.086686261 -0.994256139 -150.209625244 0.012067283 0.996213853 0.086095139 13.752580643 0.997954965 -0.006593487 -0.063582808 374.553192139
-0.063792616 0.089940459 -0.993902147 -151.190231323 0.013643300 0.995916069 0.089247100 13.836032867 0.997870088 -0.007866897 -0.064759232 374.498596191
-0.064641334 0.092545472 -0.993608177 -152.173477173 0.015049191 0.995667636 0.091758311 13.915672302 0.997795105 -0.009021705 -0.065754034 374.436248779
-0.065251768 0.093558006 -0.993473291 -153.160751343 0.014941037 0.995575070 0.092774659 14.004034042 0.997756958 -0.008789893 -0.066360816 374.375152588
-0.065452404 0.094156452 -0.993403673 -154.159011841 0.016096149 0.995508373 0.093295485 14.090890884 0.997725964 -0.009883648 -0.066673957 374.312835693
-0.065889470 0.094581917 -0.993334353 -155.124252319 0.015015330 0.995478809 0.093790174 14.165918350 0.997714043 -0.008735551 -0.067011803 374.244598389
-0.065645516 0.094016969 -0.993404031 -156.099151611 0.013420152 0.995544553 0.093332790 14.248352051 0.997752786 -0.007204828 -0.066614702 374.172332764
-0.065192200 0.092960849 -0.993533254 -157.086639404 0.010977608 0.995657802 0.092439398 14.323953629 0.997812331 -0.004880374 -0.065929607 374.099609375
-0.064574786 0.091550119 -0.993704498 -158.059326172 0.008781571 0.995796382 0.091172256 14.402105331 0.997874200 -0.002838941 -0.065107241 374.028564453
-0.063569918 0.090354912 -0.993878663 -159.017959595 0.008682581 0.995905340 0.089983873 14.476542473 0.997939527 -0.002909242 -0.064094134 373.970520020
-0.062579505 0.089231685 -0.994043112 -159.986038208 0.009084030 0.996004820 0.088835970 14.548050880 0.997998714 -0.003470691 -0.063140064 373.909698486
-0.061566193 0.088650398 -0.994158328 -160.954971313 0.008632120 0.996057808 0.088285275 14.624053001 0.998065829 -0.003146395 -0.062088765 373.851257324
-0.060602624 0.091394126 -0.993969083 -161.913330078 0.009036844 0.995808721 0.091012359 14.707919121 0.998121202 -0.003466843 -0.061174512 373.793334961
-0.059914786 0.095770955 -0.993598640 -162.873687744 0.011311240 0.995388031 0.095261417 14.789883614 0.998139441 -0.005531347 -0.060721729 373.738067627
-0.059199408 0.097746447 -0.993449211 -163.834808350 0.012327819 0.995190144 0.097183205 14.872242928 0.998170018 -0.006493955 -0.060119625 373.676391602
-0.058482908 0.097875305 -0.993478835 -164.784927368 0.010841434 0.995185733 0.097405337 14.952013969 0.998229444 -0.005074263 -0.059262447 373.617462158
-0.057678126 0.097055197 -0.993606389 -165.730377197 0.010760562 0.995265841 0.096592732 15.033895493 0.998277307 -0.005120555 -0.058449481 373.560058594
-0.057070728 0.095919296 -0.993751645 -166.663803101 0.010809228 0.995375037 0.095455296 15.109045029 0.998311698 -0.005294062 -0.057843626 373.507995605
-0.056268781 0.096057124 -0.993784070 -167.607391357 0.010520644 0.995362878 0.095614098 15.184972763 0.998360276 -0.005075243 -0.057018321 373.453552246
-0.055505048 0.097272955 -0.993708849 -168.531799316 0.009905704 0.995247722 0.096870355 15.271521568 0.998409331 -0.004466676 -0.056204870 373.395324707
-0.055150416 0.098128118 -0.993644476 -169.423156738 0.009586157 0.995165169 0.097746305 15.352156639 0.998432159 -0.004134561 -0.055824470 373.350372314
-0.054704446 0.095611654 -0.993914545 -170.292709351 0.012631265 0.995391607 0.095058605 15.418970108 0.998422801 -0.007354360 -0.055660117 373.312927246
-0.054381650 0.090740122 -0.994388700 -171.175903320 0.013455272 0.995838523 0.090136647 15.471310616 0.998429656 -0.008478078 -0.055376302 373.270874023
-0.054597422 0.088233791 -0.994602323 -172.043624878 0.015018564 0.996047974 0.087537669 15.538022995 0.998395562 -0.010158248 -0.055706773 373.230712891
-0.054754738 0.091637395 -0.994286001 -172.891632080 0.017843112 0.995710552 0.090786144 15.597325325 0.998340487 -0.012770281 -0.056154922 373.192443848
-0.055199046 0.096507274 -0.993800581 -173.725570679 0.021178927 0.995207250 0.095467605 15.672935486 0.998250782 -0.015778001 -0.056978434 373.156494141
-0.056662146 0.099008657 -0.993472219 -174.555130005 0.022003435 0.994952917 0.097901359 15.737868309 0.998151064 -0.016312588 -0.058554668 373.107482910
-0.058406170 0.096576370 -0.993610501 -175.346389771 0.021824766 0.995195150 0.095447555 15.796523094 0.998054385 -0.016110675 -0.060233295 373.060791016
-0.060697477 0.089891747 -0.994100273 -176.077728271 0.019746516 0.995849729 0.088844337 15.829831123 0.997960925 -0.014237484 -0.062220555 372.999389648
-0.063019834 0.085142739 -0.994373977 -176.696380615 0.017777346 0.996291935 0.084180385 15.863965034 0.997854054 -0.012372380 -0.064299822 372.958374023
-0.064929783 0.084170707 -0.994333744 -177.286376953 0.015851859 0.996397555 0.083310358 15.910517693 0.997764051 -0.010352809 -0.066030048 372.911346436
-0.067814268 0.086090781 -0.993976593 -177.841033936 0.014625065 0.996248782 0.085289836 15.952525139 0.997590721 -0.008753186 -0.068818994 372.864959717
-0.072377972 0.088615358 -0.993432879 -178.411621094 0.014409369 0.996034145 0.087797649 15.993844986 0.997273207 -0.007960216 -0.073367782 372.819946289
-0.077103868 0.089944787 -0.992957830 -178.953277588 0.014545204 0.995917976 0.089083567 16.029256821 0.996917129 -0.007574172 -0.078097425 372.777313232
-0.084300004 0.090441428 -0.992327690 -179.485946655 0.014540070 0.995877981 0.089529879 16.073043823 0.996334612 -0.006881246 -0.085267566 372.735839844
-0.094812356 0.090474017 -0.991375446 -180.032485962 0.015668483 0.995873809 0.089386113 16.115585327 0.995371997 -0.007058541 -0.095838673 372.684661865
-0.109950617 0.089875638 -0.989865541 -180.591308594 0.017869931 0.995921135 0.088440605 16.160842896 0.993776679 -0.007964817 -0.111108236 372.612487793
-0.130014494 0.089310914 -0.987481534 -181.172714233 0.020401280 0.995965064 0.087392166 16.206846237 0.991302252 -0.008783726 -0.131311879 372.525238037
-0.155162886 0.089272544 -0.983847082 -181.747497559 0.023345873 0.995961726 0.086689994 16.247982025 0.987613082 -0.009517788 -0.156620428 372.406311035
-0.184715062 0.089018278 -0.978752375 -182.313598633 0.025706958 0.995986342 0.085734233 16.295537949 0.982455969 -0.009324424 -0.186262026 372.288940430
-0.218871489 0.089334965 -0.971655726 -182.849105835 0.028575804 0.995959759 0.085132696 16.338014603 0.975335181 -0.009132803 -0.220540032 372.151428223
-0.257739961 0.089708827 -0.962040603 -183.351516724 0.031857330 0.995928168 0.084333949 16.373281479 0.965688884 -0.008911893 -0.259548336 371.995452881
-0.301400512 0.090186216 -0.949222982 -183.820587158 0.035947487 0.995883822 0.083205387 16.409753799 0.952819884 -0.009044109 -0.303401917 371.836181641
-0.348483294 0.090645693 -0.932921588 -184.267410278 0.040494606 0.995839477 0.081632711 16.433362961 0.936439931 -0.009330740 -0.350704074 371.623535156
-0.397995651 0.091312036 -0.912831664 -184.705291748 0.044791847 0.995781481 0.080080383 16.470079422 0.916293263 -0.009015843 -0.400406778 371.386932373
-0.448243380 0.092314869 -0.889132261 -185.122344971 0.049556982 0.995689869 0.078394912 16.494529724 0.892537117 -0.008922790 -0.450886279 371.124938965
-0.498432875 0.092685744 -0.861959517 -185.532714844 0.053200468 0.995664656 0.076299511 16.536258698 0.865294576 -0.007826552 -0.501202822 370.826019287
-0.548531950 0.093443707 -0.830891728 -185.899032593 0.056316774 0.995607853 0.074789234 16.552406311 0.834230900 -0.005768918 -0.551385105 370.484619141
-0.599655449 0.093664892 -0.794758081 -186.222534180 0.059125915 0.995597959 0.072723299 16.584732056 0.798071265 -0.003381949 -0.602553785 370.148986816
-0.649874330 0.093927369 -0.754215658 -186.561447144 0.062279936 0.995578229 0.070321999 16.607223511 0.757485807 -0.001272102 -0.652850568 369.746643066
-0.699040413 0.093128532 -0.708992243 -186.881332397 0.065604754 0.995654047 0.066098705 16.642549515 0.712066710 -0.000307670 -0.702112079 369.349304199
-0.745894432 0.093225628 -0.659507692 -187.118759155 0.069170319 0.995644510 0.062510014 16.651977539 0.662462711 0.001007454 -0.749094009 368.974853516
-0.789286554 0.093099236 -0.606926322 -187.328720093 0.071836576 0.995651662 0.059306677 16.673906326 0.609808564 0.003210400 -0.792542398 368.514587402
-0.829490662 0.090895861 -0.551074326 -187.564346313 0.072241977 0.995840847 0.055516560 16.685846329 0.553828657 0.006239730 -0.832607090 368.042633057
-0.865765274 0.087946065 -0.492662460 -187.796142578 0.072288044 0.996090174 0.050780710 16.716169357 0.495202303 0.008350519 -0.868737757 367.496978760
-0.897764564 0.087912388 -0.431613386 -187.946945190 0.074749537 0.996075034 0.047403201 16.731920242 0.434086740 0.010293973 -0.900812089 366.965423584
-0.924647868 0.090342775 -0.369952291 -188.083633423 0.079522081 0.995842397 0.044430729 16.734186172 0.372428209 0.011663367 -0.927987874 366.444549561
-0.946777761 0.090983585 -0.308762014 -188.265686035 0.082528815 0.995770991 0.040362388 16.756267548 0.311128587 0.012732422 -0.950282514 365.873535156
-0.963490248 0.091357380 -0.251676112 -188.395385742 0.084993474 0.995728493 0.036065370 16.765069962 0.253895938 0.013357776 -0.967139602 365.321990967
-0.975814939 0.088986084 -0.199666828 -188.495086670 0.084432736 0.995939851 0.031222418 16.784387589 0.201634571 0.013608864 -0.979366362 364.769775391
-0.984446824 0.085778013 -0.153319940 -188.570434570 0.082529441 0.996210754 0.027440324 16.793571472 0.155092776 0.014360113 -0.987795591 364.161437988
-0.989790022 0.082806043 -0.116015390 -188.596298218 0.080594093 0.996466696 0.023637043 16.808044434 0.117562793 0.014045537 -0.992966413 363.546417236
-0.993114233 0.080187380 -0.085406810 -188.611618042 0.078554094 0.996659935 0.022321016 16.811611176 0.086911455 0.015458252 -0.996096313 362.861206055
-0.994867444 0.079733789 -0.062305614 -188.639755249 0.078512609 0.996674538 0.021812025 16.812795639 0.063837610 0.016808283 -0.997819066 362.217529297
-0.995807230 0.080189876 -0.044024829 -188.667831421 0.079371624 0.996643782 0.020032868 16.815351486 0.045483556 0.016454540 -0.998829663 361.561218262
-0.996316671 0.081253529 -0.027408034 -188.696945190 0.080848038 0.996604502 0.015593981 16.805419922 0.028582077 0.013320652 -0.999502778 360.906402588
-0.996296167 0.084997565 -0.013012192 -188.717254639 0.084882155 0.996348619 0.009180339 16.808464050 0.013745034 0.008041831 -0.999873102 360.238220215
-0.996323347 0.085664727 0.001455325 -188.726776123 0.085667662 0.996321559 0.002079182 16.797403336 -0.001271812 0.002196209 -0.999997020 359.564636230
-0.996255696 0.084571630 0.017968867 -188.698455811 0.084564812 0.996417284 -0.001140000 16.800853729 -0.018000856 0.000383804 -0.999838054 358.890258789
-0.995932281 0.084426969 0.031480104 -188.669845581 0.084404856 0.996429443 -0.002033115 16.787481308 -0.031539310 0.000632230 -0.999502182 358.166168213
-0.995498478 0.084378600 0.043161601 -188.623519897 0.084350154 0.996433020 -0.002482944 16.782001495 -0.043217108 0.001168923 -0.999064922 357.422515869
-0.995092869 0.084129125 0.052083705 -188.569610596 0.084055901 0.996454597 -0.003598744 16.768918991 -0.052201755 0.000796860 -0.998636484 356.664123535
-0.994901419 0.082378425 0.058183622 -188.513305664 0.082280524 0.996600866 -0.004079985 16.762989044 -0.058321904 0.000728200 -0.998297811 355.877410889
-0.994716763 0.082135044 0.061582316 -188.454071045 0.082013339 0.996621072 -0.004505808 16.752281189 -0.061744265 0.000568571 -0.998091817 355.018646240
-0.994676530 0.080123194 0.064798824 -188.393875122 0.079961829 0.996784985 -0.005084229 16.742021561 -0.064997822 0.000124271 -0.997885466 354.142303467
-0.994388938 0.080850266 0.068219513 -188.325805664 0.080742627 0.996725559 -0.004338373 16.731967926 -0.068346836 0.001194195 -0.997660935 353.243041992
-0.993964434 0.082145996 0.072714701 -188.255920410 0.082076058 0.996618152 -0.003954345 16.712755203 -0.072793588 0.002037663 -0.997345150 352.360473633
-0.993655443 0.082010545 0.076960385 -188.171936035 0.082028627 0.996625602 -0.002931442 16.703762054 -0.076941051 0.003400115 -0.997029781 351.451873779
-0.993298173 0.082237296 0.081215784 -188.082427979 0.082286984 0.996604860 -0.002740849 16.681711197 -0.081165396 0.003960525 -0.996692836 350.546783447
-0.993093193 0.080777086 0.085096970 -187.984390259 0.080844536 0.996723175 -0.002658661 16.670795441 -0.085032828 0.004239331 -0.996369481 349.636688232
-0.992892146 0.079466984 0.088603236 -187.893646240 0.079467490 0.996831238 -0.003527297 16.664247513 -0.088602722 0.003538857 -0.996061027 348.722534180
-0.992848933 0.077932619 0.090430543 -187.791870117 0.077751726 0.996957421 -0.005526732 16.655519485 -0.090586066 0.001543925 -0.995887578 347.810302734
-0.992844522 0.077043496 0.091239087 -187.698242188 0.076645613 0.997027338 -0.007861917 16.643911362 -0.091573521 -0.000812581 -0.995798349 346.888885498
-0.992905200 0.076760009 0.090815812 -187.605789185 0.076191664 0.997045815 -0.009713834 16.629594803 -0.091293126 -0.002725499 -0.995820522 345.944793701
-0.992968380 0.076860480 0.090037234 -187.512145996 0.076381348 0.997040153 -0.008760151 16.614067078 -0.090444013 -0.001821381 -0.995899975 344.988800049
-0.993088245 0.076786943 0.088766620 -187.426651001 0.076420687 0.997047246 -0.007522319 16.588432312 -0.089082092 -0.000686712 -0.996024132 344.035949707
-0.993274450 0.076093487 0.087269239 -187.338592529 0.075802103 0.997100711 -0.006652782 16.572515488 -0.087522402 0.000007157 -0.996162653 343.070922852
-0.993505359 0.075231180 0.085368715 -187.262817383 0.074949495 0.997166097 -0.006504459 16.549865723 -0.085616082 -0.000063868 -0.996328533 342.116302490
-0.993631482 0.075544044 0.083605319 -187.184722900 0.075290948 0.997142434 -0.006180566 16.531421661 -0.083833270 0.000153524 -0.996479928 341.150268555
-0.993887007 0.074441895 0.081532426 -187.102508545 0.074266523 0.997224927 -0.005185617 16.514694214 -0.081692144 0.000901215 -0.996657372 340.173706055
-0.994039893 0.074314527 0.079767227 -187.013900757 0.074268878 0.997231960 -0.003543095 16.501340866 -0.079809688 0.002402250 -0.996807456 339.194274902
-0.994183362 0.073966540 0.078283757 -186.937026978 0.074114256 0.997249246 -0.001020871 16.487543106 -0.078143895 0.004787014 -0.996930480 338.205291748
-0.994309783 0.073505916 0.077105224 -186.865402222 0.073990487 0.997253001 0.003442680 16.483343124 -0.076640315 0.009128146 -0.997017145 337.222991943
-0.994411647 0.073661856 0.075625151 -186.784118652 0.074302457 0.997219503 0.005688389 16.472127914 -0.074995816 0.011275739 -0.997119904 336.249542236
-0.994609535 0.072177470 0.074448794 -186.705184937 0.072733633 0.997339964 0.004782825 16.469831467 -0.073905498 0.010171978 -0.997213364 335.274658203
-0.994759083 0.071638994 0.072955377 -186.628814697 0.072010353 0.997400820 0.002469346 16.458658218 -0.072588801 0.007709950 -0.997332275 334.304473877
-0.994821250 0.072012134 0.071728699 -186.563690186 0.072341166 0.997377992 0.001996547 16.446596146 -0.071396798 0.007175148 -0.997422159 333.335052490
-0.994927406 0.071957186 0.070297614 -186.498077393 0.072309166 0.997379243 0.002472029 16.437751770 -0.069935441 0.007542654 -0.997523129 332.365295410
-0.994887948 0.074162394 0.068540685 -186.424194336 0.074508190 0.997217238 0.002499021 16.425670624 -0.068164572 0.007593093 -0.997645259 331.395446777
-0.995030403 0.073075555 0.067633912 -186.360076904 0.073352128 0.997304857 0.001611552 16.420299530 -0.067333817 0.006564640 -0.997708917 330.416625977
-0.995103598 0.073429964 0.066159613 -186.289062500 0.073686920 0.997280359 0.001448891 16.407709122 -0.065873235 0.006316897 -0.997808158 329.438964844
-0.995280266 0.071936935 0.065132298 -186.214309692 0.072155982 0.997392893 0.001013951 16.402032852 -0.064889506 0.005708854 -0.997876167 328.470825195
-0.995501518 0.069913536 0.063946582 -186.141510010 0.070070982 0.997542024 0.000220060 16.392549515 -0.063773982 0.004699872 -0.997953475 327.492675781
-0.995709479 0.068213977 0.062529460 -186.081573486 0.068351835 0.997661293 0.000065794 16.376562119 -0.062378686 0.004339517 -0.998043418 326.514984131
-0.995867729 0.067279197 0.060999144 -186.011428833 0.067464270 0.997721195 0.000977303 16.362384796 -0.060794331 0.005088531 -0.998137295 325.543121338
-0.996055484 0.065673806 0.059669226 -185.944534302 0.065921538 0.997822404 0.002190588 16.354349136 -0.059395380 0.006115437 -0.998215735 324.552459717
-0.996184886 0.064995490 0.058237035 -185.884048462 0.065288618 0.997861505 0.003142886 16.350841522 -0.057908162 0.006933114 -0.998297870 323.570526123
-0.996099830 0.067662217 0.056635182 -185.833511353 0.067968473 0.997681320 0.003496582 16.340637207 -0.056267232 0.007332352 -0.998389006 322.602355957
-0.995982707 0.070661828 0.055005107 -185.788635254 0.070878580 0.997482955 0.001997150 16.328378677 -0.054725487 0.005887814 -0.998484254 321.618011475
-0.996092558 0.070116572 0.053698525 -185.729965210 0.070280738 0.997526526 0.001172713 16.315336227 -0.053483438 0.004942105 -0.998556733 320.633972168
-0.996081412 0.070249856 0.053734180 -185.675445557 0.070547074 0.997501731 0.003652178 16.313579559 -0.053343330 0.007428657 -0.998548925 319.629516602
-0.996025443 0.070725031 0.054140031 -185.622879028 0.071323931 0.997410655 0.009208612 16.318769455 -0.053348523 0.013033496 -0.998490870 318.628784180
-0.995966256 0.071646407 0.054016970 -185.572525024 0.072328225 0.997322738 0.010772387 16.293857574 -0.053100497 0.014635887 -0.998481750 317.639556885
-0.996183395 0.068449058 0.054161832 -185.508163452 0.068984926 0.997584879 0.008084510 16.292539597 -0.053477596 0.011790006 -0.998499572 316.655914307
-0.996279776 0.066636957 0.054647125 -185.447128296 0.066930182 0.997751296 0.003551472 16.291372299 -0.054287534 0.007195806 -0.998499572 315.667358398
-0.996178269 0.067470640 0.055468906 -185.396514893 0.067665085 0.997706771 0.001632744 16.280500412 -0.055231493 0.005379813 -0.998459220 314.685852051
-0.996105313 0.067822367 0.056343652 -185.338699341 0.067963399 0.997687578 0.000588499 16.275344849 -0.056173403 0.004415516 -0.998411417 313.700378418
-0.996070504 0.068074740 0.056653403 -185.285461426 0.068230264 0.997669280 0.000813186 16.271690369 -0.056465950 0.004675470 -0.998393714 312.726806641
-0.996023953 0.068455487 0.057016619 -185.227905273 0.068630114 0.997641563 0.001107960 16.257907867 -0.056806255 0.005016614 -0.998372853 311.733062744
-0.996081710 0.068291195 0.056193497 -185.174743652 0.068490826 0.997650445 0.001632065 16.240797043 -0.055949967 0.005474412 -0.998418748 310.761352539
-0.996187270 0.068094186 0.054540459 -185.123092651 0.068280369 0.997664988 0.001555370 16.235536575 -0.054307152 0.005273486 -0.998510599 309.777465820
-0.996279836 0.067847669 0.053134631 -185.072402954 0.068032816 0.997681677 0.001681498 16.224658966 -0.052897319 0.005290143 -0.998586059 308.795562744
-0.996341407 0.068282373 0.051391374 -185.020629883 0.068528488 0.997644484 0.003040262 16.220575333 -0.051062681 0.006550916 -0.998673975 307.821441650
-0.996475279 0.067950577 0.049191426 -184.973724365 0.068182766 0.997668147 0.003055653 16.210323334 -0.048869040 0.006398893 -0.998784721 306.850738525
-0.996574223 0.067537509 0.047733545 -184.926712036 0.067664981 0.997707546 0.001057809 16.213426590 -0.047552634 0.004284078 -0.998859465 305.881225586
-0.996597707 0.067919709 0.046687353 -184.878616333 0.068008564 0.997684658 0.000315674 16.203666687 -0.046557773 0.003489744 -0.998909414 304.915191650
-0.996581435 0.068265215 0.046531849 -184.830139160 0.068435878 0.997653365 0.002082448 16.192441940 -0.046280451 0.005259778 -0.998914480 303.947052002
-0.996513605 0.069184713 0.046629347 -184.775955200 0.069441542 0.997578323 0.003908779 16.193616867 -0.046245951 0.007133165 -0.998904586 302.947662354
-0.996544838 0.068813317 0.046512764 -184.731765747 0.069100462 0.997599125 0.004592161 16.175737381 -0.046085041 0.007790348 -0.998907268 301.988403320
-0.996482849 0.069507681 0.046810348 -184.686126709 0.069715515 0.997562945 0.002820051 16.172780991 -0.046500206 0.006073540 -0.998899996 301.021026611
-0.996388435 0.070041403 0.047999877 -184.638671875 0.070165329 0.997534990 0.000899439 16.167226791 -0.047818508 0.004264120 -0.998846948 300.061889648
-0.996123612 0.072164692 0.050300706 -184.593368530 0.072260514 0.997385800 0.000086820 16.156147003 -0.050162889 0.003721240 -0.998734236 299.106933594
-0.995691299 0.075282685 0.054141469 -184.547027588 0.075403132 0.997153103 0.000182460 16.147571564 -0.053973552 0.004264113 -0.998533309 298.131744385
-0.995490849 0.075268634 0.057734072 -184.489776611 0.075403526 0.997153044 0.000158478 16.131752014 -0.057557724 0.004511117 -0.998332202 297.161560059
-0.995516181 0.072353370 0.060933352 -184.425506592 0.072370730 0.997375965 -0.001924972 16.130720139 -0.060912687 0.002493454 -0.998140156 296.187988281
-0.995455384 0.070553377 0.063963637 -184.344421387 0.070486195 0.997507274 -0.003309201 16.117237091 -0.064037621 0.001214395 -0.997946918 295.226470947
-0.995357394 0.070331790 0.065704994 -184.276718140 0.070426933 0.997516572 -0.000869862 16.101524353 -0.065602951 0.003761580 -0.997838676 294.248748779
-0.995363772 0.069033191 0.066973075 -184.208480835 0.069361635 0.997588217 0.002588437 16.085378647 -0.066632815 0.007221803 -0.997751355 293.267913818
-0.995242357 0.070398942 0.067352675 -184.137756348 0.070835270 0.997479498 0.004109066 16.086118698 -0.066893592 0.008860467 -0.997720599 292.281372070
-0.995231092 0.070091873 0.067839526 -184.064208984 0.070291601 0.997526348 0.000558778 16.061218262 -0.067632496 0.005324665 -0.997696042 291.315917969
-0.995005846 0.072330892 0.068791375 -183.992797852 0.072147928 0.997380614 -0.005143850 16.054517746 -0.068983197 -0.000155001 -0.997618139 290.333038330
-0.994983137 0.072326906 0.069121435 -183.920928955 0.071970902 0.997377574 -0.007630198 16.042293549 -0.069491997 -0.002617183 -0.997579336 289.361541748
-0.995016575 0.071862705 0.069123805 -183.851867676 0.071740016 0.997414291 -0.004259140 16.039197922 -0.069251113 0.000721031 -0.997599125 288.371643066
-0.995119095 0.070142731 0.069412626 -183.775772095 0.070436761 0.997514606 0.001794464 16.025945663 -0.069114193 0.006674910 -0.997586370 287.376068115
-0.995105624 0.070715815 0.069025017 -183.712265015 0.071183026 0.997453868 0.004329753 16.012342453 -0.068543047 0.009221975 -0.997605562 286.391845703
-0.995209217 0.070595682 0.067639425 -183.642654419 0.071080811 0.997459054 0.004789657 16.009281158 -0.067129381 0.009574580 -0.997698545 285.404998779
-0.995261133 0.071924426 0.065441951 -183.573074341 0.072262034 0.997381747 0.002803395 15.993593216 -0.065068930 0.007519081 -0.997852802 284.413787842
-0.995457053 0.071366124 0.063026734 -183.519439697 0.071649782 0.997427285 0.002249192 15.987385750 -0.062704004 0.006754828 -0.998009384 283.416046143
-0.995512962 0.071906343 0.061513174 -183.453216553 0.072253264 0.997380376 0.003431243 15.975100517 -0.061105262 0.007860376 -0.998100638 282.427886963
-0.995435834 0.074602202 0.059515487 -183.394744873 0.075195350 0.997138381 0.007786509 15.992326736 -0.058764238 0.012226259 -0.998197019 281.443328857
-0.995539129 0.074464478 0.057941940 -183.334640503 0.075104751 0.997135520 0.008949035 15.987856865 -0.057109538 0.013260828 -0.998280168 280.439636230
-0.995664477 0.073766738 0.056664340 -183.274139404 0.074345022 0.997199178 0.008163080 15.989165306 -0.055903416 0.012340401 -0.998359919 279.440246582
-0.995717645 0.073028758 0.056684975 -183.213699341 0.073564261 0.997262955 0.007415716 15.987093925 -0.055988219 0.011553950 -0.998364687 278.439544678
-0.995646834 0.073629975 0.057148647 -183.166320801 0.074165165 0.997219265 0.007298335 15.977536201 -0.056452312 0.011505005 -0.998338997 277.443786621
-0.995560408 0.073651560 0.058609590 -183.112854004 0.074193269 0.997218490 0.007117705 15.974093437 -0.057922293 0.011434544 -0.998255730 276.445922852
-0.995543063 0.072363995 0.060479764 -183.053817749 0.072916552 0.997313738 0.006976734 15.969191551 -0.059812374 0.011355616 -0.998145223 275.438690186
-0.995364606 0.071648851 0.064153194 -182.974456787 0.072308578 0.997350097 0.008018592 15.962862015 -0.063408621 0.012620253 -0.997907698 274.434234619
-0.995215654 0.070781685 0.067348875 -182.892898560 0.071534976 0.997398913 0.008836606 15.959999084 -0.066548176 0.013612131 -0.997690380 273.424499512
-0.995090425 0.071219586 0.068722762 -182.817276001 0.071906239 0.997382700 0.007567120 15.948609352 -0.068003908 0.012471567 -0.997607052 272.418365479
-0.995179117 0.069600545 0.069096819 -182.752517700 0.070022024 0.997538626 0.003693682 15.945150375 -0.068669617 0.008514177 -0.997603238 271.425262451
-0.995020270 0.071282789 0.069666162 -182.696502686 0.071420491 0.997446179 -0.000515408 15.924727440 -0.069524936 0.004462754 -0.997570157 270.436187744
-0.995110154 0.068698026 0.070970334 -182.620834351 0.068805903 0.997629642 -0.000926350 15.925102234 -0.070865706 0.003961362 -0.997478366 269.430450439
-0.994959533 0.069119863 0.072648957 -182.559906006 0.069383979 0.997589350 0.001115090 15.902132034 -0.072396703 0.006150147 -0.997357011 268.430145264
-0.995246291 0.063196860 0.074102663 -182.468444824 0.063717723 0.997956991 0.004683597 15.931330681 -0.073655233 0.009382988 -0.997239649 267.422119141
-0.995187759 0.062256806 0.075668395 -182.390869141 0.062768087 0.998018384 0.004395270 15.914855957 -0.075244769 0.009123682 -0.997123480 266.413208008
-0.994990706 0.063939899 0.076843180 -182.311569214 0.064144529 0.997940540 0.000195074 15.912002563 -0.076672420 0.005123171 -0.997043073 265.414245605
-0.994656622 0.067861483 0.077801809 -182.239501953 0.067298643 0.997684419 -0.009836696 15.866939545 -0.078289136 -0.004548174 -0.996920347 264.420471191
-0.994256914 0.072060101 0.079127930 -182.157226562 0.070758596 0.997309864 -0.019134168 15.824955940 -0.080293819 -0.013425291 -0.996681035 263.416564941
-0.993934989 0.074828252 0.080583304 -182.078353882 0.073447637 0.997099161 -0.019966882 15.797347069 -0.081843585 -0.013927127 -0.996547759 262.398345947
-0.993828058 0.074473053 0.082215972 -181.993728638 0.073664740 0.997200549 -0.012825701 15.792700768 -0.082940944 -0.006690122 -0.996532023 261.388885498
-0.993846774 0.072523765 0.083719201 -181.897018433 0.072542943 0.997361302 -0.002816855 15.782301903 -0.083702542 0.003273720 -0.996485353 260.349578857
-0.993944347 0.071069196 0.083808333 -181.798416138 0.071670249 0.997419655 0.004181308 15.769340515 -0.083294868 0.010162557 -0.996473134 259.327362061
-0.994006276 0.070450984 0.083596528 -181.714508057 0.071105681 0.997456789 0.004876484 15.755107880 -0.083040327 0.010791449 -0.996487916 258.319274902
-0.994150579 0.070024349 0.082226425 -181.634674072 0.070482209 0.997509420 0.002675293 15.734315872 -0.081834257 0.008455150 -0.996609867 257.323394775
-0.994063258 0.073105268 0.080585897 -181.548126221 0.073313706 0.997308850 -0.000373294 15.716179848 -0.080396272 0.005536978 -0.996747732 256.308044434
-0.994016171 0.075032234 0.079388149 -181.468521118 0.075099602 0.997173727 -0.002141000 15.710617065 -0.079324372 0.003833833 -0.996841669 255.308807373
-0.993977964 0.077147529 0.077824272 -181.393264771 0.077097751 0.997016788 -0.003648430 15.688976288 -0.077873543 0.002373622 -0.996960521 254.309356689
-0.994027078 0.078307688 0.076015279 -181.319152832 0.078301638 0.996924937 -0.003064514 15.674365997 -0.076021463 0.002905916 -0.997101963 253.306350708
-0.994018137 0.079143308 0.075260043 -181.249008179 0.079264782 0.996852696 -0.001376245 15.667021751 -0.075132042 0.004597463 -0.997162938 252.306442261
-0.994093776 0.079447232 0.073932625 -181.177185059 0.079699889 0.996818781 0.000468589 15.659840584 -0.073660158 0.006358246 -0.997263074 251.288787842
-0.994118989 0.080049753 0.072937652 -181.111602783 0.080341190 0.996766865 0.001065901 15.648392677 -0.072616443 0.006919533 -0.997336090 250.293640137
-0.994259894 0.079147689 0.071993954 -181.038848877 0.079381563 0.996844232 0.000388486 15.634236336 -0.071735963 0.006101250 -0.997405171 249.289108276
-0.994422615 0.078174509 0.070799656 -180.960754395 0.078381903 0.996923387 0.000151551 15.617531776 -0.070569932 0.005700121 -0.997490525 248.292251587
-0.994340658 0.079382636 0.070605248 -180.898422241 0.079607934 0.996826231 0.000378296 15.606498718 -0.070351079 0.005996897 -0.997504175 247.308181763
-0.994326293 0.079771861 0.070367895 -180.839904785 0.080073059 0.996787906 0.001465349 15.598646164 -0.070024930 0.007091610 -0.997520089 246.324111938
-0.994331241 0.080212615 0.069797508 -180.788665771 0.080589011 0.996744037 0.002589070 15.588397980 -0.069362521 0.008199309 -0.997558057 245.339080811
-0.993980825 0.084689051 0.069496945 -180.717941284 0.085175373 0.996357739 0.004059086 15.581108093 -0.068900019 0.009954086 -0.997573912 244.365478516
-0.993627906 0.088238567 0.070124499 -180.655181885 0.088830180 0.996032357 0.005357414 15.559740067 -0.069373496 0.011552450 -0.997523725 243.398361206
-0.993724167 0.087238036 0.070012555 -180.577270508 0.087732241 0.996136069 0.004009258 15.560194016 -0.069392219 0.010126458 -0.997538090 242.443984985
-0.993229687 0.092639372 0.070092306 -180.510787964 0.093033016 0.995660186 0.002365583 15.542625427 -0.069568940 0.008870469 -0.997537673 241.501541138
-0.992786229 0.097051755 0.070405044 -180.450393677 0.097387962 0.995245576 0.001350395 15.506121635 -0.069939204 0.008197259 -0.997517824 240.561767578
-0.993627608 0.088823505 0.069391534 -180.358367920 0.089019015 0.996029913 -0.000275651 15.512559891 -0.069140479 0.005903273 -0.997589707 239.622741699
-0.994482934 0.079932772 0.067928270 -180.270187378 0.079828225 0.996799529 -0.004256453 15.503952026 -0.068051063 0.001189625 -0.997680902 238.699630737
-0.994695246 0.079022303 0.065857626 -180.201126099 0.078733496 0.996871293 -0.006973303 15.476204872 -0.066202566 -0.001751106 -0.997804761 237.786376953
-0.994826913 0.079797126 0.062864721 -180.137725830 0.079602160 0.996810973 -0.005603958 15.444199562 -0.063111372 -0.000570797 -0.998006403 236.866104126
-0.995339096 0.075628504 0.059837364 -180.063980103 0.075633891 0.997133315 -0.002178142 15.448926926 -0.059830517 0.002357746 -0.998205662 235.958816528
-0.995669246 0.073584571 0.056817532 -180.000015259 0.073685631 0.997281492 -0.000317111 15.424481392 -0.056686360 0.003870900 -0.998384714 235.073883057
-0.995790422 0.073801272 0.054360289 -179.945953369 0.073945113 0.997262120 0.000636629 15.408317566 -0.054164425 0.004653628 -0.998521268 234.211303711
-0.995804250 0.075214565 0.052124556 -179.896224976 0.075367369 0.997155368 0.000969285 15.387479782 -0.051903330 0.004893709 -0.998640239 233.319076538
-0.995829105 0.076455854 0.049790204 -179.845733643 0.076616496 0.997059762 0.001323164 15.371483803 -0.049542595 0.005132398 -0.998758793 232.442062378
-0.995895743 0.076907344 0.047721323 -179.818038940 0.077077165 0.997023642 0.001725857 15.360421181 -0.047446508 0.005396999 -0.998859286 231.592849731
-0.996077776 0.076130442 0.045095142 -179.771591187 0.076303370 0.997082412 0.002123316 15.349236488 -0.044801880 0.005555901 -0.998980463 230.785385132
-0.996107996 0.077074610 0.042757858 -179.730224609 0.077251673 0.997008443 0.002501763 15.337660789 -0.042437080 0.005795143 -0.999082267 229.992416382
-0.996072769 0.078319021 0.041297428 -179.679885864 0.078507468 0.996909082 0.002959089 15.324450493 -0.040937979 0.006189624 -0.999142647 229.257064819
-0.995945811 0.080573976 0.040004686 -179.646270752 0.080747589 0.996730804 0.002740518 15.308550835 -0.039653052 0.005959690 -0.999195874 228.611755371
-0.995942652 0.080958486 0.039298229 -179.615707397 0.081114672 0.996701956 0.002393612 15.290063858 -0.038974788 0.005571563 -0.999224901 228.023315430
-0.995838583 0.082045719 0.039683361 -179.589309692 0.082191266 0.996614456 0.002047636 15.280981064 -0.039380964 0.005300740 -0.999210358 227.452987671
-0.995613396 0.083994463 0.041226130 -179.556030273 0.084131151 0.996453404 0.001588748 15.268392563 -0.040946424 0.005050180 -0.999148846 226.896514893
-0.995402157 0.084781550 0.044576988 -179.521484375 0.084920935 0.996386886 0.001238834 15.256012917 -0.044310853 0.005018658 -0.999005198 226.372085571
-0.995109379 0.085491508 0.049487051 -179.505020142 0.085644834 0.996325195 0.000982488 15.246304512 -0.049221151 0.005215994 -0.998774588 225.855560303
-0.994803071 0.085208282 0.055739973 -179.499114990 0.085392639 0.996346951 0.000929609 15.242553711 -0.055457093 0.005684562 -0.998445094 225.368759155
-0.994299233 0.084803917 0.064636305 -179.481338501 0.085007817 0.996380150 0.000406044 15.236147881 -0.064367875 0.005898323 -0.997909069 224.897766113
-0.993430376 0.085117847 0.076495342 -179.464904785 0.085328802 0.996352673 -0.000512274 15.222537994 -0.076259881 0.006018349 -0.997070014 224.441726685
-0.991958022 0.086833239 0.092084803 -179.393600464 0.086986162 0.996206760 -0.002359275 15.204623222 -0.091940306 0.005669808 -0.995748460 223.981628418
-0.989914477 0.086883068 0.111898318 -179.301818848 0.086884215 0.996206522 -0.004875440 15.188736916 -0.111897379 0.004895935 -0.993707955 223.536407471
-0.986855209 0.086098053 0.136763752 -179.221832275 0.085880823 0.996277153 -0.007499173 15.177289009 -0.136900246 0.004344791 -0.990575433 223.078872681
-0.982358158 0.085408136 0.166368261 -179.118774414 0.084949441 0.996336281 -0.009884538 15.166301727 -0.166602910 0.004422745 -0.986014426 222.669586182
-0.975645959 0.085692286 0.201919779 -179.005676270 0.085022420 0.996306777 -0.012004856 15.154245377 -0.202202708 0.005455230 -0.979328394 222.290481567
-0.966329992 0.084981285 0.242867708 -178.891006470 0.084049419 0.996360242 -0.014215592 15.146317482 -0.243191719 0.006675950 -0.969955325 221.915008545
-0.954697430 0.083586328 0.285597652 -178.708877563 0.082221620 0.996472657 -0.016788341 15.134161949 -0.285993516 0.007454537 -0.958202422 221.530670166
-0.940543830 0.080254413 0.330055982 -178.509002686 0.078004904 0.996750772 -0.020077338 15.115012169 -0.330594808 0.006862391 -0.943748176 221.162979126
-0.923994005 0.075267762 0.374926627 -178.313323975 0.071302637 0.997154772 -0.024459183 15.098334312 -0.375700861 0.004133145 -0.926731884 220.817001343
-0.905283511 0.072596289 0.418559581 -178.087905884 0.066659659 0.997359693 -0.028810143 15.083801270 -0.419545949 0.001819725 -0.907732546 220.435058594
-0.883582115 0.071729377 0.462750554 -177.859130859 0.063896947 0.997423828 -0.032601655 15.057189941 -0.463896871 0.000762144 -0.885889232 220.075454712
-0.858802736 0.071183562 0.507336915 -177.633895874 0.061629929 0.997462988 -0.035627253 15.041365623 -0.508585751 0.000670393 -0.861011028 219.717697144
-0.831782699 0.070430279 0.550615489 -177.350997925 0.059447620 0.997515798 -0.037790161 15.016880035 -0.551909268 0.001299628 -0.833903313 219.377456665
-0.801346898 0.069330171 0.594169319 -177.015441895 0.057096213 0.997590959 -0.039398395 14.990776062 -0.595469475 0.002353094 -0.803374887 219.043197632
-0.767644405 0.067894712 0.637269497 -176.692214966 0.055360526 0.997680604 -0.039606575 14.963854790 -0.638480365 0.004875847 -0.769622624 218.691543579
-0.730414450 0.066831008 0.679726899 -176.327423096 0.054651935 0.997729063 -0.039369799 14.923316002 -0.680814445 0.008392167 -0.732408166 218.349380493
-0.689656973 0.066289753 0.721095741 -175.955444336 0.052678056 0.997755408 -0.041341532 14.890605927 -0.722217739 0.009474493 -0.691601038 218.016494751
-0.645718992 0.066509895 0.760672987 -175.568954468 0.049168553 0.997753501 -0.045501091 14.864851952 -0.761990428 0.008020326 -0.647538602 217.735717773
-0.598933339 0.065822855 0.798089087 -175.126480103 0.045754652 0.997800887 -0.047957242 14.838280678 -0.799490571 0.007793157 -0.600628018 217.440002441
-0.550350845 0.065334439 0.832373381 -174.656387329 0.040760253 0.997847438 -0.051372845 14.814458847 -0.833937943 0.005654725 -0.551828980 217.167724609
-0.500769615 0.068195172 0.862890124 -174.176956177 0.039245781 0.997655213 -0.056069966 14.781498909 -0.864690423 0.005786726 -0.502271771 216.925704956
-0.451151162 0.070257038 0.889678061 -173.632675171 0.036485467 0.997515023 -0.060271285 14.724031448 -0.891701698 0.005268937 -0.452593356 216.681381226
-0.401027501 0.069997199 0.913388014 -173.095840454 0.033167258 0.997532189 -0.061883382 14.690183640 -0.915465653 0.005477707 -0.402359337 216.482910156
-0.349486202 0.068272270 0.934450924 -172.495346069 0.028775262 0.997653306 -0.062127989 14.638982773 -0.936499596 0.005176266 -0.350630611 216.320007324
-0.297425270 0.064934179 0.952534497 -171.881225586 0.022095749 0.997885406 -0.061126504 14.595198631 -0.954489470 0.002866476 -0.298231095 216.180694580
-0.246091574 0.062394924 0.967236161 -171.268096924 0.012121203 0.998045862 -0.061298501 14.553892136 -0.969170749 -0.003360919 -0.246366963 216.096527100
-0.197373867 0.059284966 0.978534222 -170.618194580 0.004148488 0.998211324 -0.059640422 14.508441925 -0.980319619 -0.007711948 -0.197266698 215.993057251
-0.153778270 0.056451820 0.986491561 -169.960571289 0.001494892 0.998378754 -0.056899108 14.461417198 -0.988104343 -0.007275079 -0.153613403 215.935577393
-0.116821527 0.055982213 0.991573930 -169.309143066 -0.001191116 0.998401463 -0.056508079 14.409186363 -0.993152440 -0.007782363 -0.116568059 215.861129761
-0.085717916 0.058477961 0.994602084 -168.636123657 -0.005246502 0.998235643 -0.059143845 14.362750053 -0.996305764 -0.010287784 -0.085259870 215.815338135
-0.061432522 0.063891046 0.996064365 -167.981826782 -0.009965187 0.997860134 -0.064620920 14.319934845 -0.998061657 -0.013895711 -0.060664441 215.777557373
-0.041601978 0.068836324 0.996760368 -167.298141479 -0.013220938 0.997498631 -0.069439203 14.270614624 -0.999046922 -0.016066846 -0.040587895 215.770935059
-0.025323365 0.068956047 0.997298181 -166.604904175 -0.014610318 0.997486115 -0.069340102 14.232261658 -0.999572575 -0.016326701 -0.024252255 215.733978271
-0.014614524 0.063089289 0.997900784 -165.928726196 -0.012734815 0.997914791 -0.063276745 14.190719604 -0.999812007 -0.013632773 -0.013780592 215.708328247
-0.007050233 0.058670960 0.998252571 -165.249984741 -0.012033845 0.998199999 -0.058752935 14.154563904 -0.999902844 -0.012426955 -0.006331484 215.699188232
-0.002372608 0.057765990 0.998327315 -164.585510254 -0.012027817 0.998256266 -0.057790533 14.097966194 -0.999924779 -0.012144743 -0.001673611 215.699783325
0.001678329 0.059610330 0.998220384 -163.913818359 -0.010339458 0.998169303 -0.059589978 14.050077438 -0.999945223 -0.010220964 0.002291628 215.719558716
0.004984264 0.065837286 0.997817993 -163.242706299 -0.008855788 0.997794092 -0.065791547 13.984066963 -0.999948442 -0.008508460 0.005556319 215.727630615
0.006924025 0.072826833 0.997320592 -162.576614380 -0.010169977 0.997298002 -0.072754644 13.930775642 -0.999924421 -0.009638890 0.007645931 215.730453491
0.009067935 0.074373811 0.997189403 -161.892486572 -0.009250824 0.997193754 -0.074290104 13.879178047 -0.999916255 -0.008551083 0.009730472 215.733139038
0.010721478 0.071828924 0.997359395 -161.210113525 -0.008645857 0.997386038 -0.071737997 13.821280479 -0.999905229 -0.007853810 0.011314516 215.738403320
0.012396177 0.065029457 0.997806370 -160.513763428 -0.007479634 0.997861147 -0.064940177 13.780205727 -0.999895275 -0.006658134 0.012856033 215.742202759
0.014319103 0.061405696 0.998010218 -159.803466797 -0.005787907 0.998100877 -0.061328311 13.718434334 -0.999880850 -0.004898152 0.014647302 215.755203247
0.015588645 0.061739691 0.997970700 -159.074584961 -0.004113319 0.998087347 -0.061682761 13.654354095 -0.999870121 -0.003143345 0.015812797 215.766098022
0.018251201 0.062614001 0.997870862 -158.273712158 -0.003410797 0.998035252 -0.062562019 13.594709396 -0.999827564 -0.002261632 0.018428909 215.777770996
0.019795110 0.063559525 0.997781754 -157.389175415 -0.002901620 0.997976780 -0.063514456 13.535730362 -0.999799907 -0.001637830 0.019939478 215.795913696
0.020999689 0.063882932 0.997736454 -156.457244873 -0.002573815 0.997956693 -0.063842930 13.469274521 -0.999776125 -0.001227234 0.021121209 215.798736572
0.021946946 0.064529017 0.997674525 -155.525054932 -0.004315810 0.997911572 -0.064449504 13.401908875 -0.999749899 -0.002891224 0.022179641 215.844787598
0.022215048 0.064952694 0.997640967 -154.604187012 -0.004541365 0.997883558 -0.064867429 13.335426331 -0.999742925 -0.003089548 0.022462996 215.860443115
0.022722518 0.064637400 0.997650206 -153.675094604 -0.004231807 0.997905016 -0.064557604 13.261398315 -0.999732912 -0.002754872 0.022948431 215.869232178
0.023881016 0.062022489 0.997789025 -152.728317261 -0.002300267 0.998074353 -0.061985258 13.193530083 -0.999712110 -0.000814834 0.023977708 215.893539429
0.024514111 0.059017435 0.997956038 -151.778686523 -0.001295093 0.998256922 -0.059003502 13.127887726 -0.999698758 0.000154049 0.024547817 215.921737671
0.025716642 0.058968391 0.997928619 -150.856018066 -0.001336055 0.998259842 -0.058953609 13.060744286 -0.999668419 0.000182876 0.025750671 215.937896729
0.027865641 0.060072005 0.997804940 -149.905151367 0.000926619 0.998190641 -0.060121175 12.978402138 -0.999611199 0.002599974 0.027759563 215.970199585
0.030766346 0.060572863 0.997689605 -148.970535278 0.002880909 0.998152494 -0.060689896 12.901543617 -0.999522507 0.004741534 0.030534998 215.999114990
0.034057986 0.059145499 0.997668266 -148.021606445 0.003263951 0.998235404 -0.059290636 12.831450462 -0.999414504 0.005275731 0.033804789 216.012039185
0.037656669 0.057830930 0.997615933 -147.061584473 0.002841763 0.998313785 -0.057978731 12.766792297 -0.999286592 0.005018341 0.037428871 216.058776855
0.041610621 0.057489023 0.997478724 -146.128433228 0.002828315 0.998332500 -0.057656307 12.698558807 -0.999129891 0.005220372 0.041378614 216.103561401
0.045832109 0.057365157 0.997300684 -145.190368652 0.003323088 0.998335540 -0.057577468 12.620482445 -0.998943567 0.005953082 0.045565236 216.145690918
0.049291387 0.055301718 0.997252226 -144.235809326 0.002771754 0.998454571 -0.055505455 12.561787605 -0.998780668 0.005500152 0.049061928 216.201538086
0.052887771 0.053333879 0.997175336 -143.275985718 0.004502294 0.998549879 -0.053646270 12.492197037 -0.998590469 0.007326884 0.052570917 216.240982056
0.057192728 0.053506844 0.996928453 -142.363021851 0.003684202 0.998544693 -0.053805038 12.418912888 -0.998356581 0.006750222 0.056912396 216.281539917
0.060791280 0.059338242 0.996385217 -141.431564331 -0.001982254 0.998236597 -0.059327643 12.353484154 -0.998148501 0.001631583 0.060801707 216.348602295
0.063679501 0.066115290 0.995777905 -140.512268066 -0.007281136 0.997807264 -0.065784484 12.291070938 -0.997943938 -0.003061198 0.064021267 216.418640137
0.066857353 0.064749509 0.995659411 -139.596618652 -0.007380192 0.997896910 -0.064399533 12.208374977 -0.997735322 -0.003042502 0.067194611 216.452529907
0.069773704 0.060715385 0.995713592 -138.621856689 -0.008248230 0.998147011 -0.060285881 12.136277199 -0.997528911 -0.004006432 0.070145234 216.544006348
0.071084403 0.056951340 0.995843053 -137.668945312 -0.012668275 0.998339772 -0.056189913 12.077464104 -0.997389793 -0.008621315 0.071687862 216.609313965
0.071378909 0.057341509 0.995799720 -136.735427856 -0.013169610 0.998313367 -0.056542337 11.999073982 -0.997362375 -0.009078290 0.072013691 216.686187744
0.070882544 0.058063123 0.995793223 -135.777603149 -0.013574697 0.998268068 -0.057241224 11.938036919 -0.997392178 -0.009460116 0.071548015 216.764984131
0.070337310 0.058588002 0.995801210 -134.828552246 -0.014734988 0.998225749 -0.057689942 11.868739128 -0.997414470 -0.010615290 0.071075805 216.845062256
0.069556586 0.058429830 0.995865285 -133.869033813 -0.017364543 0.998202860 -0.057354223 11.808362961 -0.997426808 -0.013303309 0.070446163 216.935287476
0.068387486 0.060153518 0.995843589 -132.934036255 -0.024090113 0.997989178 -0.058628857 11.740987778 -0.997367918 -0.019980431 0.069699086 217.031448364
0.067176513 0.061280608 0.995857418 -131.992248535 -0.024398763 0.997914493 -0.059761431 11.681420326 -0.997442722 -0.020283051 0.068531550 217.103485107
0.065943509 0.064201720 0.995755732 -131.057891846 -0.025189454 0.997717023 -0.062660083 11.617249489 -0.997505248 -0.020950451 0.067410208 217.181732178
0.064868838 0.065667495 0.995730817 -130.124008179 -0.027111527 0.997580051 -0.064023301 11.551902771 -0.997525394 -0.022842590 0.066492170 217.259994507
0.063973449 0.065939657 0.995770872 -129.202072144 -0.027413711 0.997554243 -0.064296640 11.477477074 -0.997575045 -0.023184419 0.065624617 217.341522217
0.061809190 0.064241767 0.996018350 -128.296463013 -0.025538389 0.997701526 -0.062765591 11.397521019 -0.997761250 -0.021557147 0.063307755 217.365066528
0.060115207 0.063446693 0.996173084 -127.395217896 -0.025893606 0.997741222 -0.061984070 11.326467514 -0.997855544 -0.022068253 0.061622296 217.423004150
0.057559725 0.063367255 0.996329129 -126.514404297 -0.026849637 0.997720897 -0.061904702 11.262704849 -0.997981012 -0.023187783 0.059129909 217.508422852
0.054364413 0.063445501 0.996503592 -125.620407104 -0.028635303 0.997667909 -0.061957516 11.199065208 -0.998110592 -0.025166821 0.056054376 217.570861816
0.050830845 0.063286103 0.996700227 -124.757308960 -0.029374715 0.997653186 -0.061848614 11.138529778 -0.998275340 -0.026133889 0.052570540 217.631698608
0.046388909 0.063393973 0.996910095 -123.915458679 -0.028192967 0.997669816 -0.062130496 11.063714027 -0.998525620 -0.025223605 0.048068032 217.674392700
0.041178074 0.064423285 0.997072816 -123.089454651 -0.028324418 0.997593343 -0.063287228 10.998343468 -0.998750389 -0.025635384 0.042903721 217.717483521
0.035006423 0.065915667 0.997211039 -122.285896301 -0.027755732 0.997501791 -0.064960606 10.939631462 -0.999001622 -0.025404204 0.036748488 217.750289917
0.028486516 0.065941982 0.997416735 -121.531234741 -0.025925301 0.997534692 -0.065209426 10.873038292 -0.999258041 -0.024000660 0.030125830 217.787170410
0.022522025 0.065639973 0.997589171 -120.822792053 -0.023576014 0.997599661 -0.065108493 10.811616898 -0.999468267 -0.022052731 0.024015451 217.789825439
0.017161520 0.065971620 0.997673810 -120.169456482 -0.021509528 0.997614324 -0.065597758 10.750056267 -0.999621272 -0.020333672 0.018539609 217.820037842
0.011437196 0.066637620 0.997711778 -119.566787720 -0.020164672 0.997589409 -0.066398375 10.694544792 -0.999731362 -0.019359043 0.012753348 217.871490479
0.005643563 0.067283474 0.997717917 -119.004768372 -0.019847179 0.997544885 -0.067159615 10.660323143 -0.999787033 -0.019422799 0.006965118 217.913528442
0.000534372 0.069212899 0.997601807 -118.417167664 -0.017986793 0.997441173 -0.069192186 10.592054367 -0.999838114 -0.017906602 0.001777934 217.926208496
-0.004949681 0.069537841 0.997567117 -117.843269348 -0.017115686 0.997427225 -0.069613092 10.550574303 -0.999841273 -0.017418530 -0.003746663 217.936645508
-0.010159255 0.069784112 0.997510552 -117.300376892 -0.017054806 0.997404635 -0.069950484 10.515032768 -0.999803007 -0.017722916 -0.008942757 218.000686646
-0.014821839 0.069711953 0.997457027 -116.765296936 -0.017692756 0.997392118 -0.069970392 10.468402863 -0.999733627 -0.018684780 -0.013549775 218.040496826
-0.017171113 0.067316480 0.997583807 -116.204208374 -0.016761396 0.997571409 -0.067604214 10.417714119 -0.999712050 -0.017881669 -0.016001197 218.039611816
-0.018134750 0.061760664 0.997926235 -115.647407532 -0.014360939 0.997971356 -0.062024500 10.383975029 -0.999732375 -0.015455883 -0.017211018 218.035461426
-0.018545637 0.056945894 0.998205125 -115.077819824 -0.013208548 0.998275578 -0.057195399 10.310529709 -0.999740779 -0.014245493 -0.017761543 218.021697998
-0.018041277 0.053963412 0.998380005 -114.539703369 -0.013100943 0.998443961 -0.054203689 10.255701065 -0.999751389 -0.014057555 -0.017306309 217.994934082
-0.016421348 0.049746837 0.998626888 -113.985725403 -0.015475503 0.998629332 -0.050001506 10.259321213 -0.999745369 -0.016275274 -0.015628962 217.997772217
-0.013534478 0.046310212 0.998835504 -113.428497314 -0.015331474 0.998799860 -0.046516389 10.216648102 -0.999790847 -0.015943123 -0.012808187 217.985961914
-0.008866951 0.047379859 0.998837590 -112.854965210 -0.012507807 0.998793483 -0.047488879 10.176983833 -0.999882519 -0.012914278 -0.008263716 217.961334229
-0.001315841 0.049182899 0.998789072 -112.288566589 -0.006316741 0.998769462 -0.049190331 10.098614693 -0.999979258 -0.006373740 -0.001003562 217.950363159
0.009885846 0.052328750 0.998581052 -111.700340271 -0.001826390 0.998629034 -0.052313268 10.070330620 -0.999949455 -0.001306567 0.009967898 217.926132202
0.024616823 0.059352037 0.997933507 -111.100830078 0.001854601 0.998231649 -0.059415601 10.017447472 -0.999695241 0.003313461 0.024463214 217.964111328
0.043716483 0.061547022 0.997146308 -110.534011841 0.004632420 0.998077333 -0.061807647 9.981363297 -0.999033153 0.007321285 0.043347351 218.010375977
0.066360496 0.059464280 0.996022224 -109.918495178 0.006619547 0.998174429 -0.060033888 9.945718765 -0.997773767 0.010577166 0.065845720 218.099777222
0.089971349 0.059508458 0.994164884 -109.306343079 0.005377568 0.998169720 -0.060234942 9.894926071 -0.995929897 0.010765678 0.089486651 218.163970947
0.114914156 0.062813535 0.991387606 -108.696998596 0.003355867 0.997968554 -0.063619576 9.837026596 -0.993369937 0.010637830 0.114469983 218.238983154
0.143949136 0.062258732 0.987624645 -108.087989807 0.001391022 0.998005211 -0.063115947 9.800657272 -0.989584148 0.010459358 0.143575430 218.333663940
0.175647035 0.060067248 0.982618868 -107.491554260 -0.000160720 0.998138487 -0.060987312 9.737861633 -0.984453082 0.010554379 0.175329715 218.420928955
0.211333066 0.058839072 0.975641429 -106.933380127 -0.003197229 0.998222649 -0.059508447 9.717836380 -0.977408886 0.009456817 0.211145580 218.597885132
0.250164926 0.055747703 0.966597021 -106.376808167 -0.008331581 0.998427987 -0.055427343 9.679142952 -0.968167424 0.005812764 0.250236064 218.802276611
0.291919798 0.051805746 0.955038786 -105.839035034 -0.012598904 0.998653650 -0.050320704 9.636795044 -0.956359804 0.002657232 0.292179495 219.017593384
0.335693985 0.051414832 0.940567017 -105.349662781 -0.016093105 0.998676538 -0.048847690 9.600092888 -0.941833794 0.001261299 0.336077094 219.238098145
0.380434126 0.051163323 0.923391640 -104.848655701 -0.018732995 0.998689950 -0.047617637 9.558839798 -0.924618304 0.000817548 0.380894214 219.498336792
0.426969558 0.050445762 0.902857721 -104.417480469 -0.020948000 0.998726606 -0.045895897 9.535305977 -0.904023290 0.000683149 0.427482605 219.761993408
0.473783940 0.050654329 0.879183173 -103.992622375 -0.023509670 0.998715997 -0.044872221 9.518041611 -0.880327463 0.000590497 0.474366456 220.094177246
0.520735979 0.052575678 0.852097452 -103.565536499 -0.025093485 0.998613238 -0.046280865 9.472746849 -0.853348970 0.002718081 0.521333158 220.433670044
0.567347109 0.056271229 0.821553767 -103.182708740 -0.027794668 0.998402655 -0.049190000 9.450288773 -0.823009491 0.005073040 0.568004906 220.784088135
0.611584842 0.058113918 0.789041579 -102.768249512 -0.031216137 0.998294592 -0.049330242 9.425710678 -0.790562809 0.005538856 0.612355888 221.172851562
0.654249966 0.058108956 0.754042745 -102.386482239 -0.033240095 0.998289704 -0.048090603 9.405656815 -0.755547523 0.006398880 0.655062437 221.579040527
0.694889307 0.052109845 0.717226207 -102.028213501 -0.028780632 0.998587191 -0.044667900 9.370694160 -0.718540549 0.010397079 0.695407331 221.964187622
0.732435405 0.044996716 0.679347873 -101.670440674 -0.025730420 0.998930216 -0.038423371 9.354220390 -0.680350304 0.010662778 0.732809663 222.386077881
0.766865373 0.040669572 0.640518129 -101.365951538 -0.024666734 0.999120533 -0.033906735 9.330816269 -0.641333938 0.010202453 0.767194152 222.827636719
0.798811853 0.041415535 0.600153625 -101.088874817 -0.027697146 0.999101400 -0.032081194 9.308259010 -0.600943148 0.009004332 0.799241066 223.272277832
0.827970505 0.040086843 0.559336901 -100.802124023 -0.027427912 0.999142766 -0.031006563 9.273620605 -0.560100496 0.010331113 0.828360200 223.744903564
0.854956627 0.040741902 0.517096877 -100.528686523 -0.029647719 0.999118984 -0.029701652 9.245460510 -0.517851532 0.010062917 0.855411232 224.210311890
0.878434956 0.041367833 0.476067901 -100.316780090 -0.031923763 0.999100506 -0.027911585 9.233354568 -0.476794392 0.009320660 0.878965437 224.674118042
0.899460256 0.043079868 0.434873909 -100.132537842 -0.035559699 0.999044180 -0.025419541 9.215320587 -0.435553372 0.007399910 0.900132477 225.184677124
0.918235362 0.047625508 0.393160999 -99.952430725 -0.042450853 0.998859525 -0.021852281 9.207218170 -0.393753320 0.003375544 0.919209838 225.696792603
0.933737159 0.051373757 0.354253709 -99.755126953 -0.047985595 0.998679519 -0.018348794 9.185302734 -0.354728580 0.000133897 0.934969246 226.223876953
0.945742249 0.055957913 0.320062637 -99.581291199 -0.054408260 0.998423517 -0.013789930 9.164966583 -0.320329756 -0.004372314 0.947296023 226.750274658
0.954251945 0.062432386 0.292413116 -99.462257385 -0.062257241 0.998010933 -0.009914946 9.157443047 -0.292450488 -0.008743460 0.956240594 227.273468018
0.959825993 0.073146120 0.270894408 -99.353553772 -0.073988616 0.997233689 -0.007116166 9.148103714 -0.270665646 -0.013212811 0.962582707 227.797424316
0.963334680 0.082453847 0.255318522 -99.232017517 -0.083990082 0.996454597 -0.004900156 9.138273239 -0.254817307 -0.016723717 0.966844499 228.306579590
0.965902090 0.083526611 0.245064050 -99.097038269 -0.085083961 0.996364772 -0.004245137 9.129954338 -0.244527832 -0.016750623 0.969497561 228.832992554
0.967743576 0.083526693 0.237688005 -98.979034424 -0.084911682 0.996378660 -0.004424410 9.127534866 -0.237196848 -0.015900787 0.971331418 229.357452393
0.968602061 0.083108835 0.234313801 -98.845588684 -0.084355369 0.996424556 -0.004716066 9.113326073 -0.233868048 -0.015197629 0.972149551 229.850967407
0.968359470 0.084833696 0.234697685 -98.765701294 -0.086118340 0.996273398 -0.004789952 9.108201981 -0.234229431 -0.015573367 0.972056568 230.343841553
0.967901826 0.086996078 0.235791668 -98.633186340 -0.088212565 0.996087074 -0.005405996 9.120879173 -0.235339388 -0.015567306 0.971788585 230.830261230
0.967444539 0.084559083 0.238539010 -98.519287109 -0.085439615 0.996321082 -0.006665817 9.095689774 -0.238225147 -0.013931867 0.971110046 231.313995361
0.965644062 0.082285255 0.246496633 -98.406326294 -0.082639702 0.996539533 -0.008925552 9.084536552 -0.246378124 -0.011751487 0.969102502 231.783828735
0.961972117 0.078909971 0.261500984 -98.309890747 -0.079080142 0.996819198 -0.009889910 9.057486534 -0.261449695 -0.011165700 0.965152442 232.266036987
0.956592739 0.078572690 0.280636102 -98.174812317 -0.078611739 0.996843100 -0.011136736 9.053862572 -0.280625224 -0.011407956 0.959749639 232.730911255
0.948375642 0.079380691 0.307054162 -98.044837952 -0.079764716 0.996749461 -0.011320092 9.052444458 -0.306954682 -0.013756370 0.951624632 233.190826416
0.937398672 0.078195579 0.339365691 -97.885566711 -0.080025762 0.996755481 -0.008621876 9.035090446 -0.338938892 -0.019075844 0.940614998 233.606674194
0.924356341 0.070904836 0.374883831 -97.686706543 -0.074700728 0.997196198 -0.004417592 9.042477608 -0.374146014 -0.023920648 0.927061260 234.018051147
0.909255028 0.051347069 0.413060099 -97.448318481 -0.054909665 0.998486042 -0.003250326 8.968308449 -0.412601680 -0.019725591 0.910697937 234.415634155
0.890092850 0.040142700 0.454007804 -97.239868164 -0.040949874 0.999128699 -0.008058617 8.931363106 -0.453935772 -0.011418618 0.890961230 234.746780396
0.866471946 0.039265752 0.497679204 -97.008895874 -0.035877060 0.999222040 -0.016373757 8.900837898 -0.497934967 -0.003667832 0.867206454 235.086593628
0.837871432 0.049443886 0.543623686 -96.801422119 -0.041580893 0.998776853 -0.026753992 8.893611908 -0.544281662 -0.000187921 0.838902533 235.391418457
0.804375708 0.062366366 0.590838432 -96.593139648 -0.052318040 0.998047352 -0.034123298 8.894011497 -0.591812909 -0.003463526 0.806067824 235.675399780
0.767118812 0.066722557 0.638025701 -96.310440063 -0.056573495 0.997737586 -0.036320105 8.903012276 -0.639005661 -0.008233459 0.769158065 235.950988770
0.727645874 0.060240947 0.683302581 -95.991302490 -0.049304761 0.998152912 -0.035494365 8.876396179 -0.684178710 -0.007862693 0.729272068 236.195602417
0.685953140 0.047468562 0.726095676 -95.630447388 -0.035308886 0.998865783 -0.031944286 8.819833755 -0.726788640 -0.003725296 0.686851144 236.419906616
0.641750395 0.042695109 0.765724182 -95.310035706 -0.028261565 0.999087512 -0.032021198 8.798152924 -0.766392648 -0.001090893 0.642371476 236.588653564
0.594951987 0.042385206 0.802642941 -94.981452942 -0.024430405 0.999100804 -0.034650892 8.784103394 -0.803389907 0.001006776 0.595452309 236.790740967
0.546832860 0.042433418 0.836165667 -94.615600586 -0.020223536 0.999092877 -0.037475999 8.758639336 -0.836997509 0.003582938 0.547195017 236.990066528
0.499408126 0.043714538 0.865263224 -94.289932251 -0.017629784 0.999032140 -0.040297430 8.729466438 -0.866187513 0.004870519 0.499695450 237.127777100
0.455058128 0.044519082 0.889348149 -93.976051331 -0.015731059 0.998995543 -0.041958746 8.722572327 -0.890322804 0.005103339 0.455301344 237.296676636
0.413076073 0.044755578 0.909596205 -93.653938293 -0.015290053 0.998991668 -0.042210605 8.716547012 -0.910568237 0.003528477 0.413343847 237.436721802
0.371637046 0.045430500 0.927265882 -93.316123962 -0.015071487 0.998965502 -0.042902999 8.711059570 -0.928255796 0.001969133 0.371937364 237.558975220
0.330317169 0.045016792 0.942795873 -92.941047668 -0.013098349 0.998984396 -0.043110672 8.695612907 -0.943779171 0.001891198 0.330571383 237.678100586
0.291059226 0.042237304 0.955772102 -92.527458191 -0.008905771 0.999101281 -0.041440140 8.665590286 -0.956663549 0.003549710 0.291173816 237.770950317
0.253635913 0.039019819 0.966512442 -92.160110474 -0.003913112 0.999219239 -0.039313458 8.632390976 -0.967291892 0.006189301 0.253590584 237.850631714
0.219176754 0.038450237 0.974927247 -91.715339661 -0.001028901 0.999231756 -0.039177578 8.605420113 -0.975684583 0.007583776 0.219047904 237.900451660
0.189360633 0.039559323 0.981110394 -91.292976379 0.000929220 0.999180436 -0.040467367 8.586246490 -0.981907129 0.008574665 0.189168692 237.964920044
0.165560514 0.041857567 0.985311031 -90.848884583 0.002189823 0.999080777 -0.042810578 8.555870056 -0.986197293 0.009245467 0.165316626 238.058792114
0.146082446 0.045125622 0.988242686 -90.370140076 0.001890438 0.998944461 -0.045893829 8.535886765 -0.989270687 0.008572564 0.145842955 238.127502441
0.130075201 0.047944609 0.990344226 -89.875228882 0.001277333 0.998821259 -0.048522849 8.510244370 -0.991503358 0.007576686 0.129860610 238.173171997
0.114871480 0.051693343 0.992034614 -89.369987488 -0.000232656 0.998646498 -0.052011035 8.487941742 -0.993380427 0.005743856 0.114727996 238.227600098
0.099683136 0.053071622 0.993602991 -88.828239441 0.000446904 0.998574078 -0.053382073 8.457394600 -0.995019257 0.005765414 0.099517308 238.267089844
0.085453600 0.053470608 0.994906425 -88.286773682 0.002332127 0.998545408 -0.053866588 8.428306580 -0.996339500 0.006923415 0.085204579 238.295532227
0.073453851 0.052874316 0.995896101 -87.770080566 0.005056830 0.998560965 -0.053388871 8.393650055 -0.997285724 0.008957770 0.073080771 238.311782837
0.065842226 0.051757596 0.996486783 -87.240783691 0.007568981 0.998599172 -0.052367508 8.361281395 -0.997801363 0.010990454 0.065358281 238.328292847
0.063058950 0.050014481 0.996755838 -86.672950745 0.010321529 0.998657405 -0.050762966 8.338274002 -0.997956574 0.013489177 0.062458098 238.355316162
0.062103476 0.047920045 0.996918678 -86.086380005 0.010808952 0.998755872 -0.048681781 8.301616669 -0.998011231 0.013799024 0.061508268 238.393341064
0.061650876 0.045966361 0.997038722 -85.500389099 0.012147369 0.998830318 -0.046800166 8.273763657 -0.998023868 0.014996738 0.061020415 238.423171997
0.060308821 0.045343578 0.997149289 -84.921638489 0.011835732 0.998864949 -0.046137512 8.237418175 -0.998109579 0.014584562 0.059703682 238.452987671
0.058749866 0.045194797 0.997249067 -84.386650085 0.011312390 0.998880327 -0.045935236 8.207513809 -0.998208702 0.013980032 0.058172856 238.485992432
0.057748500 0.045426015 0.997297168 -83.826690674 0.011103336 0.998873174 -0.046140824 8.178148270 -0.998269558 0.013737964 0.057179011 238.528625488
0.055454932 0.046876255 0.997360170 -83.188270569 0.010922592 0.998808980 -0.047551751 8.143360138 -0.998401523 0.013530811 0.054876894 238.553253174
0.053489961 0.048305310 0.997399330 -82.542503357 0.010149164 0.998751402 -0.048915166 8.108047485 -0.998516917 0.012739316 0.052932963 238.582580566
0.050919134 0.049385048 0.997480929 -81.923835754 0.009916423 0.998702407 -0.049951818 8.080251694 -0.998653531 0.012435015 0.050363351 238.617645264
0.048324589 0.050134532 0.997572541 -81.251304626 0.009623087 0.998669803 -0.050655916 8.043277740 -0.998785317 0.012047720 0.047777824 238.647323608
0.046195693 0.049833674 0.997688651 -80.588409424 0.010235504 0.998678863 -0.050357156 8.008605957 -0.998879969 0.012538200 0.045624632 238.682113647
0.044483308 0.049507130 0.997782707 -79.926948547 0.010014108 0.998699069 -0.049999125 7.968526363 -0.998959959 0.012216100 0.043929696 238.722457886
0.041955259 0.048636995 0.997934997 -79.222251892 0.010875689 0.998733044 -0.049133208 7.929250717 -0.999060273 0.012914700 0.041373111 238.743865967
0.039715525 0.048195347 0.998048127 -78.492050171 0.010763014 0.998757541 -0.048657984 7.886135578 -0.999153078 0.012674556 0.039147429 238.768676758
0.037545376 0.047794521 0.998151362 -77.681938171 0.011180029 0.998772979 -0.048244901 7.836896896 -0.999232411 0.012970814 0.036964994 238.792892456
0.034579281 0.047732942 0.998261571 -76.820312500 0.011804881 0.998769581 -0.048166241 7.788298607 -0.999332309 0.013449986 0.033973247 238.820007324
0.033036653 0.047795329 0.998310804 -75.942718506 0.012396814 0.998759508 -0.048227139 7.735581398 -0.999377370 0.013969207 0.032403208 238.847671509
0.031407408 0.047448575 0.998379827 -75.073181152 0.014235925 0.998750031 -0.047914088 7.678997993 -0.999405324 0.015717791 0.030692711 238.880386353
0.030079622 0.047566034 0.998415112 -74.167007446 0.015563224 0.998723686 -0.048049700 7.628086090 -0.999426365 0.016983947 0.029300975 238.901031494
0.028830240 0.048423637 0.998410702 -73.253250122 0.014856925 0.998694897 -0.048866503 7.575371742 -0.999473929 0.016242217 0.028073169 238.925476074
0.028536309 0.049479559 0.998367488 -72.338081360 0.015705273 0.998628676 -0.049941495 7.519007683 -0.999469399 0.017104853 0.027720097 238.946777344
0.027059982 0.051211115 0.998321295 -71.408630371 0.014663497 0.998559117 -0.051620863 7.448763847 -0.999526203 0.016035818 0.026270101 238.966888428
0.025916509 0.052224416 0.998299003 -70.477676392 0.015053626 0.998500824 -0.052625861 7.394921780 -0.999550700 0.016391966 0.025091475 238.983932495
0.024768617 0.053012330 0.998286784 -69.547515869 0.014524627 0.998468459 -0.053382438 7.348000050 -0.999587774 0.015822031 0.023960711 239.009826660
0.023611203 0.053070750 0.998311579 -68.627151489 0.016523324 0.998432755 -0.053468075 7.295602322 -0.999584556 0.017757937 0.022697313 239.031204224
0.023522034 0.051906418 0.998374879 -67.684539795 0.016365916 0.998497307 -0.052298453 7.232497692 -0.999589324 0.017569551 0.022637177 239.051177979
0.024082368 0.050389230 0.998439312 -66.735824585 0.018322567 0.998538852 -0.050836276 7.178755283 -0.999542058 0.019518301 0.023123922 239.079635620
0.026052836 0.049032193 0.998457432 -65.800849915 0.019195365 0.998587668 -0.049539536 7.116849422 -0.999476254 0.020456471 0.025074866 239.108123779
0.028872052 0.048395593 0.998410940 -64.854003906 0.020577749 0.998586774 -0.048999272 7.065047264 -0.999371290 0.021959830 0.027835408 239.130142212
0.031410471 0.048141800 0.998346627 -63.904548645 0.021875817 0.998566985 -0.048840780 7.013925552 -0.999267220 0.023373831 0.030312290 239.152938843
0.034115855 0.048667178 0.998232245 -62.951995850 0.021873839 0.998538077 -0.049429733 6.966034889 -0.999178469 0.023521580 0.033001423 239.189468384
0.036490586 0.050473787 0.998058498 -61.994892120 0.021500949 0.998452902 -0.051279917 6.914944172 -0.999102592 0.023330506 0.035348896 239.234634399
0.038752966 0.051568661 0.997917175 -61.036350250 0.020740787 0.998410821 -0.052399687 6.861611843 -0.999033451 0.022728298 0.037621811 239.272888184
0.040855516 0.051527616 0.997835577 -60.092010498 0.020735217 0.998410523 -0.052406378 6.808948517 -0.998949945 0.022831501 0.039722130 239.314834595
0.041476972 0.051953912 0.997787893 -59.134407043 0.019062605 0.998424232 -0.052779540 6.744783401 -0.998957694 0.021209646 0.040421270 239.358154297
0.042454317 0.051938657 0.997747540 -58.202415466 0.016704535 0.998471260 -0.052687202 6.678659916 -0.998958766 0.018903779 0.041521825 239.410156250
0.043573994 0.049888160 0.997803807 -57.263343811 0.015261086 0.998602688 -0.050594624 6.620951653 -0.998933613 0.017432246 0.042751726 239.453567505
0.044944439 0.044553116 0.997995496 -56.320068359 0.016054919 0.998843789 -0.045314092 6.578103542 -0.998860538 0.018059425 0.044177148 239.496246338
0.046321549 0.040908575 0.998088598 -55.377731323 0.018049994 0.998963654 -0.041782230 6.523547649 -0.998763502 0.019950982 0.045535162 239.540222168
0.047517642 0.043045167 0.997942507 -54.452602386 0.016882770 0.998893678 -0.043890163 6.467830658 -0.998727858 0.018933665 0.046738334 239.596862793
0.048405673 0.050751150 0.997537553 -53.533344269 0.012954532 0.998592436 -0.051433511 6.411306858 -0.998743773 0.015412377 0.047680080 239.645492554
0.049567018 0.057622138 0.997107148 -52.625400543 0.012220575 0.998224676 -0.058294285 6.351352692 -0.998696029 0.015074765 0.048774868 239.688751221
0.050154839 0.057986248 0.997056663 -51.703151703 0.014094262 0.998172641 -0.058760200 6.294390678 -0.998642027 0.016999954 0.049245927 239.728088379
0.050029583 0.054356217 0.997267425 -50.775955200 0.014917441 0.998365819 -0.055164523 6.229826450 -0.998636365 0.017636605 0.049136974 239.774826050
0.049438454 0.047832526 0.997631013 -49.853267670 0.014472083 0.998713434 -0.048601676 6.160296917 -0.998672307 0.016840659 0.048682619 239.821899414
0.049215142 0.045824122 0.997736514 -48.943099976 0.013849093 0.998819530 -0.046557084 6.094074249 -0.998692393 0.016109133 0.048522394 239.866989136
0.049107216 0.048451792 0.997617602 -48.040687561 0.015411250 0.998667061 -0.049261454 6.038027763 -0.998674870 0.017793702 0.048295092 239.905166626
0.049405612 0.051830687 0.997433007 -47.140953064 0.016441522 0.998475075 -0.052699313 5.979675770 -0.998643517 0.019003032 0.048478078 239.950561523
0.050015830 0.051936246 0.997397244 -46.236057281 0.017465139 0.998448849 -0.052866902 5.918483734 -0.998595953 0.020063939 0.049031120 239.992218018
0.051349219 0.049676072 0.997444570 -45.339023590 0.016970014 0.998574555 -0.050606064 5.855986595 -0.998536706 0.019525306 0.050433002 240.035049438
0.052780576 0.049131233 0.997396767 -44.442092896 0.016574597 0.998608291 -0.050068092 5.797353745 -0.998468637 0.019174144 0.051892750 240.091491699
0.053571958 0.049773116 0.997322798 -43.534523010 0.016762894 0.998571455 -0.050735947 5.740515709 -0.998423398 0.019436114 0.052661110 240.141052246
0.054665383 0.051374935 0.997182250 -42.649524689 0.016693976 0.998488843 -0.052357499 5.684997559 -0.998365283 0.019509153 0.053725127 240.197235107
0.055382889 0.052313495 0.997093916 -41.754890442 0.016841590 0.998435438 -0.053319424 5.614132881 -0.998323262 0.019745706 0.054415192 240.250732422
0.056526590 0.051884785 0.997052014 -40.868484497 0.017371099 0.998446465 -0.052942261 5.562382698 -0.998250067 0.020312605 0.055537488 240.306350708
0.057319116 0.051104255 0.997047186 -39.992404938 0.017334649 0.998487532 -0.052174725 5.505761147 -0.998205543 0.020274146 0.056346532 240.356704712
0.058197651 0.050245512 0.997039855 -39.104000092 0.017191429 0.998534083 -0.051324371 5.455314636 -0.998156965 0.020127565 0.057248563 240.414794922
0.059170976 0.050125685 0.996988535 -38.249950409 0.016814219 0.998546779 -0.051202033 5.407121658 -0.998106241 0.019793328 0.058242120 240.472167969
0.060355224 0.049950071 0.996926486 -37.392913818 0.016622106 0.998558342 -0.051038254 5.347004890 -0.998038650 0.019651515 0.059437945 240.528594971
0.061519217 0.050073911 0.996849120 -36.542510986 0.016316816 0.998556793 -0.051166743 5.294024467 -0.997972488 0.019413212 0.060613338 240.591354370
0.062579416 0.050061334 0.996783793 -35.707660675 0.015054366 0.998580217 -0.051096782 5.249944687 -0.997926474 0.018203627 0.061736889 240.654647827
0.063303411 0.050291087 0.996726453 -34.898303986 0.012649504 0.998608887 -0.051189542 5.196654320 -0.997914195 0.015848640 0.062579222 240.709686279
0.064644448 0.050662681 0.996621609 -34.120132446 0.010533406 0.998620152 -0.051447604 5.146366119 -0.997852862 0.013823695 0.064021610 240.770111084
0.065638162 0.051076453 0.996535540 -33.378067017 0.007706720 0.998633325 -0.051691674 5.097382069 -0.997813880 0.011073040 0.065154798 240.833999634
0.065277003 0.051874399 0.996518075 -32.673534393 0.004505513 0.998622358 -0.052279167 5.044688702 -0.997857153 0.007902526 0.064953364 240.885223389
0.064557746 0.052297398 0.996542811 -31.988054276 0.002799636 0.998612463 -0.052587468 5.000852585 -0.997910261 0.006184962 0.064321771 240.941345215
0.063723609 0.052237548 0.996599615 -31.322315216 0.002854849 0.998615503 -0.052525841 4.961140156 -0.997963548 0.006192352 0.063486271 240.989608765
0.062621459 0.052312516 0.996665418 -30.679023743 0.000877396 0.998622060 -0.052470431 4.931159973 -0.998036921 0.004160314 0.062489264 241.043380737
0.061823722 0.051662102 0.996749163 -30.041404724 0.000723402 0.998656869 -0.051805936 4.891526699 -0.998086810 0.003923961 0.061703302 241.086166382
0.060956880 0.050674643 0.996853232 -29.410491943 0.001588622 0.998704255 -0.050865963 4.865482330 -0.998139203 0.004684326 0.060797401 241.125274658
0.059415761 0.049591318 0.997000754 -28.795783997 0.003806469 0.998746693 -0.049905088 4.824927330 -0.998226106 0.006760271 0.059152525 241.160385132
0.057806827 0.049760699 0.997086883 -28.187044144 0.004967370 0.998730361 -0.050130781 4.783610344 -0.998315513 0.007850878 0.057486296 241.197174072
0.055498917 0.050502729 0.997180760 -27.569843292 0.004937064 0.998693883 -0.050854217 4.746795177 -0.998446643 0.007745576 0.055177096 241.233917236
0.053782109 0.051991474 0.997198224 -26.980772018 0.005196423 0.998615444 -0.052345708 4.707632542 -0.998539150 0.007997197 0.053437486 241.273178101
0.051696233 0.052491233 0.997282326 -26.395334244 0.005325630 0.998588979 -0.052836150 4.668756962 -0.998648584 0.008042659 0.051343791 241.305877686
0.048994515 0.052452177 0.997420847 -25.820053101 0.005103486 0.998593926 -0.052764636 4.628458500 -0.998786092 0.007675575 0.048657928 241.340576172
0.045801360 0.052226905 0.997584522 -25.277475357 0.005285498 0.998605788 -0.052523118 4.596343517 -0.998936713 0.007678433 0.045461439 241.366119385
0.041757051 0.051701330 0.997789204 -24.752326965 0.005656618 0.998632014 -0.051981803 4.559328556 -0.999111772 0.007814792 0.041407436 241.401214600
0.037549790 0.050815489 0.998001933 -24.234617233 0.005297470 0.998682082 -0.051049523 4.523705006 -0.999280632 0.007203854 0.037231110 241.427444458
0.032496341 0.050283503 0.998206317 -23.746255875 0.005220974 0.998711467 -0.050479010 4.503464699 -0.999458313 0.006852067 0.032191940 241.458663940
0.026820878 0.050295368 0.998374343 -23.239997864 0.005163056 0.998713136 -0.050451227 4.465801239 -0.999627054 0.006507888 0.026526686 241.479385376
0.020149726 0.050392643 0.998526335 -22.752037048 0.005744070 0.998706639 -0.050517749 4.433140755 -0.999780476 0.006753596 0.019834211 241.501358032
0.012892354 0.050216332 0.998655319 -22.294733047 0.006646204 0.998711824 -0.050305061 4.401768208 -0.999894917 0.007285892 0.012542041 241.516601562
0.004643015 0.049720883 0.998752356 -21.851728439 0.007318113 0.998734653 -0.049754106 4.373635292 -0.999962568 0.007540063 0.004273266 241.536102295
-0.004524430 0.049774781 0.998750389 -21.427938461 0.007897280 0.998731077 -0.049738120 4.347913265 -0.999958754 0.007662452 -0.004911885 241.554901123
-0.013411620 0.049885601 0.998665035 -21.025642395 0.008564344 0.998723865 -0.049773604 4.323603630 -0.999873459 0.007885438 -0.013821768 241.570526123
-0.022789672 0.049895253 0.998494446 -20.627727509 0.009001646 0.998723626 -0.049701333 4.298214912 -0.999699771 0.007855487 -0.023209682 241.585540771
-0.032483980 0.049158216 0.998262703 -20.240821838 0.009479827 0.998759985 -0.048874296 4.275588036 -0.999427319 0.007875802 -0.032909643 241.591766357
-0.042452801 0.048687790 0.997911513 -19.850294113 0.009667727 0.998785138 -0.048319213 4.250677109 -0.999051750 0.007596322 -0.042871933 241.608016968
-0.053254221 0.048362046 0.997409225 -19.470296860 0.010480290 0.998798609 -0.047869921 4.233427525 -0.998526096 0.007903937 -0.053697091 241.610733032
-0.063997887 0.048497703 0.996771097 -19.102027893 0.012032663 0.998783350 -0.047823131 4.203247070 -0.997877598 0.008933304 -0.064503603 241.610351562
-0.075468034 0.049701273 0.995908797 -18.745231628 0.015236925 0.998697937 -0.048685919 4.174424171 -0.997031808 0.011500426 -0.076127075 241.591308594
-0.087247394 0.049715627 0.994945467 -18.415391922 0.017669963 0.998674035 -0.048352517 4.156211376 -0.996030092 0.013362093 -0.088010162 241.564163208
-0.099197201 0.049055606 0.993857980 -18.107429504 0.018952917 0.998696029 -0.047402792 4.149290562 -0.994887292 0.014134356 -0.099997640 241.523147583
-0.111736253 0.048410021 0.992558062 -17.819845200 0.019516457 0.998726964 -0.046513923 4.140567303 -0.993546247 0.014173996 -0.112538755 241.499038696
-0.124447599 0.047809795 0.991073668 -17.565528870 0.018972058 0.998770475 -0.045798875 4.126444340 -0.992044687 0.013103215 -0.125201643 241.475601196
-0.137853414 0.047569230 0.989309728 -17.346960068 0.019526310 0.998782396 -0.045303922 4.116236210 -0.990260124 0.013072343 -0.138614342 241.486007690
-0.151219159 0.047697254 0.987348855 -17.179412842 0.020522492 0.998771369 -0.045105964 4.108592510 -0.988287091 0.013442039 -0.152012214 241.466476440
-0.163861021 0.048531413 0.985289037 -17.070827484 0.021550514 0.998726845 -0.045609370 4.099612713 -0.986248016 0.013759959 -0.164698303 241.439727783
-0.177338526 0.050310172 0.982863069 -16.944061279 0.022489352 0.998638868 -0.047059994 4.097490788 -0.983892798 0.013758471 -0.178228587 241.404129028
-0.190238938 0.051266365 0.980398417 -16.802837372 0.023886692 0.998581648 -0.047582228 4.081895828 -0.981447160 0.014366552 -0.191193610 241.379837036
-0.203381076 0.051752742 0.977730751 -16.667501450 0.026702948 0.998523831 -0.047298830 4.078233242 -0.978735387 0.016488679 -0.204462826 241.357513428
-0.217848510 0.052035734 0.974594414 -16.500398636 0.028281160 0.998494923 -0.046990275 4.070897102 -0.975572705 0.017325964 -0.218992293 241.302627563
-0.232182473 0.051883787 0.971287608 -16.389919281 0.029388662 0.998494625 -0.046311956 4.066258907 -0.972228229 0.017792091 -0.233357757 241.236129761
-0.246501833 0.052312601 0.967729509 -16.300819397 0.030027645 0.998474896 -0.046325982 4.060617924 -0.968677163 0.017639276 -0.247696653 241.216323853
-0.261673331 0.052547354 0.963724792 -16.210794449 0.030642528 0.998465717 -0.046121515 4.056581020 -0.964669704 0.017462261 -0.262882113 241.190444946
-0.277096421 0.052852321 0.959387481 -16.116794586 0.031064726 0.998456836 -0.046032388 4.053218365 -0.960339904 0.017047774 -0.278310686 241.171585083
-0.292573124 0.053534761 0.954743564 -16.020210266 0.031552382 0.998428404 -0.046315391 4.052708149 -0.955722511 0.016573861 -0.293802470 241.169204712
-0.309502840 0.054716546 0.949323058 -15.851225853 0.031743620 0.998381257 -0.047194988 4.040816307 -0.950368643 0.015528035 -0.310738593 241.120971680
-0.328706920 0.057365917 0.942688167 -15.662159920 0.032784514 0.998245060 -0.049315140 4.032329082 -0.943862736 0.014695413 -0.330010712 241.056869507
-0.350208640 0.058637552 0.934834719 -15.457983971 0.033851646 0.998178899 -0.049929354 4.024971008 -0.936060071 0.014160076 -0.351555884 240.981277466
-0.375314653 0.059412032 0.924991369 -15.313532829 0.035686824 0.998129964 -0.049629848 4.022424221 -0.926210225 0.014383265 -0.376733035 240.924118042
-0.403328568 0.059784126 0.913100302 -15.143417358 0.037656486 0.998102546 -0.048716232 4.021096706 -0.914280176 0.014735566 -0.404814541 240.822204590
-0.435608566 0.060379244 0.898108900 -14.953649521 0.039949797 0.998061419 -0.047722246 4.008026123 -0.899249256 0.015091111 -0.437176228 240.696792603
-0.469932675 0.060304124 0.880639911 -14.764944077 0.041755278 0.998065412 -0.046063479 3.999857903 -0.881714046 0.015124692 -0.471541464 240.581192017
-0.504849017 0.060448579 0.861088574 -14.560915947 0.043840297 0.998053133 -0.044360381 3.989092350 -0.862093747 0.015355148 -0.506516218 240.451477051
-0.541806042 0.060679957 0.838310659 -14.340676308 0.045853663 0.998039126 -0.042606216 3.972298861 -0.839252293 0.015355379 -0.543525815 240.294876099
-0.579915583 0.060757518 0.812408209 -14.108052254 0.046399467 0.998059690 -0.041520890 3.960057735 -0.813354492 0.013616754 -0.581609368 240.062576294
-0.619623840 0.060858350 0.782536328 -13.826979637 0.046646990 0.998082519 -0.040685803 3.952261925 -0.783511877 0.011293137 -0.621274590 239.792205811
-0.658248723 0.060452294 0.750369489 -13.580982208 0.046673059 0.998130083 -0.039469641 3.939961195 -0.751352549 0.009041257 -0.659839332 239.518768311
-0.696366549 0.060702804 0.715114951 -13.356827736 0.048806127 0.998115301 -0.037198897 3.922903061 -0.716025233 0.008997985 -0.698016584 239.239532471
-0.734826326 0.061206106 0.675487936 -13.130303383 0.051269189 0.998083115 -0.034663621 3.906849861 -0.676314652 0.009160026 -0.736555696 238.965942383
-0.771496892 0.062421042 0.633163810 -12.921206474 0.054178320 0.998006344 -0.032374281 3.898315907 -0.633922219 0.009327129 -0.773340642 238.686004639
-0.807147086 0.064379096 0.586829364 -12.698482513 0.057115510 0.997888744 -0.030916257 3.882819891 -0.587580800 0.008563138 -0.809120059 238.329071045
-0.841553748 0.065191813 0.536225200 -12.487149239 0.058556404 0.997850657 -0.029415527 3.874775887 -0.536990285 0.006644705 -0.843562305 237.895050049
-0.872411489 0.065984882 0.484297752 -12.306016922 0.060487337 0.997804105 -0.026987841 3.866325617 -0.485015005 0.005749415 -0.874486804 237.468093872
-0.899895370 0.066087253 0.431069434 -12.095911026 0.062078483 0.997797370 -0.023378067 3.861913919 -0.431664973 0.005722355 -0.902015865 237.012115479
-0.922910333 0.067239754 0.379098624 -11.952889442 0.064461030 0.997719109 -0.020033482 3.844980240 -0.379580975 0.005948007 -0.925139606 236.542510986
-0.941797137 0.069762543 0.328863680 -11.822148323 0.067981482 0.997543037 -0.016926100 3.827891827 -0.329236388 0.006415707 -0.944225729 236.010726929
-0.957106769 0.071718231 0.280720025 -11.694099426 0.070770524 0.997400939 -0.013525600 3.814198971 -0.280960381 0.006921281 -0.959694684 235.449218750
-0.969153583 0.071677223 0.235804573 -11.590843201 0.071482554 0.997397661 -0.009385467 3.810997248 -0.235863596 0.007759970 -0.971755266 234.876419067
-0.978200912 0.071961746 0.194793180 -11.480493546 0.072245918 0.997370839 -0.005654801 3.815808535 -0.194687918 0.008541495 -0.980827928 234.264236450
-0.984562993 0.071751609 0.159649223 -11.385746002 0.072338186 0.997377872 -0.002142099 3.808722734 -0.159384236 0.009439711 -0.987171710 233.628448486
-0.988728762 0.072488099 0.131002009 -11.288952827 0.073164150 0.997319818 0.000348513 3.804219007 -0.130625620 0.009929243 -0.991382241 232.953704834
-0.991545439 0.073135987 0.107185282 -11.202512741 0.073720470 0.997277796 0.001495466 3.795470476 -0.106784068 0.009384577 -0.994237840 232.290115356
-0.993479729 0.073384635 0.087251760 -11.125894547 0.073890641 0.997263014 0.002579586 3.793605328 -0.086823598 0.009009860 -0.996183276 231.587570190
-0.994826674 0.074228063 0.069357924 -11.072560310 0.074686386 0.997198939 0.004034762 3.800660133 -0.068864100 0.009193983 -0.997583807 230.901382446
-0.995915771 0.073462650 0.052489202 -11.027637482 0.073834069 0.997257113 0.005169659 3.802080393 -0.051965404 0.009024038 -0.998608112 230.174057007
-0.996540189 0.074003614 0.037833009 -10.997354507 0.074313886 0.997211337 0.006859763 3.802446365 -0.037219811 0.009647548 -0.999260604 229.414520264
-0.996825397 0.074942805 0.026890416 -10.980708122 0.075195707 0.997132421 0.008518708 3.803984165 -0.026174841 0.010513705 -0.999602258 228.650665283
-0.996916234 0.076056570 0.019332930 -10.965826988 0.076256916 0.997039557 0.009845495 3.805454969 -0.018526834 0.011289401 -0.999764621 227.843551636
-0.996951878 0.076815456 0.013664158 -10.963345528 0.076958068 0.996981800 0.010235576 3.804033756 -0.012836619 0.011255942 -0.999854445 227.002532959
-0.996981621 0.076977432 0.010137141 -10.954492569 0.077082902 0.996969819 0.010460294 3.808375597 -0.009301170 0.011210117 -0.999894202 226.109115601
-0.997006416 0.076859377 0.008411318 -10.953495026 0.076948769 0.996975660 0.010877065 3.810349703 -0.007549830 0.011491744 -0.999905288 225.209411621
-0.996975720 0.077385627 0.007128393 -10.953989029 0.077461138 0.996934593 0.011007193 3.809334993 -0.006254696 0.011526078 -0.999914050 224.271484375
-0.996971846 0.077453882 0.006950099 -10.946939468 0.077527300 0.996929526 0.011001700 3.811585188 -0.006076587 0.011507204 -0.999915421 223.315948486
-0.996972799 0.077417560 0.007226316 -10.946910858 0.077492893 0.996934414 0.010802352 3.816549063 -0.006367825 0.011329634 -0.999915719 222.371627808
-0.996930182 0.077846542 0.008368780 -10.937792778 0.077931732 0.996904552 0.010385923 3.812832355 -0.007534320 0.011006233 -0.999910951 221.394165039
-0.996809959 0.079257928 0.009386437 -10.924774170 0.079350226 0.996797562 0.009906678 3.814274788 -0.008571149 0.010619890 -0.999906838 220.412841797
-0.996729791 0.080167674 0.010163900 -10.914558411 0.080262259 0.996730745 0.009266534 3.817299366 -0.009387748 0.010052004 -0.999905646 219.417144775
-0.996667504 0.080767229 0.011424877 -10.902074814 0.080865800 0.996689260 0.008445836 3.824722767 -0.010704856 0.009341571 -0.999899030 218.422363281
-0.996528685 0.082301542 0.012556350 -10.889143944 0.082399964 0.996570945 0.007531500 3.824952841 -0.011893390 0.008539995 -0.999893069 217.430953979
-0.996400774 0.083505690 0.014594823 -10.874333382 0.083620235 0.996470034 0.007421763 3.824214458 -0.013923499 0.008615469 -0.999866188 216.439270020
-0.996353865 0.083426394 0.017878313 -10.851836205 0.083566524 0.996475875 0.007238151 3.824249983 -0.017211406 0.008705785 -0.999814212 215.427032471
-0.996313632 0.083117865 0.021224631 -10.825531960 0.083273113 0.996505320 0.006536778 3.825165987 -0.020607084 0.008280122 -0.999753237 214.385971069
-0.996312916 0.082166642 0.024680352 -10.793663979 0.082330383 0.996588886 0.005691754 3.824517250 -0.024128444 0.007702710 -0.999679029 213.355834961
-0.996245205 0.081964999 0.027873237 -10.759416580 0.082146853 0.996605396 0.005441075 3.824898958 -0.027332589 0.007710344 -0.999596477 212.327163696
-0.996179998 0.081755981 0.030685730 -10.714735985 0.081958726 0.996621072 0.005406707 3.819884300 -0.030139970 0.007901017 -0.999514699 211.279479980
-0.996129096 0.081424110 0.033128802 -10.668145180 0.081640765 0.996648073 0.005238448 3.813695431 -0.032591175 0.007922830 -0.999437571 210.220199585
-0.996053994 0.081471197 0.035202254 -10.628330231 0.081699222 0.996644080 0.005085814 3.810405016 -0.034669727 0.007941742 -0.999367237 209.169021606
-0.995941162 0.081954494 0.037220612 -10.587100029 0.082213521 0.996599674 0.005480075 3.802465677 -0.036644883 0.008517869 -0.999292254 208.096466064
-0.995859563 0.081989318 0.039269719 -10.546401024 0.082275063 0.996593356 0.005713684 3.796778679 -0.038667433 0.008920944 -0.999212563 207.028350830
-0.995788872 0.081821509 0.041347433 -10.500303268 0.082117051 0.996607482 0.005497770 3.788427830 -0.040757280 0.008869950 -0.999129593 205.961181641
-0.995705068 0.081936069 0.043104496 -10.452038765 0.082239151 0.996598482 0.005302613 3.786195993 -0.042523354 0.008824717 -0.999056458 204.876098633
-0.995651603 0.081559621 0.045017201 -10.402599335 0.081868172 0.996630430 0.005050424 3.782720327 -0.044453558 0.008713937 -0.998973608 203.798248291
-0.995682597 0.080581911 0.046074029 -10.352252960 0.080891445 0.996710896 0.004890665 3.776219845 -0.045528341 0.008596548 -0.998925865 202.714508057
-0.995621741 0.080810465 0.046981364 -10.298899651 0.081124887 0.996692300 0.004821694 3.778069735 -0.046436265 0.008611941 -0.998884201 201.645050049
-0.995591462 0.080759846 0.047699977 -10.241643906 0.081082106 0.996695578 0.004857042 3.778290033 -0.047150057 0.008703247 -0.998849809 200.576004028
-0.995633364 0.080024540 0.048069600 -10.185029030 0.080349706 0.996754825 0.004867628 3.778020620 -0.047524020 0.008708753 -0.998832345 199.482376099
-0.995636165 0.079674818 0.048588887 -10.133749962 0.080000460 0.996783316 0.004791767 3.770387888 -0.048050757 0.008657991 -0.998807490 198.407165527
-0.995604634 0.080031164 0.048650537 -10.079856873 0.080358915 0.996754348 0.004815367 3.767753363 -0.048107207 0.008703706 -0.998804331 197.324066162
-0.995606840 0.079999939 0.048650317 -10.029476166 0.080340654 0.996754527 0.005085150 3.761969328 -0.048085563 0.008971411 -0.998802722 196.262573242
-0.995661914 0.079373032 0.048556857 -9.973768234 0.079730749 0.996801436 0.005471876 3.755577564 -0.047967177 0.009319613 -0.998805523 195.178619385
-0.995683491 0.079352997 0.048147812 -9.919771194 0.079719700 0.996800780 0.005741331 3.751173496 -0.047538128 0.009554877 -0.998824000 194.094253540
-0.995772004 0.078569047 0.047599882 -9.865714073 0.078950420 0.996859312 0.006182661 3.745269775 -0.046964571 0.009914551 -0.998847604 192.996017456
-0.995911419 0.077666432 0.046140730 -9.809971809 0.078025259 0.996933162 0.006024506 3.742092133 -0.045531277 0.009600016 -0.998917043 191.908187866
-0.995995104 0.077422671 0.044722315 -9.753392220 0.077755488 0.996955812 0.005748406 3.741437197 -0.044141073 0.009202789 -0.998983264 190.796417236
-0.996014416 0.077947274 0.043355908 -9.700113297 0.078279592 0.996913254 0.006018050 3.739904881 -0.042752936 0.009387948 -0.999041557 189.690124512
-0.996031582 0.078502312 0.041933298 -9.656276703 0.078895845 0.996852279 0.007811266 3.736308336 -0.041188058 0.011088631 -0.999089718 188.582168579
-0.996018112 0.079434305 0.040475059 -9.603586197 0.079865083 0.996763825 0.009137139 3.737949133 -0.039618224 0.012333300 -0.999138713 187.468811035
-0.996116817 0.078968123 0.038933199 -9.557415962 0.079416603 0.996790290 0.010107854 3.732439041 -0.038009990 0.013160544 -0.999190807 186.355300903
-0.996165156 0.079086944 0.037426021 -9.510054588 0.079531096 0.996776819 0.010528863 3.733115673 -0.036472648 0.013465017 -0.999244213 185.234634399
-0.996182203 0.079510301 0.036044516 -9.468382835 0.079918385 0.996751010 0.010023163 3.740607023 -0.035130419 0.012865515 -0.999299884 184.120300293
-0.996179521 0.080185890 0.034599721 -9.434346199 0.080550514 0.996707380 0.009273820 3.744845629 -0.033742122 0.012025412 -0.999358535 182.999435425
-0.996177077 0.080847025 0.033091296 -9.401645660 0.081184164 0.996658742 0.008972729 3.746753693 -0.032255262 0.011624916 -0.999412000 181.881576538
-0.996145189 0.081698000 0.031936582 -9.373202324 0.082019188 0.996591210 0.008877384 3.747115612 -0.031102408 0.011462577 -0.999450266 180.746780396
-0.996107459 0.082605541 0.030766536 -9.338866234 0.082910739 0.996518314 0.008777406 3.748589039 -0.029934306 0.011294114 -0.999488175 179.634811401
-0.996084809 0.083261058 0.029716287 -9.306439400 0.083545186 0.996468127 0.008449115 3.748290062 -0.028907806 0.010898686 -0.999522924 178.502899170
-0.996162474 0.082696147 0.028672421 -9.273532867 0.082956865 0.996520877 0.008024071 3.749120235 -0.027909059 0.010371850 -0.999556839 177.383834839
-0.996143222 0.083215714 0.027816575 -9.240958214 0.083478242 0.996474087 0.008411955 3.752260685 -0.027018441 0.010701591 -0.999577582 176.263626099
-0.996199310 0.082767099 0.027144447 -9.210243225 0.083056405 0.996497571 0.009707406 3.752436399 -0.026245877 0.011925030 -0.999584496 175.138854980
-0.996278584 0.082041517 0.026418995 -9.180050850 0.082340717 0.996549547 0.010441519 3.756576061 -0.025471155 0.012578024 -0.999596179 173.999816895
-0.996436596 0.080201477 0.026122523 -9.151928902 0.080479503 0.996708393 0.009770108 3.758177996 -0.025252912 0.011837619 -0.999611199 172.859268188
-0.996546209 0.078939065 0.025769955 -9.121913910 0.079179779 0.996824443 0.008456403 3.755974770 -0.025020532 0.010467657 -0.999632001 171.705810547
-0.996535420 0.079055868 0.025833825 -9.096713066 0.079269111 0.996826231 0.007335683 3.752120972 -0.025171857 0.009358093 -0.999639332 170.552780151
-0.996498525 0.079462238 0.026005158 -9.069800377 0.079672597 0.996795475 0.007153613 3.749921799 -0.025353331 0.009200462 -0.999635994 169.363357544
-0.996413171 0.080377772 0.026461799 -9.044945717 0.080625072 0.996708989 0.008412810 3.749105692 -0.025698463 0.010516118 -0.999614477 168.177215576
-0.996266782 0.082008913 0.026964417 -9.020359993 0.082293443 0.996561766 0.009615194 3.746484041 -0.026083129 0.011798292 -0.999590158 167.027038574
-0.996336102 0.080939069 0.027630603 -8.992755890 0.081236921 0.996646404 0.009831181 3.744832993 -0.026742168 0.012039784 -0.999569952 165.860946655
-0.996271551 0.081631452 0.027912473 -8.966176033 0.081925556 0.996592581 0.009558764 3.745706081 -0.027037026 0.011809872 -0.999564528 164.707916260
-0.996246159 0.081828751 0.028244600 -8.938365936 0.082116619 0.996580422 0.009185255 3.744101763 -0.027396351 0.011470126 -0.999558926 163.550643921
-0.996217787 0.081990652 0.028774930 -8.907723427 0.082283087 0.996567249 0.009128297 3.742988586 -0.027927671 0.011461460 -0.999544501 162.375350952
-0.996257484 0.081250586 0.029498974 -8.864913940 0.081550524 0.996627569 0.009108911 3.738445997 -0.028659340 0.011480475 -0.999523640 161.211059570
-0.996286154 0.080515750 0.030514820 -8.828322411 0.080831446 0.996684849 0.009255325 3.735856771 -0.029668415 0.011687510 -0.999491453 160.059570312
-0.996251702 0.080604069 0.031391315 -8.794368744 0.080938354 0.996673584 0.009525429 3.736861229 -0.030519057 0.012030486 -0.999461591 158.929367065
-0.996281385 0.079852119 0.032362886 -8.751000404 0.080203369 0.996731281 0.009702865 3.728123188 -0.031482264 0.012262395 -0.999429166 157.796859741
-0.996237576 0.079936959 0.033484418 -8.703599930 0.080317862 0.996717274 0.010186709 3.720970392 -0.032560155 0.012837777 -0.999387503 156.648605347
-0.996187210 0.080179043 0.034390900 -8.675454140 0.080584772 0.996691644 0.010576302 3.720681429 -0.033429082 0.013307360 -0.999352694 155.512176514
-0.996198654 0.079374053 0.035897382 -8.631428719 0.079808831 0.996751249 0.010843307 3.720052242 -0.034920037 0.013667013 -0.999296904 154.379776001
-0.996156096 0.079383321 0.037030555 -8.587421417 0.079830565 0.996750474 0.010757017 3.716134310 -0.036056247 0.013671839 -0.999256074 153.230972290
-0.996167183 0.078864731 0.037836276 -8.546545029 0.079315737 0.996793568 0.010568506 3.716248035 -0.036881421 0.013529010 -0.999228179 152.073181152
-0.996089399 0.079240546 0.039081573 -8.496060371 0.079715334 0.996759832 0.010741262 3.716974258 -0.038103744 0.013814655 -0.999178410 150.918975830
-0.995980680 0.080337517 0.039609823 -8.453683853 0.080821313 0.996670485 0.010765260 3.718956947 -0.038613040 0.013923307 -0.999157369 149.760696411
-0.996058106 0.079022117 0.040303018 -8.411620140 0.079522319 0.996772826 0.010960062 3.716383219 -0.039306819 0.014121845 -0.999127567 148.610687256
-0.996088326 0.078040622 0.041443534 -8.363375664 0.078552604 0.996850669 0.010869933 3.715784073 -0.040464677 0.014082914 -0.999081433 147.465042114
-0.996080637 0.077744983 0.042179432 -8.317055702 0.078319550 0.996854305 0.012142370 3.717414141 -0.041102689 0.015398254 -0.999036252 146.347259521
-0.996065319 0.077592596 0.042821802 -8.271294594 0.078312844 0.996809840 0.015404159 3.724501133 -0.041489899 0.018697042 -0.998964012 145.188201904
-0.995940804 0.078890532 0.043337613 -8.230098724 0.079726554 0.996655881 0.017911075 3.737581730 -0.041779622 0.021293530 -0.998899758 144.041427612
-0.995940983 0.078510098 0.044020399 -8.187409401 0.079366267 0.996682167 0.018048672 3.740262032 -0.042457294 0.021469146 -0.998867452 142.880813599
-0.995952070 0.077997014 0.044680156 -8.140195847 0.078850120 0.996730089 0.017657991 3.742305994 -0.043156743 0.021109544 -0.998845339 141.739700317
-0.995791793 0.079574674 0.045468189 -8.095296860 0.080420963 0.996614397 0.017093774 3.751737118 -0.043953974 0.020678431 -0.998819828 140.589523315
-0.995744944 0.079633936 0.046380043 -8.043153763 0.080515422 0.996600509 0.017455267 3.766010761 -0.044832289 0.021115297 -0.998771608 139.437255859
-0.995580137 0.081018262 0.047505334 -7.995537758 0.081933469 0.996481597 0.017642323 3.773276567 -0.045908798 0.021456618 -0.998715341 138.297027588
-0.995615959 0.080167942 0.048188549 -7.944678783 0.081104264 0.996546745 0.017796980 3.776091576 -0.046595354 0.021627255 -0.998679638 137.156188965
-0.995579660 0.080392182 0.048566893 -7.893490314 0.081370823 0.996511877 0.018518059 3.772189617 -0.046908729 0.022388129 -0.998648524 136.015914917
-0.995479584 0.081354499 0.049006347 -7.828614712 0.082328461 0.996439159 0.018191518 3.788530350 -0.047351837 0.022143906 -0.998632610 134.900650024
-0.995586753 0.080184251 0.048760492 -7.776126862 0.081095763 0.996561229 0.017008664 3.788021088 -0.047228940 0.020887870 -0.998665810 133.770385742
-0.995660961 0.079491727 0.048382238 -7.719660282 0.080332585 0.996644676 0.015687637 3.785221100 -0.046972811 0.019506235 -0.998706102 132.657318115
-0.995783329 0.078213707 0.047936559 -7.660604954 0.079053767 0.996743858 0.015883720 3.792421818 -0.046538096 0.019606313 -0.998723805 131.548538208
-0.995839596 0.078005776 0.047102205 -7.608147621 0.078845873 0.996754527 0.016246203 3.793256998 -0.045681987 0.019892426 -0.998757899 130.439773560
-0.995896578 0.077806577 0.046222672 -7.550662041 0.078632720 0.996769845 0.016329154 3.794684649 -0.044802815 0.019896762 -0.998797834 129.331085205
-0.995995104 0.077175476 0.045148950 -7.500039101 0.077983007 0.996819735 0.016403899 3.792939901 -0.043739341 0.019859046 -0.998845816 128.252670288
-0.996015012 0.077585086 0.043988645 -7.455667019 0.078370005 0.996789336 0.016406316 3.788318157 -0.042574473 0.019788325 -0.998897433 127.167701721
-0.996061981 0.077397272 0.043248199 -7.408847332 0.078166269 0.996805727 0.016379982 3.795682430 -0.041842252 0.019696029 -0.998929977 126.113380432
-0.996127069 0.077201493 0.042084023 -7.358972073 0.077948712 0.996822238 0.016410861 3.797784805 -0.040683307 0.019627696 -0.998979390 125.054389954
-0.996175110 0.077069849 0.041175533 -7.311514854 0.077794224 0.996836305 0.016287297 3.797994614 -0.039789967 0.019428220 -0.999019027 124.013412476
-0.996186197 0.077514075 0.040060133 -7.268901825 0.078215338 0.996804178 0.016242756 3.800532103 -0.038673017 0.019314125 -0.999065280 122.973526001
-0.996195138 0.078003757 0.038863622 -7.224327564 0.078682855 0.996767104 0.016259642 3.807718754 -0.037469618 0.019255679 -0.999111950 121.929389954
-0.996188462 0.078564040 0.037896480 -7.183882713 0.079224050 0.996724606 0.016238790 3.810078382 -0.036496520 0.019179210 -0.999149561 120.897636414
-0.996243417 0.078306720 0.036973007 -7.144569397 0.078956395 0.996742368 0.016449004 3.808775902 -0.035564452 0.019306470 -0.999180853 119.875556946
-0.996224701 0.078898914 0.036215298 -7.105793953 0.079554662 0.996684968 0.017035881 3.813626051 -0.034751084 0.019852661 -0.999198854 118.871070862
-0.996267438 0.078671582 0.035525560 -7.070460320 0.079323158 0.996698499 0.017318346 3.815009117 -0.034045763 0.020071702 -0.999218643 117.913482666
-0.996301413 0.078544691 0.034851678 -7.035751343 0.079200774 0.996698678 0.017859705 3.815606594 -0.033333790 0.020553926 -0.999232948 116.961502075
-0.996383071 0.077815391 0.034145478 -7.003263474 0.078468330 0.996750236 0.018216161 3.816968679 -0.032616973 0.020829611 -0.999251127 116.017143250
-0.996466637 0.077071980 0.033378944 -6.968390942 0.077724300 0.996799350 0.018705284 3.818213940 -0.031830415 0.021233547 -0.999267578 115.114524841
-0.996571362 0.076055244 0.032582358 -6.930831432 0.076704137 0.996869981 0.019149357 3.821245432 -0.031023918 0.021582898 -0.999285877 114.199668884
-0.996558487 0.076452926 0.032030545 -6.896729469 0.077103987 0.996830165 0.019608043 3.821753025 -0.030429875 0.022010248 -0.999294281 113.286849976
-0.996567011 0.076426357 0.031833090 -6.865610123 0.077094287 0.996816874 0.020309962 3.823489904 -0.030179497 0.022694387 -0.999286830 112.398414612
-0.996446073 0.077565938 0.032851987 -6.839145184 0.078278325 0.996710718 0.020981992 3.827579498 -0.031116392 0.023479018 -0.999240279 111.521827698
-0.996282816 0.078149103 0.036243167 -6.819928646 0.078923389 0.996671021 0.020447085 3.830730677 -0.034524549 0.023231510 -0.999133945 110.635620117
-0.995859444 0.080113329 0.042959541 -6.809994221 0.081020713 0.996515512 0.019811323 3.836457729 -0.041222651 0.023209907 -0.998880208 109.780128479
-0.995096743 0.081996724 0.055311594 -6.795533180 0.083163001 0.996352553 0.019120334 3.836571932 -0.053541996 0.023626458 -0.998286486 109.037017822
-0.993926227 0.083084628 0.072163217 -6.742675781 0.084616818 0.996242940 0.018435929 3.841840744 -0.070360303 0.024430180 -0.997222245 108.369697571
-0.992138565 0.084557265 0.092256755 -6.669141769 0.086519860 0.996096730 0.017477900 3.845613956 -0.090418726 0.025322545 -0.995581806 107.700370789
-0.989443958 0.085002787 0.117366962 -6.566895962 0.087436475 0.996045768 0.015735380 3.842978001 -0.115565278 0.025831439 -0.992963910 107.055824280
-0.985414386 0.085050710 0.147393882 -6.449105740 0.087936960 0.996039033 0.013165484 3.840141773 -0.145690262 0.025934834 -0.988990426 106.435585022
-0.979760587 0.084621906 0.181407183 -6.335916996 0.088022418 0.996060312 0.010762320 3.833309650 -0.179781750 0.026512407 -0.983349264 105.843200684
-0.972412646 0.083146125 0.217946202 -6.189691067 0.086923800 0.996184528 0.007785877 3.825806379 -0.216467202 0.026515808 -0.975929797 105.257720947
-0.963195443 0.080707967 0.256400585 -5.998967648 0.084823713 0.996383309 0.005014422 3.810917377 -0.255068511 0.026578728 -0.966557860 104.683479309
-0.951809764 0.077820458 0.296652228 -5.802181244 0.082250372 0.996608675 0.002461248 3.795707941 -0.295454592 0.026742410 -0.954982758 104.133323669
-0.938173234 0.074770004 0.337995112 -5.575648785 0.079516254 0.996833622 0.000197501 3.786673546 -0.336910039 0.027061414 -0.941148162 103.624435425
-0.921577394 0.069291100 0.381960601 -5.333158970 0.074488267 0.997221231 -0.001183003 3.764707088 -0.380981147 0.027361380 -0.924177885 103.153121948
-0.901964545 0.062044315 0.427329868 -5.088709831 0.067441911 0.997720003 -0.002510141 3.755751610 -0.426511258 0.026555916 -0.904092610 102.686744690
-0.879509151 0.054155812 0.472790331 -4.768964291 0.060151830 0.998186231 -0.002439796 3.737339258 -0.472064853 0.026293410 -0.881171644 102.226119995
-0.853047609 0.047054172 0.519707203 -4.441573620 0.053545736 0.998562217 -0.002519622 3.729468822 -0.519078553 0.025678787 -0.854340672 101.807708740
-0.823641419 0.040781461 0.565643072 -4.120715618 0.048059102 0.998842418 -0.002034524 3.712537527 -0.565071166 0.025508620 -0.824647784 101.432487488
-0.791799843 0.034570932 0.609801292 -3.716123343 0.042700917 0.999087214 -0.001195162 3.695384026 -0.609286010 0.025092792 -0.792553306 101.054145813
-0.755735993 0.031308837 0.654127836 -3.327051878 0.040268965 0.999188006 -0.001300578 3.681076050 -0.653637350 0.025358200 -0.756383121 100.745483398
-0.715600610 0.029485349 0.697886884 -2.969730616 0.039016638 0.999236166 -0.002210259 3.669048071 -0.697418928 0.025647592 -0.716204405 100.459861755
-0.672749579 0.028719867 0.739313006 -2.568311214 0.038442627 0.999253452 -0.003836267 3.652201176 -0.738871217 0.025840338 -0.673351467 100.155357361
-0.627521455 0.028491061 0.778077662 -2.133453131 0.037292108 0.999283135 -0.006514865 3.643418074 -0.777705610 0.024928000 -0.628134012 99.883941650
-0.580012023 0.027894206 0.814130425 -1.709418178 0.036062796 0.999312997 -0.008546824 3.636609793 -0.813809395 0.024402618 -0.580619395 99.602951050
-0.530849099 0.026485074 0.847052157 -1.217444539 0.034862071 0.999347925 -0.009398870 3.628315449 -0.846748829 0.024540676 -0.531426370 99.347793579
-0.479857087 0.025128474 0.876986980 -0.755554199 0.032816060 0.999404311 -0.010680364 3.625605345 -0.876732886 0.023654271 -0.480395764 99.142517090
-0.426784873 0.023695812 0.904042780 -0.242028803 0.029110890 0.999498606 -0.012455042 3.604339600 -0.903884590 0.021001931 -0.427260667 98.918540955
-0.374145657 0.023209030 0.927079320 0.242104396 0.027048197 0.999534547 -0.014107004 3.599888802 -0.926975250 0.019797813 -0.374599218 98.762725830
-0.323246419 0.023792583 0.946015656 0.710435987 0.026320729 0.999523103 -0.016144775 3.573295116 -0.945948601 0.019681148 -0.323718548 98.664947510
-0.274650484 0.024419857 0.961233914 1.235792637 0.024438804 0.999531746 -0.018410029 3.556446075 -0.961233556 0.018435154 -0.275118738 98.566772461
-0.229433045 0.024583464 0.973013937 1.744933009 0.019727845 0.999593079 -0.020603301 3.553888321 -0.973124325 0.014468456 -0.229824618 98.523681641
-0.189580217 0.023810899 0.981576383 2.232675076 0.017207488 0.999632895 -0.020925542 3.542655230 -0.981714308 0.012923466 -0.189920336 98.464591980
-0.153682500 0.023875738 0.987831771 2.778424501 0.015436029 0.999644041 -0.021759834 3.527466774 -0.987999737 0.011904168 -0.153996423 98.390853882
-0.124385662 0.024481174 0.991931975 3.306895494 0.015459941 0.999621987 -0.022732403 3.495681763 -0.992113471 0.012507695 -0.124717131 98.343574524
-0.099643506 0.025980676 0.994684041 3.853487968 0.015094364 0.999583542 -0.024596624 3.468216181 -0.994908750 0.012563299 -0.099994123 98.285896301
-0.079716861 0.028783590 0.996402025 4.376735687 0.014327944 0.999512851 -0.027727226 3.451192617 -0.996714652 0.012066135 -0.080090515 98.231163025
-0.064509176 0.032386042 0.997391462 4.892637730 0.012118037 0.999424994 -0.031668384 3.428981781 -0.997843564 0.010043597 -0.064864449 98.198013306
-0.052729927 0.033716641 0.998039484 5.437100887 0.013915680 0.999357641 -0.033026032 3.419110775 -0.998511851 0.012147010 -0.053165197 98.186073303
-0.044599842 0.032868508 0.998464167 5.971827507 0.015037474 0.999367476 -0.032226626 3.397318840 -0.998891771 0.013577149 -0.045065850 98.165023804
-0.038017903 0.030088061 0.998824000 6.534763813 0.015361809 0.999446094 -0.029522164 3.377119064 -0.999158978 0.014221445 -0.038459033 98.170303345
-0.033896156 0.028288854 0.999025047 7.102045536 0.014878921 0.999502838 -0.027797632 3.357383728 -0.999314547 0.013922251 -0.034300208 98.163604736
-0.032394726 0.027983686 0.999083400 7.654302120 0.014595466 0.999514639 -0.027522594 3.335807800 -0.999368668 0.013690574 -0.032787532 98.159194946
-0.031910136 0.027951861 0.999099731 8.235533714 0.015950654 0.999495864 -0.027453572 3.317972422 -0.999363482 0.015060319 -0.032339871 98.141761780
-0.031577792 0.028074224 0.999107003 8.818293571 0.017917171 0.999460757 -0.027517952 3.299129963 -0.999340713 0.017032288 -0.032063730 98.125694275
-0.031379450 0.028459439 0.999102414 9.423457146 0.019562852 0.999420524 -0.027854159 3.285038948 -0.999316156 0.018671315 -0.031917956 98.106376648
-0.031669337 0.028879303 0.999081016 10.034967422 0.020874394 0.999383569 -0.028226435 3.267272949 -0.999280334 0.019961368 -0.032252651 98.081619263
-0.031885684 0.028846040 0.999075234 10.620914459 0.021825431 0.999365151 -0.028157931 3.248489380 -0.999253154 0.020907480 -0.032495096 98.059143066
-0.031573031 0.028621662 0.999091566 11.200240135 0.024002178 0.999323368 -0.027869863 3.233420372 -0.999213219 0.023100508 -0.032238673 98.034797668
-0.031037351 0.028419420 0.999114096 11.782780647 0.025668167 0.999288619 -0.027627083 3.209090233 -0.999188542 0.024788028 -0.031744804 98.023323059
-0.030042408 0.028015537 0.999155939 12.375078201 0.027715880 0.999246061 -0.027184794 3.184117794 -0.999164283 0.026875861 -0.030796226 98.005683899
-0.027466705 0.028012512 0.999230087 13.004416466 0.030828774 0.999155521 -0.027163079 3.163437366 -0.999147177 0.030059034 -0.028307047 97.981475830
-0.023706684 0.027413441 0.999343038 13.644672394 0.031254102 0.999155700 -0.026666965 3.134713411 -0.999230266 0.030601455 -0.024543449 97.969886780
-0.018426461 0.027618449 0.999448657 14.278766632 0.031885836 0.999126196 -0.027021747 3.112415314 -0.999321580 0.031370409 -0.019291049 97.951187134
-0.010286609 0.027334791 0.999573410 14.957562447 0.033237580 0.999083221 -0.026979417 3.083687305 -0.999394476 0.032945942 -0.011185744 97.935455322
-0.001007622 0.026556833 0.999646842 15.662183762 0.036335349 0.998988211 -0.026502792 3.060164213 -0.999339104 0.036295883 -0.001971568 97.909164429
0.009497716 0.025825767 0.999621272 16.432804108 0.036076479 0.999006748 -0.026152737 3.032588720 -0.999303937 0.036311276 0.008556595 97.901931763
0.020481670 0.024710624 0.999484777 17.266969681 0.035061736 0.999061823 -0.025418738 3.010445833 -0.999175191 0.035564363 0.019596029 97.911354065
0.030650470 0.024573956 0.999228001 18.155576706 0.032010429 0.999160767 -0.025554275 2.977176666 -0.999017417 0.032769039 0.029838122 97.940521240
0.040924586 0.025272682 0.998842776 19.075504303 0.030774318 0.999173880 -0.026542036 2.949443340 -0.998688281 0.031824995 0.040113047 97.981987000
0.051362123 0.028257929 0.998280227 19.989141464 0.027298357 0.999186337 -0.029688178 2.905599356 -0.998306990 0.028776333 0.050548922 98.025779724
0.059753805 0.031263102 0.997723520 20.924535751 0.021816257 0.999229789 -0.032616965 2.863274574 -0.997974813 0.023715653 0.059025742 98.087417603
0.066097945 0.032430194 0.997285962 21.868255615 0.018286932 0.999264538 -0.033706624 2.820472240 -0.997645497 0.020465309 0.065456316 98.165321350
0.068881758 0.031304337 0.997133732 22.803264618 0.016201127 0.999340594 -0.032492884 2.779370785 -0.997493386 0.018392928 0.068329170 98.242843628
0.069609456 0.030547544 0.997106612 23.734874725 0.013505695 0.999410570 -0.031561069 2.738178253 -0.997483015 0.015663639 0.069155835 98.315475464
0.068087786 0.029937327 0.997230113 24.667415619 0.011226346 0.999463379 -0.030770957 2.697289467 -0.997616231 0.013290451 0.067715146 98.393356323
0.064825706 0.029721476 0.997453928 25.593353271 0.009908928 0.999487877 -0.030426161 2.658912420 -0.997847438 0.011856170 0.064497992 98.468399048
0.059434455 0.029760592 0.997788489 26.528894424 0.008858076 0.999500453 -0.030339373 2.614623785 -0.998192847 0.010641762 0.059141144 98.529800415
0.051451862 0.030011281 0.998224497 27.457475662 0.008047192 0.999503434 -0.030464593 2.574560642 -0.998643100 0.009600434 0.051184818 98.583053589
0.041536573 0.030113887 0.998683274 28.394321442 0.007021280 0.999512196 -0.030430993 2.526268482 -0.999112427 0.008276107 0.041304827 98.629676819
0.031578485 0.029389881 0.999069154 29.314443588 0.005273450 0.999548733 -0.029570755 2.489086390 -0.999487400 0.006202411 0.031409223 98.663208008
0.021007819 0.028605839 0.999369919 30.256547928 0.003793595 0.999581099 -0.028691707 2.442908287 -0.999772131 0.004394026 0.020890506 98.691947937
0.009772541 0.028061688 0.999558330 31.185741425 0.002504810 0.999602318 -0.028087486 2.408113003 -0.999949157 0.002778260 0.009698344 98.701461792
-0.001336341 0.028634306 0.999589086 32.108127594 0.003570654 0.999583662 -0.028629456 2.363051414 -0.999992847 0.003531000 -0.001438070 98.695953369
-0.012794646 0.029124457 0.999493778 33.035408020 0.003317618 0.999571502 -0.029084321 2.331875324 -0.999912560 0.002943886 -0.012885732 98.677688599
-0.024530046 0.029235007 0.999271393 33.954795837 0.003262429 0.999569356 -0.029163711 2.295032978 -0.999693692 0.002544734 -0.024614858 98.649894714
-0.036421061 0.029145952 0.998911500 34.864734650 0.003830391 0.999571323 -0.029025624 2.258770943 -0.999329090 0.002769151 -0.036517102 98.606864929
-0.047072411 0.028756678 0.998477459 35.778778076 0.003684644 0.999583721 -0.028614901 2.219569445 -0.998884678 0.002332132 -0.047158707 98.553123474
-0.056619469 0.029008558 0.997974336 36.698528290 0.005272969 0.999572575 -0.028755929 2.174015999 -0.998381913 0.003634217 -0.056748133 98.484970093
-0.064234786 0.029646914 0.997494400 37.609195709 0.007323733 0.999545753 -0.029236337 2.141487122 -0.997907996 0.005427465 -0.064422689 98.421371460
-0.069860987 0.030581672 0.997087777 38.530876160 0.007749251 0.999516428 -0.030113282 2.108199596 -0.997526646 0.005623009 -0.070064217 98.347129822
-0.073152386 0.031989247 0.996807575 39.440380096 0.008061528 0.999471843 -0.031483211 2.075718403 -0.997288227 0.005732791 -0.073371612 98.289070129
-0.075333372 0.033124782 0.996608257 40.368026733 0.008443334 0.999433458 -0.032580536 2.036417246 -0.997122824 0.005960369 -0.075570472 98.219757080
-0.076153733 0.033811424 0.996522725 41.300724030 0.007666423 0.999415278 -0.033323776 1.999072194 -0.997066617 0.005102105 -0.076368347 98.154266357
-0.076211900 0.034272537 0.996502578 42.243003845 0.008120670 0.999397337 -0.033751108 1.960341930 -0.997058749 0.005520106 -0.076444350 98.085807800
-0.074861027 0.034048915 0.996612608 43.191699982 0.007565951 0.999407530 -0.033576157 1.921502709 -0.997165382 0.005026851 -0.075074241 98.014244080
-0.072944626 0.033133484 0.996785462 44.133052826 0.007180103 0.999439538 -0.032696337 1.884954929 -0.997310162 0.004772073 -0.073141672 97.944419861
-0.071105123 0.032016955 0.996954799 45.077739716 0.007040367 0.999475956 -0.031595852 1.843552947 -0.997443914 0.004772372 -0.071293198 97.882484436
-0.069533899 0.031032518 0.997096896 46.023452759 0.006718999 0.999507904 -0.030639077 1.807079077 -0.997556865 0.004569110 -0.069708176 97.815765381
-0.068051577 0.030518057 0.997215033 46.950874329 0.005725060 0.999527514 -0.030198216 1.768573999 -0.997665346 0.003654151 -0.068194225 97.754653931
-0.067978784 0.030324349 0.997225881 47.902713776 0.004524765 0.999537051 -0.030086257 1.733326674 -0.997676492 0.002467058 -0.068084553 97.696159363
-0.069053121 0.030492822 0.997146964 48.859664917 0.002974209 0.999534607 -0.030359941 1.690066218 -0.997608721 0.000869350 -0.069111623 97.633087158
-0.072205491 0.030373454 0.996927261 49.809295654 -0.000083325 0.999536097 -0.030459039 1.650989652 -0.997389853 -0.002282301 -0.072169468 97.572036743
-0.077649556 0.030410185 0.996516883 50.754760742 -0.002749201 0.999524415 -0.030716259 1.614509463 -0.996976972 -0.005124660 -0.077528976 97.515441895
-0.085889533 0.030941892 0.995824099 51.706340790 -0.004439453 0.999495804 -0.031438954 1.574616671 -0.996294856 -0.007121123 -0.085708886 97.454574585
-0.098266475 0.032645255 0.994624496 52.640731812 -0.006400649 0.999420404 -0.033435099 1.527631283 -0.995139539 -0.009651717 -0.098000549 97.371520996
-0.114236072 0.035240196 0.992828488 53.556938171 -0.008684093 0.999297082 -0.036469065 1.490460396 -0.993415833 -0.012787822 -0.113849759 97.283950806
-0.131602049 0.036056086 0.990646601 54.474853516 -0.008332616 0.999262750 -0.037476696 1.442566872 -0.991267622 -0.013186619 -0.131204560 97.166236877
-0.150656462 0.034519382 0.987983346 55.387088776 -0.007171383 0.999325752 -0.036009301 1.400911808 -0.988560319 -0.012510167 -0.150307328 96.997619629
-0.171090573 0.031355202 0.984756291 56.286567688 -0.004623787 0.999456942 -0.032626681 1.367937565 -0.985244513 -0.010135348 -0.170852706 96.817588806
-0.191575021 0.030002777 0.981019378 57.185394287 -0.003725844 0.999503255 -0.031295732 1.316694021 -0.981470883 -0.009650534 -0.191368073 96.636634827
-0.212429538 0.030206317 0.976709485 58.063552856 -0.002468375 0.999502361 -0.031448144 1.282304645 -0.977173269 -0.009091333 -0.212249175 96.446189880
-0.232805133 0.031063817 0.972027063 58.903015137 0.002508179 0.999505579 -0.031341311 1.229343176 -0.972520173 -0.004858331 -0.232767984 96.218322754
-0.252770334 0.031889342 0.967000425 59.756103516 0.007139836 0.999490976 -0.031094529 1.196789026 -0.967499852 -0.000955483 -0.252869368 95.990058899
-0.271420151 0.032067962 0.961926639 60.619392395 0.009252982 0.999485612 -0.030709278 1.158881783 -0.962416530 0.000565642 -0.271577179 95.733871460
-0.287530035 0.032835603 0.957208812 61.475921631 0.012558104 0.999455512 -0.030512631 1.111114144 -0.957689464 0.003247500 -0.287785858 95.468284607
-0.302041322 0.032858077 0.952728570 62.327136993 0.012217462 0.999457181 -0.030596465 1.070711255 -0.953216672 0.002398597 -0.302278757 95.166419983
-0.314295560 0.031963646 0.948786974 63.191669464 0.013870244 0.999480963 -0.029076867 1.035873532 -0.949223876 0.004021245 -0.314575762 94.860420227
-0.324186593 0.027259296 0.945600510 64.063606262 0.015736913 0.999601722 -0.023420889 0.997465134 -0.945862412 0.007288167 -0.324486494 94.561531067
-0.331675172 0.020519478 0.943170369 64.945030212 0.014313579 0.999757767 -0.016717125 0.966248810 -0.943284929 0.007955553 -0.331888616 94.248405457
-0.336169928 0.018785041 0.941614032 65.830940247 0.015471948 0.999776244 -0.014421713 0.956544697 -0.941674292 0.009720527 -0.336385369 93.913246155
-0.337368667 0.022216672 0.941110551 66.712028503 0.016704172 0.999705315 -0.017611872 0.918824553 -0.941224575 0.009778845 -0.337640345 93.597038269
-0.337713838 0.031008754 0.940738142 67.578903198 0.019163670 0.999476492 -0.026065432 0.878737152 -0.941053748 0.009225406 -0.338131338 93.267684937
-0.337219596 0.037698787 0.940670967 68.459098816 0.019708596 0.999261618 -0.032981649 0.828335464 -0.941219687 0.007417312 -0.337713569 92.948295593
-0.336620688 0.039133906 0.940826833 69.349906921 0.019967267 0.999208093 -0.034418207 0.793282628 -0.941428661 0.007199926 -0.337135464 92.630867004
-0.337310374 0.038441360 0.940608382 70.250167847 0.021042181 0.999224186 -0.033291049 0.742615819 -0.941158295 0.008563102 -0.337857634 92.310630798
-0.338685274 0.035640180 0.940224588 71.159667969 0.021745834 0.999311984 -0.030046780 0.709379911 -0.940648556 0.010269637 -0.339227200 91.991035461
-0.342197269 0.032641489 0.939060986 72.073303223 0.023071587 0.999386966 -0.026331088 0.658786416 -0.939344823 0.012655264 -0.342740625 91.651969910
-0.347341478 0.031753346 0.937201023 72.988334656 0.024241697 0.999396563 -0.024876295 0.613115370 -0.937425375 0.014078844 -0.347901642 91.317535400
-0.354476631 0.032223001 0.934509695 73.886772156 0.025277950 0.999370992 -0.024871169 0.575154424 -0.934723318 0.014806306 -0.355068237 90.979400635
-0.364211857 0.034030758 0.930694342 74.770217896 0.025158161 0.999326944 -0.026695143 0.539026141 -0.930976391 0.013691940 -0.364822865 90.630210876
-0.376396328 0.034965474 0.925798833 75.666709900 0.025710501 0.999296904 -0.027288441 0.505797565 -0.926102042 0.013531550 -0.377030700 90.268486023
-0.390236884 0.035802435 0.920018017 76.563735962 0.026106708 0.999272108 -0.027813174 0.466022134 -0.920344174 0.013164980 -0.390887558 89.888732910
-0.403754443 0.039980050 0.913993537 77.461158752 0.027391510 0.999125123 -0.031603813 0.426582605 -0.914457202 0.012275545 -0.404496282 89.494934082
-0.415611953 0.045619648 0.908397198 78.327934265 0.027389493 0.998916149 -0.037634254 0.362578273 -0.909129500 0.009239354 -0.416410953 89.087875366
-0.425783128 0.048437253 0.903527975 79.208351135 0.027503194 0.998797476 -0.040583875 0.317647427 -0.904407382 0.007570043 -0.426603347 88.666519165
-0.433291167 0.047631174 0.899994552 80.109985352 0.028163353 0.998830318 -0.039303105 0.274075300 -0.900813878 0.008317238 -0.434125930 88.229080200
-0.437904000 0.045616698 0.897863865 81.009147644 0.030953135 0.998884797 -0.035652816 0.239223927 -0.898488820 0.012179258 -0.438827693 87.793716431
-0.440105110 0.044571266 0.896839261 81.905807495 0.031043492 0.998925507 -0.034410864 0.192956492 -0.897409379 0.012696691 -0.441015869 87.353919983
-0.441044331 0.044530846 0.896379888 82.805656433 0.032195739 0.998910487 -0.033783253 0.149424523 -0.896907508 0.013959765 -0.441997439 86.914360046
-0.441263437 0.045179419 0.896239698 83.701484680 0.033008169 0.998873174 -0.034101665 0.101775065 -0.896770418 0.014535479 -0.442257524 86.467422485
-0.441707820 0.044943046 0.896032512 84.596588135 0.033002175 0.998882473 -0.033833090 0.060295701 -0.896551669 0.014626743 -0.442697465 86.029685974
-0.442789197 0.044519491 0.895519733 85.495216370 0.031812415 0.998917758 -0.033930197 0.009170935 -0.896061182 0.013464786 -0.443726152 85.593345642
-0.443650782 0.043629184 0.895137250 86.391159058 0.030970134 0.998964071 -0.033340264 -0.031250872 -0.895664573 0.012931149 -0.444542408 85.160377502
-0.445638120 0.042083550 0.894223273 87.288169861 0.027608607 0.999065399 -0.033258811 -0.074246250 -0.894787133 0.009866922 -0.446383506 84.732742310
-0.449442804 0.041118681 0.892362297 88.181800842 0.025259536 0.999125600 -0.033316124 -0.115433097 -0.892952025 0.007567035 -0.450088412 84.303192139
-0.455213040 0.040414222 0.889464736 89.076896667 0.023690097 0.999165475 -0.033274494 -0.165278167 -0.890067220 0.005924583 -0.455790520 83.862777710
-0.463105381 0.038860526 0.885450900 89.966278076 0.021167267 0.999238312 -0.032783631 -0.201763645 -0.886050582 0.003560368 -0.463575244 83.407798767
-0.472158134 0.037746597 0.880705357 90.840057373 0.020743838 0.999281943 -0.031707715 -0.254698128 -0.881269753 0.003298215 -0.472601980 82.962295532
-0.482123613 0.037345059 0.875307024 91.702560425 0.021758322 0.999293327 -0.030650401 -0.301051706 -0.875833035 0.004267994 -0.482595354 82.488403320
-0.493117660 0.036445022 0.869198799 92.574493408 0.020600922 0.999331176 -0.030214036 -0.350798249 -0.869718432 0.003007280 -0.493538648 82.011749268
-0.504664063 0.036553167 0.862541795 93.420501709 0.021178141 0.999326766 -0.029958844 -0.392514408 -0.863056123 0.003147945 -0.505098403 81.527946472
-0.516814351 0.036030851 0.855338991 94.264213562 0.020326383 0.999348819 -0.029815625 -0.435534894 -0.855856061 0.001976865 -0.517210066 81.036895752
-0.529444337 0.035915367 0.847584069 95.101081848 0.020091169 0.999354064 -0.029796507 -0.468097866 -0.848106861 0.001253423 -0.529824018 80.522460938
-0.541245282 0.036192380 0.840085745 95.922836304 0.019024398 0.999344647 -0.030796662 -0.519896507 -0.840649724 -0.000686361 -0.541579008 80.004478455
-0.553836882 0.036023252 0.831845701 96.732963562 0.018739728 0.999349892 -0.030800330 -0.561842799 -0.832414389 -0.001469729 -0.554151833 79.464973450
-0.565889716 0.036151856 0.823688149 97.541961670 0.019075267 0.999344945 -0.030756436 -0.599051178 -0.824260414 -0.001692616 -0.566208601 78.910140991
-0.577844381 0.035801280 0.815361500 98.336936951 0.019534957 0.999357998 -0.030035958 -0.632983625 -0.815913379 -0.001427995 -0.578172624 78.333236694
-0.589328885 0.036101818 0.807086349 99.114776611 0.020413021 0.999347568 -0.029796466 -0.680094302 -0.807635367 -0.001084784 -0.589681208 77.754875183
-0.599643111 0.036363512 0.799440920 99.872406006 0.021085378 0.999338329 -0.029640440 -0.721463442 -0.799989700 -0.000917112 -0.600012898 77.176315308
-0.607889056 0.037237987 0.793148220 100.623886108 0.022789482 0.999306381 -0.029450623 -0.764949441 -0.793694794 0.000172780 -0.608316064 76.584068298
-0.614293218 0.038060412 0.788159668 101.362724304 0.024611004 0.999274313 -0.029073365 -0.806473911 -0.788694143 0.001537889 -0.614784122 75.992942810
-0.617927790 0.039518408 0.785241246 102.110900879 0.027344551 0.999212027 -0.028768674 -0.841861486 -0.785759449 0.003695165 -0.618521333 75.395088196
-0.620082200 0.040488862 0.783491492 102.853256226 0.028694443 0.999169707 -0.028924838 -0.883725405 -0.784012020 0.004546132 -0.620729148 74.798614502
-0.621113777 0.040787961 0.782658398 103.585319519 0.029377241 0.999154747 -0.028756998 -0.920108438 -0.783169746 0.005131030 -0.621787131 74.214233398
-0.620774448 0.041620579 0.782883406 104.320610046 0.030978289 0.999112189 -0.028552299 -0.959728539 -0.783376694 0.006527904 -0.621512592 73.627441406
-0.619365990 0.042315297 0.783961296 105.041259766 0.032173231 0.999075711 -0.028508052 -0.996359527 -0.784442842 0.007565702 -0.620154798 73.062721252
-0.616575599 0.042333156 0.786156595 105.758277893 0.032172140 0.999074042 -0.028566096 -1.037822485 -0.786637843 0.007679233 -0.617366552 72.497413635
-0.612569273 0.042765640 0.789259493 106.470382690 0.033100843 0.999047220 -0.028442333 -1.080572128 -0.789723754 0.008702314 -0.613401175 71.945045471
-0.607917786 0.042915996 0.792839408 107.160499573 0.033021096 0.999040842 -0.028758353 -1.122777104 -0.793313086 0.008697767 -0.608751833 71.391456604
-0.603015542 0.042831510 0.796578705 107.843856812 0.033031963 0.999041796 -0.028712425 -1.158334851 -0.797045171 0.008998571 -0.603852570 70.875564575
-0.598626018 0.042561159 0.799897313 108.504287720 0.032395083 0.999056816 -0.028914360 -1.192583919 -0.800373435 0.008603906 -0.599440157 70.383903503
-0.594567478 0.042130005 0.802941501 109.135200500 0.031781096 0.999077320 -0.028887745 -1.222340107 -0.803417563 0.008342709 -0.595357656 69.929550171
-0.591114640 0.041962571 0.805495262 109.715431213 0.031572111 0.999084294 -0.028878428 -1.254264832 -0.805969357 0.008360783 -0.591898143 69.494865417
-0.589187086 0.042005248 0.806903958 110.249649048 0.030713543 0.999090314 -0.029583495 -1.289223313 -0.807412505 0.007352723 -0.589941323 69.103179932
-0.589178085 0.043108024 0.806852281 110.747863770 0.030235022 0.999052703 -0.031298667 -1.317985415 -0.807437062 0.005954762 -0.589923203 68.745475769
-0.590361238 0.046753503 0.805784047 111.256759644 0.031195641 0.998896658 -0.035102781 -1.342161179 -0.806536198 0.004413688 -0.591168404 68.384529114
-0.592848659 0.049613643 0.803784311 111.761955261 0.032660607 0.998760521 -0.037559066 -1.380825400 -0.804651618 0.003985302 -0.593734264 68.011383057
-0.595742881 0.050070904 0.801612973 112.272254944 0.033421338 0.998735845 -0.037545703 -1.404067516 -0.802479506 0.004423451 -0.596663177 67.635139465
-0.599399745 0.047771621 0.799022734 112.768112183 0.033976153 0.998836279 -0.034230255 -1.430740595 -0.799728155 0.006630166 -0.600325346 67.254486084
-0.603444338 0.041332129 0.796333194 113.281692505 0.033721950 0.999085188 -0.026301837 -1.450182319 -0.796691835 0.010982271 -0.604285955 66.885421753
-0.607756615 0.035933118 0.793310106 113.793182373 0.033759281 0.999241710 -0.019397810 -1.496530771 -0.793405592 0.014992483 -0.608508885 66.529655457
-0.612757087 0.034253877 0.789528847 114.298164368 0.033093292 0.999296069 -0.017670862 -1.528262138 -0.789578319 0.015300220 -0.613459349 66.143005371
-0.616523206 0.036044192 0.786511302 114.785621643 0.032882944 0.999258757 -0.020018026 -1.559364915 -0.786649644 0.013521284 -0.617251456 65.773910522
-0.619235396 0.037860364 0.784292340 115.264198303 0.032548942 0.999216020 -0.022536580 -1.578177929 -0.784530699 0.011572490 -0.619982302 65.399497986
-0.621476829 0.038660001 0.782478333 115.754699707 0.032038972 0.999200404 -0.023920979 -1.594819427 -0.782777309 0.010203520 -0.622218490 65.011390686
-0.623272240 0.038511541 0.781056285 116.259376526 0.031317696 0.999214649 -0.024277227 -1.605460763 -0.781377733 0.009329619 -0.623988807 64.639488220
-0.624412656 0.038393635 0.780150712 116.750404358 0.030655894 0.999226332 -0.024638884 -1.642139196 -0.780493021 0.008531445 -0.625106514 64.230827332
-0.625178099 0.038563214 0.779529214 117.263389587 0.030411961 0.999223709 -0.025041303 -1.656854868 -0.779889643 0.008051796 -0.625865579 63.833747864
-0.624697983 0.038023718 0.779940426 117.748382568 0.030193830 0.999243021 -0.024531299 -1.684547067 -0.780282736 0.008224795 -0.625373065 63.418205261
-0.623454034 0.035764456 0.781041622 118.253776550 0.030540779 0.999304831 -0.021380233 -1.703540444 -0.781263292 0.010524086 -0.624112844 62.994163513
-0.620528042 0.031287082 0.783559799 118.791412354 0.030201107 0.999415994 -0.015988830 -1.722021222 -0.783602357 0.013742910 -0.621110678 62.584632874
-0.615352213 0.028562162 0.787734628 119.339431763 0.030020237 0.999467373 -0.012788523 -1.743068457 -0.787680447 0.015778590 -0.615881979 62.149208069
-0.608917058 0.028442184 0.792724013 119.895637512 0.030403946 0.999459386 -0.012505444 -1.765206218 -0.792651117 0.016487215 -0.609452844 61.726291656
-0.602033794 0.028044712 0.797978163 120.471923828 0.028470602 0.999501407 -0.013647621 -1.787555575 -0.797963023 0.014502650 -0.602532029 61.303604126
-0.595207393 0.027450575 0.803103387 121.086219788 0.027264858 0.999530792 -0.013957719 -1.792071462 -0.803109586 0.013588822 -0.595676482 60.857112885
-0.588590145 0.024847845 0.808049560 121.725311279 0.022911686 0.999638796 -0.014050261 -1.810546875 -0.808106780 0.010243991 -0.588946879 60.431701660
-0.583267748 0.022085486 0.811979532 122.364952087 0.018284624 0.999733984 -0.014058005 -1.826894760 -0.812073946 0.006647216 -0.583516359 59.986961365
-0.579716921 0.021781389 0.814527035 123.054634094 0.012180828 0.999762595 -0.018065482 -1.858673334 -0.814727128 -0.000551189 -0.579844594 59.520606995
-0.577950358 0.022769500 0.815754116 123.771568298 0.004645166 0.999686301 -0.024612457 -1.872678638 -0.816058695 -0.010435405 -0.577874839 59.035259247
-0.576312482 0.022716803 0.816913784 124.501441956 -0.002201408 0.999566793 -0.029349122 -1.897007585 -0.817226589 -0.018712560 -0.576012790 58.545158386
-0.575170159 0.021987457 0.817738175 125.234161377 -0.003592167 0.999561191 -0.029402988 -1.933782935 -0.818025768 -0.019849114 -0.574838698 58.027942657
-0.574060440 0.021213023 0.818538070 125.978202820 -0.003058687 0.999601841 -0.028050600 -1.969182014 -0.818807065 -0.018606335 -0.573766947 57.505626678
-0.573197424 0.019721910 0.819179952 126.742652893 -0.004034857 0.999630332 -0.026889604 -2.012737274 -0.819407284 -0.018718267 -0.572905898 56.973884583
-0.572701097 0.019592568 0.819530427 127.498596191 -0.004143583 0.999632418 -0.026793927 -2.032393932 -0.819754064 -0.018740632 -0.572409272 56.448726654
-0.573094130 0.021198343 0.819215119 128.258071899 -0.002369306 0.999618351 -0.027524048 -2.081195116 -0.819485962 -0.017714784 -0.572825074 55.903579712
-0.574370980 0.022291882 0.818291485 129.027526855 -0.002024105 0.999587417 -0.028651532 -2.110011578 -0.818592548 -0.018112857 -0.574088871 55.362400055
-0.575783074 0.022287559 0.817298770 129.813385010 -0.001442078 0.999599159 -0.028274829 -2.138129234 -0.817601323 -0.017458716 -0.575520158 54.817832947
-0.576642811 0.021538738 0.816712201 130.607391357 -0.000765665 0.999637842 -0.026903577 -2.181077957 -0.816995740 -0.016139027 -0.576417327 54.271434784
-0.577636659 0.020859264 0.816027462 131.386230469 0.000096066 0.999675274 -0.025485700 -2.223577261 -0.816294014 -0.014643025 -0.577450931 53.706699371
-0.579002738 0.020296255 0.815073073 132.175735474 -0.001050319 0.999670804 -0.025639098 -2.252151728 -0.815325201 -0.015701130 -0.578790724 53.166488647
-0.580274701 0.020295214 0.814168215 132.981674194 -0.001656354 0.999658048 -0.026099581 -2.278356314 -0.814419389 -0.016493415 -0.580042541 52.608566284
-0.581476986 0.019681629 0.813324630 133.777618408 -0.002561894 0.999658108 -0.026022349 -2.306113958 -0.813558638 -0.017214993 -0.581227839 52.044223785
-0.582697511 0.019106865 0.812464476 134.566650391 -0.001572974 0.999695241 -0.024638180 -2.343251705 -0.812687516 -0.015634533 -0.582489908 51.482162476
-0.584062636 0.015141916 0.811567545 135.365234375 -0.003340252 0.999772608 -0.021057308 -2.370380878 -0.811701953 -0.015009566 -0.583879292 50.915840149
-0.584952474 0.012287984 0.810974419 136.170425415 -0.002073815 0.999859273 -0.016645864 -2.404839993 -0.811064899 -0.011418793 -0.584844708 50.344551086
-0.585448742 0.010055716 0.810646951 136.992126465 -0.002529948 0.999895513 -0.014230426 -2.436626196 -0.810705423 -0.010382020 -0.585362136 49.761619568
-0.586351812 0.010442678 0.809989095 137.796798706 -0.004098687 0.999865770 -0.015857719 -2.464235783 -0.810046017 -0.012618035 -0.586230218 49.195251465
-0.586788237 0.010702532 0.809669793 138.594696045 -0.008457250 0.999777079 -0.019344671 -2.497490644 -0.809696317 -0.018198747 -0.586566925 48.620941162
-0.586327255 0.009159090 0.810022593 139.398025513 -0.013841329 0.999676883 -0.021322506 -2.526380062 -0.809956014 -0.023713689 -0.586011052 48.051929474
-0.585179389 0.008074741 0.810863912 140.214996338 -0.014866407 0.999675512 -0.020683702 -2.555964231 -0.810767770 -0.024158251 -0.584869444 47.476707458
-0.583647668 0.010276012 0.811942279 141.015258789 -0.010441093 0.999742329 -0.020158224 -2.587500811 -0.811940253 -0.020242803 -0.583389878 46.892791748
-0.581362963 0.012677426 0.813545406 141.813629150 -0.005756733 0.999789476 -0.019693479 -2.637862444 -0.813623905 -0.016132366 -0.581167698 46.310211182
-0.578219891 0.014314350 0.815755606 142.612319946 -0.004155262 0.999781430 -0.020488869 -2.672353506 -0.815870523 -0.015236685 -0.578033984 45.739192963
-0.574986219 0.019601632 0.817928553 143.420333862 0.004046385 0.999768853 -0.021114953 -2.695485353 -0.818153381 -0.008831090 -0.574932516 45.168716431
-0.572331309 0.023553181 0.819684327 144.223968506 0.010652641 0.999716580 -0.021288322 -2.740301847 -0.819953442 -0.003452108 -0.572419822 44.580711365
-0.571746826 0.023119671 0.820104182 145.028259277 0.009335928 0.999721467 -0.021674661 -2.762461185 -0.820376873 -0.004735925 -0.571803451 44.019325256
-0.572444797 0.021958316 0.819649339 145.841918945 0.008110702 0.999744058 -0.021118548 -2.794026136 -0.819903255 -0.005441211 -0.572476387 43.458171844
-0.573216021 0.018737700 0.819189847 146.652282715 0.006206899 0.999809086 -0.018525938 -2.823400974 -0.819380522 -0.005534678 -0.573222935 42.900657654
-0.574582577 0.016456449 0.818281233 147.455673218 0.004964836 0.999849498 -0.016621795 -2.852157593 -0.818431616 -0.005487900 -0.574577689 42.346298218
-0.575590909 0.014755941 0.817604423 148.266998291 0.002518817 0.999864340 -0.016272131 -2.875178099 -0.817733586 -0.007306639 -0.575550139 41.792430878
-0.577297390 0.014804826 0.816399872 149.060241699 0.001931304 0.999857545 -0.016766066 -2.926253319 -0.816531718 -0.008102234 -0.577243924 41.226478577
-0.578446805 0.013235347 0.815612793 149.876663208 -0.000951874 0.999856651 -0.016900290 -2.911922693 -0.815719724 -0.010552218 -0.578351378 40.665962219
-0.579673052 0.016515533 0.814681888 150.672531128 0.002569281 0.999826670 -0.018440772 -2.959625006 -0.814845145 -0.008596411 -0.579614937 40.100185394
-0.581084192 0.017978715 0.813645065 151.474441528 0.000358204 0.999761522 -0.021835467 -2.967690229 -0.813843608 -0.012396730 -0.580952168 39.548503876
-0.582839310 0.019438226 0.812355161 152.275711060 -0.002626053 0.999663591 -0.025804337 -3.007938623 -0.812583447 -0.017173003 -0.582592130 38.990928650
-0.583781362 0.020659614 0.811647892 153.081848145 -0.000131138 0.999673843 -0.025539966 -3.037637234 -0.811910748 -0.015016139 -0.583588243 38.422554016
-0.583681881 0.020091319 0.811733902 153.880020142 0.003501067 0.999746740 -0.022227429 -3.086962461 -0.811974943 -0.010131752 -0.583604336 37.854721069
-0.583746195 0.018782679 0.811719000 154.670745850 0.004952983 0.999796093 -0.019572783 -3.105643511 -0.811921060 -0.007405046 -0.583720207 37.284496307
-0.583338022 0.019866046 0.811986625 155.454223633 0.006094893 0.999779701 -0.020082008 -3.158397198 -0.812206745 -0.006765562 -0.583330452 36.719539642
-0.583355010 0.020742474 0.811952531 156.242050171 0.003651440 0.999730706 -0.022916164 -3.176739216 -0.812209249 -0.010403399 -0.583273649 36.156131744
-0.582927167 0.023692198 0.812179089 157.030059814 0.003824462 0.999643743 -0.026415862 -3.225102663 -0.812515616 -0.012292311 -0.582810163 35.598724365
-0.582984090 0.023429256 0.812145650 157.799636841 0.002576133 0.999632478 -0.026988795 -3.251923800 -0.812479556 -0.013641784 -0.582830131 35.052211761
-0.582948208 0.021111153 0.812235177 158.590332031 0.002647823 0.999706388 -0.024083477 -3.284524441 -0.812505186 -0.011888702 -0.582833052 34.503700256
-0.583277345 0.018673232 0.812058270 159.368560791 0.004708617 0.999796629 -0.019608241 -3.323258400 -0.812259197 -0.007613312 -0.583246589 33.941383362
-0.584379137 0.019916663 0.811236322 160.131393433 0.008133881 0.999792278 -0.018686647 -3.363974571 -0.811439991 -0.004321528 -0.584419727 33.387519836
-0.586383879 0.024239112 0.809670627 160.879837036 0.007365142 0.999670327 -0.024593156 -3.397095442 -0.809999764 -0.008457634 -0.586369097 32.852119446
-0.588490725 0.030462973 0.807929814 161.620986938 0.005753100 0.999422431 -0.033492714 -3.442026138 -0.808483362 -0.015061997 -0.588326156 32.313774109
-0.591138482 0.032715421 0.805906415 162.356491089 0.007988854 0.999365568 -0.034708966 -3.477539778 -0.806530595 -0.014079478 -0.591024756 31.774307251
-0.594636023 0.028175710 0.803501189 163.080139160 0.009269586 0.999559581 -0.028190756 -3.517930031 -0.803941548 -0.009315057 -0.594635248 31.227815628
-0.598135948 0.022371925 0.801082253 163.795852661 0.012423570 0.999749005 -0.018643973 -3.560594559 -0.801298320 -0.001199271 -0.598263800 30.685041428
-0.602020085 0.019081533 0.798253000 164.491317749 0.012119460 0.999817550 -0.014759645 -3.585318565 -0.798388958 0.000788851 -0.602141559 30.172426224
-0.605322957 0.021016821 0.795702636 165.181610107 0.012518379 0.999779046 -0.016883882 -3.623417139 -0.795881689 -0.000259235 -0.605452418 29.649843216
-0.608119130 0.027986910 0.793352544 165.829162598 0.015389867 0.999606133 -0.023466304 -3.649639368 -0.793696761 -0.002060658 -0.608310342 29.146560669
-0.611091852 0.033407476 0.790854633 166.429107666 0.016758118 0.999431133 -0.029269293 -3.682563305 -0.791382432 -0.004632935 -0.611303985 28.669315338
-0.611986876 0.036873374 0.790007710 166.975830078 0.020940337 0.999317884 -0.030421264 -3.714406490 -0.790590525 -0.002074330 -0.612341464 28.233928680
-0.609285474 0.038300358 0.792025506 167.446090698 0.024802804 0.999264657 -0.029241782 -3.737788200 -0.792563081 0.001827930 -0.609787285 27.862462997
-0.603810966 0.040565219 0.796094954 167.900375366 0.029883984 0.999154210 -0.028246216 -3.772680759 -0.796567321 0.006735172 -0.604512453 27.492071152
-0.593312681 0.041830111 0.803884447 168.366439819 0.033595633 0.999065578 -0.027190901 -3.790334225 -0.804270685 0.010874355 -0.594163716 27.128377914
-0.576928079 0.045085467 0.815549791 168.838699341 0.037533239 0.998884022 -0.028669264 -3.823846817 -0.815932214 0.014070178 -0.577976465 26.788635254
-0.554159522 0.049368136 0.830945253 169.324752808 0.043036386 0.998603940 -0.030628040 -3.863564491 -0.831297219 0.018788118 -0.555510461 26.448953629
-0.524812222 0.051616624 0.849651754 169.831649780 0.046129055 0.998417616 -0.032161295 -3.890999317 -0.849967360 0.022315053 -0.526362956 26.119291306
-0.490439534 0.051561475 0.869948506 170.352630615 0.048621029 0.998312235 -0.031759143 -3.916069269 -0.870117724 0.026721912 -0.492118716 25.837133408
-0.453071266 0.048316579 0.890163958 170.893753052 0.043996714 0.998525262 -0.031805061 -3.936756849 -0.890387893 0.024754398 -0.454528779 25.591617584
-0.414313257 0.046971902 0.908921182 171.434722900 0.040145837 0.998638511 -0.033308752 -3.966284513 -0.909248412 0.022689220 -0.415634811 25.382152557
-0.374306679 0.048683256 0.926026165 171.968658447 0.038597014 0.998573422 -0.036896076 -3.993895054 -0.926501393 0.021931462 -0.375651747 25.199584961
-0.335126370 0.052575123 0.940705240 172.494216919 0.039622642 0.998344958 -0.041681044 -4.033516884 -0.941339731 0.023304878 -0.336654782 25.028993607
-0.294411242 0.056248672 0.954022229 173.009353638 0.037123423 0.998186111 -0.047396336 -4.069476128 -0.954957664 0.021462634 -0.295965314 24.891830444
-0.252818525 0.056137048 0.965883613 173.578521729 0.033980526 0.998214602 -0.049121816 -4.094605923 -0.966916680 0.020402392 -0.254274756 24.774555206
-0.211082816 0.053602289 0.975997388 174.145889282 0.030405344 0.998372138 -0.048255313 -4.134601593 -0.976995230 0.019489743 -0.212368980 24.692987442
-0.169986367 0.049802572 0.984187245 174.741607666 0.027877882 0.998565435 -0.045715209 -4.169702053 -0.985052109 0.019666165 -0.171130970 24.640903473
-0.131231442 0.044851329 0.990336478 175.343872070 0.022920115 0.998846292 -0.042199597 -4.199481487 -0.991086662 0.017160781 -0.132108003 24.603921890
-0.098033585 0.038468271 0.994439304 175.973266602 0.017756162 0.999161184 -0.036900565 -4.233329296 -0.995024621 0.014039997 -0.098634474 24.592788696
-0.068064034 0.036503237 0.997012973 176.588119507 0.013840104 0.999268830 -0.035641070 -4.263128757 -0.997584939 0.011372958 -0.068519503 24.580438614
-0.042740177 0.035182036 0.998466730 177.194793701 0.009246601 0.999350905 -0.034817476 -4.290112972 -0.999043584 0.007744390 -0.043037765 24.556253433
-0.024599720 0.032196835 0.999178946 177.821594238 0.003026482 0.999479055 -0.032132074 -4.313989162 -0.999692917 0.002233631 -0.024684351 24.562238693
-0.011145852 0.031517781 0.999441028 178.430603027 -0.004208014 0.999492824 -0.031566411 -4.340377331 -0.999928951 -0.004557427 -0.011007574 24.600540161
-0.002305043 0.032760028 0.999460518 179.051834106 -0.009625173 0.999416232 -0.032780845 -4.362406731 -0.999950945 -0.009695474 -0.001988363 24.629890442
0.002029425 0.034537997 0.999401450 179.661102295 -0.014087298 0.999305189 -0.034506138 -4.388536453 -0.999898732 -0.014008763 0.002514556 24.644626617
0.003772116 0.035774294 0.999352753 180.259323120 -0.015053372 0.999248683 -0.035713822 -4.415253639 -0.999879479 -0.014908842 0.004307813 24.666566849
0.002663055 0.034668483 0.999395192 180.865280151 -0.015312024 0.999283135 -0.034623869 -4.436350346 -0.999879122 -0.015210487 0.003192013 24.685012817
0.000377438 0.033657208 0.999433339 181.464172363 -0.014616731 0.999326825 -0.033648174 -4.467113972 -0.999893010 -0.014595681 0.000869110 24.691009521
-0.002727483 0.030878890 0.999519527 182.093795776 -0.014220178 0.999420881 -0.030914728 -4.479928970 -0.999895275 -0.014297590 -0.002286768 24.696289062
-0.007468338 0.031046193 0.999490082 182.707031250 -0.013229098 0.999427378 -0.031143166 -4.511909008 -0.999884605 -0.013454868 -0.007053331 24.693365097
-0.012503929 0.036253788 0.999264359 183.324172974 -0.013530722 0.999244809 -0.036422469 -4.539783955 -0.999830246 -0.013976122 -0.012003995 24.692626953
-0.017146975 0.044005662 0.998884201 183.938140869 -0.015241579 0.998903394 -0.044268221 -4.576506615 -0.999736845 -0.015983559 -0.016457485 24.698081970
-0.022330595 0.048892085 0.998554587 184.547286987 -0.016602578 0.998647630 -0.049268000 -4.603552341 -0.999612808 -0.017678682 -0.021488737 24.688686371
-0.027579306 0.047395576 0.998495340 185.174041748 -0.015306751 0.998738170 -0.047829967 -4.639029503 -0.999502420 -0.016602766 -0.026819119 24.670389175
-0.032904927 0.041618142 0.998591661 185.821456909 -0.012746763 0.999033868 -0.042056669 -4.669403076 -0.999377191 -0.014112603 -0.032342635 24.653499603
-0.039115392 0.037323531 0.998537481 186.459136963 -0.011846730 0.999214590 -0.037812982 -4.701838017 -0.999164581 -0.013308397 -0.038642507 24.637386322
-0.043826059 0.037025485 0.998352945 187.109329224 -0.014213895 0.999188721 -0.037680522 -4.728857040 -0.998938203 -0.015841799 -0.043264303 24.619459152
-0.047820278 0.039114233 0.998089969 187.756561279 -0.015737623 0.999079406 -0.039907109 -4.760475159 -0.998732090 -0.017615855 -0.047160707 24.595037460
-0.050855286 0.039933227 0.997907341 188.395584106 -0.015194628 0.999053597 -0.040753521 -4.779970169 -0.998590529 -0.017235290 -0.050200347 24.571451187
-0.052780837 0.040762238 0.997773945 189.047531128 -0.013240687 0.999050081 -0.041514870 -4.822971344 -0.998518467 -0.015402328 -0.052190989 24.533418655
-0.054049846 0.040470347 0.997717857 189.693008423 -0.010770732 0.999096513 -0.041109834 -4.853804111 -0.998480260 -0.012968054 -0.053565089 24.494359970
-0.054600868 0.039708640 0.997718453 190.353347778 -0.013761576 0.999084055 -0.040516183 -4.882640839 -0.998413503 -0.015942324 -0.054004434 24.473535538
-0.053131655 0.038572870 0.997842312 191.024597168 -0.016188540 0.999089062 -0.039483119 -4.907449245 -0.998456419 -0.018251341 -0.052458756 24.447505951
-0.051774740 0.037973575 0.997936666 191.667190552 -0.015901051 0.999118745 -0.038843602 -4.945182800 -0.998532236 -0.017879289 -0.051125318 24.401180267
-0.051859435 0.037990570 0.997931540 192.329803467 -0.013339076 0.999160588 -0.038730633 -4.973743916 -0.998565376 -0.015319964 -0.051309168 24.362451553
-0.051599890 0.037338555 0.997969747 193.016311646 -0.013660922 0.999180853 -0.038090285 -5.008719444 -0.998574495 -0.015598562 -0.051047523 24.329393387
-0.051221848 0.036570519 0.998017669 193.698196411 -0.014842498 0.999191046 -0.037375361 -5.033621311 -0.998577178 -0.016727433 -0.050637688 24.307968140
-0.049718086 0.035104197 0.998146236 194.390869141 -0.015685387 0.999231398 -0.035923727 -5.065291405 -0.998640239 -0.017442292 -0.049129225 24.285360336
-0.048138678 0.034075346 0.998259425 195.106582642 -0.014328836 0.999291539 -0.034801632 -5.107788086 -0.998738110 -0.015979124 -0.047616348 24.258480072
-0.047910035 0.034437358 0.998258054 195.859283447 -0.015948184 0.999251723 -0.035237126 -5.146958828 -0.998724520 -0.017608531 -0.047324978 24.223058701
-0.047336213 0.037525278 0.998174071 196.671844482 -0.013891609 0.999172747 -0.038221668 -5.197619915 -0.998782635 -0.015675433 -0.046775740 24.181074142
-0.047200684 0.039692357 0.998096466 197.513763428 -0.014879378 0.999071360 -0.040434852 -5.246695042 -0.998774588 -0.016759530 -0.046566293 24.137392044
-0.048407838 0.040827256 0.997992933 198.368484497 -0.017841838 0.998969555 -0.041732710 -5.294671535 -0.998668313 -0.019826148 -0.047629457 24.109552383
-0.049096163 0.039742552 0.998003066 199.240432739 -0.018762423 0.998994946 -0.040705133 -5.325336933 -0.998617828 -0.020723350 -0.048301164 24.074037552
-0.050107822 0.038583647 0.997998297 200.106323242 -0.017557051 0.999065042 -0.039506480 -5.376663208 -0.998589575 -0.019501416 -0.049383607 24.040927887
-0.051184583 0.039376784 0.997912645 200.980148315 -0.018083028 0.999022007 -0.040348146 -5.419945240 -0.998525560 -0.020110412 -0.050422531 24.009204865
-0.052874915 0.042996034 0.997675061 201.857376099 -0.018372707 0.998861730 -0.044020966 -5.469639301 -0.998432040 -0.020657532 -0.052024849 23.973688126
-0.055462401 0.046335708 0.997385085 202.736007690 -0.018919155 0.998694539 -0.047448669 -5.538997173 -0.998281598 -0.021501224 -0.054513324 23.917787552
-0.057934590 0.047015570 0.997212708 203.633422852 -0.019655550 0.998643100 -0.048224997 -5.579848289 -0.998126745 -0.022394588 -0.056931835 23.869356155
-0.060530607 0.047359221 0.997042298 204.530715942 -0.019992951 0.998615921 -0.048647817 -5.631068230 -0.997966111 -0.022878420 -0.059499945 23.811347961
-0.062209982 0.047867145 0.996914625 205.412322998 -0.018443163 0.998623550 -0.049100172 -5.674526215 -0.997892618 -0.021440702 -0.061241470 23.767404556
-0.063654356 0.047349393 0.996848285 206.320571899 -0.016971324 0.998678029 -0.048520088 -5.729679585 -0.997827709 -0.020006275 -0.062766612 23.708082199
-0.063572727 0.045994498 0.996916831 207.229141235 -0.014010137 0.998797894 -0.046974771 -5.782839775 -0.997878790 -0.016953180 -0.062851965 23.647098541
-0.063605219 0.044264495 0.996993065 208.142684937 -0.012054228 0.998908937 -0.045118656 -5.846783638 -0.997902393 -0.014887686 -0.063002296 23.593702316
-0.063374497 0.043434415 0.997044206 209.065567017 -0.012193284 0.998944223 -0.044292290 -5.894327641 -0.997915447 -0.014964165 -0.062777907 23.533426285
-0.062618390 0.043832272 0.997074604 209.979232788 -0.010651784 0.998948872 -0.044583693 -5.942005634 -0.997980714 -0.013412307 -0.062085696 23.474969864
-0.062852144 0.043749329 0.997063577 210.893615723 -0.012603189 0.998924315 -0.044625524 -5.992332458 -0.997943342 -0.015370918 -0.062233180 23.405452728
-0.062254876 0.043871403 0.997095644 211.823776245 -0.009906720 0.998957038 -0.044571914 -6.050972939 -0.998011172 -0.012652692 -0.061755382 23.348999023
-0.061347820 0.044224992 0.997136176 212.744812012 -0.008776162 0.998955309 -0.044845689 -6.103926659 -0.998077810 -0.011502144 -0.060895700 23.289543152
-0.059492093 0.043568388 0.997277439 213.669754028 -0.012787607 0.998931885 -0.044403568 -6.152298927 -0.998146832 -0.015394388 -0.058871426 23.238437653
-0.056832761 0.042590838 0.997474730 214.598724365 -0.014902695 0.998942196 -0.043502666 -6.200697899 -0.998272359 -0.017337367 -0.056137860 23.193569183
-0.055243298 0.041865356 0.997594893 215.508132935 -0.012855663 0.999007881 -0.042636633 -6.252077103 -0.998390138 -0.015180055 -0.054650307 23.142755508
-0.053149935 0.046852022 0.997486770 216.439437866 -0.013626163 0.998771727 -0.047638498 -6.311550140 -0.998493552 -0.016123833 -0.052446209 23.095857620
-0.052172869 0.055141248 0.997114599 217.344497681 -0.017985608 0.998260498 -0.056145772 -6.392844200 -0.998476028 -0.020862926 -0.051090322 23.048183441
-0.051082171 0.056276280 0.997107685 218.261840820 -0.020334147 0.998145461 -0.057376664 -6.436682224 -0.998487473 -0.023206186 -0.049843106 23.004970551
-0.050637148 0.049429055 0.997493207 219.193069458 -0.019417617 0.998537004 -0.050466575 -6.484480858 -0.998528540 -0.021924349 -0.049603250 22.956985474
-0.051748104 0.040679496 0.997831225 220.125671387 -0.018837679 0.998952508 -0.041702207 -6.526343346 -0.998482466 -0.020954765 -0.050927617 22.906291962
-0.053169031 0.039782744 0.997792780 221.059494019 -0.018942997 0.998986065 -0.040839806 -6.588570118 -0.998405993 -0.021072522 -0.052361559 22.867198944
-0.054646015 0.043111734 0.997574508 221.990051270 -0.021061178 0.998795450 -0.044318274 -6.646290302 -0.998283625 -0.023431849 -0.053672168 22.819255829
-0.055930488 0.046087187 0.997370481 222.909057617 -0.026524931 0.998512864 -0.047627512 -6.695101738 -0.998082280 -0.029118929 -0.054624829 22.775997162
-0.056570426 0.046122734 0.997332633 223.834457397 -0.027031273 0.998495460 -0.047709838 -6.745363235 -0.998032570 -0.029658072 -0.055238627 22.722774506
-0.057180822 0.042826682 0.997444808 224.769409180 -0.025360238 0.998694837 -0.044334255 -6.796045303 -0.998041689 -0.027830437 -0.056020059 22.665802002
-0.057460681 0.039123155 0.997581005 225.696731567 -0.024470869 0.998876512 -0.040583558 -6.836860657 -0.998048007 -0.026743565 -0.056438748 22.602622986
-0.057458397 0.037620578 0.997638941 226.643188477 -0.023379266 0.998964965 -0.039017171 -6.890084267 -0.998074234 -0.025565853 -0.056519479 22.547204971
-0.057235975 0.039338510 0.997585475 227.577713013 -0.022884997 0.998909235 -0.040703788 -6.951176643 -0.998098433 -0.025159383 -0.056273304 22.500595093
-0.057144549 0.043520506 0.997416914 228.510116577 -0.021424260 0.998765945 -0.044806890 -7.000382423 -0.998136163 -0.023929320 -0.056141671 22.442939758
-0.056146897 0.045938082 0.997365117 229.442337036 -0.020215236 0.998683870 -0.047136903 -7.052317619 -0.998217881 -0.022808485 -0.055144373 22.388580322
-0.055161487 0.045227878 0.997452676 230.388046265 -0.018415667 0.998757601 -0.046305545 -7.101393223 -0.998307586 -0.020922968 -0.054260001 22.334821701
-0.054378744 0.043006435 0.997593760 231.345001221 -0.015564354 0.998914123 -0.043911837 -7.146699429 -0.998399019 -0.017914705 -0.053650267 22.291254044
-0.053843994 0.041899424 0.997669816 232.295578003 -0.015704611 0.998960137 -0.042801261 -7.204744816 -0.998425782 -0.017972538 -0.053129960 22.233734131
-0.053752907 0.041715153 0.997682512 233.232788086 -0.020234156 0.998876452 -0.042855311 -7.248115063 -0.998349309 -0.022490790 -0.052848365 22.191299438
-0.053905930 0.041632220 0.997677684 234.178115845 -0.022760997 0.998819709 -0.042909756 -7.301131725 -0.998286545 -0.025021158 -0.052894689 22.143745422
-0.054350223 0.041710049 0.997650445 235.125656128 -0.022480281 0.998822868 -0.042983826 -7.350677490 -0.998268843 -0.024763562 -0.053348530 22.096710205
-0.055660553 0.042200975 0.997557521 236.079421997 -0.024777476 0.998740375 -0.043633588 -7.407111168 -0.998142421 -0.027145544 -0.054544799 22.048311234
-0.057060950 0.042568356 0.997462749 237.036788940 -0.026425339 0.998676181 -0.044131901 -7.455724716 -0.998020828 -0.028876428 -0.055860572 21.999341965
-0.058461960 0.041343872 0.997433186 237.990066528 -0.025596162 0.998751581 -0.042898845 -7.506946087 -0.997961402 -0.028038338 -0.057330720 21.942407608
-0.059705026 0.040815216 0.997381330 238.956008911 -0.020808570 0.998895824 -0.042122897 -7.553916931 -0.997999251 -0.023268949 -0.058789823 21.884336472
-0.060833834 0.043030724 0.997220159 239.904953003 -0.023741942 0.998725295 -0.044544090 -7.598425388 -0.997865558 -0.026385646 -0.059734702 21.839538574
-0.061783507 0.048409883 0.996914983 240.843338013 -0.020133536 0.998559356 -0.049737580 -7.667062759 -0.997886479 -0.023144308 -0.060719855 21.778079987
-0.061871413 0.049472518 0.996857345 241.799789429 -0.020210005 0.998503923 -0.050808672 -7.721385956 -0.997879505 -0.023290018 -0.060779024 21.718727112
-0.063172214 0.045083795 0.996983886 242.747421265 -0.023036994 0.998647094 -0.046618775 -7.771571636 -0.997736752 -0.025912449 -0.062048126 21.669364929
-0.064607941 0.039156239 0.997142434 243.713287354 -0.026569325 0.998808146 -0.040943235 -7.817000389 -0.997557104 -0.029138584 -0.063490562 21.624567032
-0.065817632 0.037858818 0.997113228 244.662612915 -0.028346116 0.998805761 -0.039794229 -7.880312443 -0.997429013 -0.030883387 -0.064665958 21.582286835
-0.067640848 0.038892034 0.996951580 245.627822876 -0.029487558 0.998725474 -0.040961970 -7.927255630 -0.997273982 -0.032168284 -0.066407852 21.529062271
-0.067795664 0.043387748 0.996755362 246.576019287 -0.032992013 0.998410046 -0.045703840 -7.983102798 -0.997153699 -0.035983421 -0.066256456 21.476047516
-0.067886844 0.048334468 0.996521652 247.530654907 -0.030957326 0.998242736 -0.050526954 -8.041598320 -0.997212708 -0.034279685 -0.066271290 21.410943985
-0.068051979 0.051798593 0.996336281 248.486618042 -0.027858473 0.998163223 -0.053796444 -8.130108833 -0.997292817 -0.031417292 -0.066483900 21.347118378
-0.066714667 0.050580811 0.996489286 249.447189331 -0.026233617 0.998280048 -0.052428111 -8.184214592 -0.997427225 -0.029639168 -0.065273017 21.282796860
-0.065293036 0.047650747 0.996727705 250.406051636 -0.026117265 0.998435378 -0.049443331 -8.243179321 -0.997524261 -0.029260039 -0.063946396 21.216707230
-0.063520618 0.048250169 0.996813416 251.350036621 -0.027808946 0.998357058 -0.050097048 -8.291556358 -0.997592926 -0.030902453 -0.062074475 21.162536621
-0.062004134 0.053137645 0.996660411 252.283996582 -0.029172733 0.998058558 -0.055027161 -8.364629745 -0.997649491 -0.032487147 -0.060333584 21.122041702
-0.060430624 0.055236079 0.996642947 253.230895996 -0.029442847 0.997934699 -0.057092983 -8.434714317 -0.997737944 -0.032794096 -0.058679473 21.072774887
-0.058166649 0.052168354 0.996942997 254.183898926 -0.028054884 0.998153746 -0.053868644 -8.494468689 -0.997912586 -0.031102402 -0.056595612 21.023626328
-0.056392170 0.048536591 0.997228146 255.125061035 -0.025346734 0.998426139 -0.050028302 -8.545083046 -0.998086870 -0.028097611 -0.055073172 20.970916748
-0.055046767 0.048888180 0.997286320 256.059844971 -0.026432985 0.998379230 -0.050400838 -8.604602814 -0.998133957 -0.029135577 -0.053665277 20.925956726
-0.053593747 0.055068336 0.997043073 256.993225098 -0.029553421 0.997953355 -0.056707256 -8.680934906 -0.998125374 -0.032505125 -0.051856559 20.885984421
-0.052365109 0.058631618 0.996905386 257.936737061 -0.029850714 0.997736931 -0.060248591 -8.745135307 -0.998181880 -0.032913174 -0.050496310 20.837165833
-0.051220916 0.056555845 0.997084737 258.870697021 -0.028121009 0.997917712 -0.058047738 -8.811949730 -0.998291373 -0.031012211 -0.049523786 20.788608551
-0.050640970 0.051140539 0.997406721 259.812438965 -0.030060913 0.998157501 -0.052705377 -8.876214981 -0.998264432 -0.032651935 -0.049010385 20.734016418
-0.049237397 0.049114738 0.997578800 260.759521484 -0.031638332 0.998212218 -0.050707575 -8.946692467 -0.998285830 -0.034058366 -0.047595527 20.690126419
-0.047469456 0.049532808 0.997643709 261.666412354 -0.030095467 0.998245358 -0.050994739 -9.003672600 -0.998419166 -0.032445185 -0.045895457 20.655445099
-0.045711491 0.050889567 0.997657597 262.577697754 -0.026869174 0.998277545 -0.052152373 -9.074474335 -0.998593211 -0.029190121 -0.044265475 20.609609604
-0.044357907 0.052358102 0.997642696 263.486053467 -0.026180353 0.998221695 -0.053552613 -9.141666412 -0.998672605 -0.028494049 -0.042908233 20.566598892
-0.043354619 0.052264903 0.997691810 264.389373779 -0.027600825 0.998186767 -0.053490303 -9.199819565 -0.998678565 -0.029856090 -0.041833475 20.535423279
-0.042234413 0.050751351 0.997817874 265.286285400 -0.027708337 0.998265326 -0.051946990 -9.267133713 -0.998723388 -0.029841758 -0.040754955 20.492273331
-0.042147569 0.047015779 0.998004675 266.176727295 -0.028947297 0.998415351 -0.048257701 -9.318492889 -0.998692155 -0.030923404 -0.040719815 20.456916809
-0.042334050 0.044631157 0.998106182 267.065795898 -0.028635582 0.998537123 -0.045865059 -9.374322891 -0.998693109 -0.030522933 -0.040994074 20.427236557
-0.042859375 0.046418220 0.998002231 267.929504395 -0.030282609 0.998400748 -0.047737323 -9.438699722 -0.998622119 -0.032268032 -0.041385174 20.401323318
-0.043043714 0.051114157 0.997764826 268.794342041 -0.030103887 0.998170495 -0.052433699 -9.495339394 -0.998619556 -0.032293465 -0.041426245 20.372192383
-0.043849859 0.054711804 0.997538865 269.643280029 -0.029605534 0.997989714 -0.056037996 -9.561573029 -0.998599470 -0.031989854 -0.042141981 20.342283249
-0.045204490 0.055479351 0.997436047 270.486328125 -0.028949875 0.997964561 -0.056820855 -9.620795250 -0.998558283 -0.031444129 -0.043506291 20.307565689
-0.047409281 0.055484876 0.997333288 271.332763672 -0.027401397 0.998008013 -0.056825042 -9.679712296 -0.998499691 -0.030022286 -0.045794528 20.273920059
-0.051392917 0.055293728 0.997146726 272.143402100 -0.026086256 0.998051107 -0.056688435 -9.745437622 -0.998337865 -0.028925128 -0.049850270 20.236970901
-0.057164039 0.055923764 0.996797442 272.961364746 -0.025423545 0.998024583 -0.057450667 -9.806591034 -0.998041153 -0.028626155 -0.055629335 20.218036652
-0.064593531 0.056669004 0.996301532 273.718658447 -0.026938107 0.997923434 -0.058507822 -9.867268562 -0.997548103 -0.030617625 -0.062932871 20.179105759
-0.074113756 0.056994960 0.995619833 274.402862549 -0.026425043 0.997902691 -0.059092797 -9.909043312 -0.996899664 -0.030688804 -0.072452173 20.132177353
-0.085388295 0.057305772 0.994698524 275.046844482 -0.025000064 0.997907102 -0.059636790 -9.955805779 -0.996034086 -0.029959738 -0.083776996 20.072799683
-0.097253852 0.056477685 0.993655860 275.641998291 -0.023004666 0.997994304 -0.058975928 -9.991667747 -0.994993806 -0.028594282 -0.095759518 19.997367859
-0.108775362 0.054945488 0.992546678 276.222167969 -0.019361097 0.998164713 -0.057378385 -10.030242920 -0.993877947 -0.025458079 -0.107511871 19.914815903
-0.120206483 0.053031962 0.991331458 276.809417725 -0.015792720 0.998343647 -0.055322140 -10.076157570 -0.992623270 -0.022305831 -0.119169846 19.818820953
-0.131922692 0.050041858 0.989995956 277.381286621 -0.015114573 0.998507261 -0.052486248 -10.116876602 -0.991144538 -0.021887437 -0.130969420 19.733783722
-0.142578185 0.048670154 0.988586307 277.923828125 -0.011376456 0.998643756 -0.050806131 -10.157003403 -0.989718378 -0.018490382 -0.141831130 19.641561508
-0.152900338 0.049836107 0.986984372 278.458709717 -0.005422454 0.998670340 -0.051266264 -10.198693275 -0.988226950 -0.013190430 -0.152426854 19.553874969
-0.162979543 0.051380195 0.985290766 278.989166260 -0.002328197 0.998620331 -0.052460477 -10.229598045 -0.986626804 -0.010843861 -0.162635118 19.462810516
-0.172282293 0.053689953 0.983583450 279.494201660 0.001727114 0.998528481 -0.054203290 -10.262276649 -0.985046268 -0.007639435 -0.172121450 19.384723663
-0.181398526 0.054958817 0.981872678 279.989257812 0.004351885 0.998472273 -0.055084012 -10.297339439 -0.983399928 -0.005719092 -0.181360632 19.302494049
-0.188244477 0.055064686 0.980577290 280.481689453 0.008078835 0.998480082 -0.054519162 -10.335763931 -0.982088923 -0.002340943 -0.188403219 19.219608307
-0.193776071 0.054685347 0.979520500 280.966247559 0.009528157 0.998503029 -0.053860247 -10.372835159 -0.980999589 -0.001103725 -0.194006994 19.134017944
-0.197540864 0.054852553 0.978758991 281.407531738 0.011936562 0.998493791 -0.053549502 -10.397807121 -0.980222106 0.001104880 -0.197898030 19.044652939
-0.200302094 0.055097915 0.978183806 281.848175049 0.013752818 0.998477161 -0.053424887 -10.436565399 -0.979637682 0.002751742 -0.200754866 18.960935593
-0.200479224 0.055407606 0.978129983 282.279296875 0.014742229 0.998457015 -0.053537536 -10.469325066 -0.979587138 0.003686731 -0.200986654 18.868043900
-0.198347315 0.055312611 0.978569865 282.694976807 0.016043853 0.998455763 -0.053184766 -10.498825073 -0.980000436 0.005151048 -0.198928431 18.788745880
-0.194160357 0.054954208 0.979429126 283.076782227 0.015316060 0.998477757 -0.052986823 -10.532638550 -0.980850101 0.004713124 -0.194706365 18.697189331
-0.187634513 0.054745410 0.980712175 283.475677490 0.013903880 0.998493552 -0.053077921 -10.566507339 -0.982140660 0.003676525 -0.188113049 18.597702026
-0.178028375 0.055549081 0.982456386 283.846740723 0.012095300 0.998453438 -0.054261886 -10.596539497 -0.983951211 0.002223031 -0.178424940 18.509252548
-0.165430069 0.056708202 0.984589756 284.185363770 0.009634020 0.998390794 -0.055884439 -10.625277519 -0.986174464 0.000240662 -0.165710062 18.432472229
-0.149808258 0.057993017 0.987012804 284.532440186 0.008595832 0.998316944 -0.057352602 -10.652839661 -0.988677680 -0.000107629 -0.150054649 18.366954803
-0.130225688 0.058267966 0.989770830 284.833068848 0.007230494 0.998300970 -0.057818871 -10.676399231 -0.991458178 -0.000372895 -0.130425721 18.323760986
-0.107545570 0.057602748 0.992530048 285.097259521 0.006141165 0.998339653 -0.057274550 -10.697646141 -0.994181335 -0.000064258 -0.107720725 18.279766083
-0.081744924 0.057083663 0.995017231 285.355163574 0.004391508 0.998369336 -0.056915265 -10.713262558 -0.996643603 -0.000282840 -0.081862383 18.271089554
-0.052097484 0.056956418 0.997016490 285.574249268 0.002062365 0.998376250 -0.056926407 -10.724626541 -0.998639941 -0.000909433 -0.052130349 18.300615311
-0.018702509 0.056294378 0.998239219 285.798889160 -0.000654165 0.998412788 -0.056316514 -10.736503601 -0.999825060 -0.001706201 -0.018635985 18.329359055
0.014871958 0.053822923 0.998439908 286.053863525 -0.003623527 0.998546541 -0.053774793 -10.758583069 -0.999882996 -0.002818059 0.015045342 18.383243561
0.050481021 0.051483490 0.997397125 286.326049805 -0.006284126 0.998667061 -0.051231064 -10.772400856 -0.998705328 -0.003681501 0.050737254 18.436668396
0.089727476 0.049487107 0.994736195 286.578857422 -0.010806365 0.998754382 -0.048712324 -10.791170120 -0.995907724 -0.006378568 0.090150498 18.489746094
0.130759120 0.048915513 0.990206659 286.807128906 -0.015715502 0.998758852 -0.047262795 -10.808566093 -0.991289616 -0.009381481 0.131365567 18.554956436
0.175492436 0.048952319 0.983262897 287.014282227 -0.021990290 0.998708785 -0.045796577 -10.820751190 -0.984235108 -0.013585218 0.176342338 18.651084900
0.223066211 0.049648464 0.973538280 287.227752686 -0.026071940 0.998648763 -0.044955295 -10.839001656 -0.974454582 -0.015353946 0.224059239 18.765417099
0.271840245 0.050372027 0.961023152 287.482086182 -0.029602263 0.998594284 -0.043967959 -10.848567009 -0.961886942 -0.016496126 0.272949189 18.904542923
0.322587848 0.051697917 0.945126534 287.710052490 -0.033126868 0.998512268 -0.043311425 -10.859972954 -0.945959687 -0.017337281 0.323820591 19.035713196
0.376194268 0.050676674 0.925153911 287.971618652 -0.031720847 0.998622239 -0.041802514 -10.867207527 -0.925997794 -0.013620730 0.377283484 19.208463669
0.431575418 0.050951973 0.900636733 288.202545166 -0.026806654 0.998687029 -0.043653663 -10.894826889 -0.901678383 -0.005303150 0.432374686 19.361764908
0.486133337 0.049820095 0.872463405 288.424743652 -0.023842920 0.998758078 -0.043746822 -10.913130760 -0.873559356 0.000464777 0.486717433 19.525409698
0.538690805 0.049839858 0.841028035 288.687011719 -0.027491918 0.998756945 -0.041578125 -10.912689209 -0.842054844 -0.000723665 0.539391339 19.758363724
0.590854049 0.052673005 0.805057108 288.929260254 -0.032834485 0.998609722 -0.041238688 -10.912903786 -0.806110024 -0.002067523 0.591762125 20.015663147
0.640553117 0.056480423 0.765833855 289.181701660 -0.040295210 0.998389781 -0.039928209 -10.933990479 -0.766855836 -0.005283248 0.641797602 20.344039917
0.689245045 0.059466321 0.722083807 289.418365479 -0.045983121 0.998207092 -0.038314391 -10.915767670 -0.723067641 -0.006795607 0.690743804 20.654491425
0.736550033 0.058915820 0.673812151 289.650573730 -0.048010953 0.998240352 -0.034801714 -10.923336983 -0.674676955 -0.006717116 0.738082588 20.995492935
0.779695034 0.058547631 0.623416245 289.831176758 -0.050439864 0.998256147 -0.030666437 -10.939939499 -0.624124765 -0.007534527 0.781288445 21.307292938
0.817047596 0.059127852 0.573530316 290.002166748 -0.055671513 0.998170197 -0.023596872 -10.968871117 -0.573876202 -0.012649501 0.818844259 21.666868210
0.848807395 0.061677076 0.525092065 290.167602539 -0.062381096 0.997918069 -0.016376683 -10.968851089 -0.525009036 -0.018855141 0.850887716 22.044034958
0.876675606 0.064717740 0.476708889 290.297058105 -0.066622645 0.997694492 -0.012926603 -10.964973450 -0.476446509 -0.020427145 0.878966093 22.444042206
0.899869502 0.067103244 0.430966347 290.428833008 -0.069658890 0.997522116 -0.009868968 -10.963877678 -0.430560708 -0.021139827 0.902313948 22.840738297
0.918716729 0.070969678 0.388487965 290.553344727 -0.073896110 0.997238278 -0.007424264 -10.958474159 -0.387942046 -0.021886932 0.921423793 23.268106461
0.933111548 0.076039024 0.351455480 290.665496826 -0.078911155 0.996862531 -0.006167752 -10.954470634 -0.350821853 -0.021978538 0.936184227 23.729087830
0.944296181 0.080164135 0.319184154 290.765716553 -0.082974747 0.996540070 -0.004806544 -10.950675964 -0.318465143 -0.021945411 0.947680473 24.211559296
0.953228474 0.081102848 0.291166306 290.882568359 -0.084104657 0.996454477 -0.002213516 -10.940132141 -0.290313572 -0.022378439 0.956669807 24.723356247
0.960832834 0.078751773 0.265703797 291.010833740 -0.081679523 0.996658564 -0.000031679 -10.935674667 -0.264818519 -0.021672107 0.964054763 25.259756088
0.966933250 0.078679658 0.242589399 291.119842529 -0.081525281 0.996669769 0.001697139 -10.937496185 -0.241648048 -0.021418177 0.970127463 25.828931808
0.972585380 0.078905150 0.218750000 291.227874756 -0.081700213 0.996649861 0.003746244 -10.944632530 -0.217721626 -0.021515455 0.975773752 26.396680832
0.978033543 0.078759424 0.192995444 291.335906982 -0.081570961 0.996645331 0.006651807 -10.936061859 -0.191824153 -0.022248507 0.981177092 26.999664307
0.983404160 0.077960670 0.163823918 291.471832275 -0.080552906 0.996707618 0.009228892 -10.939083099 -0.162565142 -0.022272216 0.986446440 27.595935822
0.987290621 0.077386968 0.138810799 291.564392090 -0.079500124 0.996787369 0.009734274 -10.945169449 -0.137611583 -0.020646028 0.990270972 28.234077454
0.989830911 0.080529027 0.117259592 291.638183594 -0.081989400 0.996603668 0.007674987 -10.950221062 -0.116243333 -0.017210983 0.993071556 28.860729218
0.991507411 0.085168071 0.098282993 291.698699951 -0.085909598 0.996297359 0.003328337 -10.936716080 -0.097635671 -0.011743523 0.995152831 29.523235321
0.992438853 0.090934701 0.082437202 291.755157471 -0.091259427 0.995827138 0.000169719 -10.937111855 -0.082077816 -0.007691608 0.996596098 30.229391098
0.993554473 0.090690121 0.068005532 291.785430908 -0.091178626 0.995826125 0.004105473 -10.926909447 -0.067349404 -0.010279664 0.997676432 30.970071793
0.994619548 0.087841399 0.054915752 291.841644287 -0.088620394 0.995994329 0.011907322 -10.918892860 -0.053649869 -0.016709916 0.998419940 31.774381638
0.995365679 0.085147157 0.044689216 291.890991211 -0.086023673 0.996129274 0.018064266 -10.904631615 -0.042978164 -0.021824885 0.998837531 32.596122742
0.995558918 0.086584538 0.036951989 291.913055420 -0.087318175 0.996004641 0.018717814 -10.896116257 -0.035183720 -0.021861276 0.999141634 33.437496185
0.995704532 0.087278053 0.030901041 291.930114746 -0.087802134 0.996009111 0.016022198 -10.892551422 -0.029379375 -0.018666558 0.999393880 34.310409546
0.995664358 0.088943973 0.027230067 291.947326660 -0.089359827 0.995894611 0.014447997 -10.884731293 -0.025833266 -0.016818637 0.999524653 35.217525482
0.995618105 0.089989901 0.025422437 291.967620850 -0.090371966 0.995805562 0.014293632 -10.877321243 -0.024029566 -0.016528482 0.999574542 36.131633759
0.995604753 0.090226315 0.025105374 291.979034424 -0.090610243 0.995779574 0.014591323 -10.865649223 -0.023682943 -0.016802002 0.999578297 37.066886902
0.995676041 0.089370072 0.025341028 292.000701904 -0.089742787 0.995867074 0.013964955 -10.862324715 -0.023988299 -0.016178753 0.999581218 38.012928009
0.995685041 0.088916786 0.026550090 292.038848877 -0.089284390 0.995921493 0.012988591 -10.848663330 -0.025286945 -0.015303062 0.999563038 38.967536926
0.995674968 0.088624254 0.027875550 292.063079834 -0.088993400 0.995956481 0.012284551 -10.845468521 -0.026674174 -0.014712166 0.999535799 39.936706543
0.995638967 0.088200048 0.030393403 292.084930420 -0.088650025 0.995967507 0.013782186 -10.843567848 -0.029055299 -0.016416462 0.999442935 40.900566101
0.995905221 0.084025748 0.033352293 292.123657227 -0.084676765 0.996234775 0.018604491 -10.846003532 -0.031663507 -0.021352483 0.999270439 41.882934570
0.996084571 0.080856286 0.035746437 292.157867432 -0.081657872 0.996427298 0.021557329 -10.838180542 -0.033875726 -0.024391904 0.999128222 42.870315552
0.995899796 0.082031630 0.038136147 292.198852539 -0.082887530 0.996328592 0.021425085 -10.828361511 -0.036238648 -0.024498256 0.999042749 43.848323822
0.995948017 0.080436766 0.040217400 292.240417480 -0.081261642 0.996505737 0.019307878 -10.805950165 -0.038523853 -0.022497782 0.999004304 44.828968048
0.995883286 0.080232799 0.042180032 292.279541016 -0.080893740 0.996621609 0.014197040 -10.806328773 -0.040898513 -0.017550699 0.999009073 45.798374176
0.995779634 0.080514461 0.044048931 292.319458008 -0.080967784 0.996679604 0.008599540 -10.809982300 -0.043210335 -0.012129798 0.998992264 46.793243408
0.995652437 0.081154510 0.045717478 292.369659424 -0.081612714 0.996630073 0.008240085 -10.802901268 -0.044894736 -0.011935392 0.998920381 47.789134979
0.995792627 0.078746863 0.046859961 292.432128906 -0.079409629 0.996764362 0.012448234 -10.798109055 -0.045728117 -0.016116997 0.998823822 48.787414551
0.996003628 0.075429343 0.047823500 292.488739014 -0.076373920 0.996912539 0.018236153 -10.795384407 -0.046300355 -0.021815751 0.998689353 49.800785065
0.995965779 0.075958297 0.047775742 292.534881592 -0.077024408 0.996810615 0.020878565 -10.797724724 -0.046037506 -0.024474233 0.998639822 50.792472839
0.995996892 0.075627677 0.047651697 292.571685791 -0.076612204 0.996876538 0.019178987 -10.774171829 -0.046052441 -0.022752913 0.998679876 51.788364410
0.996016860 0.075821199 0.046921268 292.615661621 -0.076559186 0.996964931 0.014130181 -10.770369530 -0.045707539 -0.017666157 0.998798549 52.793319702
0.996008217 0.076390319 0.046175368 292.652130127 -0.076907806 0.996992707 0.009530132 -10.773667336 -0.045308545 -0.013043341 0.998887777 53.789417267
0.995907843 0.077523842 0.046450019 292.688842773 -0.078092985 0.996890187 0.010559965 -10.769565582 -0.045486964 -0.014144178 0.998864710 54.802864075
0.995867193 0.078104876 0.046350006 292.727661133 -0.078834549 0.996787608 0.014122916 -10.759167671 -0.045098089 -0.017718537 0.998825371 55.817569733
0.995739758 0.079630598 0.046487790 292.776153564 -0.080504537 0.996605217 0.017233422 -10.757905960 -0.044957712 -0.020902488 0.998770118 56.845607758
0.995493650 0.082912967 0.046018936 292.813659668 -0.083795913 0.996327639 0.017594231 -10.744652748 -0.044391189 -0.021371149 0.998785496 57.860229492
0.995408177 0.084114984 0.045686159 292.853637695 -0.085030131 0.996207297 0.018464763 -10.739191055 -0.043959759 -0.022264682 0.998785079 58.866649628
0.995102763 0.087929524 0.045152955 292.886901855 -0.089025795 0.995766878 0.022863489 -10.723781586 -0.042951483 -0.026771305 0.998718441 59.881294250
0.995048285 0.089042865 0.044161469 292.925292969 -0.090253927 0.995573461 0.026225703 -10.707881927 -0.041630819 -0.030081593 0.998680115 60.906013489
0.995015860 0.090168320 0.042579286 292.964385986 -0.091308378 0.995492816 0.025627926 -10.691748619 -0.040076591 -0.029388048 0.998764336 61.921592712
0.995018661 0.090658218 0.041459262 293.007934570 -0.091671392 0.995518565 0.023219652 -10.683240891 -0.039168458 -0.026904618 0.998870254 62.930362701
0.995199978 0.089137346 0.040392362 293.049163818 -0.090081505 0.995687306 0.022183472 -10.658807755 -0.038240835 -0.025715599 0.998937488 63.948696136
0.995301127 0.088264510 0.039811756 293.089141846 -0.089096710 0.995829582 0.019629825 -10.646821022 -0.037913151 -0.023084693 0.999014258 64.967079163
0.995083869 0.090692542 0.039785095 293.126953125 -0.091346875 0.995707035 0.014941907 -10.648977280 -0.038259227 -0.018502699 0.999096453 65.980194092
0.995329022 0.087673768 0.040416118 293.165069580 -0.088272370 0.996008098 0.013264859 -10.637236595 -0.039091848 -0.016770530 0.999094903 67.005615234
0.995504141 0.085048795 0.041690245 293.208892822 -0.085803747 0.996172786 0.016659888 -10.645103455 -0.040113829 -0.020162173 0.998991609 68.026725769
0.995307088 0.086597778 0.043181434 293.246734619 -0.087505892 0.995971262 0.019596202 -10.620435715 -0.041310523 -0.023282874 0.998874903 69.044860840
0.995187461 0.087358482 0.044389218 293.287506104 -0.088283420 0.995908082 0.019314967 -10.617317200 -0.042520303 -0.023140851 0.998827577 70.059143066
0.994799793 0.090885736 0.045967743 293.312805176 -0.091761097 0.995630801 0.017297890 -10.603172302 -0.044194810 -0.021425996 0.998793185 71.070625305
0.994507253 0.092543885 0.048895855 293.358123779 -0.093486249 0.995469511 0.017342804 -10.595817566 -0.047069404 -0.021818642 0.998653293 72.099540710
0.994212925 0.094225429 0.051595561 293.393798828 -0.095369413 0.995237589 0.020169899 -10.590400696 -0.049449377 -0.024973819 0.998464286 73.121513367
0.994177461 0.093106374 0.054243188 293.438537598 -0.094547562 0.995215595 0.024629621 -10.563257217 -0.051690545 -0.029614780 0.998223960 74.143989563
0.994204700 0.092097230 0.055452388 293.478363037 -0.093659751 0.995257795 0.026263088 -10.567400932 -0.052770708 -0.031304546 0.998115838 75.155380249
0.994407594 0.089930154 0.055372786 293.541168213 -0.091354333 0.995535374 0.023741828 -10.545045853 -0.052990500 -0.028667603 0.998183429 76.161422729
0.994522750 0.089278437 0.054346904 293.604492188 -0.090449706 0.995710492 0.019479945 -10.552844048 -0.052374691 -0.024288917 0.998332083 77.163932800
0.994560063 0.090065829 0.052328747 293.660552979 -0.091174901 0.995649755 0.019200914 -10.535226822 -0.050371803 -0.023867536 0.998445332 78.175750732
0.994972825 0.086671531 0.050168723 293.719146729 -0.087933250 0.995849013 0.023506681 -10.511624336 -0.047923155 -0.027800012 0.998464108 79.193283081
0.995222211 0.085211694 0.047662470 293.756103516 -0.086556822 0.995883644 0.026901379 -10.501858711 -0.045174014 -0.030898366 0.998501122 80.208030701
0.995147109 0.086929291 0.046103019 293.793945312 -0.088161200 0.995782554 0.025389692 -10.471638680 -0.043701522 -0.029330982 0.998613954 81.214080811
0.994923234 0.090623416 0.043760564 293.832611084 -0.091472864 0.995648384 0.017808309 -10.470607758 -0.041956335 -0.021720810 0.998883247 82.234924316
0.994900882 0.092085227 0.041140389 293.877044678 -0.092598088 0.995645702 0.010731737 -10.465862274 -0.039973069 -0.014486544 0.999095678 83.245765686
0.994963646 0.092312135 0.039062310 293.911407471 -0.092809297 0.995621979 0.011103867 -10.475481987 -0.037866324 -0.014673294 0.999175012 84.267623901
0.995169342 0.090747327 0.037454285 293.947509766 -0.091374941 0.995697618 0.015391694 -10.473979950 -0.035896428 -0.018739730 0.999179661 85.275733948
0.995114446 0.091754496 0.036445934 293.978088379 -0.092453085 0.995555043 0.017960656 -10.473186493 -0.034636006 -0.021242455 0.999174178 86.290275574
0.994938314 0.093909591 0.035760060 294.006988525 -0.094591148 0.995355964 0.017861595 -10.464375496 -0.033916656 -0.021153778 0.999200642 87.302719116
0.994885743 0.094360553 0.036033694 294.040649414 -0.094979845 0.995352685 0.015872115 -10.458540916 -0.034368578 -0.019213423 0.999224424 88.311882019
0.994760931 0.095341384 0.036888156 294.070526123 -0.095942877 0.995275557 0.014886338 -10.447219849 -0.035294641 -0.018347509 0.999208450 89.333435059
0.994696617 0.095425040 0.038374010 294.100616455 -0.096026331 0.995278418 0.014135575 -10.440618515 -0.036843989 -0.017745528 0.999163330 90.335838318
0.994767308 0.094247907 0.039435104 294.136413574 -0.094949454 0.995348632 0.016303953 -10.424751282 -0.037715107 -0.019962991 0.999089062 91.363868713
0.994860947 0.092906915 0.040249396 294.175231934 -0.093687914 0.995439529 0.017965317 -10.415000916 -0.038396779 -0.021643877 0.999028087 92.378784180
0.995075345 0.090167686 0.041170333 294.226989746 -0.090974927 0.995687485 0.018166095 -10.416392326 -0.039354835 -0.021822108 0.998986900 93.394386292
0.995012760 0.090759873 0.041377854 294.259460449 -0.091364123 0.995733380 0.012946494 -10.416298866 -0.040026337 -0.016662385 0.999059618 94.400970459
0.994845390 0.092328019 0.041930702 294.297241211 -0.092779815 0.995646417 0.008952071 -10.429309845 -0.040921673 -0.012796255 0.999080300 95.401779175
0.994977772 0.090114377 0.043573584 294.345397949 -0.090784781 0.995776951 0.013652354 -10.423338890 -0.042159345 -0.017539613 0.998956859 96.402847290
0.995388150 0.084589198 0.045243416 294.397705078 -0.085723765 0.996035933 0.023747073 -10.399533272 -0.043055367 -0.027515996 0.998693705 97.424514771
0.995500505 0.082467109 0.046668582 294.443908691 -0.083815068 0.996096253 0.027697688 -10.385066986 -0.044202290 -0.031484596 0.998526335 98.427085876
0.995123506 0.086512804 0.047377102 294.480957031 -0.087598301 0.995927513 0.021329165 -10.393462181 -0.045338970 -0.025375314 0.998649299 99.425407410
0.994735241 0.090831600 0.047447920 294.513763428 -0.091370761 0.995773435 0.009313292 -10.419172287 -0.046401478 -0.013599617 0.998830199 100.406806946
0.994553149 0.092285648 0.048449174 294.551422119 -0.092523307 0.995706975 0.002677846 -10.425103188 -0.047994103 -0.007145943 0.998822033 101.418228149
0.994540274 0.091554344 0.050073937 294.596221924 -0.091955230 0.995746493 0.005753928 -10.428247452 -0.049334195 -0.010327080 0.998728931 102.430541992
0.994423687 0.091178618 0.052990649 294.646972656 -0.092044860 0.995654464 0.014135126 -10.421379089 -0.051471610 -0.018933829 0.998494983 103.450904846
0.994253159 0.091352619 0.055816270 294.695831299 -0.092595428 0.995500982 0.020093109 -10.408435822 -0.053729653 -0.025145972 0.998238862 104.469787598
0.994112790 0.091541775 0.057963841 294.745574951 -0.092950158 0.995425999 0.022077980 -10.407568932 -0.055677712 -0.027335756 0.998074472 105.487945557
0.993939459 0.091921724 0.060289100 294.803894043 -0.093183592 0.995477855 0.018455209 -10.404174805 -0.058320072 -0.023961317 0.998010337 106.492706299
0.993499815 0.094709352 0.063151300 294.855316162 -0.095753983 0.995310545 0.013716266 -10.416263580 -0.061556134 -0.019674100 0.997909725 107.495872498
0.993065178 0.096277870 0.067468666 294.920776367 -0.097265609 0.995191991 0.011501437 -10.398686409 -0.066036992 -0.017984059 0.997654974 108.512046814
0.992967308 0.093295567 0.072882235 294.999450684 -0.094395421 0.995465040 0.011785410 -10.406881332 -0.071452238 -0.018582277 0.997270823 109.523391724
0.992738128 0.091064870 0.078600094 295.071472168 -0.092297032 0.995657027 0.012179222 -10.408422470 -0.077149689 -0.019345338 0.996831715 110.535362244
0.992193699 0.091728501 0.084482849 295.148742676 -0.093045458 0.995592177 0.011775134 -10.404425621 -0.083030388 -0.019543963 0.996355474 111.532859802
0.992234051 0.086436912 0.089444637 295.251068115 -0.087925032 0.996044576 0.012823986 -10.417957306 -0.087982431 -0.020588819 0.995909274 112.541694641
0.991933942 0.084658802 0.094339013 295.338500977 -0.086275905 0.996184051 0.013187680 -10.408174515 -0.092862613 -0.021220494 0.995452762 113.544631958
0.991762161 0.081192642 0.099073797 295.445617676 -0.082906783 0.996468544 0.013300605 -10.422305107 -0.097644061 -0.021404928 0.994991124 114.550994873
0.991462231 0.079214558 0.103574418 295.544494629 -0.080976322 0.996632397 0.012908773 -10.433259010 -0.102203116 -0.021185637 0.994537830 115.544654846
0.991154850 0.079738170 0.106084131 295.626953125 -0.081425115 0.996611238 0.011658641 -10.418718338 -0.104795054 -0.020193432 0.994288802 116.540069580
0.990703106 0.082187288 0.108409464 295.717590332 -0.083858296 0.996417701 0.010936881 -10.420259476 -0.107122280 -0.019926235 0.994046152 117.521415710
0.990225375 0.085088529 0.110514320 295.809875488 -0.086688362 0.996187806 0.009742820 -10.438985825 -0.109264068 -0.019227896 0.993826747 118.507225037
0.990037143 0.086097255 0.111416616 295.915435791 -0.087603763 0.996117532 0.008686827 -10.439743042 -0.110236175 -0.018360797 0.993735731 119.501953125
0.990197361 0.084232196 0.111418210 296.025909424 -0.085811734 0.996266603 0.009448132 -10.438591957 -0.110206462 -0.018916508 0.993728638 120.501213074
0.990377188 0.082989946 0.110749699 296.138336182 -0.084666714 0.996353865 0.010514640 -10.444876671 -0.109473318 -0.019790273 0.993792653 121.483924866
0.990762830 0.079880662 0.109580919 296.251495361 -0.081571221 0.996606529 0.011023762 -10.459187508 -0.108328506 -0.019860581 0.993916750 122.465911865
0.991180062 0.076581649 0.108153723 296.367675781 -0.078298032 0.996861279 0.011705775 -10.461031914 -0.106917866 -0.020070756 0.994065285 123.453720093
0.991606474 0.074147120 0.105918691 296.475280762 -0.075936154 0.997028530 0.012951866 -10.464334488 -0.104643673 -0.020886216 0.994290411 124.444427490
0.991896331 0.073908404 0.103339761 296.587921143 -0.075716116 0.997035623 0.013674245 -10.464624405 -0.102022834 -0.021387924 0.994552016 125.424751282
0.992148578 0.074015252 0.100810550 296.687500000 -0.075584017 0.997069299 0.011825139 -10.463397026 -0.099639922 -0.019351965 0.994835317 126.388580322
0.992378354 0.074431665 0.098209545 296.785095215 -0.075579710 0.997107506 0.008014901 -10.474063873 -0.097328968 -0.015376465 0.995133400 127.359436035
0.992720127 0.072725758 0.096008547 296.882690430 -0.073483348 0.997286856 0.004372598 -10.488534927 -0.095430113 -0.011395797 0.995370865 128.326263428
0.992951035 0.071472019 0.094551302 296.980285645 -0.072344676 0.997362673 0.005828070 -10.493693352 -0.093885444 -0.012627272 0.995502889 129.302322388
0.993363202 0.066671751 0.093724713 297.076751709 -0.068043247 0.997615993 0.011509314 -10.499814987 -0.092733979 -0.017810265 0.995531619 130.280258179
0.993995667 0.056806047 0.093518145 297.174407959 -0.058786012 0.998098195 0.018551130 -10.498757362 -0.092286520 -0.023937302 0.995444715 131.249465942
0.994329751 0.050911114 0.093360618 297.268859863 -0.053130485 0.998357475 0.021439424 -10.492990494 -0.092115797 -0.026278153 0.995401442 132.229049683
0.994377732 0.050127130 0.093274288 297.359893799 -0.052341752 0.998398960 0.021447014 -10.494237900 -0.092049919 -0.026208576 0.995409429 133.167526245
0.994282365 0.051507600 0.093538441 297.431854248 -0.053330675 0.998430610 0.017092912 -10.488887787 -0.092511274 -0.021983650 0.995468915 134.097122192
0.994023740 0.054421745 0.094631888 297.511138916 -0.055791624 0.998371720 0.011887253 -10.479779243 -0.093830921 -0.017095879 0.995441377 135.040023804
0.993786156 0.056048848 0.096163623 297.594451904 -0.057314958 0.998301506 0.010451214 -10.482071877 -0.095414549 -0.015897887 0.995310664 135.978210449
0.993570149 0.055770099 0.098529987 297.672729492 -0.057323888 0.998270929 0.013006028 -10.479644775 -0.097634308 -0.018570526 0.995049059 136.926040649
0.993142664 0.056545537 0.102323934 297.753601074 -0.058445312 0.998167753 0.015660558 -10.479076385 -0.101250969 -0.021533523 0.994627774 137.862777710
0.992694557 0.056711592 0.106494784 297.823394775 -0.058770295 0.998138607 0.016289700 -10.482643127 -0.105372779 -0.022429429 0.994179785 138.772323608
0.992168486 0.056252982 0.111521885 297.898712158 -0.058384262 0.998166978 0.015934197 -10.478500366 -0.110421158 -0.022320535 0.993634164 139.688049316
0.991493165 0.056214146 0.117392808 297.985992432 -0.058310270 0.998193324 0.014494167 -10.468502998 -0.116365977 -0.021216070 0.992979646 140.590484619
0.990736842 0.055146240 0.124093138 298.085449219 -0.057111755 0.998291612 0.012333907 -10.473592758 -0.123201020 -0.019306833 0.992193878 141.466156006
0.989595890 0.055853616 0.132591009 298.185882568 -0.057799511 0.998269081 0.010868574 -10.477292061 -0.131754473 -0.018419188 0.991111219 142.336135864
0.988151491 0.058328815 0.141965851 298.275421143 -0.060439426 0.998115659 0.010595921 -10.478235245 -0.141080335 -0.019050710 0.989814758 143.153274536
0.986525714 0.059805438 0.152283326 298.374114990 -0.062187161 0.998004735 0.010920289 -10.473177910 -0.151326418 -0.020243211 0.988276482 143.930023193
0.984965742 0.060955014 0.161637977 298.487915039 -0.063276753 0.997953176 0.009249352 -10.479847908 -0.160743341 -0.019338217 0.986806810 144.667800903
0.983240783 0.063427769 0.170922443 298.599945068 -0.065266281 0.997854590 0.005152214 -10.495112419 -0.170229003 -0.016221333 0.985270917 145.348007202
0.981732845 0.067269325 0.177975416 298.708801270 -0.068344451 0.997661769 -0.000090928 -10.504288673 -0.177565470 -0.012074359 0.984034896 145.959747314
0.980366707 0.069975093 0.184349015 298.801574707 -0.070888676 0.997482955 -0.001639294 -10.506734848 -0.183999732 -0.011461142 0.982859433 146.550079346
0.979328394 0.070847437 0.189463750 298.884857178 -0.072390407 0.997375607 0.001226284 -10.518084526 -0.188879699 -0.014916284 0.981886983 147.132476807
0.978400052 0.070824727 0.194209307 298.998779297 -0.073760599 0.997244537 0.007917508 -10.518842697 -0.193113461 -0.022071477 0.980928123 147.711364746
0.978144467 0.066378623 0.197046295 299.104003906 -0.070331082 0.997437418 0.013120109 -10.526188850 -0.195670500 -0.026691832 0.980306447 148.248336792
0.978082299 0.062347360 0.198664948 299.209320068 -0.066536367 0.997679055 0.014472854 -10.551438332 -0.197301537 -0.027374078 0.979960561 148.779159546
0.978194237 0.060192972 0.198778227 299.318939209 -0.064135179 0.997850657 0.013446755 -10.555543900 -0.197541639 -0.025902208 0.979952216 149.297943115
0.978269398 0.062225565 0.197780162 299.425201416 -0.065507486 0.997801125 0.010087427 -10.548779488 -0.196717635 -0.022824295 0.980194509 149.812759399
0.978567421 0.065487266 0.195236251 299.536254883 -0.067894422 0.997676492 0.005654805 -10.544087410 -0.194412366 -0.018789053 0.980739832 150.330230713
0.979717910 0.063103825 0.190186143 299.654602051 -0.064987503 0.997879326 0.003676713 -10.532581329 -0.189550832 -0.015961856 0.981741130 150.837768555
0.981498122 0.057637714 0.182590231 299.797882080 -0.059683774 0.998200893 0.005725072 -10.537359238 -0.181931823 -0.016516818 0.983172357 151.355407715
0.983619034 0.054699373 0.171760097 299.923095703 -0.057174362 0.998319149 0.009491209 -10.538169861 -0.170952305 -0.019156005 0.985093057 151.856185913
0.986059785 0.055499159 0.156862795 300.004577637 -0.058372393 0.998199940 0.013765246 -10.546577454 -0.155816525 -0.022729808 0.987524390 152.373748779
0.988858223 0.057614304 0.137258857 300.068023682 -0.060607679 0.998004258 0.017725198 -10.535321236 -0.135963708 -0.025846643 0.990376592 152.905746460
0.992104173 0.057425749 0.111497030 300.124694824 -0.060061142 0.997985780 0.020419221 -10.549674988 -0.110099919 -0.026954634 0.993554950 153.443862915
0.995064974 0.056797002 0.081362382 300.151794434 -0.058706168 0.998048723 0.021264397 -10.544018745 -0.079995908 -0.025935933 0.996457696 153.989593506
0.997213364 0.057181031 0.047916468 300.170104980 -0.058235295 0.998084128 0.020898484 -10.542588234 -0.046629727 -0.023630679 0.998632789 154.514175415
0.998209596 0.058992974 0.009867396 300.151458740 -0.059180591 0.998048306 0.019929111 -10.522598267 -0.008672506 -0.020477396 0.999752581 155.062149048
0.997655094 0.060062081 -0.032815274 300.111541748 -0.059393223 0.998013854 0.020995779 -10.505302429 0.034011107 -0.018997550 0.999240756 155.598983765
0.995074749 0.060057193 -0.078863069 300.067626953 -0.058327109 0.998007417 0.024064977 -10.502971649 0.080151163 -0.019346612 0.996594906 156.101531982
0.990144730 0.060072239 -0.126510054 299.951141357 -0.056800190 0.997954965 0.029318921 -10.494231224 0.128012538 -0.021844199 0.991531968 156.629394531
0.982260883 0.060712814 -0.177419171 299.803192139 -0.055365406 0.997854471 0.034942314 -10.479758263 0.179159939 -0.024499603 0.983514845 157.151611328
0.971222043 0.061587039 -0.230075434 299.621490479 -0.053784125 0.997749448 0.040040173 -10.464297295 0.232023552 -0.026513524 0.972348750 157.689544678
0.956742406 0.062770367 -0.284084201 299.404846191 -0.052401099 0.997657955 0.043962836 -10.451990128 0.286178410 -0.027174817 0.957790911 158.209365845
0.938555181 0.064845376 -0.338982552 299.154754639 -0.051430058 0.997502089 0.048420142 -10.430030823 0.341275632 -0.028011117 0.939545751 158.712768555
0.916505158 0.066940844 -0.394382000 298.881011963 -0.049987875 0.997336268 0.053117368 -10.407201767 0.396887183 -0.028968066 0.917410076 159.195907593
0.891081035 0.068299323 -0.448675424 298.617004395 -0.047402356 0.997210443 0.057657696 -10.367881775 0.451361775 -0.030109452 0.891832829 159.665908813
0.862379372 0.069338270 -0.501491785 298.282409668 -0.043889023 0.997086465 0.062388644 -10.351261139 0.504356682 -0.031792745 0.862909913 160.143707275
0.829833984 0.072497398 -0.553280890 297.928527832 -0.041518528 0.996797740 0.068341225 -10.329262733 0.556463659 -0.033740498 0.830186486 160.600708008
0.793676496 0.076695718 -0.603486001 297.530792236 -0.039892897 0.996447265 0.074171245 -10.287845612 0.607030630 -0.034793228 0.793916464 161.033966064
0.754002452 0.080332652 -0.651940763 297.090728760 -0.038424276 0.996188223 0.078311659 -10.257250786 0.655746698 -0.033996891 0.754215121 161.457229614
0.711984217 0.083313026 -0.697235644 296.611267090 -0.036121197 0.995967388 0.082123540 -10.198968887 0.701265991 -0.033285737 0.712122321 161.860778809
0.669357657 0.085335203 -0.738023221 296.135314941 -0.031072412 0.995727837 0.086951464 -10.152479172 0.742290318 -0.035269544 0.669149697 162.248260498
0.626079977 0.087306567 -0.774855554 295.648101807 -0.027008969 0.995543838 0.090349533 -10.105052948 0.779290855 -0.035638034 0.625648081 162.606140137
0.582446098 0.087300390 -0.808167875 295.118225098 -0.023121595 0.995593131 0.090882972 -10.055088043 0.812540531 -0.034248378 0.581897855 162.961318970
0.540013373 0.086293221 -0.837220967 294.565673828 -0.020335302 0.995777428 0.089519523 -9.994057655 0.841410637 -0.031316664 0.539487898 163.291778564
0.500021517 0.083755009 -0.861953437 293.999847412 -0.018226992 0.996109545 0.086217411 -9.931676865 0.865821242 -0.027399819 0.499602795 163.576034546
0.464176178 0.082687877 -0.881874919 293.360015869 -0.022327468 0.996408880 0.081675053 -9.848435402 0.885461569 -0.018221661 0.464355469 163.876159668
0.434925079 0.084918164 -0.896453559 292.723541260 -0.025236204 0.996301770 0.082132921 -9.775876999 0.900112927 -0.013098666 0.435459644 164.169769287
0.413159013 0.088210121 -0.906376600 292.059326172 -0.026015654 0.996034682 0.085077032 -9.719647408 0.910287142 -0.011570431 0.413815469 164.468170166
0.397864640 0.092174329 -0.912802160 291.382965088 -0.026023734 0.995673656 0.089199767 -9.660835266 0.917074978 -0.011734990 0.398542047 164.754669189
0.387790948 0.094756469 -0.916863859 290.692718506 -0.026639476 0.995438576 0.091609895 -9.604550362 0.921362340 -0.011100779 0.388546258 165.048553467
0.382489562 0.096347973 -0.918922722 289.977661133 -0.028135154 0.995301545 0.092645444 -9.547096252 0.923531413 -0.009581966 0.383403242 165.334381104
0.381103903 0.095894657 -0.919545531 289.240081787 -0.030029932 0.995365441 0.091355771 -9.478203773 0.924044251 -0.007202229 0.382217437 165.631576538
0.381685615 0.095745310 -0.919319928 288.475463867 -0.031511169 0.995390058 0.090585083 -9.404210091 0.923754930 -0.005606268 0.382943094 165.937057495
0.382351935 0.095151752 -0.919104457 287.684234619 -0.031185996 0.995445907 0.090081692 -9.337777138 0.923490286 -0.005779789 0.383578062 166.269104004
0.383952528 0.095546663 -0.918395936 286.889312744 -0.032955550 0.995416045 0.089781977 -9.269790649 0.922764480 -0.004205841 0.385341316 166.601074219
0.385856777 0.095268823 -0.917626441 286.076843262 -0.034414075 0.995447874 0.088877492 -9.193976402 0.921916544 -0.002714790 0.387378842 166.939910889
0.388017207 0.095643654 -0.916676164 285.253295898 -0.037634101 0.995415509 0.087929212 -9.124453545 0.920883477 0.000380144 0.389837831 167.280914307
0.390275508 0.094596639 -0.915825605 284.432800293 -0.041373536 0.995504797 0.085195735 -9.044891357 0.919768095 0.004641052 0.392435014 167.620910645
0.393060803 0.093800247 -0.914715588 283.593902588 -0.042771775 0.995571554 0.083712414 -8.970574379 0.918517113 0.006219874 0.395332187 167.976654053
0.396506816 0.093424529 -0.913265765 282.761230469 -0.041995127 0.995612800 0.083615758 -8.902318954 0.917070746 0.005198406 0.398690552 168.354019165
0.399209738 0.094350047 -0.911992252 281.905883789 -0.043041680 0.995522976 0.084151037 -8.825119972 0.915848851 0.005659676 0.401483476 168.726882935
0.402050763 0.094727300 -0.910704136 281.061859131 -0.042801023 0.995490909 0.084651083 -8.755364418 0.914616466 0.004944951 0.404292345 169.092208862
0.404392272 0.094829187 -0.909656227 280.221313477 -0.043059528 0.995481253 0.084634006 -8.686998367 0.913571596 0.004943938 0.406648189 169.464996338
0.405517220 0.094480306 -0.909191608 279.347778320 -0.043065425 0.995514214 0.084242761 -8.611867905 0.913072348 0.004992733 0.407767028 169.848846436
0.406145334 0.093535118 -0.909008920 278.469757080 -0.042323597 0.995605588 0.083535664 -8.538177490 0.912827909 0.004544823 0.408319235 170.246383667
0.406558603 0.093631044 -0.908814251 277.578460693 -0.042848632 0.995594203 0.083403356 -8.459104538 0.912619293 0.005033019 0.408779413 170.644668579
0.406632006 0.094845243 -0.908655524 276.686309814 -0.044099163 0.995474815 0.084172748 -8.379397392 0.912527084 0.005843542 0.408974499 171.051147461
0.407848179 0.097476192 -0.907831669 275.782989502 -0.044100650 0.995227456 0.087047771 -8.297258377 0.911984026 0.004533611 0.410200447 171.465362549
0.409479618 0.098206021 -0.907018304 274.882629395 -0.043707959 0.995159686 0.088017240 -8.213096619 0.911271691 0.003602573 0.411789924 171.867111206
0.411764830 0.096208081 -0.906197369 273.987426758 -0.044296287 0.995349109 0.085545465 -8.133783340 0.910212815 0.004916494 0.414111435 172.263076782
0.414312124 0.092722021 -0.905399442 273.069732666 -0.045693044 0.995661557 0.081056699 -8.063232422 0.908987164 0.007787608 0.416751355 172.676986694
0.417456508 0.089684129 -0.904260337 272.173950195 -0.047098149 0.995915592 0.077031456 -7.995015621 0.907475352 0.010431637 0.419975430 173.097473145
0.421330839 0.090023443 -0.902427912 271.282409668 -0.048087060 0.995878935 0.076894768 -7.917443752 0.905631185 0.010996892 0.423923463 173.512435913
0.426600188 0.092710562 -0.899676144 270.393524170 -0.048573442 0.995645225 0.079568081 -7.852133751 0.903135061 0.009756522 0.429245710 173.938156128
0.433275551 0.095525675 -0.896184683 269.496154785 -0.049183831 0.995391428 0.082321629 -7.779126167 0.899918437 0.008409783 0.435977072 174.369171143
0.441446126 0.096246384 -0.892111063 268.611785889 -0.049958512 0.995324790 0.082660720 -7.714824200 0.895895839 0.008078203 0.444190621 174.789871216
0.449688256 0.095915325 -0.888020754 267.732818604 -0.051812243 0.995344520 0.081270106 -7.646191597 0.891681612 0.009464057 0.452564269 175.226974487
0.457841903 0.094901375 -0.883953989 266.861419678 -0.052059479 0.995441973 0.079906777 -7.575339317 0.887508154 0.009433427 0.460695505 175.663482666
0.466313154 0.093991697 -0.879612267 266.006256104 -0.051440701 0.995537817 0.079108641 -7.505145073 0.883122742 0.008358399 0.469067425 176.125076294
0.474808156 0.094102122 -0.875044048 265.144226074 -0.051571891 0.995533645 0.079076223 -7.438591957 0.878577054 0.007581546 0.477540523 176.598541260
0.482787997 0.093232699 -0.870760202 264.280731201 -0.050027385 0.995629132 0.078865208 -7.366965294 0.874307036 0.005486595 0.485342056 177.070449829
0.490408838 0.092753023 -0.866542578 263.425750732 -0.047972620 0.995685637 0.079426892 -7.308875561 0.870171130 0.002618592 0.492742598 177.566390991
0.496239811 0.092581786 -0.863235116 262.561157227 -0.046574362 0.995704949 0.080015525 -7.235695839 0.866935313 0.000497659 0.498420388 178.059509277
0.500555575 0.091129504 -0.860894620 261.705535889 -0.043530691 0.995835602 0.080103390 -7.167438507 0.864609241 -0.002620934 0.502437949 178.554107666
0.503539801 0.087549314 -0.859524727 260.863220215 -0.038369950 0.996137083 0.078985989 -7.104154110 0.863119483 -0.006792746 0.504953980 179.059829712
0.504075050 0.085985951 -0.859368861 260.014801025 -0.035778642 0.996256351 0.078696176 -7.033066750 0.862918496 -0.008921796 0.505264401 179.564453125
0.503085196 0.085652575 -0.859981954 259.165130615 -0.034852415 0.996277928 0.078839034 -6.958750248 0.863533795 -0.009690396 0.504197896 180.067825317
0.500319898 0.085267454 -0.861631691 258.298828125 -0.032672528 0.996289551 0.079621531 -6.873592377 0.865223885 -0.011684611 0.501249433 180.573028564
0.495640427 0.085754417 -0.864283979 257.434661865 -0.031595536 0.996235251 0.080727704 -6.813112736 0.867952943 -0.012704470 0.496483952 181.078826904
0.490797520 0.083927706 -0.867222011 256.574737549 -0.027150352 0.996339500 0.081057988 -6.743451595 0.870850503 -0.016237753 0.491279602 181.578781128
0.485010058 0.084443465 -0.870422125 255.695434570 -0.028066188 0.996317387 0.081018418 -6.681953430 0.874058068 -0.014865385 0.485593915 182.068786621
0.478767276 0.084059834 -0.873908341 254.812744141 -0.027209215 0.996348262 0.080930814 -6.599803925 0.877520144 -0.014968730 0.479306102 182.545211792
0.471843302 0.081455179 -0.877911627 253.931961060 -0.026004178 0.996575773 0.078489065 -6.535127163 0.881298721 -0.014205238 0.472345829 183.011947632
0.465732008 0.078377530 -0.881448090 253.046524048 -0.023471162 0.996813655 0.076234348 -6.464536667 0.884614527 -0.014816247 0.466087580 183.468963623
0.460203290 0.077799514 -0.884398162 252.156204224 -0.022063317 0.996847570 0.076210856 -6.404810905 0.887539387 -0.015559798 0.460469007 183.926574707
0.454183459 0.080492318 -0.887264431 251.274124146 -0.019754728 0.996575236 0.080296770 -6.331725597 0.890689075 -0.018941868 0.454218149 184.376632690
0.448003590 0.082962535 -0.890174150 250.379455566 -0.013558542 0.996201098 0.086020470 -6.263815880 0.893928885 -0.026468098 0.447426528 184.831451416
0.441974074 0.083558023 -0.893127680 249.482589722 -0.009805299 0.996042609 0.088334255 -6.197580338 0.896974206 -0.030284142 0.441044360 185.276107788
0.436287820 0.083338432 -0.895939589 248.593551636 -0.007991440 0.996021271 0.088756420 -6.125954628 0.899771810 -0.031563584 0.435217917 185.715042114
0.430356473 0.082452230 -0.898885429 247.698989868 -0.006503754 0.996076763 0.088253662 -6.049288750 0.902635574 -0.032134481 0.429204315 186.147125244
0.424152821 0.081092462 -0.901952624 246.799774170 -0.004284061 0.996151209 0.087547123 -5.971444130 0.905580580 -0.033269428 0.422867715 186.570709229
0.418715596 0.079528861 -0.904628336 245.900238037 -0.002635241 0.996260047 0.086364880 -5.896538734 0.908113480 -0.033778474 0.417359173 186.979324341
0.413864225 0.079136029 -0.906892538 244.985702515 -0.001840804 0.996285141 0.086096570 -5.814044476 0.910336792 -0.033962950 0.412472427 187.395370483
0.409765363 0.079576522 -0.908713281 244.072219849 0.000320093 0.996174991 0.087380029 -5.743634701 0.912190855 -0.036096256 0.408172607 187.811935425
0.406165123 0.080806069 -0.910219789 243.154907227 0.002098319 0.995997429 0.089357533 -5.662035942 0.913797259 -0.038203921 0.404369831 188.211303711
0.402604133 0.083676055 -0.911541820 242.224090576 -0.000504314 0.995833337 0.091191068 -5.584559917 0.915374160 -0.036254279 0.400968820 188.612091064
0.400808841 0.084301434 -0.912275016 241.302062988 -0.000361502 0.995772064 0.091858506 -5.501532555 0.916161716 -0.036487997 0.399144739 189.015335083
0.399283439 0.084449403 -0.912929952 240.383636475 -0.000286081 0.995760202 0.091986500 -5.419380188 0.916827500 -0.036467597 0.397614747 189.406875610
0.399306685 0.084044985 -0.912957013 239.459030151 -0.002099338 0.995870531 0.090759747 -5.339065552 0.916814923 -0.034324437 0.397834212 189.795166016
0.398902655 0.080853522 -0.913421810 238.541183472 -0.002862005 0.996210098 0.086931951 -5.274435520 0.916988790 -0.032063242 0.397622287 190.191406250
0.398803115 0.079247184 -0.913605988 237.618988037 -0.003824378 0.996394157 0.084759012 -5.194010735 0.917028606 -0.030308256 0.397668093 190.590545654
0.399608463 0.077892944 -0.913370609 236.706359863 -0.000995197 0.996419609 0.084540136 -5.122163296 0.916685343 -0.032874040 0.398255169 190.979156494
0.400701493 0.077594854 -0.912916839 235.805465698 -0.002652034 0.996501327 0.083535299 -5.049747944 0.916204751 -0.031051707 0.399505407 191.368728638
0.402628928 0.076102301 -0.912194252 234.893646240 -0.006058016 0.996737659 0.080481753 -4.975916862 0.915343225 -0.026878275 0.401776433 191.764968872
0.405038297 0.074670106 -0.911245525 233.979217529 -0.007894496 0.996907949 0.078180641 -4.907464027 0.914265573 -0.024472404 0.404375374 192.162063599
0.406602710 0.076952904 -0.910358310 233.082473755 -0.009095029 0.996737838 0.080192484 -4.842508316 0.913559735 -0.024326824 0.405976266 192.558761597
0.408558726 0.079174131 -0.909291565 232.178085327 -0.009526568 0.996546328 0.082491279 -4.775609016 0.912682176 -0.025040179 0.407901913 192.968002319
0.409903526 0.080704667 -0.908551574 231.279266357 -0.009439882 0.996399999 0.084249265 -4.701742172 0.912080109 -0.025957536 0.409189701 193.371963501
0.410408199 0.080924690 -0.908304214 230.396697998 -0.007372967 0.996316493 0.085434802 -4.635156631 0.911872149 -0.028366333 0.409493089 193.771026611
0.410060972 0.081451729 -0.908413827 229.503997803 -0.006826051 0.996250451 0.086246297 -4.559149265 0.912032485 -0.029165436 0.409079403 194.170471191
0.409383923 0.081155583 -0.908745587 228.607513428 -0.005860878 0.996249378 0.086329937 -4.490796089 0.912343383 -0.030016121 0.408324152 194.567871094
0.408737540 0.080287576 -0.909113646 227.719696045 -0.006487422 0.996353447 0.085075453 -4.420287132 0.912629008 -0.028875809 0.407767802 194.956237793
0.408165485 0.079072252 -0.909476995 226.829421997 -0.008345383 0.996523380 0.082895063 -4.352362156 0.912869871 -0.026245054 0.407406390 195.338836670
0.407474637 0.079390913 -0.909759104 225.946945190 -0.009969395 0.996541321 0.082498938 -4.280778408 0.913162172 -0.024546556 0.406856775 195.718597412
0.406702816 0.080966547 -0.909965575 225.059707642 -0.009714178 0.996391833 0.084314972 -4.203587055 0.913508952 -0.025451656 0.406021893 196.111648560
0.405669868 0.082663447 -0.910273910 224.186950684 -0.007469615 0.996168494 0.087134898 -4.131324768 0.913989127 -0.028548669 0.404732972 196.499786377
0.404808909 0.083547793 -0.910576522 223.322525024 -0.004202024 0.995976508 0.089515530 -4.070398331 0.914391637 -0.032410499 0.403531224 196.886505127
0.404029876 0.084372550 -0.910846472 222.467041016 -0.004963308 0.995924652 0.090051942 -3.990838766 0.914732277 -0.031862944 0.402802110 197.256515503
0.402967036 0.081532948 -0.911575615 221.622039795 -0.005809308 0.996231735 0.086536832 -3.918037891 0.915196121 -0.029575955 0.401922196 197.619934082
0.401393294 0.074616067 -0.912861466 220.774520874 -0.005048483 0.996841133 0.079260707 -3.871022940 0.915891945 -0.027206233 0.400501996 197.986145020
0.400578052 0.070626915 -0.913536608 219.934143066 -0.002314733 0.997099578 0.076072425 -3.811121702 0.916259706 -0.028358424 0.399579644 198.350448608
0.399444729 0.074345313 -0.913737774 219.090484619 -0.002247149 0.996782720 0.080119930 -3.755761385 0.916754544 -0.029950256 0.398326606 198.712692261
0.398582548 0.078342557 -0.913780391 218.250152588 0.002842564 0.996234596 0.086651750 -3.688807964 0.917128146 -0.037135433 0.396859020 199.072525024
0.396458864 0.080389284 -0.914526045 217.447479248 0.003977712 0.995999038 0.089275472 -3.640106678 0.918043911 -0.039031848 0.394552857 199.422409058
0.394252896 0.079301767 -0.915574133 216.654571533 0.001363476 0.996218383 0.086873949 -3.590187073 0.919000924 -0.035498738 0.392653793 199.766036987
0.392940849 0.077694021 -0.916275740 215.885482788 -0.003246251 0.996535301 0.083107464 -3.534144878 0.919557989 -0.029681936 0.391831666 200.087936401
0.392149806 0.077575408 -0.916624427 215.119308472 -0.006674509 0.996651590 0.081492849 -3.468136311 0.919877112 -0.025839455 0.391354471 200.416839600
0.391288012 0.077516861 -0.916997671 214.368438721 -0.005013210 0.996610820 0.082107745 -3.403923988 0.920254707 -0.027530756 0.390350491 200.740356445
0.390201837 0.078798160 -0.917351305 213.656478882 -0.005729371 0.996519685 0.083161592 -3.360242128 0.920711577 -0.027194045 0.389295220 201.033081055
0.389142483 0.080157228 -0.917683601 213.000045776 -0.006720549 0.996427417 0.084185578 -3.311259985 0.921153128 -0.026592927 0.388290882 201.307556152
0.388330787 0.082295924 -0.917838037 212.398452759 -0.007804713 0.996262312 0.086025663 -3.255793095 0.921486974 -0.026243025 0.387521654 201.554107666
0.387757391 0.082921393 -0.918024063 211.852844238 -0.005522284 0.996136546 0.087644555 -3.220234156 0.921745002 -0.028915312 0.386717170 201.795822144
0.387217104 0.081659146 -0.918365300 211.325836182 -0.003913149 0.996206641 0.086930834 -3.182291746 0.921980202 -0.030067485 0.386067778 202.017379761
0.387590557 0.079143055 -0.918428123 210.824539185 -0.003934632 0.996440709 0.084205225 -3.158767462 0.921823323 -0.029023563 0.386522412 202.221496582
0.388567775 0.077596754 -0.918147027 210.314773560 -0.006391025 0.996650636 0.081526831 -3.118986130 0.921398044 -0.025810879 0.387762278 202.429855347
0.389264196 0.077488214 -0.917861164 209.833114624 -0.006465536 0.996660650 0.081398755 -3.074715853 0.921103358 -0.025751241 0.388465315 202.620742798
0.391557455 0.078191273 -0.916825354 209.359634399 -0.006423328 0.996590912 0.082250893 -3.044128418 0.920131207 -0.026316967 0.390724838 202.819702148
0.395139962 0.079190895 -0.915201068 208.885986328 -0.006101555 0.996481597 0.083589695 -3.008052588 0.918600500 -0.027445547 0.394232869 203.017868042
0.398723036 0.079206295 -0.913644612 208.430267334 -0.006608673 0.996485531 0.083504036 -2.978327513 0.917047501 -0.027257083 0.397845179 203.197052002
0.402868450 0.078352608 -0.911898017 207.982955933 -0.006617682 0.996552289 0.082702808 -2.947328091 0.915233970 -0.027283786 0.401997954 203.371871948
0.407931834 0.077713639 -0.909698844 207.570755005 -0.006504715 0.996592999 0.082220033 -2.918550491 0.912989140 -0.027622916 0.407047540 203.545532227
0.414519161 0.078669362 -0.906633794 207.178253174 -0.007061625 0.996504605 0.083239004 -2.889366150 0.910013139 -0.028101927 0.413625777 203.725631714
0.421177804 0.081391037 -0.903318763 206.788131714 -0.007406984 0.996240795 0.086310074 -2.852324009 0.906947792 -0.029661093 0.420197338 203.880554199
0.428485751 0.084030733 -0.899632573 206.401626587 -0.007532773 0.995963633 0.089440934 -2.813791752 0.903517067 -0.031547505 0.427389234 204.029846191
0.437053770 0.085314967 -0.895380080 206.060089111 -0.008186846 0.995827317 0.090889893 -2.796412706 0.899398208 -0.032393508 0.435928524 204.160888672
0.445962697 0.085265592 -0.890980780 205.784454346 -0.009351306 0.995841682 0.090620108 -2.775774002 0.895002604 -0.032081410 0.444905609 204.259963989
0.455243796 0.085157961 -0.886285126 205.576690674 -0.010407294 0.995856643 0.090340406 -2.758191109 0.890306056 -0.031903155 0.454243749 204.343734741
0.463827819 0.084590547 -0.881877542 205.413726807 -0.011109373 0.995908201 0.089685544 -2.744833231 0.885855675 -0.031801619 0.462869763 204.411743164
0.472639561 0.083545558 -0.877286792 205.201568604 -0.011486912 0.995995462 0.088661939 -2.736597300 0.881180942 -0.031827897 0.471706569 204.513092041
0.481213510 0.082157977 -0.872744799 204.962875366 -0.012556647 0.996142209 0.086850934 -2.718029022 0.876513362 -0.030835157 0.480388731 204.620986938
0.489818782 0.081196912 -0.868034840 204.735122681 -0.014529714 0.996275544 0.084993899 -2.704971313 0.871703088 -0.029019382 0.489174247 204.741119385
0.498624146 0.080621138 -0.863061011 204.499389648 -0.015983276 0.996351242 0.083838135 -2.688857555 0.866670847 -0.028009249 0.498093367 204.868331909
0.507132232 0.079201117 -0.858221471 204.265625000 -0.017217446 0.996501029 0.081788428 -2.666917324 0.861696243 -0.026701245 0.506721497 204.987152100
0.515136540 0.077744044 -0.853575051 204.025695801 -0.017746156 0.996631801 0.080063976 -2.652053356 0.856924415 -0.026096277 0.514781058 205.119354248
0.522793472 0.076435171 -0.849025607 203.812774658 -0.017990828 0.996739507 0.078655548 -2.635237694 0.852269471 -0.025846001 0.522463977 205.245132446
0.530678153 0.075958110 -0.844162822 203.648742676 -0.019146036 0.996796310 0.077656209 -2.624958515 0.847356975 -0.025048159 0.530432403 205.333831787
0.538142264 0.076958276 -0.839333355 203.470092773 -0.022566535 0.996781409 0.076926172 -2.614016056 0.842551887 -0.022456463 0.538146794 205.423568726
0.545376658 0.078072496 -0.834547162 203.281234741 -0.026770547 0.996767104 0.075753875 -2.585624695 0.837763369 -0.018973179 0.545703590 205.522323608
0.551850975 0.079016283 -0.830191016 203.096282959 -0.029228332 0.996722043 0.075437710 -2.556974173 0.833430409 -0.017365349 0.552351475 205.621520996
0.558640063 0.076668121 -0.825859010 202.899856567 -0.029188069 0.996919036 0.072804660 -2.553541899 0.828896463 -0.016566440 0.559156716 205.754730225
0.565555513 0.070552446 -0.821686924 202.660720825 -0.028082680 0.997403681 0.066311240 -2.535550117 0.824231923 -0.014427593 0.566068470 205.913406372
0.571672082 0.065099478 -0.817895591 202.395034790 -0.027366525 0.997805595 0.060291391 -2.508245945 0.820025682 -0.012084009 0.572199106 206.105255127
0.576804698 0.063593931 -0.814402938 202.102752686 -0.027878750 0.997916818 0.058178782 -2.481380463 0.816406190 -0.010853321 0.577375948 206.314407349
0.580497265 0.064053394 -0.811738849 201.763977051 -0.029144995 0.997896850 0.057900637 -2.445167542 0.813740253 -0.009953104 0.581143200 206.553924561
0.582303584 0.064757138 -0.810388327 201.396011353 -0.029773466 0.997852504 0.058343630 -2.416488647 0.812426031 -0.009845708 0.582981050 206.798339844
0.581845820 0.065919474 -0.810623288 201.031494141 -0.032211430 0.997795701 0.058019795 -2.396724463 0.812660933 -0.007647303 0.582686603 207.062942505
0.579631448 0.066822141 -0.812134326 200.646316528 -0.035192274 0.997754991 0.056977887 -2.358078241 0.814118385 -0.004445401 0.580681860 207.327575684
0.576364279 0.067529909 -0.814397931 200.256973267 -0.035924733 0.997710109 0.057305720 -2.324334145 0.816402793 -0.003772018 0.577470422 207.616134644
0.572740912 0.067422673 -0.816959023 199.836990356 -0.033308174 0.997702837 0.058988217 -2.310089111 0.819059491 -0.006573624 0.573670983 207.899322510
0.568003774 0.068915635 -0.820135653 199.418548584 -0.032068562 0.997584581 0.061616912 -2.271035671 0.822401047 -0.008698139 0.568841755 208.206787109
0.561789453 0.073096536 -0.824044585 198.985397339 -0.031565487 0.997257471 0.066941775 -2.243433475 0.826677859 -0.011595890 0.562556088 208.525711060
0.553926826 0.078876287 -0.828820705 198.517852783 -0.032074157 0.996784806 0.073424891 -2.198252678 0.831947267 -0.014088367 0.554675639 208.809356689
0.545401156 0.082917079 -0.834063888 198.041320801 -0.032457530 0.996437728 0.077835098 -2.154290676 0.837546408 -0.015379780 0.546149671 209.080413818
0.536615133 0.084857732 -0.839549541 197.555770874 -0.031382326 0.996249318 0.080637693 -2.118810415 0.843243361 -0.016924463 0.537265480 209.408004761
0.527541637 0.084153235 -0.845350742 197.056015015 -0.027176164 0.996243954 0.082215235 -2.073730707 0.849094212 -0.020398624 0.527847171 209.737167358
0.518485248 0.081904352 -0.851154923 196.548309326 -0.022755519 0.996371150 0.082016610 -2.039115906 0.854783654 -0.023155998 0.518467486 210.025024414
0.508509398 0.077713966 -0.857542276 196.037658691 -0.020223375 0.996721923 0.078334980 -2.001317263 0.860818863 -0.022491738 0.508414030 210.320999146
0.498305857 0.076190963 -0.863647163 195.506561279 -0.018576887 0.996840775 0.077222981 -1.948040247 0.866802216 -0.022436861 0.498146981 210.617782593
0.488039851 0.072912410 -0.869770527 194.949432373 -0.015138420 0.997061968 0.075088933 -1.892643571 0.872689962 -0.023479514 0.487709761 210.929367065
0.478542417 0.069121756 -0.875339687 194.324859619 -0.009995562 0.997260928 0.073284984 -1.837340713 0.878007650 -0.026320538 0.477922589 211.249816895
0.468841553 0.067071714 -0.880732059 193.710281372 -0.003807737 0.997256994 0.073918752 -1.780885339 0.883274078 -0.031302661 0.467810899 211.554992676
0.459660023 0.065563679 -0.885671496 193.097915649 0.001977477 0.997193158 0.074845731 -1.743089676 0.888092875 -0.036155056 0.458240092 211.840133667
0.451269329 0.065554991 -0.889976621 192.499084473 0.004381065 0.997123301 0.075668901 -1.708347559 0.892377079 -0.038046170 0.449683934 212.138763428
0.444155991 0.067031205 -0.893438399 191.884658813 0.005228482 0.996986449 0.077399366 -1.654054523 0.895934105 -0.039048783 0.442467004 212.433181763
0.438320309 0.070138112 -0.896078110 191.247161865 0.009245264 0.996546268 0.082524456 -1.583548903 0.898771286 -0.044456687 0.436157912 212.746902466
0.433683276 0.072747298 -0.898123920 190.615249634 0.014782576 0.996027052 0.087815635 -1.524209619 0.900944054 -0.051360842 0.430884928 213.063339233
0.430788815 0.073690236 -0.899438977 189.949584961 0.018079331 0.995755851 0.090240628 -1.471822500 0.902271509 -0.055135980 0.427628279 213.387390137
0.429247171 0.071955882 -0.900316179 189.250061035 0.019915190 0.995824933 0.089084379 -1.396624565 0.902967453 -0.056169257 0.426022023 213.731185913
0.427902788 0.069544271 -0.901145279 188.517898560 0.020534422 0.996029973 0.086617596 -1.344611883 0.903591394 -0.055568472 0.424775898 214.078598022
0.426435471 0.069613367 -0.901835144 187.743499756 0.020051293 0.996061504 0.086368196 -1.274909377 0.904295802 -0.054913506 0.423360109 214.426956177
0.425586849 0.071235739 -0.902109325 186.931213379 0.018708078 0.995990992 0.087475173 -1.206000090 0.904724181 -0.054105092 0.422547996 214.801940918
0.424663246 0.072283618 -0.902461171 186.101226807 0.017495967 0.995966315 0.088006042 -1.138842702 0.905182242 -0.053162437 0.421685576 215.176116943
0.423704118 0.072632805 -0.902883887 185.291305542 0.014159542 0.996127009 0.086778648 -1.072844505 0.905690014 -0.049552970 0.421034604 215.541229248
0.423170507 0.070674323 -0.903289437 184.466781616 0.012096342 0.996423602 0.083628207 -0.993794441 0.905969262 -0.046315558 0.420802176 215.912216187
0.422332227 0.067843035 -0.903898716 183.648315430 0.010029731 0.996784270 0.079501018 -0.935310900 0.906385660 -0.042641796 0.420293659 216.286895752
0.422292709 0.067663804 -0.903930485 182.807327271 0.007734352 0.996904790 0.078236781 -0.862462938 0.906426430 -0.040030219 0.420462310 216.655410767
0.422156721 0.068446547 -0.903935015 181.955902100 0.007496379 0.996847808 0.078983024 -0.797196150 0.906491816 -0.040119532 0.420312911 217.058609009
0.422450572 0.070920795 -0.903607130 181.102584839 0.010029063 0.996507406 0.082901061 -0.721843243 0.906330466 -0.044084005 0.420263767 217.458694458
0.422702461 0.074624553 -0.903190970 180.246765137 0.010435558 0.996137202 0.087188140 -0.638279080 0.906208456 -0.046280023 0.420290917 217.851470947
0.422620296 0.076853842 -0.903042316 179.382202148 0.010407356 0.995920837 0.089629009 -0.557275653 0.906246901 -0.047277395 0.420096517 218.250900269
0.422580957 0.077548057 -0.903001428 178.524688721 0.008352340 0.995957196 0.089439712 -0.485853553 0.906286657 -0.045337770 0.420224816 218.647216797
0.422968328 0.077680662 -0.902808547 177.675933838 0.005331856 0.996088088 0.088204838 -0.409665138 0.906128705 -0.042121574 0.420899630 219.035797119
0.423375934 0.075747609 -0.902781844 176.827148438 0.005401179 0.996269703 0.086124755 -0.346984088 0.905938029 -0.041339312 0.421387523 219.425567627
0.423401207 0.075462915 -0.902793825 175.980804443 0.005541421 0.996290326 0.085877106 -0.268813014 0.905925214 -0.041363318 0.421412408 219.820388794
0.422843784 0.075590268 -0.903044462 175.131515503 0.005237152 0.996294498 0.085848227 -0.200926125 0.906187534 -0.041029852 0.420881063 220.217437744
0.422708213 0.076087229 -0.903066099 174.285720825 0.006642169 0.996182501 0.087041877 -0.132571027 0.906241357 -0.042791709 0.420589119 220.615753174
0.421802551 0.076549686 -0.903450429 173.439346313 0.005586416 0.996191263 0.087015942 -0.076667078 0.906670511 -0.041750669 0.419768393 221.001937866
0.421825647 0.077281177 -0.903377354 172.589279175 0.004612554 0.996165037 0.087372795 0.001114227 0.906665266 -0.041023038 0.419851542 221.382049561
0.422015727 0.077169642 -0.903298259 171.738143921 0.006275157 0.996098042 0.088029474 0.079712532 0.906566799 -0.042818237 0.419884890 221.783355713
0.422188610 0.076105125 -0.903307736 170.896408081 0.009623499 0.996037185 0.088415682 0.147749767 0.906457007 -0.046021149 0.419783175 222.180343628
0.421985745 0.074066743 -0.903571904 170.058029175 0.009233121 0.996254385 0.085976176 0.213392079 0.906555414 -0.044623584 0.419721246 222.556976318
0.420849204 0.067370780 -0.904625475 169.217025757 0.010443643 0.996812403 0.079094984 0.272509158 0.907070577 -0.042734731 0.418804079 222.941070557
0.419078290 0.062616147 -0.905788422 168.379745483 0.011738412 0.997162104 0.074363798 0.329893172 0.907874227 -0.041796837 0.417153984 223.318466187
0.418180466 0.063119173 -0.906168282 167.541641235 0.014743373 0.996979833 0.076248564 0.386954069 0.908244252 -0.045245707 0.415986866 223.712142944
0.417564929 0.067776613 -0.906115830 166.695297241 0.013019128 0.996665597 0.080549359 0.460608482 0.908553720 -0.045431498 0.415290147 224.088088989
0.416792691 0.069465004 -0.906343400 165.867843628 0.009332929 0.996696234 0.080681883 0.524413109 0.908953547 -0.042086534 0.414767414 224.450927734
0.415909916 0.068149731 -0.906848609 165.050552368 0.008865586 0.996836841 0.078978509 0.580280006 0.909362495 -0.040887766 0.413990200 224.812942505
0.414679706 0.066478148 -0.907535970 164.255325317 0.012262763 0.996829093 0.078622304 0.630628645 0.909884751 -0.043732047 0.412549555 225.180801392
0.413489103 0.066945381 -0.908044696 163.454483032 0.012652134 0.996774614 0.079248399 0.698702991 0.910421252 -0.044257130 0.411308408 225.531585693
0.412296087 0.068222858 -0.908491910 162.678466797 0.012794109 0.996660352 0.080650225 0.763345718 0.910960019 -0.044875193 0.410046279 225.874298096
0.409623146 0.067430571 -0.909759283 161.919952393 0.014557902 0.996654212 0.080426008 0.811897397 0.912138641 -0.046188615 0.407270938 226.200241089
0.405936569 0.067228556 -0.911425173 161.179870605 0.014929226 0.996669710 0.080165759 0.862721145 0.913779318 -0.046149161 0.403580964 226.516418457
0.401806265 0.068488441 -0.913159966 160.481750488 0.013505943 0.996647477 0.080693111 0.908561587 0.915625095 -0.044756159 0.399534106 226.819198608
0.395760924 0.068705261 -0.915780008 159.859786987 0.013643121 0.996647656 0.080668360 0.954188585 0.918252289 -0.044419561 0.393496901 227.066543579
0.389190257 0.071108237 -0.918408692 159.263351440 0.012032378 0.996538579 0.082256496 0.997942388 0.921078622 -0.043064132 0.386987448 227.301879883
0.381097108 0.072299451 -0.921703637 158.694519043 0.011250397 0.996501207 0.082818456 1.031941056 0.924466550 -0.041931491 0.378950268 227.526657104
0.372146457 0.071492434 -0.925416648 158.134658813 0.010870831 0.996625006 0.081365295 1.075126886 0.928110242 -0.040339924 0.370113254 227.733703613
0.361266464 0.066555984 -0.930084288 157.619827271 0.014305629 0.996936381 0.076896608 1.098629355 0.932352901 -0.041085683 0.359207571 227.924377441
0.346682668 0.060775205 -0.936011493 157.071929932 0.019840958 0.997200251 0.072097048 1.117609978 0.937772572 -0.043566242 0.344506234 228.124038696
0.327222943 0.056807205 -0.943238080 156.540176392 0.024825640 0.997329950 0.068677410 1.152655363 0.944620967 -0.045889389 0.324938983 228.291931152
0.302054256 0.057671346 -0.951544583 155.986709595 0.025888834 0.997303963 0.068662874 1.190798283 0.952939153 -0.045374371 0.299746871 228.424880981
0.272979558 0.062525719 -0.959985793 155.430511475 0.024743427 0.997099161 0.071979076 1.228317738 0.961701691 -0.043402247 0.270640612 228.544219971
0.241319016 0.067283280 -0.968110561 154.875671387 0.023534382 0.996894419 0.075150207 1.275769830 0.970160365 -0.040919129 0.238986105 228.636322021
0.208240956 0.070789553 -0.975512624 154.294128418 0.023434069 0.996729970 0.077331766 1.313372970 0.977796853 -0.038963962 0.205901131 228.718429565
0.173607424 0.073442228 -0.982072651 153.713729858 0.023334868 0.996628702 0.078655899 1.363882184 0.984538436 -0.036571864 0.171308354 228.793243408
0.137663007 0.075340576 -0.987609684 153.140365601 0.024280826 0.996546507 0.079406932 1.399685383 0.990181565 -0.034911461 0.135358274 228.857360840
0.102394447 0.076423198 -0.991803825 152.575897217 0.024922837 0.996534348 0.079360835 1.438227892 0.994431615 -0.032844763 0.100134879 228.882324219
0.067660928 0.077783614 -0.994671643 152.036270142 0.026231106 0.996472955 0.079708889 1.468021274 0.997363508 -0.031484596 0.065381922 228.879684448
0.031706195 0.078454792 -0.996413350 151.510528564 0.027403872 0.996471584 0.079331450 1.501182914 0.999121547 -0.029820971 0.029444326 228.875656128
-0.003190237 0.078289047 -0.996925712 150.940658569 0.025957212 0.996601224 0.078180589 1.534964442 0.999658048 -0.025628086 -0.005211519 228.823928833
-0.035427365 0.077811606 -0.996338546 150.359420776 0.023442641 0.996754646 0.077010617 1.577177286 0.999097407 -0.020628618 -0.037136544 228.746597290
-0.063046716 0.078629628 -0.994908273 149.759017944 0.021604132 0.996765494 0.077407420 1.621497750 0.997776687 -0.016613923 -0.064541519 228.698410034
-0.086304717 0.081496626 -0.992929935 149.129058838 0.021933209 0.996562481 0.079888433 1.668347239 0.996027470 -0.014883484 -0.087795436 228.626434326
-0.104936138 0.086644389 -0.990697324 148.524215698 0.021545365 0.996161699 0.084840246 1.712752819 0.994245589 -0.012442209 -0.106400110 228.542434692
-0.119258307 0.091936111 -0.988597751 147.910491943 0.020291565 0.995721400 0.090150811 1.765135646 0.992655873 -0.009309040 -0.120613553 228.445281982
-0.131338492 0.092724890 -0.986991644 147.300979614 0.017706752 0.995676577 0.091184668 1.814877629 0.991179585 -0.005500450 -0.132412493 228.335571289
-0.141087934 0.093288727 -0.985592067 146.689331055 0.016713446 0.995632946 0.091846645 1.860362530 0.989856064 -0.003514268 -0.142031044 228.239898682
-0.146906495 0.093564644 -0.984715283 146.095840454 0.016370934 0.995609879 0.092157543 1.909121633 0.989014983 -0.002582252 -0.147793323 228.141815186
-0.149605095 0.093525037 -0.984312713 145.484024048 0.017293021 0.995611548 0.091970325 1.969925165 0.988594651 -0.003262597 -0.150565952 228.044601440
-0.151270866 0.093909681 -0.984021485 144.866088867 0.019335546 0.995567679 0.092039257 2.028037786 0.988303304 -0.005103826 -0.152416080 227.943115234
-0.153025761 0.092694804 -0.983865321 144.230056763 0.021040782 0.995671093 0.090534553 2.085418463 0.987998247 -0.006847259 -0.154313639 227.842178345
-0.153582707 0.090117723 -0.984018087 143.596527100 0.021958202 0.995898008 0.087778598 2.134761333 0.987891972 -0.008126080 -0.154931560 227.736526489
-0.153805211 0.087249056 -0.984241545 142.953247070 0.024321895 0.996126413 0.084501930 2.187543392 0.987801731 -0.010941861 -0.155331478 227.649444580
-0.153890952 0.086233877 -0.984317720 142.291931152 0.025311345 0.996201515 0.083317801 2.248705864 0.987763584 -0.012092629 -0.155489042 227.549133301
-0.152552217 0.087562725 -0.984408736 141.601318359 0.026195118 0.996075630 0.084541127 2.299951792 0.987948120 -0.012889838 -0.154247239 227.444015503
-0.151358128 0.090779327 -0.984301746 140.876098633 0.026914325 0.995783269 0.087699622 2.371428490 0.988112569 -0.013217843 -0.153163165 227.345108032
-0.149556294 0.091943577 -0.984468937 140.118057251 0.026612327 0.995680690 0.088947907 2.440276861 0.988394856 -0.012896363 -0.151357204 227.220565796
-0.147159502 0.089700215 -0.985037029 139.311828613 0.024743419 0.995901525 0.086993091 2.503590822 0.988803208 -0.011571400 -0.148775890 227.092849731
-0.144283921 0.084511958 -0.985920846 138.425964355 0.023535008 0.996357501 0.081962422 2.560038328 0.989256442 -0.011377880 -0.145747304 226.960556030
-0.140726745 0.079888240 -0.986820221 137.534347534 0.025968716 0.996694088 0.076984338 2.620911837 0.989708006 -0.014792778 -0.142336085 226.840011597
-0.137117058 0.079811789 -0.987334311 136.623443604 0.029431097 0.996636927 0.076476566 2.701566219 0.990117550 -0.018572170 -0.139004827 226.735641479
-0.132961512 0.081454560 -0.987768471 135.669158936 0.031590119 0.996459067 0.077919006 2.767894983 0.990617752 -0.020843582 -0.135063842 226.622375488
-0.129110605 0.082447022 -0.988196909 134.714538574 0.032490481 0.996354282 0.078882702 2.845434666 0.991097808 -0.021922477 -0.131318703 226.523391724
-0.125639915 0.083213761 -0.988579869 133.742996216 0.032563809 0.996284962 0.079723820 2.917779207 0.991541445 -0.022175513 -0.127882957 226.419311523
-0.122556955 0.084612921 -0.988848031 132.780624390 0.032678932 0.996162951 0.081188686 2.990277290 0.991923332 -0.022364339 -0.124851704 226.321350098
-0.119998887 0.084393710 -0.989180565 131.821121216 0.032237329 0.996186137 0.081080727 3.072579145 0.992250562 -0.022159029 -0.122261867 226.199020386
-0.118147001 0.082601160 -0.989554584 130.842422485 0.035116367 0.996258438 0.078968115 3.150794029 0.992374957 -0.025419800 -0.120605625 226.080871582
-0.117085144 0.080652706 -0.989841461 129.858795166 0.039515287 0.996285975 0.076503731 3.221956253 0.992335379 -0.030156501 -0.119837195 225.968811035
-0.117092721 0.075469024 -0.990249276 128.871353149 0.040259656 0.996649504 0.071196333 3.288891554 0.992304683 -0.031530607 -0.119738705 225.853652954
-0.117242426 0.070572130 -0.990592778 127.887611389 0.042266455 0.996922672 0.066020682 3.360829592 0.992203534 -0.034128509 -0.119864449 225.739929199
-0.117148511 0.070299312 -0.990623176 126.877502441 0.043201711 0.996907949 0.065636456 3.404357910 0.992174208 -0.035107486 -0.119823359 225.617874146
-0.117295533 0.074979708 -0.990262568 125.867141724 0.040128652 0.996689141 0.070713185 3.463160753 0.992285967 -0.031443637 -0.119916089 225.477325439
-0.117547393 0.083977729 -0.989510119 124.852142334 0.037964627 0.996069670 0.080024533 3.532392025 0.992341280 -0.028159782 -0.120273568 225.349212646
-0.118879318 0.091468394 -0.988686740 123.833160400 0.036165558 0.995485902 0.087748960 3.602962971 0.992249787 -0.025324941 -0.121650696 225.222564697
-0.120632119 0.092379399 -0.988389671 122.831153870 0.036891963 0.995389998 0.088531122 3.672117233 0.992011607 -0.025784016 -0.123484045 225.090454102
-0.123052403 0.087644026 -0.988522470 121.840644836 0.037872508 0.995781660 0.083573289 3.745556831 0.991677344 -0.027154017 -0.125852555 224.965515137
-0.124782771 0.080604464 -0.988904536 120.848716736 0.038954556 0.996324122 0.076293886 3.809319973 0.991419196 -0.029002246 -0.127464011 224.839599609
-0.127338976 0.078100398 -0.988779783 119.845169067 0.040151812 0.996483803 0.073538080 3.874513388 0.991046369 -0.030337121 -0.130027100 224.735275269
-0.129369631 0.078939930 -0.988449156 118.852943420 0.040659986 0.996410131 0.074254125 3.941076994 0.990762353 -0.030584177 -0.132114902 224.605148315
-0.131593436 0.081189357 -0.987973392 117.843933105 0.040696166 0.996242702 0.076448433 4.004144669 0.990468085 -0.030146705 -0.134403139 224.458770752
-0.133251533 0.085781805 -0.987362921 116.831375122 0.040251311 0.995893598 0.081090823 4.066515446 0.990264535 -0.028937265 -0.136157081 224.328582764
-0.134139538 0.090415977 -0.986828923 115.816467285 0.039772131 0.995517731 0.085805885 4.139677048 0.990163922 -0.027738404 -0.137134358 224.203781128
-0.135447025 0.091108114 -0.986586750 114.812461853 0.038802356 0.995486975 0.086602964 4.204420567 0.990024388 -0.026551841 -0.138371021 224.054656982
-0.136678666 0.087313630 -0.986760080 113.816619873 0.036802068 0.995867968 0.083022065 4.273484707 0.989931643 -0.024967549 -0.139327258 223.881072998
-0.137185007 0.084596410 -0.986926377 112.816719055 0.038309794 0.996054113 0.080053724 4.323151112 0.989804208 -0.026826853 -0.139884472 223.733871460
-0.137606859 0.083989382 -0.986919582 111.815803528 0.040139798 0.996052682 0.079169981 4.399947643 0.989673316 -0.028720498 -0.140434965 223.589050293
-0.137387052 0.086697176 -0.986716032 110.804496765 0.041338518 0.995796025 0.081739224 4.460318089 0.989654541 -0.029559551 -0.140393317 223.445449829
-0.137152091 0.089734748 -0.986477256 109.796676636 0.041501299 0.995534301 0.084788695 4.539211273 0.989680469 -0.029311229 -0.140263781 223.298797607
-0.136735037 0.091475978 -0.986374915 108.795906067 0.043609515 0.995317757 0.086260073 4.609150887 0.989647269 -0.031220630 -0.140084073 223.156494141
-0.136573508 0.090006769 -0.986532569 107.810165405 0.041331775 0.995514452 0.085104406 4.682832718 0.989767253 -0.029152218 -0.139680982 223.017913818
-0.136153296 0.087530710 -0.986813426 106.825698853 0.040941082 0.995735347 0.082673393 4.739789486 0.989841461 -0.029145036 -0.139156207 222.869781494
-0.135390624 0.084540747 -0.987178922 105.856216431 0.042864319 0.995920002 0.079410583 4.825481415 0.989864647 -0.031563394 -0.138461947 222.732940674
-0.134550557 0.080417320 -0.987637997 104.874183655 0.045149244 0.996163905 0.074960679 4.869100571 0.989877462 -0.034505188 -0.137665078 222.591690063
-0.134106725 0.079237819 -0.987793863 103.893554688 0.045210265 0.996249378 0.073778220 4.938247204 0.989934981 -0.034764335 -0.137186170 222.457809448
-0.133702651 0.082445338 -0.987586081 102.895606995 0.046138085 0.995970786 0.076899037 5.001369953 0.989946902 -0.035283808 -0.136967808 222.331954956
-0.133064777 0.086320207 -0.987341166 101.898612976 0.050666180 0.995489895 0.080204353 5.073909760 0.989811361 -0.039352514 -0.136838213 222.199371338
-0.132847801 0.087457851 -0.987270176 100.917678833 0.048872292 0.995465577 0.081607595 5.123383522 0.989930689 -0.037408851 -0.136519715 222.063293457
-0.132616758 0.086903691 -0.987350404 99.941390991 0.047317799 0.995568097 0.081271552 5.202549934 0.990037382 -0.035941362 -0.136141181 221.925186157
-0.132529125 0.086625643 -0.987386346 98.963005066 0.049446799 0.995511055 0.080701649 5.268267632 0.989944875 -0.038127862 -0.136217490 221.800521851
-0.132960588 0.085966423 -0.987386167 97.987411499 0.051026050 0.995503902 0.079802148 5.339048862 0.989806950 -0.039771959 -0.136749238 221.670150757
-0.133218020 0.085271344 -0.987411499 97.015060425 0.050003916 0.995601237 0.079232298 5.399811745 0.989824414 -0.038819343 -0.136895984 221.529907227
-0.134494662 0.087660685 -0.987029374 96.034202576 0.052616280 0.995305955 0.081226215 5.470057487 0.989516556 -0.041009404 -0.138475701 221.403198242
-0.135934472 0.090764686 -0.986551344 95.056190491 0.053921044 0.994996309 0.084112056 5.537369728 0.989249349 -0.041762222 -0.140148342 221.265518188
-0.138304502 0.091823809 -0.986123860 94.097602844 0.053799991 0.994919062 0.085097365 5.601556778 0.988927484 -0.041284181 -0.142541945 221.119598389
-0.140642092 0.091775484 -0.985797584 93.127281189 0.052222360 0.994995952 0.085181415 5.667300701 0.988682270 -0.039500680 -0.144731015 220.972534180
-0.143611595 0.092580862 -0.985294223 92.165870667 0.051464632 0.994966090 0.085988507 5.730127811 0.988295257 -0.038358942 -0.147653401 220.818466187
-0.145400137 0.093478613 -0.984947085 91.187278748 0.050837904 0.994917333 0.086920135 5.808180809 0.988065958 -0.037434526 -0.149413377 220.669784546
-0.148366779 0.094064109 -0.984448671 90.228134155 0.049515128 0.994924188 0.087602638 5.880606651 0.987692058 -0.035747860 -0.152271226 220.532241821
-0.150307953 0.093107633 -0.984245062 89.282394409 0.046909142 0.995105743 0.086971402 5.953120708 0.987525642 -0.033097677 -0.153939918 220.382705688
-0.152221829 0.092109688 -0.984044909 88.343414307 0.047387049 0.995182872 0.085822016 6.027906895 0.987209857 -0.033567086 -0.155853271 220.240524292
-0.153813958 0.091751888 -0.983830512 87.418243408 0.048382103 0.995184481 0.085246645 6.086990356 0.986914515 -0.034487743 -0.157512426 220.104537964
-0.154753983 0.091309689 -0.983724356 86.486732483 0.048683148 0.995214999 0.084717751 6.150275230 0.986752808 -0.034780465 -0.158458710 219.952072144
-0.156027362 0.091222368 -0.983531475 85.569419861 0.047287673 0.995274425 0.084809870 6.215771198 0.986620307 -0.033276334 -0.159603745 219.815322876
-0.156291753 0.091723070 -0.983442783 84.662376404 0.047543235 0.995223224 0.085266143 6.276412010 0.986566126 -0.033429734 -0.159906030 219.663589478
-0.156041563 0.092423320 -0.983416915 83.768218994 0.046386763 0.995199919 0.086170450 6.339753151 0.986660719 -0.032171436 -0.159579813 219.506347656
-0.154640794 0.092254415 -0.983654022 82.876167297 0.042576451 0.995328069 0.086655885 6.400247574 0.987052917 -0.028480044 -0.157846212 219.359283447
-0.152792454 0.092928544 -0.983879328 82.015541077 0.041750394 0.995287240 0.087522425 6.453215122 0.987376094 -0.027704667 -0.155952215 219.218002319
-0.149203345 0.093801796 -0.984347403 81.170257568 0.040807083 0.995226264 0.088653177 6.514678478 0.987964213 -0.026941076 -0.152318850 219.083282471
-0.144010395 0.094238907 -0.985078692 80.345436096 0.040379688 0.995185673 0.089302681 6.575728893 0.988752067 -0.026916727 -0.147122443 218.943649292
-0.137055382 0.094436429 -0.986051381 79.555931091 0.039292175 0.995180011 0.089849360 6.633726597 0.989783645 -0.026429839 -0.140105382 218.818649292
-0.127955243 0.094080232 -0.987307787 78.824363708 0.036822312 0.995254934 0.090065405 6.685501099 0.991096318 -0.024830701 -0.130812347 218.712753296
-0.116474219 0.093452737 -0.988787472 78.184234619 0.034758471 0.995337069 0.089977466 6.738936901 0.992585421 -0.023888774 -0.119179487 218.601364136
-0.101184607 0.092038497 -0.990601182 77.587417603 0.034325030 0.995441556 0.088982187 6.788251400 0.994275570 -0.024998883 -0.103882596 218.483520508
-0.082655229 0.091675989 -0.992352664 77.000991821 0.033972763 0.995440304 0.089131646 6.827758312 0.995999157 -0.026345856 -0.085392788 218.437103271
-0.060774609 0.091245681 -0.993972182 76.405067444 0.032824412 0.995456994 0.089375056 6.872018337 0.997611582 -0.027194893 -0.063493572 218.423339844
-0.035177577 0.091137543 -0.995216846 75.796302795 0.030383244 0.995470345 0.090086892 6.925385475 0.998918951 -0.027068958 -0.037787337 218.406753540
-0.007412759 0.091318689 -0.995794296 75.204536438 0.027511861 0.995463133 0.091083601 6.974382401 0.999594033 -0.026721057 -0.009891515 218.394699097
0.021484565 0.091686666 -0.995556176 74.635971069 0.024216879 0.995446026 0.092199214 7.019341469 0.999475837 -0.026090201 0.019166380 218.415557861
0.054971900 0.090457954 -0.994382024 74.056526184 0.021993853 0.995536566 0.091778927 7.061513901 0.998245776 -0.026915645 0.052737009 218.443252563
0.090859026 0.088520996 -0.991921902 73.473175049 0.016307529 0.995775759 0.090358779 7.099620819 0.995730460 -0.024385795 0.089031637 218.503082275
0.128807306 0.086053312 -0.987928808 72.906440735 0.009919232 0.996066213 0.088055477 7.148133755 0.991620004 -0.021141758 0.127447024 218.568679810
0.170705691 0.084296495 -0.981709540 72.342239380 0.003542006 0.996274769 0.086163156 7.175338745 0.985315681 -0.018185847 0.169771194 218.666000366
0.214343369 0.082868002 -0.973236799 71.801818848 -0.003563548 0.996454298 0.084060170 7.218708038 0.976751804 -0.014549640 0.213878617 218.787765503
0.263375521 0.082001626 -0.961201906 71.265975952 -0.011673640 0.996578634 0.081821121 7.251490116 0.964622617 -0.010329028 0.263431668 218.917449951
0.314096361 0.082094789 -0.945835114 70.723800659 -0.023035390 0.996619999 0.078853160 7.296167850 0.949111581 -0.002979899 0.314925849 219.119064331
0.366660565 0.081220627 -0.926802754 70.170417786 -0.026622958 0.996689975 0.076812781 7.332412243 0.929973781 -0.003490072 0.367609292 219.385986328
0.421208113 0.082113653 -0.903239310 69.670562744 -0.030927392 0.996614277 0.076180145 7.373451233 0.906436682 -0.004152939 0.422321618 219.649780273
0.475759804 0.083622240 -0.875591278 69.160392761 -0.034837861 0.996480823 0.076238319 7.400788784 0.878885150 -0.005767489 0.476998717 219.963119507
0.528943837 0.083628818 -0.844526350 68.702400208 -0.038101505 0.996469557 0.074811317 7.445415497 0.847801208 -0.007393347 0.530262887 220.323181152
0.579349637 0.082873799 -0.810855031 68.248451233 -0.040166430 0.996511817 0.073150456 7.465504646 0.814088881 -0.009810586 0.580657363 220.690093994
0.626483142 0.080975927 -0.775217354 67.812507629 -0.043373249 0.996669471 0.069056444 7.498233318 0.778227270 -0.009639074 0.627908647 221.099868774
0.670479178 0.078326397 -0.737782061 67.420448303 -0.048453089 0.996911526 0.061803911 7.523972511 0.740344346 -0.005690483 0.672203660 221.532196045
0.710894346 0.076094359 -0.699170172 67.029655457 -0.057703495 0.997088552 0.049847454 7.549313068 0.700927675 0.004908230 0.713215470 221.959548950
0.749061406 0.070622019 -0.658725560 66.650520325 -0.060421105 0.997440696 0.038228780 7.586732388 0.659739435 0.011165165 0.751411438 222.442657471
0.784529686 0.064563617 -0.616720915 66.332710266 -0.056453101 0.997871220 0.032651987 7.603393555 0.617516160 0.009199310 0.786504328 222.941833496
0.817705274 0.060412280 -0.572458208 66.007148743 -0.053063981 0.998154163 0.029539615 7.607001305 0.573186040 0.006222164 0.819401562 223.490295410
0.847798467 0.059079368 -0.527017474 65.683525085 -0.052770976 0.998241246 0.027013220 7.618951321 0.527686477 0.004909414 0.849425018 224.070251465
0.873922467 0.058641803 -0.482514799 65.439430237 -0.053899311 0.998265028 0.023701612 7.628620148 0.483067542 0.005293796 0.875567019 224.619750977
0.897104025 0.058113493 -0.437980801 65.186622620 -0.053962708 0.998302042 0.021929728 7.640900612 0.438511521 0.003961337 0.898716748 225.208892822
0.917368948 0.057206117 -0.393905789 64.943443298 -0.053828068 0.998357236 0.019629285 7.638533115 0.394381553 0.003195851 0.918941200 225.833465576
0.934701562 0.057276107 -0.350788027 64.737609863 -0.055225309 0.998347998 0.015856959 7.637981415 0.351116657 0.004550816 0.936320603 226.474517822
0.949241638 0.056248248 -0.309477627 64.530303955 -0.055666313 0.998391867 0.010718567 7.649221897 0.309582829 0.007052936 0.950846374 227.149673462
0.960417926 0.051490575 -0.273762792 64.391288757 -0.052432094 0.998616934 0.003882131 7.633709908 0.273584038 0.010625461 0.961789429 227.805618286
0.968937993 0.046911400 -0.242813572 64.239295959 -0.049357098 0.998773217 -0.003994726 7.636587143 0.242328256 0.015855189 0.970064700 228.499618530
0.975342155 0.045729533 -0.215908915 64.107833862 -0.048526186 0.998792470 -0.007666059 7.631874561 0.215297580 0.017954241 0.976383328 229.178970337
0.980072141 0.044780917 -0.193528131 63.980949402 -0.046937030 0.998876274 -0.006567199 7.629763126 0.193016499 0.015519945 0.981072664 229.876663208
0.983772099 0.043099623 -0.174168840 63.841907501 -0.043803170 0.999040186 -0.000194881 7.619632721 0.173993200 0.007820847 0.984715760 230.608444214
0.986529052 0.043415889 -0.157719225 63.733814240 -0.043009546 0.999056637 0.005991092 7.617043495 0.157830492 0.000873024 0.987465799 231.339675903
0.988522410 0.041686218 -0.145208478 63.631557465 -0.040953815 0.999128819 0.008031774 7.608534813 0.145416722 -0.001992767 0.989368439 232.054306030
0.989904642 0.036922634 -0.136840940 63.540340424 -0.036193475 0.999314308 0.007814709 7.601962090 0.137035593 -0.002783086 0.990562201 232.744476318
0.990743279 0.032168657 -0.131881401 63.464656830 -0.031769760 0.999482036 0.005129279 7.599980354 0.131978065 -0.000891974 0.991252184 233.406768799
0.991275489 0.029025275 -0.128570393 63.384883881 -0.028916636 0.999578178 0.002713052 7.602881432 0.128594846 0.001028425 0.991696715 234.038223267
0.991467476 0.028663445 -0.127163336 63.294624329 -0.028751118 0.999585927 0.001147537 7.600878239 0.127143502 0.002518325 0.991881132 234.690353394
0.991580248 0.027892377 -0.126454130 63.202930450 -0.027913161 0.999608994 0.001609110 7.600556850 0.126449525 0.001934155 0.991971195 235.346618652
0.991784096 0.028253060 -0.124764875 63.125045776 -0.028034249 0.999600828 0.003510689 7.604687691 0.124814212 0.000015828 0.992180049 235.999114990
0.991988122 0.024468312 -0.123938784 63.040969849 -0.024073683 0.999699235 0.004682025 7.605786324 0.124016024 -0.001660866 0.992278755 236.657653809
0.992000341 0.023452094 -0.124036811 62.955646515 -0.023445211 0.999723971 0.001516592 7.597418308 0.124038100 0.001403592 0.992276430 237.297866821
0.992034853 0.022497855 -0.123937763 62.868888855 -0.023134794 0.999725521 -0.003701009 7.596820831 0.123820446 0.006538788 0.992282987 237.962844849
0.992114425 0.017567186 -0.124097236 62.803970337 -0.018712800 0.999792218 -0.008070762 7.602196217 0.123929650 0.010329312 0.992237151 238.625320435
0.992181480 0.007910911 -0.124552213 62.713466644 -0.009242753 0.999906063 -0.010117624 7.578670979 0.124460429 0.011189708 0.992161393 239.319076538
0.992139399 0.000206379 -0.125136688 62.631858826 -0.001461441 0.999949515 -0.009936644 7.559535980 0.125128269 0.010041400 0.992089629 240.028884888
0.991949499 -0.005075930 -0.126532197 62.527088165 0.004359810 0.999972880 -0.005934733 7.547236443 0.126558840 0.005335282 0.991944790 240.798446655
0.991620541 -0.004719341 -0.129099026 62.401626587 0.004789261 0.999988496 0.000232307 7.527674198 0.129096404 -0.000848666 0.991631746 241.700073242
0.991353989 -0.003002930 -0.131180406 62.286945343 0.004008299 0.999964535 0.007401766 7.525391102 0.131153494 -0.007863596 0.991330862 242.637283325
0.991099954 0.002307346 -0.133100182 62.146781921 -0.000759568 0.999931514 0.011679372 7.512395382 0.133117989 -0.011474344 0.991033733 243.586120605
0.990911126 0.006950950 -0.134338200 62.009262085 -0.005115729 0.999888837 0.014002654 7.514093399 0.134420559 -0.013188165 0.990836561 244.537475586
0.990748167 0.011463914 -0.135227934 61.867961884 -0.009621020 0.999851823 0.014274813 7.518959999 0.135371506 -0.012841732 0.990711629 245.487182617
0.990661860 0.013344821 -0.135686606 61.726150513 -0.011972679 0.999868631 0.010924709 7.516333103 0.135814518 -0.009198178 0.990691602 246.432693481
0.990581214 0.012604676 -0.136344820 61.590824127 -0.012211259 0.999918461 0.003722563 7.504859447 0.136380568 -0.002022577 0.990654349 247.362899780
0.990500450 0.012663215 -0.136924788 61.444061279 -0.012912477 0.999916196 -0.000931280 7.496501446 0.136901453 0.002690453 0.990580976 248.312652588
0.990511835 0.013436737 -0.136768728 61.300544739 -0.013719733 0.999905229 -0.001125614 7.484787464 0.136740595 0.002991347 0.990602314 249.281555176
0.990525424 0.015398569 -0.136463225 61.155357361 -0.015221192 0.999881387 0.002344320 7.477030754 0.136483073 -0.000244993 0.990642250 250.251892090
0.990634501 0.017200883 -0.135452285 61.023532867 -0.016681446 0.999848485 0.004970060 7.460157394 0.135517240 -0.002663990 0.990771353 251.240615845
0.990672886 0.019903259 -0.134799719 60.892013550 -0.019008953 0.999787927 0.007919363 7.460199356 0.134928703 -0.005283115 0.990841269 252.229400635
0.990779340 0.021656768 -0.133742586 60.748931885 -0.020380270 0.999732792 0.010907345 7.455189228 0.133943021 -0.008081079 0.990956008 253.230758667
0.990931094 0.022783108 -0.132425189 60.608940125 -0.021532740 0.999709010 0.010867764 7.464908123 0.132634208 -0.007917746 0.991133451 254.232833862
0.991017520 0.021206670 -0.132039860 60.471008301 -0.020559389 0.999768972 0.006264782 7.465600014 0.132142171 -0.003493867 0.991224647 255.229965210
0.990913868 0.021356292 -0.132791489 60.325885773 -0.021804664 0.999760330 -0.001921953 7.455985546 0.132718578 0.004799945 0.991142154 256.219085693
0.990881205 0.019804843 -0.133275002 60.193786621 -0.020594046 0.999777555 -0.004544490 7.437259674 0.133155331 0.007247705 0.991068602 257.234558105
0.990690827 0.019722754 -0.134694621 60.050628662 -0.019924510 0.999801457 -0.000148802 7.426044941 0.134664908 0.002831124 0.990887046 258.247589111
0.990531504 0.018548854 -0.136026740 59.920768738 -0.017879046 0.999821246 0.006145291 7.402777195 0.136116385 -0.003655092 0.990685999 259.259796143
0.990426898 0.018463163 -0.136797264 59.781871796 -0.017564051 0.999815464 0.007777868 7.385043621 0.136915565 -0.005300713 0.990568459 260.268402100
0.990227818 0.018071033 -0.138283342 59.628742218 -0.017519765 0.999832988 0.005203813 7.377984047 0.138354227 -0.002730287 0.990379035 261.268493652
0.990097880 0.017206725 -0.139319986 59.489425659 -0.017057978 0.999851942 0.002262826 7.375247478 0.139338255 0.000136080 0.990244806 262.279937744
0.989934206 0.017582644 -0.140432164 59.353881836 -0.017577704 0.999844670 0.001276723 7.372970104 0.140432760 0.001204588 0.990089417 263.292205811
0.989803314 0.017669862 -0.141340896 59.215156555 -0.017576203 0.999843657 0.001912107 7.365077972 0.141352519 0.000591609 0.989959002 264.311462402
0.989776134 0.018152256 -0.141470075 59.073795319 -0.017875612 0.999835014 0.003227199 7.351806641 0.141505256 -0.000665357 0.989937127 265.333038330
0.989678741 0.020864425 -0.141776964 58.922058105 -0.020404840 0.999780715 0.004695851 7.342249393 0.141843826 -0.001754466 0.989887416 266.362304688
0.989682376 0.021978244 -0.141583338 58.773571014 -0.021278959 0.999752700 0.006452365 7.335038662 0.141690105 -0.003373062 0.989905238 267.397613525
0.989688635 0.022266738 -0.141494229 58.622085571 -0.021415742 0.999742270 0.007535487 7.329098701 0.141625509 -0.004427598 0.989910305 268.434936523
0.989643753 0.021825321 -0.141876623 58.463615417 -0.021030495 0.999753535 0.007100500 7.338002205 0.141996592 -0.004043248 0.989858806 269.479675293
0.989673376 0.020063151 -0.141930044 58.322757721 -0.019649148 0.999797523 0.004319017 7.334802151 0.141987965 -0.001485629 0.989867151 270.499908447
0.989624739 0.020396937 -0.142221302 58.174537659 -0.020288762 0.999791682 0.002211852 7.316238403 0.142236724 0.000696573 0.989832342 271.526794434
0.989466608 0.020601369 -0.143287793 58.023479462 -0.020646024 0.999786139 0.001176361 7.323663235 0.143281370 0.001794335 0.989680350 272.565368652
0.989386141 0.019336358 -0.144018218 57.881916046 -0.019440155 0.999810696 0.000687615 7.308833599 0.144004211 0.002119400 0.989574730 273.594757080
0.989219487 0.019655857 -0.145114973 57.717666626 -0.020055149 0.999798000 -0.001288021 7.298183441 0.145060301 0.004184420 0.989413977 274.611511230
0.989151180 0.019786114 -0.145562872 57.569057465 -0.020208344 0.999794722 -0.001421427 7.281350136 0.145504832 0.004347571 0.989348054 275.639099121
0.989025891 0.021409180 -0.146182612 57.416877747 -0.021271240 0.999770522 0.002507885 7.274013519 0.146202743 0.000629104 0.989254415 276.656250000
0.988961816 0.022016328 -0.146525070 57.252609253 -0.021106087 0.999747038 0.007765133 7.273193359 0.146658912 -0.004586867 0.989176452 277.684600830
0.988957107 0.023111012 -0.146389082 57.093864441 -0.022061827 0.999717891 0.008787834 7.266444206 0.146550864 -0.005461199 0.989188075 278.703826904
0.989002347 0.025837593 -0.145624980 56.943347931 -0.025297984 0.999664545 0.005557424 7.257850170 0.145719647 -0.001812306 0.989324212 279.714202881
0.988940477 0.028989777 -0.145451903 56.787326813 -0.028863076 0.999578953 0.002982787 7.254167557 0.145477086 0.001248372 0.989360869 280.727508545
0.989118278 0.030144194 -0.144000456 56.630683899 -0.030124687 0.999543488 0.002317336 7.238745213 0.144004539 0.002045831 0.989574909 281.755737305
0.989251137 0.031542212 -0.142783836 56.480709076 -0.031457201 0.999500990 0.002854271 7.233062744 0.142802581 0.001667972 0.989749730 282.777069092
0.989306033 0.033423781 -0.141973361 56.313884735 -0.033127636 0.999441266 0.004450703 7.214645863 0.142042756 0.000300118 0.989860415 283.790985107
0.989311039 0.034536771 -0.141672134 56.156600952 -0.034148891 0.999403358 0.005169906 7.220068455 0.141766086 -0.000276716 0.989900053 284.796295166
0.989285409 0.036306184 -0.141408250 56.012516022 -0.035956416 0.999340713 0.005029711 7.205765247 0.141497582 0.000108696 0.989938498 285.807861328
0.989269078 0.037098009 -0.141316876 55.865283966 -0.037043866 0.999309123 0.003015751 7.197792053 0.141331077 0.002251517 0.989959717 286.812866211
0.989217281 0.038002513 -0.141438305 55.715076447 -0.038078189 0.999272406 0.002173378 7.181529999 0.141417935 0.003235754 0.989944577 287.803771973
0.989191830 0.039005153 -0.141343787 55.569309235 -0.039006922 0.999235153 0.002760190 7.183625221 0.141343296 0.002783012 0.989956617 288.817138672
0.989243984 0.040611718 -0.140523970 55.427154541 -0.040321916 0.999174654 0.004911150 7.169557571 0.140607417 0.000807852 0.990065038 289.834411621
0.989249885 0.041660864 -0.140174851 55.281536102 -0.041103061 0.999131262 0.006874439 7.159295559 0.140339419 -0.001038941 0.990102828 290.843933105
0.989097059 0.044429794 -0.140402883 55.137516022 -0.043819256 0.999011755 0.007439524 7.158351421 0.140594646 -0.001206079 0.990066469 291.843444824
0.989153743 0.041065134 -0.141026184 54.996551514 -0.040583946 0.999156356 0.006288700 7.147021294 0.141165406 -0.000497111 0.989985824 292.847808838
0.989061475 0.038548857 -0.142377481 54.862537384 -0.038023546 0.999256372 0.006410446 7.122248650 0.142518669 -0.000926645 0.989791572 293.848907471
0.988911629 0.037371043 -0.143725678 54.707481384 -0.036967963 0.999301434 0.005475929 7.127258778 0.143829927 -0.000101982 0.989602447 294.842498779
0.988599777 0.038840521 -0.145470724 54.549247742 -0.038695723 0.999243736 0.003826925 7.136097431 0.145509303 0.001845780 0.989355206 295.840637207
0.988335729 0.038400106 -0.147370398 54.400913239 -0.037987161 0.999262452 0.005617603 7.109151840 0.147477359 0.000046086 0.989065468 296.837341309
0.987928152 0.041571513 -0.149230763 54.246982574 -0.040251557 0.999119222 0.011856818 7.120241642 0.149592161 -0.005706932 0.988731265 297.847778320
0.987565160 0.044438671 -0.150798887 54.109149933 -0.042388443 0.998960197 0.016785683 7.140501976 0.151387960 -0.010184842 0.988421857 298.858459473
0.987068832 0.045697726 -0.153644651 53.950351715 -0.043387037 0.998889565 0.018361421 7.131786823 0.154313058 -0.011457819 0.987955451 299.854705811
0.986778617 0.043937016 -0.156004995 53.793972015 -0.041938357 0.998990774 0.016082503 7.134897232 0.156554088 -0.009327295 0.987625241 300.846771240
0.986438096 0.041669782 -0.158756047 53.647480011 -0.040373653 0.999119818 0.011383172 7.135293484 0.159090623 -0.004819253 0.987252176 301.824737549
0.986085176 0.039804004 -0.161405161 53.477325439 -0.039238423 0.999207437 0.006692359 7.124333382 0.161543578 -0.000265971 0.986865520 302.820312500
0.985644042 0.037652086 -0.164584622 53.317565918 -0.037114751 0.999290943 0.006340844 7.137213230 0.164706618 -0.000141318 0.986342490 303.799865723
0.985036314 0.036305401 -0.168479428 53.154163361 -0.035491474 0.999339223 0.007841709 7.130249023 0.168652773 -0.001744805 0.985673904 304.782745361
0.984281957 0.035681564 -0.172962099 52.959983826 -0.035310533 0.999362767 0.005223429 7.132792473 0.173038185 0.000966036 0.984914601 305.762237549
0.983416736 0.036322534 -0.177685067 52.784084320 -0.036244966 0.999336183 0.003684354 7.120318890 0.177700877 0.002816914 0.984080493 306.738342285
0.982510567 0.039333642 -0.182005167 52.588954926 -0.039250076 0.999221206 0.004063304 7.119005203 0.182023227 0.003151458 0.983289063 307.724090576
0.981660426 0.040515538 -0.186282828 52.395591736 -0.039758772 0.999178886 0.007798892 7.113943100 0.186445773 -0.000249510 0.982465208 308.700927734
0.980749547 0.040812649 -0.190957353 52.195999146 -0.039711326 0.999165118 0.009593041 7.097414017 0.191189393 -0.001825222 0.981551468 309.656585693
0.979660809 0.044889838 -0.195574716 52.009174347 -0.043496273 0.998988330 0.011417467 7.091514111 0.195889309 -0.002678497 0.980622351 310.634429932
0.978888631 0.045885757 -0.199177116 51.813331604 -0.044554755 0.998944581 0.011162580 7.088375568 0.199479058 -0.002052659 0.979900002 311.599548340
0.978259087 0.050645836 -0.201107219 51.599994659 -0.049298588 0.998715460 0.011705851 7.100852966 0.201441690 -0.001537075 0.979499280 312.570861816
0.977650404 0.057903670 -0.202105775 51.377975464 -0.056648023 0.998322129 0.011997135 7.092854023 0.202461317 -0.000280131 0.979290128 313.553710938
0.977302790 0.062698968 -0.202356368 51.166770935 -0.061457109 0.998032451 0.012421375 7.106519222 0.202736944 0.000296769 0.979233086 314.530792236
0.977180660 0.066090561 -0.201866329 50.950675964 -0.065319099 0.997809350 0.010488965 7.101989746 0.202117279 0.002936091 0.979356825 315.518157959
0.977337897 0.067919627 -0.200493157 50.740688324 -0.067365155 0.997682214 0.009595491 7.099792957 0.200680152 0.004128192 0.979648054 316.495880127
0.977756023 0.067850038 -0.198467925 50.539955139 -0.067406312 0.997685075 0.008999899 7.095313072 0.198619053 0.004578264 0.980066061 317.464019775
0.978399158 0.067934871 -0.195243403 50.329784393 -0.067177936 0.997685730 0.010504736 7.113415718 0.195505127 0.002838198 0.980698407 318.458770752
0.979227602 0.067928717 -0.191046610 50.136066437 -0.066980615 0.997688890 0.011424450 7.100050926 0.191381082 0.001609258 0.981514454 319.446197510
0.980194151 0.068671264 -0.185751513 49.932876587 -0.067375585 0.997639179 0.013287266 7.103662968 0.186225384 -0.000509007 0.982506931 320.445312500
0.981092334 0.070906818 -0.180083126 49.739273071 -0.069156229 0.997477651 0.015989676 7.097258091 0.180762604 -0.003233501 0.983521342 321.443786621
0.981843829 0.073583372 -0.174837396 49.554542542 -0.071792603 0.997282207 0.016554859 7.113408566 0.175580323 -0.003702278 0.984458148 322.436950684
0.982537210 0.076263294 -0.169719189 49.369205475 -0.074940279 0.997086942 0.014197974 7.109100819 0.170307547 -0.001231254 0.985390127 323.426605225
0.983335495 0.076930471 -0.164720148 49.196712494 -0.076379150 0.997031808 0.009688712 7.103543282 0.164976552 0.003053910 0.986292720 324.422698975
0.984265268 0.075742438 -0.159640208 49.035690308 -0.075733274 0.997109115 0.006151303 7.096767426 0.159644574 0.006035544 0.987156153 325.413909912
0.985155582 0.073012032 -0.155363262 48.879585266 -0.072782360 0.997322083 0.007174960 7.093803883 0.155471012 0.004239234 0.987831235 326.428161621
0.985940576 0.069072820 -0.152152106 48.718288422 -0.068522602 0.997610152 0.008863969 7.092298508 0.152400732 0.001686494 0.988317311 327.451141357
0.986612618 0.066042870 -0.149110153 48.566207886 -0.065431632 0.997816443 0.009007595 7.081521511 0.149379373 0.000869492 0.988779545 328.443969727
0.986795187 0.068453178 -0.146796867 48.408702850 -0.068057716 0.997651517 0.007721763 7.070572376 0.146980643 0.002370840 0.989136517 329.432006836
0.987205923 0.069122359 -0.143688917 48.243972778 -0.068744436 0.997605383 0.007600049 7.074985504 0.143870100 0.002374982 0.989593685 330.426818848
0.987834752 0.067110687 -0.140280291 48.100254059 -0.066664807 0.997744262 0.007881578 7.071731567 0.140492752 0.001566041 0.990080357 331.424041748
0.988062084 0.069567844 -0.137453854 47.937164307 -0.069270797 0.997573674 0.006950298 7.070078373 0.137603790 0.002654192 0.990483761 332.432037354
0.988078713 0.073228128 -0.135418206 47.788734436 -0.073110029 0.997306764 0.005852978 7.061341763 0.135482043 0.004117204 0.990771234 333.421447754
0.988139153 0.074253574 -0.134415194 47.651554108 -0.073811822 0.997237861 0.008274933 7.059792519 0.134658322 0.001744627 0.990890503 334.431335449
0.988438725 0.072504342 -0.133161098 47.518177032 -0.071409874 0.997362554 0.012984041 7.058963776 0.133751243 -0.003324934 0.991009295 335.445465088
0.988530159 0.072470255 -0.132499561 47.379913330 -0.071109854 0.997356057 0.014977792 7.057931423 0.133234635 -0.005383997 0.991069853 336.433746338
0.988406479 0.074221320 -0.132453024 47.234855652 -0.073310316 0.997240007 0.011749344 7.048302650 0.132959440 -0.001902973 0.991119623 337.432220459
0.988360703 0.074356787 -0.132717818 47.095809937 -0.073997870 0.997229099 0.007642572 7.044147968 0.132918298 0.002267199 0.991124451 338.430236816
0.988394380 0.074696332 -0.132275239 46.955825806 -0.074480429 0.997200727 0.006587219 7.043878555 0.132396936 0.003341124 0.991191149 339.425506592
0.988557398 0.073704451 -0.131612852 46.824050903 -0.073132522 0.997279942 0.009181774 7.048435211 0.131931558 0.000548451 0.991258621 340.442779541
0.988750100 0.071563676 -0.131345913 46.698291779 -0.070834294 0.997435629 0.010224142 7.047718525 0.131740734 -0.000805347 0.991283834 341.440155029
0.988837719 0.070633531 -0.131189823 46.561386108 -0.069905132 0.997501910 0.010156304 7.029533863 0.131579474 -0.000872112 0.991305172 342.436096191
0.988774598 0.070641235 -0.131660506 46.427429199 -0.069961190 0.997501671 0.009790585 7.030406952 0.132023171 -0.000469571 0.991246462 343.436706543
0.988874793 0.070540190 -0.130961075 46.297203064 -0.069613352 0.997506022 0.011648828 7.023176193 0.131456122 -0.002402613 0.991319060 344.437469482
0.988976121 0.069888704 -0.130543709 46.169624329 -0.068839595 0.997548938 0.012538681 7.032986164 0.131100029 -0.003413900 0.991363227 345.421478271
0.989093423 0.069172703 -0.130035579 46.039760590 -0.068290740 0.997602165 0.011235859 7.027465343 0.130500942 -0.002233108 0.991445720 346.389770508
0.989298880 0.067727454 -0.129230946 45.915950775 -0.067051694 0.997703493 0.009579012 7.031925201 0.129582882 -0.000811370 0.991568327 347.358978271
0.989542425 0.065007389 -0.128762260 45.792789459 -0.064373240 0.997884572 0.009086166 7.030792236 0.129080459 -0.000702322 0.991633832 348.329864502
0.989832342 0.062978171 -0.127537146 45.669628143 -0.062407956 0.998014808 0.008467287 7.027524471 0.127817169 -0.000421882 0.991797686 349.288909912
0.990054846 0.064644888 -0.124949515 45.546234131 -0.064131089 0.997908294 0.008135554 7.015245438 0.125214010 -0.000041517 0.992129683 350.243835449
0.990229964 0.067009658 -0.122287534 45.411422729 -0.066554040 0.997752249 0.007812573 7.018521309 0.122536138 0.000402467 0.992463887 351.194763184
0.990593195 0.069013447 -0.118161269 45.286197662 -0.068539985 0.997615695 0.008072120 7.014669895 0.118436567 0.000102567 0.992961526 352.130737305
0.990951240 0.071214005 -0.113772631 45.170528412 -0.070826173 0.997460783 0.007453715 7.011964321 0.114014506 0.000671793 0.993478835 353.046020508
0.991267204 0.074600823 -0.108738825 45.061515808 -0.074546754 0.997207046 0.004569354 7.002408981 0.108775966 0.003576661 0.994059801 353.950805664
0.991854846 0.074149624 -0.103564769 44.962097168 -0.074249640 0.997235477 0.002895878 6.993853092 0.103493147 0.004817341 0.994618416 354.853515625
0.992347598 0.073758565 -0.099024601 44.863185883 -0.073765472 0.997269154 0.003598080 6.982242584 0.099019513 0.003734033 0.995078444 355.748474121
0.992986023 0.072005659 -0.093776152 44.775299072 -0.071594283 0.997403741 0.007749699 6.981935978 0.094090670 -0.000981520 0.995563149 356.643218994
0.993613183 0.069083348 -0.089220524 44.694473267 -0.068139762 0.997583330 0.013584055 6.991685390 0.089943297 -0.007417846 0.995919228 357.528015137
0.994025350 0.066705085 -0.086394943 44.603328705 -0.065674797 0.997732520 0.014718280 6.987614155 0.087180786 -0.008956388 0.996152222 358.382812500
0.994128406 0.067568742 -0.084517248 44.520778656 -0.066751033 0.997691751 0.012468684 6.981109142 0.085164607 -0.006753874 0.996344030 359.221374512
0.994240165 0.067013785 -0.083639711 44.451053619 -0.066486046 0.997746050 0.009083929 6.984327316 0.084059887 -0.003470748 0.996454656 360.023498535
0.994426310 0.065017194 -0.082999639 44.380294800 -0.064703271 0.997883618 0.006470993 6.980823994 0.083244659 -0.001064592 0.996528566 360.813262939
0.994754553 0.060200635 -0.082699925 44.318088531 -0.060046252 0.998186111 0.004356783 6.973215580 0.082812153 0.000631877 0.996565044 361.578826904
0.994796574 0.059025940 -0.083040021 44.256397247 -0.059199929 0.998246074 0.000369347 6.962348461 0.082916133 0.004548525 0.996546149 362.266998291
0.994685352 0.059801586 -0.083814107 44.202453613 -0.060212418 0.998182774 -0.002378506 6.946108341 0.083519518 0.007412500 0.996478617 362.874511719
0.994523466 0.060105130 -0.085500710 44.151157379 -0.060607050 0.998156250 -0.003282597 6.945162773 0.085145719 0.008446552 0.996332645 363.486053467
0.994427443 0.057940211 -0.088073313 44.112842560 -0.058230523 0.998302877 -0.000726858 6.937864304 0.087881692 0.005851348 0.996113718 364.069854736
0.994362593 0.053385772 -0.091612786 44.075592041 -0.053167313 0.998573959 0.004826812 6.940584183 0.091739774 0.000071190 0.995782912 364.677062988
0.994034290 0.051271245 -0.096266128 44.038681030 -0.050688777 0.998678446 0.008489524 6.938919067 0.096574113 -0.003559280 0.995319307 365.270233154
0.993345439 0.050209563 -0.103652552 43.975955963 -0.049627967 0.998734236 0.008185474 6.938651562 0.103932291 -0.002986954 0.994579792 365.879150391
0.992198825 0.050436400 -0.114006951 43.923748016 -0.049861051 0.998724937 0.007895606 6.934795380 0.114259742 -0.002149522 0.993448555 366.487304688
0.990595639 0.051786836 -0.126642495 43.862232208 -0.051286094 0.998657942 0.007214810 6.934537888 0.126846120 -0.000651977 0.991922259 367.100830078
0.988760829 0.050679877 -0.140653491 43.785175323 -0.050167296 0.998714924 0.007190972 6.928747654 0.140837148 -0.000053966 0.990032673 367.720092773
0.986555338 0.050433218 -0.155450687 43.699008942 -0.049711090 0.998727202 0.008532786 6.921733379 0.155683145 -0.000690461 0.987806737 368.330596924
0.983996212 0.053515930 -0.169962943 43.593235016 -0.052603409 0.998566687 0.009871603 6.923281670 0.170247585 -0.000773011 0.985400915 368.960540771
0.981185138 0.058718767 -0.183923721 43.458480835 -0.057635132 0.998274505 0.011237578 6.920305252 0.184266150 -0.000425697 0.982876241 369.617218018
0.978324652 0.062200505 -0.197514564 43.338371277 -0.061025329 0.998063684 0.012037743 6.927515507 0.197880819 0.000276548 0.980226040 370.293060303
0.975691617 0.063408032 -0.209774494 43.205394745 -0.062362149 0.997986138 0.011604118 6.917507648 0.210087791 0.001759925 0.977680862 370.980010986
0.973456919 0.066162750 -0.219098702 43.051284790 -0.065271705 0.997803450 0.011311620 6.922426224 0.219365805 0.003289548 0.975637138 371.678558350
0.971713722 0.071925491 -0.224942833 42.875350952 -0.071405843 0.997392476 0.010456191 6.926485538 0.225108325 0.005901785 0.974315822 372.389160156
0.970451117 0.077088818 -0.228652328 42.692142487 -0.076992176 0.996987820 0.009357445 6.930266857 0.228684872 0.008523474 0.973463178 373.134429932
0.970304489 0.076254860 -0.229552254 42.505836487 -0.076172449 0.997051895 0.009234155 6.927607536 0.229579628 0.008525591 0.973252475 373.952453613
0.970612705 0.078527257 -0.227473736 42.310577393 -0.077989683 0.996889412 0.011365463 6.926165581 0.227658600 0.006709117 0.973717868 374.806549072
0.971012115 0.083258644 -0.224060982 42.103687286 -0.081809409 0.996523321 0.015760843 6.928449631 0.224594221 0.003026304 0.974447548 375.670440674
0.972167015 0.084404893 -0.218556821 41.914516449 -0.082559846 0.996430993 0.017578263 6.939782143 0.219260439 0.000954980 0.975665987 376.545562744
0.973850250 0.081374064 -0.212117553 41.742851257 -0.079851411 0.996682346 0.015750293 6.927035332 0.212695450 0.001599435 0.977117181 377.397216797
0.975746095 0.079597794 -0.203920618 41.563861847 -0.079152435 0.996808767 0.010353263 6.924386501 0.204093948 0.006038636 0.978932679 378.261993408
0.977616489 0.080004185 -0.194590524 41.381565094 -0.080255084 0.996752441 0.006607854 6.932845592 0.194487169 0.009156911 0.980862200 379.146667480
0.979436755 0.080583245 -0.184959427 41.219436646 -0.080712080 0.996713996 0.006845938 6.938202858 0.184903234 0.008223273 0.982722342 380.039489746
0.981444538 0.080900945 -0.173843682 41.066692352 -0.080509141 0.996710300 0.009316958 6.933627605 0.174025491 0.004851907 0.984729171 380.944854736
0.983464599 0.081060268 -0.161945790 40.927654266 -0.080602959 0.996701956 0.009403767 6.939664364 0.162173882 0.003805015 0.986754775 381.859008789
0.985078931 0.082848184 -0.150849849 40.800376892 -0.083054885 0.996532679 0.004941651 6.935559273 0.150736168 0.007660880 0.988544345 382.785003662
0.986668408 0.081437632 -0.140901804 40.684761047 -0.082374968 0.996601045 -0.000821828 6.924724102 0.140355900 0.012417633 0.990023136 383.725738525
0.987831414 0.079754114 -0.133522883 40.570358276 -0.081226431 0.996679902 -0.005606174 6.906886578 0.132632419 0.016383521 0.991029859 384.682342529
0.988719642 0.079023182 -0.127234966 40.475330353 -0.080461860 0.996738434 -0.006198240 6.896207809 0.126330137 0.016365863 0.991853237 385.649139404
0.989493608 0.077803224 -0.121856436 40.362396240 -0.078882881 0.996875703 -0.004052666 6.883980274 0.121160358 0.013622457 0.992539346 386.638183594
0.990229368 0.075538196 -0.117216006 40.258361816 -0.076161355 0.997095168 -0.000838724 6.873547554 0.116812110 0.009757843 0.993106008 387.628112793
0.990898609 0.073535867 -0.112748489 40.156044006 -0.073926494 0.997263432 0.000719400 6.858819008 0.112492792 0.007622233 0.993623197 388.630798340
0.991274774 0.072910935 -0.109810241 40.056335449 -0.073358379 0.997305632 -0.000033585 6.848157406 0.109511882 0.008088778 0.993952513 389.660949707
0.991371930 0.072404087 -0.109266795 39.946033478 -0.072937258 0.997336209 -0.000883935 6.843626499 0.108911663 0.008845912 0.994012058 390.658416748
0.991433442 0.070743777 -0.109796278 39.838108063 -0.071176261 0.997463703 -0.000018369 6.841977119 0.109516472 0.007833082 0.993954122 391.661407471
0.991401255 0.069415919 -0.110927500 39.725021362 -0.069680892 0.997568250 0.001492307 6.834033012 0.110761285 0.006250036 0.993827343 392.674804688
0.991068184 0.070913978 -0.112937808 39.602382660 -0.071135014 0.997464538 0.002077927 6.827682495 0.112798758 0.005974446 0.993599832 393.700927734
0.990601599 0.073289193 -0.115485959 39.470947266 -0.073590323 0.997287214 0.001661077 6.823761463 0.115294345 0.006853166 0.993307710 394.722534180
0.990218878 0.073123291 -0.118825361 39.343093872 -0.073339038 0.997303843 0.002563302 6.828067780 0.118692376 0.006176292 0.992911816 395.752380371
0.990051746 0.070429139 -0.121807948 39.218444824 -0.070370845 0.997509420 0.004786916 6.826088905 0.121841647 0.003832415 0.992542028 396.804595947
0.989746213 0.069043420 -0.125041604 39.090034485 -0.068919569 0.997608006 0.005322476 6.823463440 0.125109956 0.003349895 0.992137134 397.824493408
0.989295781 0.068104818 -0.129056364 38.960151672 -0.068242915 0.997663081 0.003358074 6.820495129 0.128983408 0.005485033 0.991631567 398.862792969
0.988755465 0.069333009 -0.132497042 38.817817688 -0.069872379 0.997555792 0.000581033 6.821574688 0.132213414 0.008683369 0.991183221 399.882995605
0.988493979 0.068843320 -0.134685352 38.675457001 -0.069307968 0.997594476 0.001242524 6.810218334 0.134446874 0.008106522 0.990887582 400.917724609
0.988246679 0.068340972 -0.136741072 38.530532837 -0.068254218 0.997653663 0.005329564 6.801529884 0.136784434 0.004066213 0.990592480 401.954376221
0.988013923 0.069561832 -0.137802973 38.378253937 -0.068743818 0.997577012 0.010693480 6.808796883 0.138212904 -0.001092225 0.990401864 402.986419678
0.987646937 0.071721226 -0.139317706 38.224716187 -0.070815086 0.997423589 0.011457909 6.801981926 0.139780506 -0.001450595 0.990181386 404.031860352
0.987364411 0.073133253 -0.140580758 38.071998596 -0.072352290 0.997322142 0.010666342 6.801686287 0.140984282 -0.000360248 0.990011752 405.064208984
0.987186909 0.072851665 -0.141966701 37.916721344 -0.072117493 0.997342825 0.010317786 6.804836750 0.142341092 0.000052681 0.989817560 406.102447510
0.987086654 0.071077637 -0.143554136 37.762657166 -0.070283845 0.997470677 0.010600653 6.800021648 0.143944457 -0.000374246 0.989585638 407.133117676
0.986897290 0.071046330 -0.144865796 37.608936310 -0.070490450 0.997472107 0.008974122 6.797897816 0.145137101 0.001355099 0.989410639 408.161102295
0.986627460 0.074087039 -0.145180345 37.450565338 -0.073885709 0.997243643 0.006786754 6.793769360 0.145282984 0.004030737 0.989381909 409.186340332
0.986684144 0.073174454 -0.145257473 37.301292419 -0.073047966 0.997309148 0.006212641 6.794975758 0.145321146 0.004480828 0.989374459 410.215118408
0.986774445 0.072567604 -0.144948900 37.141979218 -0.072115913 0.997361124 0.008376088 6.794609547 0.145174161 0.002187792 0.989403725 411.234619141
0.986877680 0.072102532 -0.144477159 36.991130829 -0.071004987 0.997394502 0.012746464 6.796162128 0.145019725 -0.002320622 0.989426076 412.260223389
0.986918271 0.071760364 -0.144370064 36.839954376 -0.070029050 0.997399271 0.017045876 6.808697701 0.145217761 -0.006712808 0.989376962 413.296936035
0.986976147 0.071286179 -0.144209117 36.685447693 -0.069555663 0.997432947 0.017013781 6.821684837 0.145051762 -0.006761654 0.989400923 414.311157227
0.986722946 0.074908182 -0.144106001 36.532737732 -0.073566325 0.997183144 0.014626299 6.824771404 0.144795612 -0.003830776 0.989454150 415.328369141
0.986576915 0.077247053 -0.143870845 36.383674622 -0.076501809 0.997011900 0.010714236 6.833102703 0.144268543 0.000435941 0.989538491 416.346313477
0.986474454 0.078972228 -0.143636614 36.238628387 -0.078532301 0.996873260 0.008739662 6.833686352 0.143877655 0.002658639 0.989591837 417.354431152
0.986668110 0.077286527 -0.143223092 36.093627930 -0.077015072 0.997002184 0.007447580 6.830673218 0.143369287 0.003682028 0.989662468 418.360656738
0.986829281 0.076540448 -0.142512053 35.947761536 -0.076384917 0.997056842 0.006571021 6.824182987 0.142595470 0.004401275 0.989771247 419.355010986
0.987042010 0.075519189 -0.141579553 35.809085846 -0.075140774 0.997140646 0.008025775 6.821124554 0.141780764 0.002716603 0.989894271 420.352996826
0.987120271 0.074238449 -0.141712025 35.667098999 -0.073361449 0.997240186 0.011411517 6.833939552 0.142168015 -0.000868359 0.989842057 421.362060547
0.987224340 0.073317803 -0.141465679 35.523056030 -0.072161838 0.997304380 0.013292145 6.841633797 0.142058864 -0.002913919 0.989853799 422.359954834
0.987220526 0.073833019 -0.141223863 35.375663757 -0.072687246 0.997266591 0.013262622 6.836884975 0.141817018 -0.002827976 0.989888728 423.349822998
0.987071931 0.075175077 -0.141554847 35.235774994 -0.074314594 0.997170150 0.011364084 6.832312107 0.142008498 -0.000697596 0.989865065 424.328613281
0.986574769 0.079265378 -0.142783999 35.081581116 -0.078646481 0.996852636 0.009982919 6.840165138 0.143125832 0.001380545 0.989703476 425.291198730
0.986192107 0.079845212 -0.145085573 34.929321289 -0.079199158 0.996806324 0.010233749 6.841658592 0.145439267 0.001398193 0.989366114 426.256347656
0.985660374 0.079924881 -0.148612395 34.779720306 -0.079210684 0.996800184 0.010728915 6.839280605 0.148994312 0.001196602 0.988837242 427.216644287
0.984917521 0.080453709 -0.153181687 34.630344391 -0.079636440 0.996757925 0.011474535 6.843368053 0.153608173 0.000897354 0.988131344 428.158569336
0.984293222 0.077866890 -0.158441022 34.481754303 -0.076847516 0.996963739 0.012560608 6.833578110 0.158937961 -0.000187542 0.987288535 429.101898193
0.983443916 0.077038303 -0.164021417 34.326652527 -0.075669445 0.997026205 0.014587702 6.833429337 0.164657444 -0.001934798 0.986348987 430.044067383
0.982367456 0.077313818 -0.170225963 34.165088654 -0.075626507 0.997001588 0.016384736 6.844113350 0.170982257 -0.003222252 0.985268712 430.958984375
0.981213748 0.077259913 -0.176778093 33.987514496 -0.075264305 0.997001588 0.017977599 6.856738567 0.177636921 -0.004334815 0.984086514 431.874542236
0.979952991 0.078683391 -0.183032513 33.821823120 -0.076594450 0.996891379 0.018466499 6.863292217 0.183916479 -0.004077052 0.982933342 432.766754150
0.978920221 0.078335494 -0.188623548 33.652606964 -0.076312363 0.996921957 0.017976530 6.864983082 0.189451098 -0.003203300 0.981884837 433.662780762
0.977696478 0.079049319 -0.194578215 33.480480194 -0.077265859 0.996869802 0.016751464 6.876825809 0.195293278 -0.001343622 0.980743885 434.547027588
0.976497293 0.078094132 -0.200883672 33.299781799 -0.076521441 0.996945977 0.015595051 6.875818729 0.201487988 0.000143356 0.979490876 435.399902344
0.974896908 0.078745879 -0.208266869 33.117538452 -0.077309966 0.996893704 0.015039197 6.874649048 0.208804160 0.001439416 0.977956414 436.248138428
0.973072052 0.079464726 -0.216370329 32.933055878 -0.078064486 0.996835113 0.015025230 6.884210587 0.216879457 0.002270184 0.976195633 437.090820312
0.971042454 0.080036715 -0.225101188 32.750984192 -0.078403696 0.996790111 0.016199982 6.889311790 0.225675210 0.001917867 0.974200606 437.899078369
0.969161749 0.079512879 -0.233244941 32.561874390 -0.077630706 0.996832907 0.017254259 6.895109177 0.233878136 0.001384780 0.972264826 438.705352783
0.967179656 0.081350893 -0.240718633 32.373634338 -0.079225846 0.996684849 0.018510042 6.897620678 0.241426378 0.001168575 0.970418394 439.499237061
0.965397716 0.083480887 -0.247058749 32.183826447 -0.081102654 0.996508896 0.019806150 6.899188995 0.247849658 0.000916278 0.968797982 440.259979248
0.963516891 0.089585595 -0.252209455 32.002693176 -0.087117806 0.995977581 0.020958370 6.913228512 0.253072470 0.001778166 0.967445612 440.925720215
0.962748766 0.096715793 -0.252508789 31.837490082 -0.094155170 0.995309234 0.022234712 6.923974037 0.253474712 0.002368541 0.967339039 441.496520996
0.963223994 0.103601813 -0.247923508 31.670452118 -0.101061903 0.994614542 0.022985987 6.939850330 0.248969689 0.002914937 0.968506873 442.040374756
0.965314031 0.106704906 -0.238291651 31.526367188 -0.104334079 0.994286001 0.022578200 6.947419643 0.239339188 0.003066857 0.970931113 442.570404053
0.968763471 0.107452191 -0.223497838 31.386938095 -0.105497450 0.994203985 0.020704806 6.943140507 0.224427179 0.003520364 0.974484444 443.102966309
0.973188400 0.109542742 -0.202249229 31.264717102 -0.108253613 0.993970037 0.017459618 6.931650639 0.202942193 0.004902687 0.979178369 443.639068604
0.978198826 0.112865068 -0.174322873 31.172622681 -0.112161264 0.993592560 0.013916757 6.938273430 0.174776584 0.005938895 0.984590292 444.162811279
0.983656168 0.114078209 -0.139307946 31.098594666 -0.113633014 0.993459940 0.011172935 6.937055588 0.139671400 0.004839632 0.990186036 444.654083252
0.988253355 0.115341887 -0.100256845 31.076253891 -0.115160175 0.993317723 0.007618957 6.932238102 0.100465626 0.004016116 0.994932413 445.154357910
0.992172599 0.114159949 -0.050606497 31.098558426 -0.114205554 0.993455112 0.002002047 6.927544117 0.050503790 0.003793152 0.998716652 445.612243652
0.993435919 0.114254832 0.005549978 31.143299103 -0.114227816 0.993441999 -0.004987939 6.907155514 -0.006083525 0.004321228 0.999972105 446.040710449
0.991249800 0.113973126 0.066587374 31.201999664 -0.113393508 0.993472278 -0.012434708 6.891088009 -0.067569986 0.004775319 0.997703075 446.472656250
0.985380769 0.108627729 0.131242931 31.324691772 -0.107022934 0.994070351 -0.019242244 6.880349636 -0.132554978 0.004914938 0.991163433 446.882415771
0.975228965 0.098345898 0.198132485 31.461460114 -0.095401131 0.995140374 -0.024378398 6.854681492 -0.199567243 0.004872459 0.979871988 447.317169189
0.959351063 0.091658816 0.266915739 31.627237320 -0.086817749 0.995775163 -0.029908374 6.826630592 -0.268529505 0.005519620 0.963255584 447.738647461
0.937765658 0.088282414 0.335859805 31.830474854 -0.080802083 0.996072173 -0.036212683 6.790758133 -0.337737620 0.006820854 0.941215575 448.146209717
0.911122978 0.087184258 0.402807236 32.075241089 -0.076856628 0.996166945 -0.041767828 6.756942272 -0.404904872 0.007097248 0.914331317 448.501708984
0.880653799 0.081695087 0.466663420 32.345012665 -0.069243155 0.996637642 -0.043803070 6.726021290 -0.468672901 0.006262124 0.883349538 448.843170166
0.846361101 0.076123431 0.527141392 32.618911743 -0.061569795 0.997081935 -0.045132365 6.696080685 -0.529038846 0.005742318 0.848578095 449.165130615
0.807963610 0.069165222 0.585158944 32.933341980 -0.052846551 0.997590661 -0.044946134 6.684804916 -0.586857855 0.005391242 0.809671938 449.440551758
0.766412616 0.064418264 0.639110267 33.263847351 -0.046037082 0.997908652 -0.045375980 6.655017853 -0.640696704 0.005353997 0.767775416 449.715820312
0.721918643 0.061660469 0.689225078 33.607994080 -0.039302878 0.998067856 -0.048123565 6.649629593 -0.690860808 0.007652817 0.722947299 449.980865479
0.674367428 0.060024016 0.735952258 33.956737518 -0.032197595 0.998132885 -0.051904276 6.610629559 -0.737693667 0.011306709 0.675040901 450.224731445
0.624167323 0.058197837 0.779119968 34.338504791 -0.026361784 0.998222709 -0.053445380 6.575643063 -0.780845702 0.012819922 0.624592304 450.422546387
0.571612716 0.057090744 0.818535089 34.732406616 -0.023032922 0.998299778 -0.053544290 6.551540375 -0.820200324 0.011753401 0.571955800 450.632629395
0.517429054 0.057304356 0.853805125 35.096431732 -0.021839920 0.998314619 -0.053767852 6.536486626 -0.855447292 0.009174063 0.517808378 450.812225342
0.462970257 0.059329256 0.884385884 35.499229431 -0.019673947 0.998199344 -0.056665398 6.519873619 -0.886155486 0.008835093 0.463303804 450.955932617
0.409509659 0.059169933 0.910385013 35.937744141 -0.012496091 0.998164654 -0.059254248 6.479753971 -0.912220240 0.012889002 0.409497470 451.085113525
0.359256178 0.057391077 0.931472659 36.361530304 -0.001745150 0.998146832 -0.060826123 6.437581539 -0.933237374 0.020226665 0.358690590 451.199493408
0.313581854 0.057705671 0.947806001 36.809463501 0.003522638 0.998074174 -0.061931733 6.407105923 -0.949554622 0.022759506 0.312774688 451.315521240
0.272486717 0.060809400 0.960236073 37.274078369 0.005571070 0.997884452 -0.064774580 6.387737751 -0.962143421 0.022999821 0.271571457 451.437133789
0.235010013 0.064654432 0.969840288 37.735679626 0.006168485 0.997666001 -0.068004273 6.359108925 -0.971973419 0.021964204 0.234062687 451.557159424
0.201753289 0.065787651 0.977224469 38.244709015 0.008267493 0.997591674 -0.068865769 6.328571796 -0.979401529 0.021973155 0.200723499 451.686492920
0.174352750 0.065384462 0.982510209 38.768432617 0.012458678 0.997566640 -0.068597421 6.290524006 -0.984604478 0.024200998 0.173113897 451.820983887
0.152930260 0.064581551 0.986124516 39.286766052 0.016402889 0.997559011 -0.067874283 6.250943184 -0.988100827 0.026555389 0.151497647 451.954742432
0.137029707 0.065014914 0.988431036 39.833175659 0.019187067 0.997482359 -0.068270341 6.215367794 -0.990381181 0.028320225 0.135437295 452.101806641
0.130046904 0.065222159 0.989360273 40.377372742 0.020313134 0.997449458 -0.068425566 6.177017689 -0.991299748 0.028995611 0.128390312 452.166137695
0.129629523 0.064930424 0.989434361 40.921600342 0.020250626 0.997472167 -0.068111092 6.147860050 -0.991355777 0.028865950 0.127986982 452.234741211
0.131422579 0.064227581 0.989243567 41.470306396 0.019442908 0.997539997 -0.067349352 6.106059551 -0.991135716 0.028085068 0.129850462 452.316345215
0.133370146 0.063906632 0.989003718 42.038150787 0.019024009 0.997569919 -0.067025691 6.069895267 -0.990883768 0.027754117 0.131830245 452.398590088
0.135766476 0.063735686 0.988688648 42.597694397 0.019332957 0.997568190 -0.066962987 6.028603077 -0.990552306 0.028205682 0.134204060 452.477203369
0.137664616 0.064181820 0.988397181 43.197452545 0.018975722 0.997544348 -0.067418829 5.982424736 -0.990297019 0.028036803 0.136108652 452.568542480
0.139208928 0.064388201 0.988167465 43.783016205 0.018258400 0.997547388 -0.067571633 5.944972038 -0.990094781 0.027449010 0.137691855 452.660461426
0.140872046 0.064062797 0.987952948 44.386215210 0.017820366 0.997578502 -0.067228056 5.903779030 -0.989867389 0.027076311 0.139389277 452.758575439
0.142520398 0.064405240 0.987694323 45.010555267 0.018110100 0.997543991 -0.067660831 5.861445427 -0.989626169 0.027530357 0.141003907 452.857238770
0.143884629 0.066335328 0.987368643 45.635852814 0.016338591 0.997455478 -0.069394052 5.810841560 -0.989459693 0.026117016 0.142434657 452.961944580
0.145290717 0.069935702 0.986914098 46.262027740 0.016680378 0.997183740 -0.073119171 5.760184288 -0.989248276 0.027085695 0.143714964 453.067474365
0.146424949 0.071791083 0.986613214 46.898345947 0.015119909 0.997084141 -0.074797064 5.703596115 -0.989106178 0.025869727 0.144912556 453.178161621
0.147537813 0.071393013 0.986476302 47.543628693 0.013869800 0.997143984 -0.074239500 5.655675411 -0.988959134 0.024635430 0.146126270 453.285614014
0.148020580 0.069869585 0.986513019 48.214717865 0.009531545 0.997354150 -0.072067626 5.601319313 -0.988938391 0.020070555 0.146962970 453.401123047
0.148710668 0.066195242 0.986662686 48.921195984 0.008476278 0.997635007 -0.068209000 5.563462257 -0.988844514 0.018506708 0.147797853 453.511932373
0.149751812 0.065910488 0.986524403 49.648494720 0.007787969 0.997666061 -0.067837149 5.506675720 -0.988693058 0.017841831 0.148888990 453.631439209
0.150621340 0.066015556 0.986384869 50.431278229 0.007167737 0.997668684 -0.067865364 5.449550152 -0.988565624 0.017292188 0.149797037 453.760955811
0.151980877 0.065356955 0.986220062 51.325847626 0.007035720 0.997714520 -0.067203015 5.385171413 -0.988358200 0.017152404 0.151173696 453.898040771
0.152905762 0.064141467 0.986157060 52.227691650 0.007508836 0.997787237 -0.066062272 5.324731350 -0.988212168 0.017506262 0.152085826 454.039062500
0.153510377 0.063583635 0.986099243 53.148258209 0.008262077 0.997810125 -0.065625034 5.256927967 -0.988112450 0.018221423 0.152648970 454.182220459
0.153622776 0.064854190 0.985998929 54.085159302 0.008303586 0.997723877 -0.066919215 5.181916237 -0.988094568 0.018467713 0.152734593 454.333679199
0.153762996 0.070036978 0.985622585 54.992149353 0.005963525 0.997400880 -0.071804374 5.106251240 -0.988089740 0.016918708 0.152945653 454.476745605
0.153252691 0.076451965 0.985225260 55.928615570 0.004224847 0.996943057 -0.078018516 5.031158447 -0.988177955 0.016119048 0.152461201 454.631256104
0.152165383 0.079929926 0.985117555 56.871749878 0.003533256 0.996674120 -0.081413440 4.950457096 -0.988348603 0.015869036 0.151376933 454.778381348
0.149948627 0.078484043 0.985573828 57.806163788 0.001386507 0.996826649 -0.079591170 4.877087116 -0.988692880 0.013301167 0.149363980 454.924804688
0.147669077 0.075286523 0.986167014 58.765182495 -0.002032687 0.997119606 -0.075818367 4.807658195 -0.989034593 0.009191518 0.147396758 455.072418213
0.145718321 0.071996950 0.986702979 59.741367340 -0.001410095 0.997362614 -0.072566606 4.738131523 -0.989325225 0.009183009 0.145435497 455.206298828
0.144046456 0.071401797 0.986991465 60.704166412 -0.000012361 0.997393608 -0.072152600 4.652977943 -0.989570856 0.010381186 0.143671915 455.338287354
0.142717108 0.071059257 0.987209439 61.676765442 0.001742076 0.997399926 -0.072044693 4.580420494 -0.989762068 0.012001877 0.142222211 455.475982666
0.141832829 0.071985200 0.987269759 62.635746002 0.003041514 0.997315943 -0.073154740 4.500283241 -0.989885926 0.013378615 0.141233250 455.609649658
0.141311929 0.071784787 0.987359107 63.608467102 0.004159959 0.997315645 -0.073104143 4.413797855 -0.989956379 0.014437932 0.140634015 455.747558594
0.141241640 0.071814187 0.987366915 64.581428528 0.003095135 0.997328520 -0.072981566 4.343365669 -0.989970326 0.013364140 0.140642077 455.893768311
0.141766176 0.072033040 0.987275958 65.559997559 0.002876416 0.997314692 -0.073178619 4.262845993 -0.989896059 0.013214147 0.141178310 456.036163330
0.141710743 0.071776137 0.987302542 66.511833191 0.002002178 0.997344971 -0.072793692 4.185225010 -0.989906013 0.012292474 0.141190812 456.190765381
0.142409191 0.071365476 0.987231910 67.493667603 0.001327035 0.997382760 -0.072290786 4.110831261 -0.989807010 0.011605037 0.141941696 456.342651367
0.142950654 0.071743667 0.987125993 68.477951050 0.000991219 0.997358441 -0.072630979 4.029616833 -0.989729226 0.011361161 0.142501861 456.493865967
0.143228859 0.073176622 0.986980438 69.459083557 0.000156711 0.997261107 -0.073961668 3.949409008 -0.989689589 0.010748184 0.142825127 456.646453857
0.144349813 0.074951515 0.986684084 70.442977905 0.000019242 0.997126997 -0.075747684 3.860906363 -0.989526868 0.010953231 0.143933713 456.791717529
0.144857809 0.074859425 0.986616433 71.415702820 0.001505887 0.997116029 -0.075877249 3.785803080 -0.989451289 0.012477209 0.144327253 456.936645508
0.145039886 0.074578300 0.986611068 72.388031006 0.001218499 0.997141004 -0.075553469 3.695170164 -0.989425182 0.012160529 0.144534335 457.077941895
0.145744845 0.073808052 0.986565173 73.375961304 0.000855870 0.997203410 -0.074730463 3.615987062 -0.989321887 0.011736020 0.145274043 457.222442627
0.145542040 0.072397821 0.986699522 74.364112854 0.001630899 0.997300088 -0.073416263 3.530949116 -0.989350736 0.012294426 0.145031005 457.363983154
0.145589978 0.070712529 0.986814678 75.361473083 0.002498176 0.997412980 -0.071840636 3.461064816 -0.989341795 0.012924583 0.145036712 457.507263184
0.144896418 0.069977164 0.986969173 76.339904785 0.002874980 0.997461975 -0.071143270 3.376060724 -0.989442706 0.013145996 0.144327462 457.641937256
0.144008577 0.070479952 0.987063408 77.333091736 0.003234026 0.997421563 -0.071691506 3.298303843 -0.989571273 0.013516452 0.143409342 457.772888184
0.143295690 0.071886569 0.987065554 78.312202454 0.003376361 0.997317255 -0.073123425 3.202217102 -0.989674091 0.013811023 0.142668545 457.898162842
0.142215565 0.072375529 0.987186134 79.292182922 0.005088637 0.997256637 -0.073847003 3.115627289 -0.989822686 0.015525701 0.141457140 458.029602051
0.141097292 0.072859317 0.987311125 80.278816223 0.005492999 0.997215211 -0.074375302 3.029849291 -0.989980578 0.015917525 0.140304148 458.160980225
0.140852854 0.072057165 0.987404764 81.275993347 0.007217800 0.997246623 -0.073805079 2.946809292 -0.990004122 0.017522613 0.139944926 458.290283203
0.140978307 0.071488477 0.987428248 82.259269714 0.008488744 0.997265577 -0.073412746 2.865998745 -0.989976287 0.018731702 0.139985964 458.426208496
0.141138658 0.071795531 0.987383246 83.243019104 0.008382112 0.997244477 -0.073710829 2.784849167 -0.989954472 0.018679876 0.140147984 458.572082520
0.141607180 0.074165598 0.987140656 84.225837708 0.005780823 0.997110546 -0.075744003 2.692559719 -0.989905894 0.016432447 0.140769228 458.712890625
0.141816616 0.076966904 0.986896217 85.196281433 0.003315560 0.996930182 -0.078225963 2.608212471 -0.989887357 0.014365926 0.141126081 458.860198975
0.142212868 0.079703756 0.986621916 86.166236877 -0.000251987 0.996755719 -0.080486178 2.512838125 -0.989836156 0.011197625 0.141771585 459.005828857
0.142532095 0.080758683 0.986490011 87.140884399 -0.001204288 0.996679246 -0.081418917 2.426559448 -0.989789546 0.010416863 0.142156065 459.147521973
0.142763406 0.077839725 0.986691236 88.121315002 -0.000496523 0.996908128 -0.078573979 2.326060772 -0.989756644 0.010727640 0.142360628 459.297332764
0.142932892 0.073779516 0.986978471 89.093536377 -0.000400227 0.997221947 -0.074487358 2.236837149 -0.989732265 0.010251744 0.142565325 459.442199707
0.143424302 0.069655582 0.987206936 90.069236755 0.002999435 0.997484803 -0.070816629 2.166116714 -0.989656866 0.013117964 0.142854616 459.581756592
0.143807232 0.069940969 0.987131000 91.029640198 0.003167115 0.997461736 -0.071134403 2.069718838 -0.989600599 0.013356073 0.143220723 459.726379395
0.144258052 0.071208976 0.986974597 91.990989685 0.004394365 0.997351468 -0.072600015 1.983312726 -0.989530265 0.014810327 0.143563077 459.866149902
0.144556493 0.073196486 0.986785412 92.946701050 0.004051871 0.997208059 -0.074563235 1.899649858 -0.989488244 0.014776994 0.143856317 460.008941650
0.144961908 0.074873954 0.986600220 93.884544373 0.002765251 0.997098088 -0.076077037 1.821022034 -0.989433408 0.013756549 0.144334212 460.153869629
0.145745143 0.076569766 0.986354649 94.833618164 0.002279826 0.996971786 -0.077730924 1.731265545 -0.989319563 0.013577694 0.145129189 460.305603027
0.145746529 0.077660143 0.986269176 95.794265747 0.000626681 0.996906817 -0.078590468 1.639364004 -0.989321828 0.012072433 0.145246997 460.451934814
0.146386296 0.078356594 0.986119390 96.746604919 -0.002161720 0.996880889 -0.078890890 1.556263566 -0.989225268 0.009416910 0.146099120 460.603210449
0.148080841 0.077857710 0.985905826 97.704734802 -0.004338583 0.996937871 -0.078077361 1.465972185 -0.988965809 0.007284401 0.147965223 460.760070801
0.151171625 0.074643686 0.985685349 98.652198792 -0.004534102 0.997186780 -0.074819386 1.370617986 -0.988497198 0.006841443 0.151084796 460.923828125
0.156715557 0.071612045 0.985044122 99.601753235 -0.004402598 0.997408569 -0.071810588 1.283562422 -0.987634003 0.006917158 0.156624749 461.072692871
0.163254872 0.070557907 0.984057546 100.543037415 -0.005473773 0.997488797 -0.070612922 1.190695047 -0.986568570 0.006141460 0.163231164 461.236206055
0.170563295 0.069467664 0.982894838 101.482582092 -0.003760603 0.997550368 -0.069850951 1.110834837 -0.985339463 0.008217798 0.170406729 461.410369873
0.178699926 0.069654956 0.981435001 102.394737244 -0.004647358 0.997539520 -0.069951840 1.023329854 -0.983892679 0.007939382 0.178583980 461.590820312
0.187703535 0.071027614 0.979654133 103.344635010 -0.008558523 0.997462451 -0.070679016 0.948842764 -0.982188344 0.004882369 0.187835127 461.797149658
0.197403342 0.072376207 0.977647007 104.270164490 -0.008980025 0.997362614 -0.072022654 0.873752713 -0.980281234 0.005438294 0.197532639 462.011840820
0.207629740 0.073954910 0.975407839 105.198226929 -0.011230359 0.997252524 -0.073220693 0.796975672 -0.978143096 0.004248685 0.207889780 462.222900391
0.217177585 0.074017003 0.973321855 106.119506836 -0.013405064 0.997253120 -0.072845899 0.722730279 -0.976040065 0.002773133 0.217573285 462.437500000
0.226404786 0.070916317 0.971448302 107.045585632 -0.014596168 0.997481108 -0.069415055 0.645354033 -0.973924041 0.001536550 0.226869598 462.662139893
0.235455677 0.068308458 0.969481647 107.968414307 -0.014927219 0.997663498 -0.066668883 0.562623799 -0.971770465 0.001225979 0.235925198 462.895050049
0.243906662 0.068709292 0.967361689 108.890411377 -0.015740216 0.997636139 -0.066891029 0.488719910 -0.969671071 0.001088758 0.244411588 463.142730713
0.250860274 0.074322745 0.965165913 109.798904419 -0.022017349 0.997228324 -0.071069211 0.417261899 -0.967772841 -0.003421878 0.251801431 463.398223877
0.257656813 0.076674223 0.963189602 110.705963135 -0.022695351 0.997051775 -0.073298827 0.348735482 -0.965970039 -0.002973909 0.258637369 463.651580811
0.264151931 0.075380139 0.961530924 111.596641541 -0.022219714 0.997152150 -0.072068602 0.273432493 -0.964225173 -0.002327803 0.265074581 463.909942627
0.270805001 0.070938252 0.960016847 112.504920959 -0.020616192 0.997479796 -0.067891091 0.196088225 -0.962413490 -0.001406588 0.271585047 464.171783447
0.277911991 0.064991504 0.958405435 113.410835266 -0.015029463 0.997880697 -0.063310370 0.117088623 -0.960488975 0.003190459 0.278299838 464.436981201
0.286267459 0.065387964 0.955915928 114.313301086 -0.015555349 0.997854292 -0.063598439 0.037877038 -0.958023489 0.003336621 0.286670297 464.713806152
0.295109153 0.070848368 0.952833295 115.215393066 -0.017935695 0.997482061 -0.068613365 -0.018704012 -0.955295265 0.003158774 0.295636803 465.013061523
0.304455251 0.074491993 0.949609399 116.118904114 -0.017857622 0.997208476 -0.072500668 -0.104973443 -0.952359319 0.005115511 0.304935575 465.298645020
0.313843518 0.071288854 0.946794629 117.003952026 -0.016470607 0.997436106 -0.069642320 -0.179241210 -0.949331820 0.006262572 0.314213008 465.585723877
0.324380428 0.064245969 0.943742335 117.887603760 -0.011884460 0.997888923 -0.063847259 -0.262961566 -0.945851982 0.009494994 0.324459106 465.882202148
0.336297959 0.058983233 0.939906716 118.753868103 -0.007384804 0.998171210 -0.059997421 -0.341829121 -0.941726685 0.013236044 0.336118460 466.191619873
0.348433822 0.060777374 0.935360909 119.611381531 -0.006609159 0.998030066 -0.062387574 -0.405377299 -0.937310100 0.015556061 0.348149151 466.520629883
0.359530658 0.064827517 0.930878699 120.461700439 -0.003355469 0.997667134 -0.068182886 -0.472780168 -0.933127284 0.021390375 0.358909458 466.847961426
0.369590014 0.069740511 0.926573873 121.308486938 -0.000152827 0.997183919 -0.074994266 -0.554582357 -0.929194808 0.027575580 0.368559957 467.192016602
0.378139883 0.071733676 0.922964931 122.144508362 -0.000679208 0.997014582 -0.077210702 -0.639095843 -0.925748110 0.028569622 0.377059758 467.545440674
0.386240453 0.071513891 0.919621706 122.988075256 -0.002268393 0.997060657 -0.076583281 -0.712068081 -0.922395408 0.027493568 0.385267317 467.904541016
0.393290192 0.067634530 0.916923404 123.836936951 -0.002989520 0.997379303 -0.072287008 -0.793078542 -0.919409573 0.025688678 0.392461717 468.284912109
0.400353521 0.061649635 0.914284766 124.673164368 -0.000417397 0.997746527 -0.067094758 -0.869432092 -0.916360795 0.026480071 0.399477094 468.659240723
0.406520396 0.055902325 0.911929727 125.503089905 -0.000082827 0.998128653 -0.061149601 -0.941251755 -0.913641632 0.024783082 0.405764282 469.032531738
0.412635684 0.056030821 0.909171283 126.327690125 -0.002038081 0.998160601 -0.060590215 -1.002402663 -0.910893917 0.023148786 0.411990911 469.419403076
0.419116139 0.061490033 0.905847967 127.138534546 -0.003520881 0.997806549 -0.066103376 -1.074082613 -0.907925665 0.024515664 0.418413341 469.807189941
0.426375568 0.065742895 0.902154028 127.978584290 -0.002789547 0.997446060 -0.071368881 -1.152601242 -0.904541969 0.027913408 0.425470024 470.199707031
0.433060497 0.067139894 0.898860872 128.786026001 -0.004169403 0.997360528 -0.072488636 -1.227116346 -0.901355267 0.027644314 0.432197392 470.601989746
0.439392805 0.064716168 0.895960748 129.600677490 -0.005460629 0.997575462 -0.069378041 -1.285156965 -0.898278356 0.025591765 0.438680887 471.012115479
0.446035236 0.062273033 0.892846406 130.422683716 -0.005257411 0.997741640 -0.066962823 -1.358153224 -0.895000041 0.025173791 0.445355296 471.424041748
0.452687383 0.063810423 0.889383256 131.238922119 -0.004864829 0.997597933 -0.069098487 -1.436611533 -0.891656101 0.026953377 0.451910436 471.832122803
0.458559811 0.070068717 0.885896981 132.037643433 -0.008190995 0.997177601 -0.074630596 -1.509792328 -0.888625979 0.026966276 0.457839489 472.249877930
0.465360552 0.075307749 0.881911635 132.846832275 -0.009561105 0.996743560 -0.080068395 -1.592679858 -0.885069489 0.028828684 0.464565158 472.672973633
0.472757429 0.076401390 0.877874255 133.658645630 -0.011743685 0.996692061 -0.080417939 -1.665625215 -0.881114364 0.027708761 0.472090811 473.106994629
0.480618238 0.075171657 0.873702049 134.459457397 -0.013408035 0.996832550 -0.078390025 -1.746079683 -0.876827478 0.025961099 0.480103821 473.547058105
0.488478303 0.076415628 0.869223416 135.236816406 -0.016962435 0.996801317 -0.078099057 -1.826061487 -0.872411132 0.023405597 0.488212019 473.993286133
0.496862441 0.077582903 0.864354491 136.024551392 -0.019767167 0.996749282 -0.078103669 -1.906893373 -0.867604256 0.021721000 0.496780813 474.447204590
0.504401743 0.078389034 0.859903514 136.798904419 -0.021710077 0.996707082 -0.078125544 -1.987940073 -0.863196135 0.020738158 0.504442751 474.909820557
0.512977421 0.077287115 0.854915738 137.545394897 -0.022324093 0.996802747 -0.076719120 -2.065251589 -0.858111739 0.020270020 0.513062596 475.371551514
0.520850301 0.076737307 0.850192010 138.285202026 -0.023224957 0.996856511 -0.075746983 -2.143012047 -0.853332043 0.019707227 0.520995259 475.832946777
0.528442264 0.077430584 0.845430911 139.014846802 -0.025101896 0.996821702 -0.075606063 -2.216856480 -0.848598123 0.018731581 0.528706372 476.295196533
0.536323726 0.079089746 0.840298474 139.756240845 -0.025400557 0.996661305 -0.077594914 -2.302012682 -0.843630075 0.020272005 0.536542177 476.759246826
0.544417500 0.083545364 0.834643543 140.477203369 -0.026422527 0.996241927 -0.082486264 -2.381328821 -0.838398159 0.022853630 0.544578969 477.231719971
0.551869690 0.086513750 0.829430640 141.196228027 -0.028302405 0.995974302 -0.085053936 -2.464591742 -0.833449900 0.023463871 0.552096546 477.707244873
0.559670568 0.084521353 0.824393749 141.916595459 -0.028577954 0.996162117 -0.082730912 -2.548279762 -0.828222334 0.022742633 0.559938073 478.211181641
0.566794991 0.080828600 0.819884241 142.628906250 -0.031286292 0.996569455 -0.076618768 -2.615523338 -0.823264480 0.017776053 0.567379296 478.713592529
0.574234605 0.073034316 0.815426588 143.343017578 -0.028785091 0.997198284 -0.069044121 -2.687986851 -0.818184555 0.016175458 0.574728012 479.213195801
0.581463099 0.067339487 0.810781121 144.052825928 -0.025868483 0.997595012 -0.064303532 -2.771858215 -0.813161433 0.016416512 0.581806660 479.707519531
0.589157462 0.067377940 0.805204093 144.742599487 -0.026001999 0.997582018 -0.064450592 -2.841636181 -0.807599783 0.017034683 0.589484930 480.199035645
0.596976995 0.069406964 0.799250364 145.372360229 -0.025369234 0.997385621 -0.067664362 -2.914776087 -0.801857114 0.020117756 0.597176969 480.683135986
0.604062259 0.070519239 0.793810904 146.012664795 -0.025663204 0.997281969 -0.069066204 -2.988768101 -0.796523929 0.021348614 0.604230165 481.164733887
0.610646904 0.071468651 0.788671374 146.661285400 -0.026834749 0.997214794 -0.069589399 -3.067220449 -0.791448176 0.021330798 0.610863864 481.667236328
0.616653204 0.071294039 0.784000039 147.296768188 -0.028017946 0.997247398 -0.068648666 -3.136156321 -0.786736131 0.020366414 0.616953373 482.157348633
0.621335804 0.070367038 0.780378222 147.908142090 -0.028163332 0.997321308 -0.067505449 -3.200486422 -0.783038080 0.019965557 0.621653259 482.628082275
0.624341965 0.071340084 0.777886689 148.417510986 -0.030012012 0.997276425 -0.067372456 -3.250868320 -0.780574381 0.018717561 0.624782622 483.051452637
0.625887275 0.071202680 0.776656449 148.856826782 -0.030355494 0.997293234 -0.066967778 -3.298039436 -0.779322565 0.018338537 0.626354516 483.416748047
0.626454771 0.071192116 0.776199698 149.299728394 -0.030202031 0.997289360 -0.067094915 -3.348176956 -0.778872371 0.018589176 0.626906812 483.782043457
0.626162171 0.072530359 0.776311994 149.726776123 -0.030114032 0.997170687 -0.068875648 -3.402823210 -0.779111028 0.019749492 0.626574636 484.127380371
0.624391258 0.075224169 0.777481198 150.132659912 -0.031418614 0.996965170 -0.071228065 -3.453568697 -0.780479670 0.020046853 0.624859631 484.474670410
0.621360481 0.077291250 0.779703140 150.548538208 -0.033237446 0.996826947 -0.072327107 -3.504126310 -0.782819450 0.019025916 0.621957898 484.825866699
0.616081595 0.077543631 0.783856153 150.930465698 -0.033891458 0.996830463 -0.071975045 -3.546509743 -0.786952853 0.017776530 0.616756976 485.162231445
0.608747542 0.075345382 0.789778173 151.336746216 -0.033546939 0.997034431 -0.069260523 -3.586736679 -0.792654455 0.015667580 0.609469891 485.518341064
0.600095451 0.070872843 0.796782434 151.721176147 -0.032401938 0.997403502 -0.064314507 -3.605133295 -0.799271762 0.012777604 0.600833833 485.842742920
0.590080440 0.065224126 0.804705441 152.117416382 -0.028632101 0.997794926 -0.059879281 -3.640117407 -0.806836605 0.012293233 0.590646684 486.155242920
0.579235792 0.060489275 0.812912643 152.473236084 -0.024104718 0.998077929 -0.057092007 -3.673004150 -0.814803600 0.013474753 0.579580426 486.418212891
0.567663550 0.058091704 0.821208477 152.849685669 -0.019135270 0.998168886 -0.057382572 -3.713476419 -0.823038280 0.016860006 0.567735732 486.690399170
0.554095089 0.058104638 0.830422938 153.210327148 -0.016029187 0.998120785 -0.059143208 -3.749786139 -0.832298934 0.019460000 0.553985178 486.941894531
0.538775384 0.059479978 0.840346932 153.582672119 -0.010676280 0.997906446 -0.063787274 -3.808198214 -0.842381716 0.025395298 0.538282454 487.164428711
0.520800173 0.063715823 0.851297379 153.936752319 -0.009652615 0.997586548 -0.068759829 -3.853760719 -0.853623986 0.027592935 0.520158172 487.372222900
0.499633491 0.068587869 0.863517106 154.291778564 -0.010352763 0.997262001 -0.073220998 -3.894571781 -0.866174996 0.027643936 0.498975545 487.563842773
0.475070536 0.071923539 0.877003491 154.650665283 -0.012762187 0.997112334 -0.074860632 -3.907289267 -0.879855156 0.024371661 0.474616587 487.735473633
0.447224408 0.072012685 0.891518056 155.010055542 -0.009929925 0.997091949 -0.075559288 -3.941854239 -0.894366622 0.024939310 0.446638912 487.880645752
0.415849477 0.071226135 0.906639934 155.373962402 -0.006239585 0.997128367 -0.075473145 -3.968088150 -0.909412086 0.025728470 0.415099710 488.008209229
0.382129371 0.068859637 0.921539783 155.722961426 -0.000917159 0.997247636 -0.074136518 -3.993847132 -0.924108446 0.027484609 0.381140858 488.111999512
0.347199827 0.065190226 0.935522437 156.077102661 0.007905300 0.997341990 -0.072431996 -4.029228210 -0.937757790 0.032544024 0.345761627 488.215606689
0.310317010 0.063709937 0.948495805 156.393814087 0.013590446 0.997352481 -0.071438059 -4.064690590 -0.950536013 0.035058990 0.308629543 488.319458008
0.270727694 0.064616278 0.960484922 156.745590210 0.016029846 0.997303784 -0.071611628 -4.101687431 -0.962522566 0.034783751 0.268961966 488.392181396
0.229468614 0.068311147 0.970916033 157.109603882 0.014724670 0.997176290 -0.073638923 -4.129784107 -0.973204792 0.031194311 0.227814779 488.442687988
0.184876770 0.071996130 0.980120957 157.441482544 0.014071748 0.997016728 -0.075891636 -4.156657219 -0.982660830 0.027822681 0.183312103 488.492034912
0.138956040 0.072991423 0.987604916 157.839920044 0.017576162 0.996941090 -0.076154500 -4.192767143 -0.990142524 0.027940495 0.137248069 488.526153564
0.090138741 0.074739635 0.993120730 158.208419800 0.022313938 0.996778309 -0.077040240 -4.217307568 -0.995679140 0.029104812 0.088180594 488.547821045
0.040417869 0.075288594 0.996342361 158.592391968 0.028099850 0.996677101 -0.076453879 -4.262945652 -0.998787701 0.031087251 0.038167939 488.524200439
-0.011132584 0.075623162 0.997074366 159.021865845 0.033012610 0.996620357 -0.075220205 -4.287450314 -0.999392867 0.032078698 -0.013591517 488.478118896
-0.063461877 0.073913582 0.995243490 159.425888062 0.036196750 0.996767879 -0.071718790 -4.307185173 -0.997327685 0.031473253 -0.065932207 488.424865723
-0.116621345 0.070870250 0.990644574 159.826278687 0.037224196 0.997061849 -0.066947274 -4.323217869 -0.992478669 0.029068541 -0.118916795 488.345153809
-0.170085266 0.068276860 0.983061135 160.249618530 0.039047293 0.997280240 -0.062508687 -4.359981060 -0.984655321 0.027754139 -0.172288731 488.247497559
-0.225212321 0.066668570 0.972026169 160.642349243 0.041837465 0.997397661 -0.058715336 -4.387040615 -0.973411143 0.027443765 -0.227415532 488.116241455
-0.280566901 0.066135213 0.957553148 161.092300415 0.045391127 0.997421443 -0.055589061 -4.416096687 -0.958760381 0.027868036 -0.282845348 487.961547852
-0.336907297 0.066005751 0.939221263 161.493667603 0.048408899 0.997434676 -0.052732147 -4.436777115 -0.940292418 0.027700882 -0.339238286 487.798889160
-0.393247217 0.066464387 0.917027473 161.919021606 0.051051125 0.997423530 -0.050399240 -4.456035137 -0.918014407 0.026995985 -0.395627111 487.604400635
-0.447381914 0.066888541 0.891838372 162.366485596 0.053061675 0.997427821 -0.048190027 -4.472324848 -0.892767727 0.025763156 -0.449780405 487.354492188
-0.498648405 0.066682234 0.864235580 162.795639038 0.055787757 0.997438371 -0.044771325 -4.499946594 -0.865007043 0.025888674 -0.501091123 487.082122803
-0.543780267 0.066824138 0.836562991 163.247619629 0.058859564 0.997406900 -0.041412584 -4.523758888 -0.837161183 0.026720447 -0.546303570 486.759948730
-0.582288265 0.067193866 0.810200572 163.727081299 0.062519684 0.997328341 -0.037780650 -4.555308819 -0.810574591 0.028654309 -0.584933639 486.382202148
-0.613574862 0.068363972 0.786671817 164.194747925 0.065733589 0.997209430 -0.035390567 -4.572169304 -0.786895931 0.029996065 -0.616356373 485.970886230
-0.638599515 0.068684466 0.766468227 164.701660156 0.067667879 0.997162759 -0.032978490 -4.594890594 -0.766558528 0.030805282 -0.641435444 485.535583496
-0.659026206 0.068919450 0.748955488 165.209899902 0.068900667 0.997137725 -0.031129826 -4.619661331 -0.748957157 0.031088216 -0.661888361 485.073577881
-0.675707817 0.070165172 0.733822942 165.707382202 0.071210913 0.997017264 -0.029759444 -4.636102200 -0.733722091 0.032147553 -0.678688884 484.598999023
-0.689716995 0.070767462 0.720612824 166.236145020 0.072498813 0.996960759 -0.028515680 -4.661826611 -0.720440626 0.032575872 -0.692751348 484.092803955
-0.701695919 0.071387507 0.708891451 166.775573730 0.073467702 0.996913671 -0.027670296 -4.687367439 -0.708678722 0.032664530 -0.704774976 483.572357178
-0.711773694 0.072103120 0.698698461 167.343963623 0.074670620 0.996847987 -0.026803125 -4.705541134 -0.698428750 0.033094533 -0.714914083 483.006317139
-0.720372200 0.072143860 0.689825773 167.917892456 0.075669356 0.996813774 -0.025229456 -4.732667923 -0.689447939 0.034024119 -0.723535955 482.409973145
-0.726481915 0.072155699 0.683386803 168.530334473 0.076997697 0.996756852 -0.023389790 -4.758095741 -0.682858169 0.035627000 -0.729681671 481.754730225
-0.730093658 0.072321743 0.679509401 169.174789429 0.078178167 0.996694803 -0.022082603 -4.786244392 -0.678860545 0.037000485 -0.733334661 481.077972412
-0.732292950 0.073578835 0.677003205 169.823348999 0.080664009 0.996518970 -0.021053143 -4.813154697 -0.676195502 0.039192781 -0.735678971 480.386749268
-0.733913720 0.074485272 0.675146699 170.463607788 0.080905788 0.996479154 -0.021988105 -4.840596199 -0.674407363 0.038485952 -0.737355947 479.690551758
-0.734848320 0.075518444 0.674014151 171.109649658 0.079587266 0.996517301 -0.024882123 -4.871180058 -0.673545837 0.035358414 -0.738299429 478.985229492
-0.735889852 0.075327605 0.672897995 171.766967773 0.077620201 0.996625900 -0.026680933 -4.898134708 -0.672637343 0.032596301 -0.739253759 478.273864746
-0.736920655 0.074969471 0.671809137 172.445175171 0.078163266 0.996614993 -0.025476849 -4.924327374 -0.671444952 0.033736430 -0.740286052 477.545349121
-0.738119185 0.073094286 0.670699298 173.117080688 0.079184331 0.996628761 -0.021470767 -4.959550381 -0.670007646 0.037260946 -0.741418719 476.803497314
-0.739314675 0.072652504 0.669429719 173.791549683 0.080263644 0.996582627 -0.019515410 -4.990345478 -0.668559790 0.039302886 -0.742619336 476.060455322
-0.740239978 0.073050417 0.668362379 174.455963135 0.080809876 0.996540368 -0.019419113 -5.019137383 -0.667468548 0.039635520 -0.743582189 475.322387695
-0.740428090 0.074105792 0.668037832 175.127944946 0.081765607 0.996452630 -0.019911120 -5.042653084 -0.667143583 0.039879814 -0.743860841 474.578491211
-0.740666807 0.075137258 0.667658031 175.813186646 0.082536444 0.996375740 -0.020568879 -5.081151962 -0.666783750 0.039871484 -0.744183958 473.820678711
-0.740266681 0.076328292 0.667966783 176.489059448 0.083639055 0.996271551 -0.021151565 -5.117505550 -0.667090774 0.040210359 -0.743890762 473.065460205
-0.739345789 0.076915845 0.668918192 177.169067383 0.083742507 0.996244609 -0.021994228 -5.150190830 -0.668097854 0.039755605 -0.743010342 472.319732666
-0.738658011 0.077380210 0.669624388 177.857711792 0.084167987 0.996202588 -0.022273762 -5.184765816 -0.668805063 0.039908282 -0.742365897 471.555938721
-0.737173617 0.078044310 0.671180904 178.549987793 0.085238755 0.996113002 -0.022207404 -5.216279984 -0.670305252 0.040839970 -0.740960598 470.809112549
-0.736309648 0.077944562 0.672140598 179.232025146 0.085997790 0.996067584 -0.021300733 -5.256121159 -0.671157658 0.042118717 -0.740117252 470.053314209
-0.735398233 0.077532962 0.673185408 179.921066284 0.086240560 0.996063173 -0.020509392 -5.300385475 -0.672125161 0.042973366 -0.739189386 469.301300049
-0.734274685 0.077608511 0.674401522 180.608093262 0.086584643 0.996036649 -0.020349940 -5.342949390 -0.673308074 0.043450430 -0.738084257 468.558532715
-0.733406186 0.078054510 0.675294995 181.294174194 0.086857796 0.996003687 -0.020791773 -5.376455784 -0.674219131 0.043405857 -0.737254918 467.810058594
-0.732716620 0.078028075 0.676045716 181.988693237 0.087148279 0.995984375 -0.020501219 -5.414042473 -0.674930692 0.043894697 -0.736574292 467.062561035
-0.731980383 0.078374669 0.676802874 182.668518066 0.087875545 0.995924890 -0.020289704 -5.448872089 -0.675634921 0.044622801 -0.735884726 466.325744629
-0.731186271 0.079429388 0.677537858 183.364395142 0.088113673 0.995875001 -0.021658186 -5.490282536 -0.676463187 0.043864235 -0.735168874 465.571502686
-0.730309069 0.081164882 0.678277910 184.044860840 0.088960141 0.995760977 -0.023371605 -5.528119087 -0.677299619 0.043271255 -0.734433651 464.827026367
-0.729461789 0.080440991 0.679275155 184.735397339 0.087879099 0.995852530 -0.023558844 -5.564972878 -0.678352952 0.042508848 -0.733505607 464.082031250
-0.729048729 0.079589106 0.679818809 185.434814453 0.088158078 0.995862544 -0.022047492 -5.593662739 -0.678760767 0.043857872 -0.733048737 463.338256836
-0.728765011 0.079225488 0.680165350 186.126892090 0.089171231 0.995806396 -0.020448571 -5.620990276 -0.678933024 0.045749024 -0.732773483 462.585845947
-0.729006648 0.078378975 0.680004597 186.822952271 0.088486567 0.995878100 -0.019924317 -5.663349152 -0.678763211 0.045646355 -0.732937276 461.840545654
-0.729148328 0.078834333 0.679800153 187.514511108 0.088730872 0.995848536 -0.020313522 -5.698506832 -0.678579330 0.045507733 -0.733116269 461.105072021
-0.729289770 0.077752091 0.679772973 188.197097778 0.086853728 0.996005118 -0.020742182 -5.730864525 -0.678670049 0.043913797 -0.733129442 460.380187988
-0.729743183 0.078259975 0.679228127 188.884216309 0.087158285 0.995970666 -0.021114439 -5.759423256 -0.678143620 0.043792278 -0.733623683 459.632263184
-0.730290055 0.078617640 0.678598464 189.569641113 0.087959550 0.995908558 -0.020719213 -5.792455673 -0.677450895 0.044558235 -0.734217346 458.890441895
-0.730963111 0.079276010 0.677796841 190.243804932 0.088900916 0.995827496 -0.020599052 -5.832609653 -0.676601589 0.045199648 -0.734960854 458.160034180
-0.731862068 0.080185264 0.676719129 190.912048340 0.090246633 0.995710850 -0.020382602 -5.867341042 -0.675450981 0.046154417 -0.735959351 457.431823730
-0.732239068 0.081033036 0.676209629 191.589019775 0.091532603 0.995597422 -0.020189822 -5.903509140 -0.674868643 0.047111508 -0.736432254 456.704162598
-0.732679129 0.081337556 0.675696611 192.262023926 0.091403253 0.995598018 -0.020734590 -5.945100784 -0.674408674 0.046569105 -0.736888468 455.976959229
-0.732997894 0.080778763 0.675418079 192.944549561 0.090133876 0.995702624 -0.021266451 -5.979748726 -0.674233139 0.045289814 -0.737128794 455.234527588
-0.733231306 0.079960510 0.675261796 193.612274170 0.090161346 0.995726228 -0.020006604 -6.009642124 -0.673975468 0.046213083 -0.737307072 454.507781982
-0.733030200 0.078592740 0.675640523 194.301254272 0.090824552 0.995716870 -0.017285831 -6.041880131 -0.674105108 0.048693754 -0.737028718 453.768402100
-0.732532501 0.077099122 0.676351607 194.987136841 0.090872392 0.995748281 -0.015087329 -6.068996429 -0.674639106 0.050409783 -0.736424088 453.039459229
-0.731848001 0.077459164 0.677051306 195.662734985 0.091227584 0.995712459 -0.015305112 -6.095257759 -0.675333977 0.050564785 -0.735776663 452.315765381
-0.730741739 0.077322282 0.678260982 196.344543457 0.090861864 0.995740950 -0.015622946 -6.130104065 -0.676580250 0.050211765 -0.734655142 451.592498779
-0.729249358 0.077027738 0.679898798 197.028961182 0.089162543 0.995868742 -0.017190529 -6.166278839 -0.678413987 0.048085365 -0.733104646 450.870666504
-0.727646232 0.077378221 0.681574285 197.714736938 0.087709844 0.995956540 -0.019430930 -6.194314957 -0.680321932 0.045641989 -0.731490850 450.166412354
-0.726589262 0.078614309 0.682560027 198.399002075 0.089362860 0.995806932 -0.019565491 -6.218992710 -0.681236148 0.046779491 -0.730567753 449.435943604
-0.725538313 0.079671144 0.683554709 199.086669922 0.091452233 0.995628655 -0.018975530 -6.240677357 -0.682078421 0.048745181 -0.729652762 448.707733154
-0.724875152 0.081223980 0.684075534 199.781082153 0.092058472 0.995539308 -0.020656824 -6.273765564 -0.682701826 0.048001364 -0.729119062 447.981353760
-0.724193335 0.084486268 0.684402287 200.459808350 0.093873128 0.995305955 -0.023535050 -6.304064274 -0.683177888 0.047203094 -0.728724897 447.248962402
-0.723450899 0.085815102 0.685021937 201.158752441 0.095539942 0.995141864 -0.023765350 -6.333370686 -0.683733344 0.048253939 -0.728135109 446.504760742
-0.723494768 0.084536687 0.685134172 201.871276855 0.095069386 0.995218456 -0.022404797 -6.368522644 -0.683752179 0.048925575 -0.728072107 445.752777100
-0.724295437 0.083539613 0.684410453 202.584243774 0.092609614 0.995425224 -0.023495771 -6.395927906 -0.683242142 0.046365149 -0.728718519 445.003570557
-0.725590050 0.081616707 0.683270097 203.294525146 0.089368150 0.995708644 -0.024034202 -6.422464371 -0.682299614 0.043623660 -0.729770243 444.259429932
-0.726179600 0.081417233 0.682667553 204.013031006 0.090086401 0.995670199 -0.022918714 -6.435990334 -0.681577742 0.044856012 -0.730369925 443.500793457
-0.726612985 0.080507584 0.682314038 204.716537476 0.090305895 0.995685935 -0.021314055 -6.477931976 -0.681086421 0.046129957 -0.730748594 442.752929688
-0.727040231 0.079365194 0.681992233 205.424652100 0.089953505 0.995745540 -0.019982224 -6.509433270 -0.680676579 0.046819765 -0.731086195 441.999572754
-0.727176070 0.080409154 0.681725621 206.134277344 0.092395544 0.995543599 -0.018868331 -6.540225029 -0.680204690 0.049267843 -0.731364906 441.238983154
-0.727184951 0.081843853 0.681545138 206.844818115 0.094853885 0.995322645 -0.018318314 -6.579069138 -0.679856598 0.051326454 -0.731546879 440.481597900
-0.727399588 0.082660504 0.681217670 207.555908203 0.095701784 0.995236695 -0.018574649 -6.612043858 -0.679508150 0.051682591 -0.731845438 439.712585449
-0.726858258 0.083107747 0.681740344 208.277862549 0.096187264 0.995186329 -0.018765513 -6.645310879 -0.680018246 0.051934920 -0.731353283 438.954010010
-0.726438999 0.083061039 0.682193398 208.993270874 0.096239097 0.995182693 -0.018688466 -6.674869537 -0.680459321 0.052077685 -0.730933368 438.194396973
-0.725766718 0.084091574 0.682781994 209.701324463 0.097440131 0.995060384 -0.018977374 -6.704893112 -0.681005001 0.052757263 -0.730375648 437.430908203
-0.725356877 0.083965003 0.683233023 210.417984009 0.096968830 0.995099366 -0.019344123 -6.733304024 -0.681508958 0.052220970 -0.729944110 436.672546387
-0.724976540 0.084111027 0.683618903 211.130233765 0.096844397 0.995103896 -0.019732252 -6.762535095 -0.681931555 0.051899299 -0.729572594 435.917449951
-0.724218249 0.083995342 0.684436202 211.845840454 0.096610025 0.995123386 -0.019898154 -6.787582397 -0.682769716 0.051712830 -0.728801370 435.152709961
-0.723489940 0.084657788 0.685124457 212.554809570 0.096704498 0.995094895 -0.020839790 -6.818283558 -0.683528185 0.051177297 -0.728127778 434.394775391
-0.722702980 0.084879771 0.685927391 213.272567749 0.096137084 0.995128214 -0.021850336 -6.854378700 -0.684440434 0.050151803 -0.727342188 433.649963379
-0.722835064 0.084354527 0.685852587 213.987533569 0.094922304 0.995233357 -0.022365306 -6.885968685 -0.684469998 0.048936326 -0.727396727 432.903625488
-0.722741961 0.083550841 0.686048925 214.685638428 0.094043314 0.995321810 -0.022142652 -6.916444302 -0.684689462 0.048514936 -0.727218091 432.165344238
-0.722348273 0.082842186 0.686549485 215.397140503 0.093841523 0.995357752 -0.021369705 -6.953770638 -0.685132623 0.048990525 -0.726769090 431.434722900
-0.722095549 0.081322975 0.686996758 216.097839355 0.092679285 0.995486498 -0.020426078 -6.985251904 -0.685557127 0.048920847 -0.726373255 430.707519531
-0.722451985 0.080380216 0.686733007 216.783798218 0.092016727 0.995562077 -0.019725079 -7.021109581 -0.685270786 0.048940554 -0.726642072 429.984466553
-0.722624540 0.080863796 0.686494827 217.477188110 0.093099095 0.995470524 -0.019259971 -7.062609196 -0.684942782 0.049994361 -0.726879776 429.268432617
-0.722863555 0.081289560 0.686192632 218.154449463 0.094650000 0.995344162 -0.018204920 -7.098489285 -0.684477627 0.051788509 -0.727191925 428.578735352
-0.723803043 0.080963209 0.685240209 218.836318970 0.094960213 0.995330811 -0.017297205 -7.123531342 -0.683441222 0.052550837 -0.728111744 427.870208740
-0.724975884 0.080206417 0.684088826 219.503662109 0.094864391 0.995358884 -0.016167235 -7.156309128 -0.682210624 0.053174861 -0.729219913 427.158966064
-0.726574183 0.080184959 0.682393074 220.152725220 0.094989285 0.995352566 -0.015820146 -7.186868191 -0.680490255 0.053325575 -0.730814338 426.471008301
-0.727452278 0.080468476 0.681423426 220.808105469 0.095051229 0.995342731 -0.016067088 -7.216131687 -0.679542720 0.053082153 -0.731712937 425.752410889
-0.730957091 0.079999506 0.677718282 221.443496704 0.094350785 0.995414615 -0.015738612 -7.244014740 -0.675869823 0.052439045 -0.735153437 425.066223145
-0.734614968 0.080703832 0.673667371 222.068954468 0.094770625 0.995372176 -0.015898731 -7.271001339 -0.671832800 0.052164488 -0.738863707 424.397216797
-0.739549339 0.080683298 0.668249488 222.682876587 0.094813190 0.995378256 -0.015250910 -7.304522991 -0.666391373 0.052080102 -0.743781030 423.729492188
-0.746213555 0.081772074 0.660665095 223.260498047 0.096545324 0.995228171 -0.014134929 -7.326416969 -0.658668458 0.053236499 -0.750547409 423.096038818
-0.754671514 0.081472293 0.651024640 223.793991089 0.096472532 0.995254397 -0.012719353 -7.352043152 -0.648971260 0.053207103 -0.758950055 422.485076904
-0.764503717 0.082032725 0.639378428 224.308822632 0.096921556 0.995222092 -0.011798820 -7.376840115 -0.637291312 0.052949369 -0.768801749 421.886291504
-0.776755452 0.082398802 0.624389231 224.788131714 0.096911244 0.995234668 -0.010778273 -7.399995327 -0.622301877 0.052138288 -0.781039417 421.303955078
-0.791322529 0.083330780 0.605693817 225.234527588 0.097689375 0.995173633 -0.009286588 -7.423264980 -0.603544235 0.051821195 -0.795643687 420.741821289
-0.808713317 0.083535157 0.582241356 225.649017334 0.097710527 0.995189726 -0.007065046 -7.443370819 -0.580030859 0.051177554 -0.812985659 420.174072266
-0.828188777 0.084430523 0.554053247 226.040054321 0.098838158 0.995095849 -0.003898239 -7.458235741 -0.551665187 0.051533155 -0.832472265 419.605926514
-0.849816799 0.084693179 0.520229280 226.413284302 0.098909423 0.995096326 -0.000428657 -7.468600750 -0.517714620 0.051091343 -0.854026496 419.046264648
-0.872967601 0.086237326 0.480094820 226.739746094 0.100118034 0.994969964 0.003324806 -7.474574566 -0.477393150 0.050968617 -0.877210617 418.487060547
-0.897053182 0.087212570 0.433232188 226.996826172 0.100707971 0.994881749 0.008250020 -7.481313705 -0.430295318 0.051030669 -0.901244879 417.945037842
-0.920076430 0.088397115 0.381634742 227.226379395 0.101778209 0.994694352 0.014976696 -7.493731499 -0.378285974 0.052621834 -0.924191773 417.374481201
-0.940890193 0.088060558 0.327064246 227.388793945 0.100950435 0.994634449 0.022610830 -7.479255199 -0.323318273 0.054291621 -0.944731414 416.708892822
-0.960222483 0.087829478 0.265063912 227.491378784 0.099582084 0.994539917 0.031203896 -7.454740047 -0.260875970 0.056358311 -0.963725924 416.071289062
-0.976601660 0.088693462 0.195915326 227.580688477 0.098095715 0.994420290 0.038801774 -7.440780640 -0.191380665 0.057112340 -0.979853034 415.502410889
-0.988348126 0.089605525 0.123041056 227.590255737 0.095839806 0.994346797 0.045709237 -7.422113895 -0.118249618 0.056968868 -0.991348565 414.949554443
-0.994668782 0.090640746 0.049178403 227.573348999 0.093180194 0.994287074 0.052065708 -7.394592762 -0.044178128 0.056370579 -0.997432113 414.370941162
-0.995446622 0.091880888 -0.025388431 227.513748169 0.090278983 0.994207263 0.058324311 -7.367694855 0.030600294 0.055766676 -0.997975111 413.867736816
-0.990722835 0.093732975 -0.098398767 227.376892090 0.087593943 0.994035542 0.064966090 -7.334416866 0.103901394 0.055744246 -0.993023992 413.350189209
-0.980599284 0.095617063 -0.171122462 227.278686523 0.084490672 0.993878782 0.071178779 -7.307972431 0.176880941 0.055339567 -0.982675433 412.832794189
-0.965342402 0.097067714 -0.242263809 227.103073120 0.080489390 0.993742824 0.077438347 -7.274524689 0.248264730 0.055254836 -0.967114866 412.330169678
-0.945313394 0.098108709 -0.311058104 226.836715698 0.075728111 0.993646324 0.083259545 -7.223360538 0.317250252 0.055150509 -0.946736872 411.814910889
-0.921162188 0.101071693 -0.375825465 226.584426880 0.072304562 0.993321300 0.089915268 -7.186587811 0.382403404 0.055652611 -0.922318041 411.340332031
-0.894492686 0.102383636 -0.435202241 226.287765503 0.067074813 0.993140161 0.095779367 -7.128378391 0.442023069 0.056482792 -0.895224035 410.857604980
-0.865544856 0.103921622 -0.489930749 225.940536499 0.062006284 0.992944777 0.101073891 -7.074731827 0.496977895 0.057105165 -0.865881979 410.351684570
-0.835820973 0.104459919 -0.538972616 225.594711304 0.056325722 0.992867172 0.105082519 -7.019248962 0.546105206 0.057472102 -0.835742831 409.878997803
-0.805503547 0.105122089 -0.583192766 225.206604004 0.051131412 0.992798924 0.108332247 -6.961338520 0.590381265 0.057442471 -0.805077970 409.431365967
-0.775668383 0.104930773 -0.622357190 224.810455322 0.045131329 0.992779970 0.111135952 -6.895137787 0.629525244 0.058116775 -0.774803638 408.954833984
-0.747511804 0.105434999 -0.655827761 224.420455933 0.040351607 0.992706656 0.113601089 -6.827868462 0.663022161 0.058454368 -0.746314347 408.479492188
-0.721007407 0.105522089 -0.684845626 224.027084351 0.035042316 0.992624700 0.116052561 -6.763663292 0.692040861 0.059676107 -0.719387412 407.993835449
-0.695825636 0.104828909 -0.710519075 223.616760254 0.028786771 0.992566466 0.118250310 -6.696566582 0.717633486 0.061827991 -0.693670809 407.567718506
-0.668865144 0.104751296 -0.735966504 223.201950073 0.023107816 0.992473483 0.120259412 -6.639548302 0.743024528 0.063430682 -0.666251481 407.119384766
-0.640331328 0.101451933 -0.761369288 222.698883057 0.013911185 0.992607951 0.120564714 -6.552056789 0.767972887 0.066609755 -0.637009263 406.728302002
-0.612323761 0.099870548 -0.784273744 222.147644043 0.007633083 0.992689848 0.120451033 -6.477029324 0.790570259 0.067768559 -0.608609915 406.337646484
-0.583129227 0.099387005 -0.806276619 221.551956177 0.002996484 0.992744505 0.120205112 -6.391660213 0.812373638 0.067679062 -0.579196155 405.961273193
-0.554458797 0.099018037 -0.826299667 220.961044312 -0.001608539 0.992767036 0.120045722 -6.304428577 0.832209706 0.067889467 -0.550289154 405.551544189
-0.526393950 0.099202290 -0.844433546 220.356597900 -0.003196088 0.992932200 0.118639953 -6.222424030 0.850234687 0.065150201 -0.522356510 405.199707031
-0.499392241 0.099074751 -0.860692680 219.752441406 -0.005978075 0.993022203 0.117775910 -6.148656845 0.866355598 0.063961565 -0.495315343 404.860382080
-0.472954929 0.099290989 -0.875474334 219.081497192 -0.008569456 0.993064702 0.117256880 -6.063307285 0.881045222 0.062959462 -0.468823969 404.540618896
-0.447192729 0.099757776 -0.888857067 218.422958374 -0.010746058 0.993090034 0.116862454 -5.980622292 0.894373000 0.061811682 -0.443030566 404.249511719
-0.421890736 0.099496052 -0.901170850 217.703353882 -0.012900908 0.993200839 0.115696564 -5.895491600 0.906554997 0.060437150 -0.417738646 403.942291260
-0.397636890 0.100590110 -0.912012339 216.947555542 -0.010851686 0.993387461 0.114296727 -5.804977417 0.917478681 0.055345394 -0.393915832 403.643402100
-0.374734730 0.102519587 -0.921446502 216.188842773 -0.008137632 0.993465662 0.113841839 -5.732820988 0.927096426 0.050158795 -0.371451795 403.376098633
-0.352701098 0.105883203 -0.929726243 215.409545898 -0.004243778 0.993386149 0.114743173 -5.653053761 0.935726464 0.044415504 -0.349919081 403.094451904
-0.332794160 0.109737143 -0.936592519 214.622970581 -0.000669851 0.993178129 0.116605140 -5.576520920 0.942999005 0.039432824 -0.330450386 402.842895508
-0.314092219 0.112691022 -0.942680717 213.806732178 0.001243654 0.992978394 0.118289448 -5.483121872 0.949391663 0.035981353 -0.312027007 402.608215332
-0.297734082 0.111451566 -0.948120713 212.967056274 -0.001777791 0.993095338 0.117296636 -5.374596119 0.954647243 0.036608681 -0.295480162 402.346130371
-0.281820059 0.108512141 -0.953311503 212.112060547 -0.005537049 0.993383586 0.114710338 -5.272041798 0.959451437 0.037606109 -0.279354483 402.091979980
-0.264754355 0.107407175 -0.958315730 211.236526489 -0.008302173 0.993487000 0.113642849 -5.170471191 0.964280188 0.038043462 -0.262138277 401.842956543
-0.247312784 0.107483096 -0.962955892 210.329299927 -0.010748186 0.993462920 0.113648720 -5.067675114 0.968876123 0.038456723 -0.244540766 401.614471436
-0.231606945 0.108704209 -0.966716945 209.426727295 -0.009828486 0.993425012 0.114062212 -4.975087166 0.972759843 0.035918880 -0.229015663 401.400756836
-0.217616782 0.108652338 -0.969967961 208.465011597 -0.009475125 0.993502617 0.113414437 -4.874400139 0.975988448 0.033871356 -0.215173289 401.199615479
-0.206173301 0.106997892 -0.972647905 207.508865356 -0.008745413 0.993762314 0.111174479 -4.769498825 0.978476465 0.031427331 -0.203951523 401.005676270
-0.196843639 0.102909684 -0.975019157 206.533065796 -0.008840389 0.994249344 0.106724195 -4.660657883 0.980395079 0.029627442 -0.194801927 400.791198730
-0.188559115 0.098441437 -0.977115750 205.559738159 -0.009958365 0.994720519 0.102136850 -4.553986073 0.982011497 0.028989218 -0.186583310 400.595733643
-0.181062520 0.097903423 -0.978586257 204.550292969 -0.008947832 0.994827569 0.101183929 -4.454421997 0.983430803 0.027076768 -0.179249898 400.401519775
-0.176966622 0.098974444 -0.979227781 203.560913086 -0.007966641 0.994754255 0.101983562 -4.357310295 0.984184682 0.025848765 -0.175249755 400.214965820
-0.173779085 0.099905595 -0.979704022 202.550384521 -0.007983676 0.994665205 0.102847479 -4.264253616 0.984752297 0.025694298 -0.172054365 400.029205322
-0.170640975 0.100347728 -0.980210066 201.521942139 -0.007241518 0.994646072 0.103086300 -4.173153400 0.985306621 0.024688881 -0.169000715 399.861541748
-0.167558536 0.099597774 -0.980818450 200.510330200 -0.010221418 0.994654834 0.102749065 -4.065510750 0.985809267 0.027241748 -0.165644884 399.687347412
-0.165782601 0.099553876 -0.981124461 199.481613159 -0.011478267 0.994629204 0.102863766 -3.964534044 0.986095607 0.028314536 -0.163749620 399.518188477
-0.163879052 0.099754646 -0.981423914 198.468917847 -0.011162732 0.994622886 0.102960244 -3.869327068 0.986417413 0.027828310 -0.161884323 399.346557617
-0.161279052 0.099053852 -0.981925249 197.428848267 -0.012478751 0.994666278 0.102388769 -3.774833918 0.986829817 0.028766297 -0.159182727 399.178894043
-0.158829659 0.097932264 -0.982437134 196.398071289 -0.015790684 0.994689107 0.101706520 -3.675377131 0.987179935 0.031667277 -0.156439736 399.005249023
-0.156530783 0.098047338 -0.982794344 195.378616333 -0.015845053 0.994683146 0.101757117 -3.581773281 0.987546086 0.031500474 -0.154144973 398.842742920
-0.154630288 0.098359033 -0.983064234 194.359329224 -0.016755089 0.994627714 0.102151558 -3.485431433 0.987830460 0.032266963 -0.152151555 398.675323486
-0.152700812 0.098293364 -0.983372152 193.327835083 -0.018068736 0.994597614 0.102221228 -3.397841692 0.988107324 0.033377483 -0.150099799 398.513214111
-0.150478154 0.098048210 -0.983739376 192.306243896 -0.018987197 0.994599640 0.102035090 -3.307410955 0.988430977 0.034032412 -0.147803754 398.356353760
-0.148056284 0.098254740 -0.984086215 191.261672974 -0.018695163 0.994596779 0.102116920 -3.211995125 0.988802254 0.033516608 -0.145419389 398.203796387
-0.146031171 0.098203860 -0.984393775 190.209701538 -0.019562537 0.994579494 0.102122091 -3.116418123 0.989086568 0.034170169 -0.143318564 398.039398193
-0.144263029 0.098159336 -0.984658837 189.156280518 -0.020296015 0.994565010 0.102120504 -3.020081997 0.989331365 0.034716774 -0.141486809 397.880676270
-0.142901286 0.098472148 -0.984826386 188.126403809 -0.022239670 0.994467556 0.102663279 -2.923794746 0.989487231 0.036572829 -0.139920682 397.728240967
-0.141771227 0.099258631 -0.984910667 187.071319580 -0.024308525 0.994310975 0.103705123 -2.822816133 0.989601195 0.038644031 -0.138551936 397.583740234
-0.139943421 0.099359736 -0.985161722 186.007522583 -0.025578123 0.994257689 0.103910573 -2.724858999 0.989829183 0.039740104 -0.136598378 397.435516357
-0.138370574 0.098406166 -0.985479474 184.965682983 -0.028032966 0.994263470 0.103219442 -2.623004913 0.989983797 0.041908365 -0.134818137 397.287322998
-0.136751741 0.097733118 -0.985772550 183.907821655 -0.031233948 0.994201005 0.102901772 -2.530241728 0.990112960 0.044861469 -0.132906184 397.137725830
-0.135364354 0.097610630 -0.985975862 182.862838745 -0.032337636 0.994169891 0.102861501 -2.434407711 0.990267932 0.045807853 -0.131418616 396.996704102
-0.133348033 0.097308345 -0.986280560 181.821212769 -0.032844525 0.994187593 0.102529228 -2.337215424 0.990524948 0.046065900 -0.129376858 396.861267090
-0.132105023 0.097454682 -0.986433446 180.766311646 -0.034501579 0.994100153 0.102832697 -2.243077040 0.990635157 0.047618151 -0.127963260 396.721557617
-0.130849436 0.098298550 -0.986517012 179.725326538 -0.035438411 0.993972719 0.103741989 -2.143980503 0.990768492 0.048535101 -0.126577213 396.589080811
-0.130025893 0.098831937 -0.986572742 178.667404175 -0.036842868 0.993851006 0.104416847 -2.051306725 0.990825891 0.049924966 -0.125585139 396.450378418
-0.129100010 0.099205554 -0.986656845 177.639343262 -0.038096644 0.993752420 0.104903862 -1.951756120 0.990899622 0.051131308 -0.124514036 396.314636230
-0.128092989 0.099480778 -0.986760139 176.603698730 -0.039506570 0.993655026 0.105304331 -1.860524654 0.990974963 0.052472182 -0.123350091 396.182586670
-0.127212957 0.100172505 -0.986804008 175.569320679 -0.039306764 0.993596494 0.105929270 -1.772024751 0.991096199 0.052263573 -0.122460872 396.052062988
-0.126311123 0.101020873 -0.986833453 174.514541626 -0.039455809 0.993502319 0.106753804 -1.670343280 0.991205752 0.052420415 -0.121504501 395.924926758
-0.125358373 0.101551726 -0.986900389 173.482055664 -0.040023435 0.993420064 0.107306533 -1.570601583 0.991303921 0.052950840 -0.120469064 395.806091309
-0.124379188 0.101629011 -0.987016499 172.423049927 -0.040151909 0.993410468 0.107347198 -1.470724106 0.991422176 0.052982252 -0.119479060 395.676208496
-0.123111330 0.101238146 -0.987215400 171.364501953 -0.041306343 0.993398070 0.107023366 -1.372330666 0.991532803 0.053953975 -0.118116722 395.542938232
-0.122288831 0.100514330 -0.987391651 170.321395874 -0.042210467 0.993431687 0.106357023 -1.271321654 0.991596520 0.054684453 -0.117242850 395.416198730
-0.121560231 0.100231417 -0.987510443 169.288299561 -0.042404585 0.993455708 0.106054820 -1.180008650 0.991677940 0.054766919 -0.116514340 395.283233643
-0.121655397 0.100727856 -0.987448215 168.238952637 -0.042376250 0.993403256 0.106556207 -1.079521179 0.991667449 0.054807387 -0.116584376 395.160827637
-0.121567674 0.102078378 -0.987320185 167.214263916 -0.041234165 0.993319750 0.107775852 -0.976821840 0.991726279 0.053813297 -0.116546459 395.038574219
-0.121357933 0.103166766 -0.987233043 166.184753418 -0.040439293 0.993244410 0.108766131 -0.880676091 0.991784871 0.053122543 -0.116366111 394.914276123
-0.121374071 0.103521772 -0.987193882 165.145980835 -0.040535647 0.993199944 0.109135479 -0.781449676 0.991778970 0.053262670 -0.116352424 394.794464111
-0.121699952 0.103278175 -0.987179279 164.124984741 -0.041283485 0.993184507 0.108995944 -0.677028298 0.991708159 0.054018896 -0.116606779 394.666259766
-0.122035898 0.102928638 -0.987174213 163.094940186 -0.041447259 0.993212104 0.108682007 -0.575486064 0.991659880 0.054178689 -0.116941437 394.541198730
-0.122352041 0.102862202 -0.987142146 162.060760498 -0.042540707 0.993157089 0.108761780 -0.470075130 0.991574824 0.055300850 -0.117139004 394.418579102
-0.122230463 0.102999479 -0.987142742 161.028305054 -0.042695563 0.993134081 0.108911358 -0.375209272 0.991583049 0.055458810 -0.116993606 394.291168213
-0.122232735 0.102681763 -0.987175465 160.000152588 -0.043113131 0.993145704 0.108641103 -0.276545107 0.991564631 0.055839639 -0.116967991 394.167633057
-0.122103877 0.102878012 -0.987171173 158.973678589 -0.042678859 0.993149221 0.108780056 -0.171253532 0.991599381 0.055413723 -0.116876625 394.049438477
-0.122395866 0.102997221 -0.987122416 157.954147339 -0.042330589 0.993153691 0.108875275 -0.073399588 0.991578221 0.055111274 -0.117197968 393.931243896
-0.122008234 0.102519222 -0.987220168 156.921722412 -0.042506143 0.993198872 0.108393379 0.022834927 0.991618395 0.055187721 -0.116820700 393.806732178
-0.121388845 0.102526098 -0.987295806 155.903350830 -0.043021422 0.993173122 0.108426005 0.124533385 0.991672277 0.055636503 -0.116149373 393.687225342
-0.120310552 0.102019817 -0.987480283 154.890731812 -0.043340314 0.993217349 0.107892998 0.219295889 0.991789818 0.055778280 -0.115072921 393.572387695
-0.118482426 0.100541942 -0.987852752 153.894805908 -0.044380508 0.993330061 0.106422432 0.312682301 0.991963804 0.056450535 -0.113230042 393.451690674
-0.116723172 0.099011950 -0.988216758 152.902053833 -0.045526344 0.993438780 0.104912587 0.404152215 0.992120564 0.057235561 -0.111449704 393.340759277
-0.114488967 0.098710932 -0.988508165 151.902145386 -0.043345932 0.993607104 0.104240477 0.496597141 0.992478371 0.054782107 -0.109478399 393.225372314
-0.112320855 0.098978490 -0.988730252 150.902252197 -0.042789325 0.993621945 0.104329184 0.597088695 0.992750347 0.054025359 -0.107369304 393.107727051
-0.110278793 0.099947780 -0.988862455 149.913482666 -0.041555308 0.993597209 0.105060689 0.687589228 0.993031681 0.052678369 -0.105419382 392.996856689
-0.107776470 0.100880973 -0.989043593 148.926040649 -0.040951174 0.993543565 0.105802499 0.780144632 0.993331432 0.051905442 -0.102949493 392.893127441
-0.105155893 0.101124972 -0.989300787 147.942840576 -0.040732741 0.993543386 0.105888315 0.876292646 0.993621290 0.051431619 -0.100357831 392.782012939
-0.102320865 0.100981198 -0.989612758 146.979110718 -0.041495070 0.993534923 0.105671860 0.971599162 0.993885756 0.051876396 -0.097469240 392.681793213
-0.098849513 0.100731365 -0.989990890 146.003952026 -0.041745439 0.993567705 0.105263591 1.062969923 0.994226456 0.051732775 -0.094008565 392.585418701
-0.095428392 0.100767344 -0.990322828 145.047973633 -0.041582271 0.993591189 0.105106868 1.152110577 0.994567335 0.051209971 -0.090626679 392.493347168
-0.093019567 0.101060510 -0.990522087 144.108413696 -0.040487528 0.993628740 0.105179690 1.239347219 0.994840741 0.049887482 -0.088335223 392.405181885
-0.092206866 0.100995183 -0.990604997 143.184844971 -0.038937088 0.993716419 0.104936793 1.318420649 0.994978368 0.048247069 -0.087695047 392.322570801
-0.093257643 0.100674316 -0.990539193 142.256195068 -0.036671989 0.993852377 0.104463726 1.407058716 0.994966507 0.046066988 -0.088992432 392.238372803
-0.095470823 0.100285999 -0.990367651 141.339920044 -0.035563949 0.993933380 0.104075469 1.488718033 0.994796693 0.045157477 -0.091325052 392.153686523
-0.098509729 0.101047330 -0.989992499 140.435546875 -0.034527067 0.993885338 0.104880355 1.572370052 0.994536817 0.044513196 -0.094418548 392.077209473
-0.102657251 0.102755092 -0.989395142 139.544906616 -0.032349721 0.993779242 0.106566980 1.654352307 0.994190633 0.042946458 -0.098694630 391.993927002
-0.109927878 0.103605598 -0.988525152 138.675704956 -0.030075464 0.993750393 0.107497811 1.736430407 0.993484557 0.041547257 -0.106124818 391.910858154
-0.119908690 0.103170559 -0.987409770 137.826370239 -0.028676234 0.993810713 0.107321814 1.816263795 0.992370784 0.041183919 -0.116208017 391.836181641
-0.131584361 0.102934457 -0.985946119 137.019012451 -0.026881769 0.993858099 0.107348174 1.891967177 0.990940332 0.040629257 -0.128009051 391.747314453
-0.145037040 0.103075512 -0.984042645 136.272537231 -0.025020691 0.993858635 0.107791550 1.960883260 0.989109874 0.040255092 -0.141567305 391.647521973
-0.160137191 0.103593364 -0.981643796 135.560516357 -0.023315163 0.993803382 0.108680069 2.029509068 0.986819386 0.040290836 -0.156729549 391.533020020
-0.178125799 0.104249798 -0.978469908 134.863800049 -0.021157373 0.993736565 0.109728001 2.100098848 0.983780444 0.040247142 -0.174804464 391.404296875
-0.200815007 0.105795220 -0.973899901 134.209030151 -0.017368916 0.993610680 0.111517876 2.169590235 0.979475260 0.039309964 -0.197694346 391.251037598
-0.229650989 0.107395858 -0.967329681 133.584320068 -0.012158277 0.993499279 0.113187805 2.231408358 0.973197162 0.037754666 -0.226852298 391.077606201
-0.265595973 0.108099841 -0.958004832 132.996322632 -0.007766846 0.993421733 0.114249565 2.290460587 0.964053273 0.037784819 -0.263009250 390.904571533
-0.308460921 0.108683236 -0.945007682 132.456008911 -0.003162005 0.993328869 0.115272686 2.341944456 0.951231599 0.038545176 -0.306059420 390.721343994
-0.355742484 0.109080523 -0.928196311 131.973663330 0.002439554 0.993270397 0.115792982 2.400818348 0.934580743 0.038928039 -0.353614569 390.501739502
-0.407614619 0.109425627 -0.906574011 131.516876221 0.007611932 0.993166804 0.116455153 2.452739716 0.913122416 0.040567964 -0.405662298 390.261047363
-0.463552237 0.109827504 -0.879236698 131.109634399 0.014144150 0.993079364 0.116590790 2.502266645 0.885956705 0.041609783 -0.461897522 390.014282227
-0.519207835 0.110264368 -0.847505450 130.754592896 0.020991780 0.992988527 0.116332233 2.548032045 0.854390383 0.042609867 -0.517881989 389.703857422
-0.576634884 0.111948021 -0.809295654 130.375320435 0.029762108 0.992788672 0.116124272 2.596415997 0.816459537 0.042874917 -0.575808406 389.372100830
-0.634343386 0.113800175 -0.764629304 130.014709473 0.037846759 0.992491007 0.116314955 2.648711920 0.772124231 0.044844840 -0.633887112 389.046844482
-0.688172460 0.114519075 -0.716452599 129.706863403 0.045295909 0.992319822 0.115106277 2.690316916 0.724132121 0.046760522 -0.688074529 388.662567139
-0.739510894 0.111905441 -0.663778067 129.414291382 0.049528312 0.992457569 0.112137958 2.742767096 0.671320438 0.050051339 -0.739475727 388.255920410
-0.786603272 0.111014992 -0.607397258 129.175186157 0.055859745 0.992465019 0.109053947 2.790619373 0.614927173 0.051853068 -0.786877334 387.839752197
-0.828374922 0.110883363 -0.549090207 128.942993164 0.061548356 0.992294788 0.107530400 2.828340054 0.556782722 0.055279829 -0.828816831 387.370544434
-0.865868449 0.110665627 -0.487877816 128.747528076 0.066525087 0.992035508 0.106957644 2.871713638 0.495828658 0.060155120 -0.866334260 386.902343750
-0.899067938 0.108943313 -0.424038053 128.585006714 0.070090577 0.991869330 0.106220037 2.930674791 0.432162285 0.065777928 -0.899393797 386.449096680
-0.926090539 0.105707116 -0.362191856 128.465667725 0.072226360 0.991866648 0.104804270 2.982733488 0.370324552 0.070898384 -0.926193178 385.945526123
-0.947425663 0.103803262 -0.302671552 128.351867676 0.076017797 0.991853893 0.102211431 3.012490988 0.310815930 0.073829241 -0.947598636 385.455230713
-0.963786840 0.102292106 -0.246275678 128.272766113 0.080267414 0.991954744 0.097892262 3.043094397 0.254307956 0.074579313 -0.964243650 384.974731445
-0.975669146 0.100553952 -0.194830358 128.206863403 0.083776921 0.992178559 0.092536613 3.087101936 0.202611476 0.073962800 -0.976462245 384.418395996
-0.984209180 0.096570507 -0.148345441 128.151504517 0.084430896 0.992704928 0.086071834 3.132163763 0.155575275 0.072187744 -0.985182881 383.892578125
-0.989768207 0.091884851 -0.109160751 128.126663208 0.083279602 0.993233562 0.080941267 3.169024706 0.115859464 0.071022220 -0.990723252 383.327239990
-0.993476212 0.085141674 -0.075868413 128.119781494 0.079254851 0.993837833 0.077492081 3.220959187 0.081998743 0.070973597 -0.994102120 382.762847900
-0.995509505 0.081761673 -0.047706008 128.100082397 0.077958733 0.993996739 0.076765656 3.257237434 0.053696141 0.072701827 -0.995907187 382.186157227
-0.996372938 0.081845500 -0.023289802 128.084823608 0.079833433 0.993821144 0.077111661 3.288879871 0.029457182 0.074972659 -0.996750414 381.603637695
-0.996383429 0.084952839 -0.001794977 128.080307007 0.084560297 0.993413329 0.077326655 3.328545094 0.008352313 0.076895207 -0.997004390 380.996246338
-0.996373713 0.083530977 0.016179048 128.081039429 0.084534645 0.993447065 0.076920524 3.361655712 -0.009647739 0.078009292 -0.996905744 380.405670166
-0.996245325 0.080844507 0.030976424 128.103286743 0.082965873 0.993744791 0.074751936 3.404515028 -0.024739336 0.077041253 -0.996720970 379.806793213
-0.996051252 0.077652030 0.043037575 128.160278320 0.080623694 0.994122148 0.072256394 3.446640730 -0.037173714 0.075440913 -0.996457160 379.219604492
-0.995593965 0.078290813 0.051606715 128.216384888 0.081834555 0.994144797 0.070564404 3.483171701 -0.045779958 0.074476704 -0.996171236 378.619171143
-0.995125234 0.079596289 0.058227919 128.262985229 0.083594635 0.994052351 0.069798909 3.521935463 -0.052325819 0.074326187 -0.995860517 378.012390137
-0.994764388 0.080113143 0.063453369 128.321670532 0.084478423 0.994006157 0.069391474 3.558189631 -0.057513826 0.074388586 -0.995569885 377.419372559
-0.994634509 0.079958074 0.065642789 128.370956421 0.084464259 0.994033933 0.069010347 3.597105503 -0.059733178 0.074184537 -0.995454013 376.801452637
-0.994495928 0.080490574 0.067076564 128.416748047 0.085056975 0.994035542 0.068255186 3.634809017 -0.061182555 0.073584832 -0.995410502 376.165039062
-0.994208574 0.081179775 0.070424005 128.481979370 0.085916862 0.994042456 0.067067139 3.676850557 -0.064559899 0.072729327 -0.995260119 375.529998779
-0.993769467 0.082499646 0.074942805 128.534240723 0.087527454 0.993941247 0.066481315 3.721034050 -0.069004014 0.072626650 -0.994969487 374.876403809
-0.993295312 0.083947875 0.079482153 128.594360352 0.089272797 0.993818521 0.065993302 3.761165380 -0.073450796 0.072646424 -0.994649470 374.213531494
-0.992849648 0.083977103 0.084841788 128.665863037 0.089735538 0.993742883 0.066502705 3.802496195 -0.078726172 0.073640481 -0.994172812 373.529571533
-0.992410898 0.083470538 0.090298720 128.741744995 0.089619458 0.993765056 0.066326596 3.845237017 -0.084199362 0.073915742 -0.993704021 372.818634033
-0.991894960 0.083515815 0.095759012 128.834579468 0.089973018 0.993806541 0.065217823 3.894992590 -0.089719176 0.073304951 -0.993265986 371.998352051
-0.991498649 0.084050380 0.099331602 128.932464600 0.090678647 0.993808270 0.064206630 3.941358089 -0.093319938 0.072668009 -0.992981017 371.092498779
-0.991425395 0.082341984 0.101464719 129.039276123 0.088980749 0.994055808 0.062733665 3.997103930 -0.095695943 0.071224183 -0.992859125 370.177215576
-0.991116345 0.083165735 0.103788026 129.139114380 0.089917123 0.994007885 0.062154941 4.050625801 -0.097996905 0.070935108 -0.992655396 369.240051270
-0.990704358 0.085370272 0.105909877 129.242080688 0.092389293 0.993713200 0.063232102 4.101171970 -0.099845856 0.072429262 -0.992363214 368.315399170
-0.990464032 0.085923404 0.107697263 129.357559204 0.093204334 0.993555963 0.064493917 4.152810574 -0.101461679 0.073916748 -0.992089868 367.353485107
-0.990166426 0.087079816 0.109489426 129.470779419 0.094696350 0.993289530 0.066395849 4.206760883 -0.102972917 0.076111183 -0.991768181 366.383819580
-0.989847481 0.087820441 0.111756682 129.579788208 0.095658086 0.993169725 0.066808626 4.260298729 -0.105126150 0.076820783 -0.991487205 365.423126221
-0.989788890 0.085574217 0.113997653 129.698104858 0.093629517 0.993331075 0.067281164 4.314840794 -0.107479841 0.077267691 -0.991200387 364.455322266
-0.989959180 0.081697442 0.115353636 129.821594238 0.090007812 0.993564188 0.068765879 4.377654552 -0.108993217 0.078458145 -0.990941405 363.458312988
-0.990228891 0.077273615 0.116083786 129.951324463 0.085928142 0.993732870 0.071493238 4.443245411 -0.109831691 0.080769539 -0.990663052 362.449645996
-0.990392625 0.074604228 0.116434418 130.067672729 0.083257109 0.993973672 0.071306884 4.509231091 -0.110412911 0.080315791 -0.990635455 361.442901611
-0.990429282 0.074523985 0.116173722 130.173187256 0.082882524 0.994177759 0.068855308 4.562993050 -0.110365927 0.077825099 -0.990839541 360.444396973
-0.990411162 0.075309448 0.115823075 130.293518066 0.083349392 0.994318485 0.066209279 4.622777939 -0.110178791 0.075228177 -0.991061151 359.437896729
-0.990289867 0.076466411 0.116099373 130.407196045 0.084500261 0.994240284 0.065924153 4.686758995 -0.110389650 0.075094447 -0.991047561 358.415679932
-0.990190744 0.077682994 0.116138332 130.522705078 0.085868366 0.994036555 0.067215577 4.744452953 -0.110224202 0.076528840 -0.990956247 357.388458252
-0.990333438 0.076898575 0.115442172 130.641723633 0.084976390 0.994144082 0.066757806 4.799300671 -0.109632522 0.075922333 -0.991068602 356.365753174
-0.990441024 0.075445481 0.115476765 130.772308350 0.083516933 0.994269848 0.066727124 4.866799831 -0.109780766 0.075733542 -0.991066456 355.330322266
-0.990518570 0.074679315 0.115311377 130.896331787 0.082800873 0.994289696 0.067321301 4.926775932 -0.109625354 0.076230861 -0.991045773 354.296020508
-0.990472376 0.075133257 0.115410566 131.021911621 0.083230197 0.994274557 0.067014024 4.994795322 -0.109714769 0.075981192 -0.991054833 353.250335693
-0.990436792 0.074562594 0.116084829 131.142501831 0.082510069 0.994453311 0.065228060 5.061054707 -0.110577337 0.074182436 -0.991095304 352.222656250
-0.990204871 0.076113187 0.117053270 131.272399902 0.084042363 0.994381547 0.064360410 5.120059490 -0.111496896 0.073567420 -0.991038084 351.198974609
-0.989864469 0.078063458 0.118637018 131.406646729 0.085987285 0.994289577 0.063201681 5.172173500 -0.113025770 0.072762378 -0.990924358 350.154724121
-0.989911854 0.075443961 0.119930111 131.545135498 0.083476879 0.994489253 0.063424654 5.220895290 -0.114484161 0.072796196 -0.990754604 349.122863770
-0.989742756 0.076451883 0.120684467 131.674560547 0.084727511 0.994282246 0.064993232 5.275042057 -0.115025505 0.074551880 -0.990561128 348.098663330
-0.989730716 0.076315343 0.120869428 131.797729492 0.084758818 0.994191825 0.066321991 5.336325645 -0.115105964 0.075885661 -0.990450561 347.063720703
-0.989887774 0.074492685 0.120719701 131.924148560 0.082769811 0.994442642 0.065060772 5.388614655 -0.115202241 0.074394815 -0.990552306 346.047027588
-0.989901960 0.075051337 0.120257780 132.050704956 0.083110407 0.994517863 0.063457236 5.445655346 -0.114835910 0.072811097 -0.990712762 345.010650635
-0.989706755 0.077029474 0.120610952 132.169937134 0.085118182 0.994351208 0.063407823 5.501504898 -0.115045331 0.073021345 -0.990672588 343.971008301
-0.989424944 0.080852933 0.120420702 132.287124634 0.089300618 0.993783414 0.066483140 5.562675476 -0.114296690 0.076533720 -0.990494311 342.944183350
-0.989318490 0.081738077 0.120696716 132.415847778 0.090550900 0.993468940 0.069425680 5.634922028 -0.114233680 0.079613313 -0.990258634 341.904724121
-0.989371955 0.081322066 0.120541736 132.541488647 0.090168223 0.993474841 0.069838509 5.700604916 -0.114075735 0.079965279 -0.990248740 340.878295898
-0.989536703 0.080197342 0.119938686 132.668197632 0.088776655 0.993729115 0.067979120 5.756137371 -0.113734782 0.077915601 -0.990451038 339.851715088
-0.989631236 0.079618372 0.119545214 132.796737671 0.088007621 0.993890107 0.066612214 5.803216934 -0.113511205 0.076442428 -0.990591645 338.825469971
-0.989719748 0.078989320 0.119230136 132.923812866 0.087269828 0.994002700 0.065898210 5.856809139 -0.113309771 0.075625949 -0.990677357 337.796112061
-0.989838719 0.077961355 0.118917517 133.055038452 0.086456738 0.993930101 0.068031177 5.922189713 -0.112891845 0.077621117 -0.990570784 336.749450684
-0.989822686 0.078341804 0.118801184 133.180389404 0.087018587 0.993765950 0.069692448 5.990417957 -0.112600684 0.079321072 -0.990469217 335.712432861
-0.989861012 0.077790104 0.118844464 133.298934937 0.086446047 0.993829489 0.069498278 6.048124313 -0.112704806 0.079067267 -0.990477860 334.684448242
-0.989773035 0.079287618 0.118586324 133.418716431 0.087733895 0.993835330 0.067780323 6.101735592 -0.112481087 0.077491179 -0.990627527 333.663574219
-0.989736438 0.080353066 0.118174449 133.544448853 0.088719152 0.993779182 0.067318954 6.171196938 -0.112029970 0.077112362 -0.990708411 332.623718262
-0.989587128 0.082507513 0.117940433 133.664077759 0.091109529 0.993412673 0.069499381 6.235374928 -0.111429267 0.079521194 -0.990585744 331.575592041
-0.989421785 0.084233947 0.118106022 133.786346436 0.093030713 0.993124783 0.071053088 6.301952839 -0.111308888 0.081288971 -0.990455687 330.516357422
-0.989295661 0.085262537 0.118424371 133.911270142 0.094137318 0.992989957 0.071478464 6.365161896 -0.111499727 0.081861496 -0.990387082 329.483276367
-0.989312410 0.085322641 0.118241929 134.024597168 0.094147965 0.993011057 0.071171314 6.427309513 -0.111342981 0.081542887 -0.990431190 328.446624756
-0.989121675 0.087353989 0.118354484 134.149948120 0.096233226 0.992787421 0.071500741 6.495885372 -0.111254930 0.082112566 -0.990393937 327.394500732
-0.988962352 0.089178905 0.118324153 134.270614624 0.098116279 0.992568314 0.071981512 6.567208767 -0.111025527 0.082796536 -0.990362465 326.337219238
-0.988792062 0.091042556 0.118329979 134.388107300 0.099972218 0.992392778 0.071847655 6.638813972 -0.110888578 0.082872093 -0.990371823 325.278839111
-0.988794923 0.090617694 0.118628785 134.507629395 0.099369206 0.992581666 0.070053063 6.706891060 -0.111400664 0.081056178 -0.990464270 324.234252930
-0.988722205 0.091155671 0.118823722 134.623825073 0.099757865 0.992646337 0.068567671 6.763562679 -0.111699559 0.079647973 -0.990545034 323.163146973
-0.988724053 0.090728343 0.119134180 134.749862671 0.099283300 0.992736816 0.067943826 6.824793339 -0.112104423 0.079005733 -0.990550637 322.111846924
-0.988741636 0.089699052 0.119767644 134.878417969 0.098334134 0.992811084 0.068238907 6.891566753 -0.112785637 0.079247907 -0.990454197 321.043975830
-0.988655388 0.090207525 0.120096773 135.008148193 0.099062771 0.992621720 0.069918454 6.958316803 -0.112903461 0.081022374 -0.990297019 319.984893799
-0.988714159 0.088862374 0.120616570 135.137100220 0.098056272 0.992532849 0.072550341 7.025351524 -0.113268882 0.083558746 -0.990044773 318.909729004
-0.988983810 0.087206610 0.119607508 135.264480591 0.096518956 0.992546439 0.074402288 7.097700119 -0.112227589 0.085127063 -0.990029275 317.834594727
-0.989080369 0.087632097 0.118495032 135.386306763 0.096949264 0.992437661 0.075287491 7.175935745 -0.111001298 0.085953377 -0.990096509 316.763519287
-0.989098191 0.088829219 0.117448807 135.513854980 0.097958468 0.992407024 0.074379630 7.250180244 -0.109949917 0.085073866 -0.990289569 315.699096680
-0.989280343 0.088654391 0.116037212 135.635879517 0.097391188 0.992644489 0.071915865 7.317465305 -0.108808003 0.082445957 -0.990637958 314.620819092
-0.989314020 0.089341052 0.115220785 135.757461548 0.098022699 0.992575169 0.072014138 7.382783890 -0.107931428 0.082538858 -0.990725994 313.528686523
-0.989289701 0.089738555 0.115120463 135.880294800 0.098434865 0.992519915 0.072213978 7.450029850 -0.107778944 0.082772434 -0.990723133 312.458496094
-0.989333272 0.089344561 0.115053527 136.000122070 0.097858854 0.992692649 0.070604853 7.521174431 -0.107904568 0.081110738 -0.990847051 311.381072998
-0.989336431 0.089224800 0.115120232 136.127716064 0.097545564 0.992851317 0.068783827 7.588184357 -0.108160019 0.079279795 -0.990967393 310.299255371
-0.989219069 0.089456305 0.115945682 136.253463745 0.097757854 0.992884517 0.067998670 7.650538921 -0.109037735 0.078600183 -0.990925312 309.220733643
-0.989124954 0.089548729 0.116674662 136.372100830 0.098026603 0.992784441 0.069063619 7.700278759 -0.109648183 0.079749763 -0.990766048 308.150634766
-0.989004135 0.089075625 0.118054278 136.498489380 0.097909145 0.992640913 0.071258910 7.774892807 -0.110838048 0.082033947 -0.990447223 307.087310791
-0.988844633 0.089031406 0.119414985 136.618484497 0.098184519 0.992480993 0.073083326 7.845655441 -0.112010352 0.083992757 -0.990151048 306.018249512
-0.988872409 0.087415971 0.120374992 136.747695923 0.096622184 0.992648900 0.072885752 7.914188862 -0.113118678 0.083705597 -0.990049362 304.969451904
-0.988709390 0.088553093 0.120881066 136.879974365 0.097183153 0.992977619 0.067460038 7.966303349 -0.114058360 0.078445978 -0.990372241 303.931884766
-0.988531411 0.089553855 0.121597424 137.013610840 0.097469665 0.993380785 0.060780339 7.997164249 -0.115349390 0.071935333 -0.990716934 302.914794922
-0.988271952 0.091198988 0.122481257 137.147384644 0.099042423 0.993300200 0.059542749 8.047141075 -0.116230369 0.070975259 -0.990683258 301.856384277
-0.988096654 0.091256306 0.123845942 137.283142090 0.099468209 0.993118763 0.061817445 8.095476151 -0.117352426 0.073400326 -0.990374207 300.776580811
-0.988032758 0.090881780 0.124627814 137.413253784 0.099709570 0.992790818 0.066515617 8.147715569 -0.117684260 0.078146189 -0.989971519 299.706939697
-0.988064468 0.089699954 0.125231311 137.554916382 0.099098787 0.992545247 0.070946462 8.212257385 -0.117933795 0.082509950 -0.989587843 298.640075684
-0.988062561 0.089272499 0.125551701 137.687866211 0.098879442 0.992456317 0.072480164 8.278425217 -0.118134037 0.084029414 -0.989435971 297.577026367
-0.988238037 0.087544911 0.125386849 137.835922241 0.097120889 0.992635548 0.072402731 8.345489502 -0.118124917 0.083728805 -0.989462614 296.516723633
-0.988188565 0.088949010 0.124787748 137.972030640 0.098475739 0.992504835 0.072364844 8.411644936 -0.117415637 0.083798677 -0.989541233 295.440887451
-0.988069475 0.090828769 0.124376036 138.105773926 0.100290820 0.992346287 0.072044969 8.479676247 -0.116880305 0.083659202 -0.989616454 294.372039795
-0.988066673 0.092214406 0.123374969 138.244430542 0.101271555 0.992444813 0.069262832 8.557095528 -0.116055794 0.080930665 -0.989940345 293.297851562
-0.988137841 0.092624471 0.122492269 138.381301880 0.101061702 0.992783964 0.064549327 8.610860825 -0.115629464 0.076162919 -0.990368187 292.243530273
-0.988152921 0.093198881 0.121933758 138.508087158 0.101361439 0.992882371 0.062534638 8.670995712 -0.115237668 0.074153163 -0.990566254 291.186340332
-0.988408327 0.091041490 0.121493563 138.647232056 0.099423632 0.992932856 0.064802147 8.722881317 -0.114735238 0.076130316 -0.990474761 290.120941162
-0.988944948 0.085322648 0.121277541 138.800735474 0.094113648 0.993188262 0.068699814 8.790638924 -0.114589736 0.079354204 -0.990238607 289.030487061
-0.989308357 0.082008846 0.120597653 138.948654175 0.091407485 0.993017018 0.074578598 8.889487267 -0.113639385 0.084804758 -0.989896238 287.955139160
-0.989340246 0.082438648 0.120041534 139.084762573 0.092347771 0.992551088 0.079462379 8.953124046 -0.112596534 0.089700893 -0.989583611 286.893280029
-0.989285290 0.082990766 0.120114863 139.222015381 0.092906840 0.992500007 0.079449110 9.024366379 -0.112620413 0.089757316 -0.989575922 285.845947266
-0.989183068 0.084949546 0.119586974 139.337524414 0.094308726 0.992721260 0.074902393 9.090363503 -0.112353556 0.085370257 -0.989994466 284.818664551
-0.988957584 0.088268489 0.119045950 139.458618164 0.096726283 0.993037403 0.067236833 9.127227783 -0.112282142 0.078009240 -0.990609646 283.777832031
-0.988738358 0.091061309 0.118760616 139.582519531 0.098717012 0.993290067 0.060247403 9.174855232 -0.112477496 0.071292624 -0.991093397 282.719909668
-0.988553166 0.092340574 0.119314216 139.701614380 0.100274369 0.993008375 0.062285934 9.227807999 -0.112728432 0.073537119 -0.990900934 281.662506104
-0.988335788 0.093823656 0.119956717 139.827224731 0.102543652 0.992353082 0.068702839 9.290863037 -0.112593420 0.080202274 -0.990399063 280.605072021
-0.988351703 0.092974424 0.120486543 139.959182739 0.102579445 0.991807818 0.076122910 9.345729828 -0.112421975 0.087595649 -0.989792168 279.551971436
-0.988532901 0.090412796 0.120947100 140.094192505 0.100728251 0.991522729 0.082075857 9.422871590 -0.112501048 0.093317479 -0.989259958 278.493927002
-0.988710403 0.087155394 0.121884845 140.234390259 0.097849414 0.991591394 0.084687993 9.504885674 -0.113478892 0.095658258 -0.988924861 277.432067871
-0.988734066 0.086259447 0.122329719 140.362472534 0.096861638 0.991785705 0.083540641 9.572507858 -0.114118643 0.094448529 -0.988967478 276.386230469
-0.989276707 0.080244236 0.122037180 140.508148193 0.090350971 0.992718518 0.079665497 9.645640373 -0.114755824 0.089837372 -0.989323378 275.346221924
-0.989481509 0.078715816 0.121369012 140.637252808 0.088142008 0.993329048 0.074353188 9.715902328 -0.114706554 0.084268793 -0.989818871 274.305358887
-0.989791751 0.076486170 0.120260529 140.771194458 0.085299641 0.993898511 0.069926269 9.785220146 -0.114178337 0.079470620 -0.990276873 273.275115967
-0.990106761 0.074317858 0.119018055 140.908172607 0.082646184 0.994348764 0.066634268 9.851349831 -0.113393314 0.075811438 -0.990653515 272.247589111
-0.990186334 0.074762173 0.118075110 141.037582397 0.082956858 0.994359970 0.066078544 9.912346840 -0.112468936 0.075225212 -0.990803599 271.223907471
-0.990332305 0.074834540 0.116797701 141.160263062 0.083229080 0.994157732 0.068726569 9.968577385 -0.110972166 0.077783115 -0.990774810 270.188690186
-0.990253150 0.076072097 0.116670325 141.281860352 0.085135862 0.993559599 0.074773833 10.033072472 -0.110230692 0.083977848 -0.990352035 269.135375977
-0.990388632 0.072956800 0.117508061 141.410049438 0.082893215 0.993177891 0.082014769 10.094612122 -0.110722817 0.090967096 -0.989679515 268.105590820
-0.990641952 0.068835251 0.117857724 141.539855957 0.079219446 0.993156731 0.085814551 10.165281296 -0.111144073 0.094348118 -0.989315689 267.081970215
-0.990940154 0.063704208 0.118236981 141.667251587 0.073939972 0.993693113 0.084302180 10.227686882 -0.112120844 0.092280842 -0.989400625 266.053375244
-0.991054595 0.060925782 0.118739136 141.788696289 0.070582509 0.994381189 0.078892857 10.294346809 -0.113265321 0.086568028 -0.989786446 265.047363281
-0.990873098 0.062358167 0.119507223 141.899230957 0.071515217 0.994695961 0.073929340 10.342829704 -0.114263214 0.081801191 -0.990077078 264.054107666
-0.990592420 0.064269692 0.120814987 142.026428223 0.073066063 0.994878531 0.069843575 10.405529976 -0.115707375 0.078013994 -0.990215003 263.060028076
-0.990188599 0.067919180 0.122122802 142.141036987 0.076798297 0.994619370 0.069528654 10.470850945 -0.116743334 0.078225300 -0.990076780 262.061676025
-0.989913404 0.069852225 0.123258367 142.249160767 0.079077445 0.994293392 0.071607277 10.528375626 -0.117553003 0.080631956 -0.989788115 261.073669434
-0.989619732 0.071612157 0.124596491 142.364807129 0.081142850 0.994012833 0.073173620 10.588442802 -0.118610330 0.082524188 -0.989505529 260.101989746
-0.989549577 0.071122125 0.125432238 142.485183716 0.080644906 0.994099259 0.072546557 10.643696785 -0.119532391 0.081903890 -0.989446104 259.157562256
-0.989571810 0.069064215 0.126402676 142.606323242 0.078336485 0.994472504 0.069912262 10.693647385 -0.120875522 0.079085156 -0.989512205 258.211639404
-0.989442706 0.069400154 0.127226919 142.722717285 0.078463994 0.994617820 0.067666538 10.751845360 -0.121846028 0.076934904 -0.989562750 257.309692383
-0.989397943 0.068894908 0.127850682 142.850738525 0.077851877 0.994749129 0.066431567 10.794967651 -0.122602515 0.075680658 -0.989566386 256.380767822
-0.989344180 0.068256319 0.128605872 142.964340210 0.077243432 0.994809628 0.066235483 10.845603943 -0.123417325 0.075463645 -0.989481449 255.456466675
-0.989262283 0.067589581 0.129584029 143.092910767 0.076710552 0.994817615 0.066733077 10.883568764 -0.124401949 0.075956970 -0.989320397 254.536392212
-0.989279449 0.064981125 0.130782530 143.213027954 0.074230283 0.994979024 0.067131422 10.932630539 -0.125763550 0.076119758 -0.989135921 253.647247314
-0.989442647 0.059349380 0.132215172 143.367462158 0.069016419 0.995172679 0.069772005 10.980296135 -0.127435952 0.078160428 -0.988762438 252.761184692
-0.989320278 0.057132825 0.134093761 143.502868652 0.067460850 0.994990051 0.073782690 11.030746460 -0.129206508 0.082040809 -0.988218069 251.899993896
-0.989055932 0.056267537 0.136390939 143.627288818 0.067011878 0.994891047 0.075506702 11.079146385 -0.131445497 0.083820164 -0.987773418 251.056442261
-0.988773644 0.056421556 0.138359278 143.738220215 0.067363612 0.994851172 0.075718187 11.111364365 -0.133374706 0.084188528 -0.987483203 250.240310669
-0.988553047 0.056115750 0.140050039 143.840881348 0.066937812 0.995024383 0.073795304 11.163595200 -0.135212079 0.082325220 -0.987390637 249.453491211
-0.988174975 0.056118444 0.142693400 143.958740234 0.066934608 0.995144367 0.072162680 11.207990646 -0.137950853 0.080860473 -0.987132967 248.670776367
-0.987834930 0.056208834 0.144992009 144.089889526 0.067156002 0.995159745 0.071743809 11.262944221 -0.140257537 0.080608137 -0.986828268 247.949264526
-0.987789154 0.054097034 0.146103874 144.192245483 0.065576911 0.995030046 0.074932821 11.292166710 -0.141324073 0.083598875 -0.986427307 247.323623657
-0.987999737 0.050046880 0.146123871 144.296051025 0.061879158 0.995063722 0.077583104 11.330363274 -0.141519725 0.085694104 -0.986219525 246.737213135
-0.988222301 0.048273601 0.145212844 144.394775391 0.060182270 0.995075047 0.078764342 11.352928162 -0.140695408 0.086575918 -0.986260533 246.180938721
-0.988736868 0.045557044 0.142564803 144.485626221 0.057279751 0.995209157 0.079232685 11.381132126 -0.138272136 0.086506329 -0.986609340 245.626525879
-0.989446461 0.044691011 0.137837052 144.567489624 0.056012489 0.995269358 0.079381786 11.424957275 -0.133637294 0.086264603 -0.987268984 245.083450317
-0.990394592 0.043484233 0.131254792 144.659469604 0.054114714 0.995441079 0.078541331 11.447000504 -0.127241060 0.084889732 -0.988232434 244.548889160
-0.991644382 0.042022798 0.121965714 144.740203857 0.051735315 0.995642126 0.077590331 11.485132217 -0.118173607 0.083251961 -0.989496946 244.035720825
-0.993383884 0.039739430 0.107746214 144.823577881 0.048283812 0.995792210 0.077888094 11.510549545 -0.104197584 0.082575172 -0.991122723 243.511611938
-0.995251536 0.039148506 0.089119419 144.875427246 0.046294510 0.995752633 0.079583563 11.550747871 -0.085625276 0.083331391 -0.992836654 243.050170898
-0.996923745 0.042095546 0.066117592 144.925720215 0.047406688 0.995591819 0.080929488 11.583089828 -0.062419314 0.083814934 -0.994524717 242.582550049
-0.998151302 0.046531416 0.039096765 144.933624268 0.049606223 0.995417178 0.081754945 11.603814125 -0.035113379 0.083543256 -0.995885134 242.107513428
-0.998829305 0.047909863 0.006687052 144.943161011 0.048298970 0.995410323 0.082616195 11.638706207 -0.002698189 0.082842454 -0.996559024 241.654754639
-0.998387039 0.048630524 -0.029311579 144.924026489 0.046030611 0.995431304 0.083652794 11.672719955 0.033245783 0.082168609 -0.996064126 241.233322144
-0.996503055 0.049623564 -0.067229189 144.837402344 0.043820690 0.995399952 0.085198969 11.715724945 0.071147837 0.081954964 -0.994093359 240.803100586
-0.992787719 0.054302707 -0.106883354 144.756851196 0.045134451 0.995237291 0.086404026 11.743310928 0.111066312 0.080956712 -0.990510345 240.388259888
-0.987247050 0.061196007 -0.146965370 144.650207520 0.048614338 0.994957507 0.087728590 11.782960892 0.151592985 0.079465128 -0.985243738 239.983337402
-0.979820013 0.067085475 -0.188288316 144.525085449 0.050867304 0.994670153 0.089687601 11.813841820 0.193301529 0.078299947 -0.978009999 239.563293457
-0.970441937 0.069761463 -0.231033206 144.398422241 0.049773239 0.994583428 0.091249108 11.855986595 0.236147523 0.077052645 -0.968657732 239.168640137
-0.959413826 0.071099848 -0.272892863 144.207046509 0.047252253 0.994544685 0.092994466 11.896401405 0.278016061 0.076325327 -0.957539558 238.757766724
-0.945910156 0.073767364 -0.315931052 144.056488037 0.045526847 0.994352818 0.095864244 11.942502022 0.321218640 0.076295599 -0.943926752 238.408142090
-0.929223716 0.075494669 -0.361723840 143.827148438 0.042415291 0.994228423 0.098543838 11.987879753 0.367075682 0.076226614 -0.927062690 238.045120239
-0.908885300 0.077309214 -0.409818709 143.550247192 0.038924269 0.994103909 0.101205014 12.031065941 0.415226430 0.076031804 -0.906535447 237.657440186
-0.885533631 0.078192294 -0.457947642 143.272033691 0.034623235 0.994100690 0.102786779 12.082265854 0.463283241 0.075165480 -0.883016884 237.309432983
-0.859152615 0.079232991 -0.505548060 142.958450317 0.030047119 0.994046688 0.104730353 12.128919601 0.510836482 0.074789040 -0.856418490 236.937347412
-0.829566002 0.079315215 -0.552747130 142.731781006 0.024097171 0.994023860 0.106470086 12.168268204 0.557888627 0.075004265 -0.826519549 236.589416504
-0.796721339 0.079539068 -0.599090040 142.459152222 0.018511143 0.994047999 0.107358560 12.214785576 0.604063570 0.074444950 -0.793451548 236.243484497
-0.760666490 0.077338755 -0.644519627 142.098709106 0.011543507 0.994332135 0.105690606 12.254170418 0.649040461 0.072955213 -0.757247925 235.872619629
-0.722060502 0.074636541 -0.687791884 141.742141724 0.005248864 0.994726002 0.102433488 12.310152054 0.691809833 0.070353001 -0.718644083 235.578155518
-0.682039380 0.072404593 -0.727722287 141.353134155 -0.000306220 0.995058417 0.099290177 12.341424942 0.731315315 0.067942604 -0.678646922 235.283996582
-0.640794516 0.070660122 -0.764453590 140.920883179 -0.005944621 0.995268762 0.096977897 12.392475128 0.767689228 0.066687249 -0.637342751 234.975570679
-0.598695338 0.069808260 -0.797929049 140.509628296 -0.010718442 0.995407403 0.095127210 12.433388710 0.800905228 0.065504692 -0.595197558 234.704742432
-0.555315435 0.069553122 -0.828726351 140.080780029 -0.015979076 0.995420218 0.094250731 12.483054161 0.831486404 0.065581098 -0.551660836 234.385162354
-0.512431920 0.070364617 -0.855840147 139.647247314 -0.020459909 0.995353878 0.094085366 12.526772499 0.858484089 0.065722689 -0.508611441 234.127227783
-0.469726622 0.071291566 -0.879928529 139.127349854 -0.024781913 0.995276272 0.093866207 12.577400208 0.882464051 0.065897703 -0.465740979 233.910537720
-0.426760375 0.071962833 -0.901497185 138.567550659 -0.027905570 0.995306551 0.092661545 12.633321762 0.903934240 0.064700976 -0.422749281 233.702194214
-0.385477155 0.072601415 -0.919856668 138.029739380 -0.030759163 0.995334566 0.091448702 12.677350998 0.922204494 0.063545339 -0.381445646 233.497604370
-0.347265571 0.070936874 -0.935079813 137.455627441 -0.035592549 0.995419323 0.088732570 12.717952728 0.937090993 0.064095572 -0.343149900 233.311264038
-0.311875820 0.068284504 -0.947665930 136.864776611 -0.039847232 0.995596468 0.084851891 12.780388832 0.949286997 0.064225040 -0.307781518 233.135162354
-0.280823022 0.066121064 -0.957479239 136.274810791 -0.040735822 0.995903909 0.080722213 12.828405380 0.958894670 0.061672285 -0.276979297 233.005981445
-0.253222495 0.065952562 -0.965157509 135.664733887 -0.039287549 0.996149302 0.078378044 12.875165939 0.966610193 0.057765670 -0.249656320 232.879882812
-0.228679001 0.066473909 -0.971229672 135.034988403 -0.038228709 0.996283233 0.077189766 12.923145294 0.972750902 0.054780465 -0.225287825 232.735992432
-0.207245678 0.067097642 -0.975985348 134.386825562 -0.036512394 0.996419549 0.076255746 12.972964287 0.977607489 0.051439144 -0.204053745 232.605697632
-0.189132243 0.066565886 -0.979692817 133.721313477 -0.038473330 0.996431231 0.075130627 13.030758858 0.981197655 0.051901601 -0.185896248 232.468475342
-0.173389599 0.066692092 -0.982592642 133.038696289 -0.038879298 0.996463239 0.074494287 13.086717606 0.984085679 0.051118962 -0.170183361 232.367706299
-0.161287174 0.067259476 -0.984612942 132.343536377 -0.038504198 0.996486485 0.074377917 13.138594627 0.986156106 0.049907856 -0.158130616 232.278182983
-0.151577577 0.068507969 -0.986068368 131.621459961 -0.037171781 0.996494412 0.074946404 13.193118095 0.987746179 0.048014034 -0.148499623 232.161895752
-0.143811017 0.069283172 -0.987177014 130.896667480 -0.037899885 0.996428788 0.075453781 13.247684479 0.988879323 0.048264891 -0.140671745 232.068557739
-0.137038708 0.068954714 -0.988162756 130.159530640 -0.038563136 0.996446550 0.074880771 13.302617073 0.989814878 0.048368141 -0.133892700 231.961303711
-0.129741699 0.066731378 -0.989299655 129.411834717 -0.038914472 0.996621370 0.072328739 13.367714882 0.990783811 0.047882058 -0.126706541 231.872619629
-0.122321196 0.064663269 -0.990381896 128.611572266 -0.036230359 0.996919334 0.069564946 13.419288635 0.991829097 0.044391073 -0.119601570 231.777984619
-0.115991056 0.060630593 -0.991398036 127.737747192 -0.035213862 0.997256696 0.065108873 13.471595764 0.992625833 0.042462911 -0.113537751 231.683135986
-0.111793026 0.057077087 -0.992091000 126.844261169 -0.032181107 0.997617543 0.061021406 13.527995110 0.993210196 0.038748272 -0.109689794 231.582809448
-0.110126682 0.056036394 -0.992336690 125.912673950 -0.031001277 0.997729957 0.059781451 13.579547882 0.993434012 0.037347153 -0.108139478 231.472976685
-0.109584890 0.058066666 -0.992280006 124.957412720 -0.030405343 0.997629225 0.061737649 13.629392624 0.993512452 0.036936041 -0.107559614 231.365585327
-0.108895734 0.062052228 -0.992114663 123.978233337 -0.031796269 0.997321546 0.065867960 13.683219910 0.993544698 0.038718194 -0.106631026 231.263290405
-0.109137736 0.068673566 -0.991651714 122.992599487 -0.032526236 0.996829748 0.072611950 13.733020782 0.993494451 0.040179309 -0.106558040 231.158309937
-0.109641612 0.073190205 -0.991272986 122.011718750 -0.034909971 0.996386468 0.077429108 13.800239563 0.993358076 0.043094676 -0.106690362 231.053802490
-0.109190747 0.072809860 -0.991350710 121.025772095 -0.034471907 0.996436417 0.076980308 13.872659683 0.993422866 0.042579208 -0.106291741 230.945983887
-0.109323934 0.068430774 -0.991647780 120.037971497 -0.033471990 0.996808290 0.072477050 13.926604271 0.993442535 0.041115820 -0.106684461 230.849533081
-0.109415412 0.064167000 -0.991922915 119.046287537 -0.031987984 0.997170031 0.068034984 13.995779991 0.993481338 0.039173599 -0.107053138 230.743041992
-0.109106280 0.063869707 -0.991975963 118.055610657 -0.030526832 0.997247696 0.067566797 14.053766251 0.993561268 0.037653774 -0.106856234 230.648040771
-0.109390251 0.065073282 -0.991866648 117.052772522 -0.029272925 0.997211099 0.068652399 14.122104645 0.993567824 0.036544647 -0.107180238 230.537719727
-0.110632636 0.065752141 -0.991683841 116.051818848 -0.029721936 0.997143984 0.069430016 14.174542427 0.993416846 0.037155911 -0.108362377 230.411666870
-0.111842170 0.069253027 -0.991310000 115.039947510 -0.028673906 0.996928394 0.072880663 14.238101006 0.993312299 0.036575779 -0.109512947 230.304092407
-0.114818811 0.072766200 -0.990717888 114.028869629 -0.027604930 0.996694684 0.076404504 14.293488503 0.993002892 0.036121286 -0.112430520 230.190231323
-0.117217287 0.074210085 -0.990329742 113.029815674 -0.026544403 0.996613741 0.077822894 14.363219261 0.992751539 0.035409816 -0.114850551 230.075820923
-0.120279960 0.071823925 -0.990138412 112.034072876 -0.028096559 0.996733546 0.075715505 14.420070648 0.992342353 0.036926456 -0.117869101 229.944335938
-0.123167001 0.068461895 -0.990021765 111.038528442 -0.027061868 0.997014880 0.072312273 14.473377228 0.992017031 0.035698239 -0.120946601 229.823211670
-0.125872523 0.066840686 -0.989792049 110.054130554 -0.026055314 0.997160733 0.070651822 14.521546364 0.991704166 0.034682382 -0.123773515 229.709381104
-0.127767384 0.069094017 -0.989394605 109.034042358 -0.024327863 0.997052014 0.072770454 14.581359863 0.991505861 0.033367459 -0.125709802 229.586853027
-0.129389346 0.072222367 -0.988960326 108.028175354 -0.023696205 0.996833980 0.075897694 14.640474319 0.991310775 0.033254869 -0.127268225 229.466232300
-0.131289378 0.074617028 -0.988531947 107.021919250 -0.022323854 0.996687889 0.078197606 14.715102196 0.991092801 0.032334276 -0.129188806 229.347320557
-0.132374495 0.072845638 -0.988519311 106.028266907 -0.024447294 0.996752441 0.076726191 14.768532753 0.990898252 0.034323126 -0.130163655 229.213012695
-0.132770002 0.070340134 -0.988647938 105.046150208 -0.025875784 0.996892631 0.074401774 14.837552071 0.990809083 0.035460278 -0.130537316 229.087005615
-0.132829934 0.067510098 -0.988836944 104.054512024 -0.024183093 0.997159839 0.071326882 14.902194023 0.990843654 0.033387408 -0.130820081 228.958206177
-0.133367196 0.064303696 -0.988978386 103.068191528 -0.021697816 0.997464240 0.067781530 14.965948105 0.990828991 0.030498434 -0.131633684 228.839843750
-0.133214295 0.062253498 -0.989130139 102.064407349 -0.022523388 0.997577369 0.065818608 15.008799553 0.990831196 0.031046461 -0.131489336 228.700561523
-0.132216215 0.064867571 -0.989096165 101.069908142 -0.022096476 0.997415543 0.068366960 15.076633453 0.990974665 0.030894669 -0.130441144 228.560043335
-0.131216839 0.069831297 -0.988891304 100.071304321 -0.018206207 0.997178018 0.072832331 15.134275436 0.991186559 0.027560696 -0.129575118 228.438629150
-0.130299330 0.071691424 -0.988879263 99.081542969 -0.018772637 0.997025192 0.074755609 15.190280914 0.991296768 0.028304406 -0.128565848 228.315628052
-0.129572630 0.071015112 -0.989023626 98.101509094 -0.021032371 0.997010827 0.074344143 15.252257347 0.991346896 0.030434391 -0.127691627 228.181243896
-0.129028141 0.070492923 -0.989132285 97.120277405 -0.020095043 0.997079432 0.073680669 15.313341141 0.991437554 0.029383451 -0.127234727 228.055358887
-0.128568903 0.069542572 -0.989259362 96.148017883 -0.018037025 0.997209251 0.072445668 15.373081207 0.991536736 0.027157465 -0.126955703 227.926879883
-0.128281415 0.068077981 -0.989398420 95.160140991 -0.019062109 0.997287631 0.071092382 15.439097404 0.991554558 0.027979776 -0.126635820 227.804077148
-0.128748298 0.069204912 -0.989259720 94.189163208 -0.017485179 0.997248530 0.072039470 15.495137215 0.991523266 0.026572254 -0.127183989 227.679382324
-0.129531577 0.072407931 -0.988928080 93.206726074 -0.015076018 0.997071207 0.074978895 15.560079575 0.991460681 0.024621159 -0.128060549 227.554641724
-0.130884007 0.074035801 -0.988629401 92.225112915 -0.014473923 0.996958733 0.076575808 15.622283936 0.991292000 0.024331816 -0.129414424 227.425216675
-0.131466255 0.073834285 -0.988567173 91.241737366 -0.015093292 0.996957839 0.076468237 15.686258316 0.991205752 0.024973646 -0.129951909 227.291534424
-0.132734090 0.074125178 -0.988376141 90.270805359 -0.015970483 0.996910095 0.076910026 15.744020462 0.991023123 0.025993336 -0.131140202 227.152023315
-0.133226469 0.075337522 -0.988218129 89.292198181 -0.016702373 0.996794403 0.078243136 15.815723419 0.990944803 0.026929572 -0.131541133 227.014495850
-0.134687141 0.075930975 -0.987974703 88.338363647 -0.018848492 0.996682942 0.079169862 15.880086899 0.990708947 0.029284908 -0.132809266 226.875915527
-0.135432303 0.075159304 -0.987931848 87.391563416 -0.021364810 0.996665239 0.078752607 15.937623978 0.990556359 0.031772535 -0.133374900 226.738281250
-0.135317400 0.074357562 -0.988008082 86.456268311 -0.021624848 0.996720731 0.077975079 15.999897957 0.990566134 0.031916842 -0.133265704 226.614196777
-0.136416242 0.074278958 -0.987863004 85.519317627 -0.021264978 0.996735692 0.077882707 16.062358856 0.990423381 0.031631261 -0.134391427 226.498138428
-0.137220800 0.073810324 -0.987786531 84.591705322 -0.023104900 0.996710062 0.077686831 16.116106033 0.990270913 0.033482876 -0.135063887 226.369491577
-0.137041688 0.073111519 -0.987863421 83.669212341 -0.023589952 0.996748745 0.077041700 16.172668457 0.990284324 0.033861507 -0.134871453 226.240097046
-0.137171775 0.073332705 -0.987829030 82.753639221 -0.023845697 0.996722281 0.077304222 16.223217010 0.990260124 0.034159347 -0.134973511 226.125457764
-0.137225300 0.074354216 -0.987745225 81.838256836 -0.024116937 0.996632278 0.078373782 16.279151917 0.990246177 0.034576170 -0.134969994 225.984481812
-0.136697426 0.075220667 -0.987753034 80.954933167 -0.026269484 0.996486902 0.079521343 16.332939148 0.990264595 0.036818035 -0.134241223 225.856124878
-0.135126457 0.075850345 -0.987920702 80.100486755 -0.027943470 0.996377170 0.080321744 16.381336212 0.990434110 0.038459443 -0.132517397 225.732208252
-0.133307651 0.076725304 -0.988100410 79.264442444 -0.028359549 0.996295273 0.081187770 16.437036514 0.990668833 0.038844947 -0.130637929 225.611068726
-0.130498305 0.077624850 -0.988405108 78.452507019 -0.027965017 0.996245384 0.081932850 16.489933014 0.991054118 0.038332775 -0.127837554 225.494522095
-0.128061607 0.078484327 -0.988655984 77.694412231 -0.027661178 0.996193349 0.082665741 16.538211823 0.991380453 0.037933610 -0.125403076 225.382369995
-0.124546051 0.078935444 -0.989069164 77.092956543 -0.027972080 0.996154964 0.083023332 16.574232101 0.991819680 0.038006447 -0.121859267 225.303833008
-0.120660685 0.078499787 -0.989585221 76.558609009 -0.028983049 0.996164918 0.082555711 16.613458633 0.992270708 0.038642328 -0.117922723 225.233123779
-0.115382217 0.076846592 -0.990344286 76.033111572 -0.027823586 0.996361732 0.080555230 16.645862579 0.992931485 0.036849476 -0.112824254 225.154769897
-0.109985836 0.075228021 -0.991082251 75.511940002 -0.026682856 0.996548772 0.078604162 16.680532455 0.993575037 0.035090160 -0.107598953 225.068588257
-0.103930883 0.074717835 -0.991773963 75.015510559 -0.026271760 0.996619999 0.077836066 16.710033417 0.994237542 0.034145139 -0.101616658 225.003616333
-0.096145026 0.074564859 -0.992570519 74.521644592 -0.026835814 0.996633470 0.077469595 16.743820190 0.995005429 0.034084670 -0.093820423 224.924438477
-0.084116608 0.074625462 -0.993657768 74.024826050 -0.029782116 0.996557891 0.077364512 16.775091171 0.996010900 0.036100779 -0.081604540 224.861816406
-0.069092847 0.074456878 -0.994827867 73.552650452 -0.032436751 0.996515930 0.076836087 16.799386978 0.997082889 0.037577722 -0.066436924 224.819137573
-0.050856426 0.074517921 -0.995922089 73.072128296 -0.035070665 0.996464193 0.076349415 16.833324432 0.998090029 0.038810421 -0.048063140 224.794097900
-0.028119801 0.074412890 -0.996831059 72.603645325 -0.037023485 0.996463537 0.075429924 16.860546112 0.998918712 0.039027132 -0.025265234 224.798065186
-0.001153814 0.074124858 -0.997248411 72.116539001 -0.037981447 0.996526122 0.074115202 16.884338379 0.999277830 0.037962362 0.001665510 224.841705322
0.028568270 0.073441893 -0.996890366 71.686035156 -0.039959509 0.996583998 0.072274253 16.905849457 0.998793066 0.037770398 0.031405352 224.863174438
0.062318243 0.071497463 -0.995492160 71.233184814 -0.043157723 0.996690869 0.068881921 16.927165985 0.997122943 0.038670480 0.065197699 224.930877686
0.098324217 0.069407552 -0.992730975 70.789726257 -0.047820233 0.996741891 0.064951740 16.944065094 0.994004846 0.041086223 0.101322912 225.026611328
0.135732561 0.068168342 -0.988397717 70.360794067 -0.052592214 0.996719241 0.061520088 16.964628220 0.989348650 0.043631658 0.138872325 225.145919800
0.177325353 0.067660801 -0.981823862 69.930191040 -0.056730658 0.996677756 0.058438510 16.977731705 0.982515931 0.045336783 0.180574670 225.257720947
0.219257563 0.066985689 -0.973364711 69.502357483 -0.060079210 0.996674061 0.055056609 16.988664627 0.973815501 0.046407335 0.222552761 225.400939941
0.262366235 0.064942285 -0.962780535 69.082305908 -0.063752495 0.996719480 0.049858533 16.995738983 0.962859988 0.048298389 0.265645862 225.555496216
0.306476653 0.063438542 -0.949761808 68.676712036 -0.071033910 0.996518850 0.043639950 17.000001907 0.949223995 0.054090589 0.309916109 225.730636597
0.350655437 0.062082537 -0.934444427 68.239784241 -0.073976971 0.996518612 0.038446449 17.021539688 0.933578074 0.055645842 0.354027361 225.937805176
0.395705581 0.061714489 -0.916301429 67.852119446 -0.074483141 0.996609390 0.034957871 17.021266937 0.915351987 0.054415911 0.398960561 226.194717407
0.440134585 0.061531808 -0.895821095 67.476028442 -0.073868677 0.996748984 0.032171275 17.021850586 0.894888222 0.052013349 0.443248987 226.441696167
0.484508514 0.063315406 -0.872492135 67.074485779 -0.076082408 0.996647894 0.030075565 17.036951065 0.871471584 0.051809378 0.487701595 226.718475342
0.528561592 0.063885979 -0.846487641 66.684684753 -0.077364326 0.996639729 0.026910719 17.037574768 0.845362306 0.051263899 0.531727850 227.000427246
0.570852101 0.064784892 -0.818493068 66.332046509 -0.079372890 0.996567488 0.023521824 17.047248840 0.817207396 0.051538613 0.574034750 227.237243652
0.612312973 0.064392559 -0.787988901 65.974601746 -0.080311298 0.996588171 0.019032413 17.050416946 0.786525846 0.051630564 0.615395188 227.513153076
0.653502762 0.063054301 -0.754293263 65.633979797 -0.082198456 0.996542633 0.012090139 17.056207657 0.752447724 0.054100726 0.656426370 227.837249756
0.692396343 0.061891887 -0.718857884 65.318298340 -0.084074557 0.996447802 0.004812144 17.050062180 0.716602147 0.057105687 0.695140481 228.158309937
0.728873789 0.059451289 -0.682061970 64.995040894 -0.086206809 0.996263266 -0.005284886 17.073385239 0.679199100 0.062650338 0.731275260 228.531860352
0.763247550 0.055121310 -0.643750548 64.714553833 -0.082370892 0.996525347 -0.012333162 17.058248520 0.640833974 0.062439509 0.765135944 228.935394287
0.794858575 0.047621313 -0.604923069 64.416534424 -0.073824614 0.997099519 -0.018509474 17.054107666 0.602286935 0.059370581 0.796068668 229.360122681
0.822302580 0.042285483 -0.567477167 64.152030945 -0.067244545 0.997468710 -0.023114197 17.042224884 0.565063417 0.057166554 0.823064685 229.800582886
0.846743286 0.041344911 -0.530392766 63.909442902 -0.064882651 0.997558773 -0.025820199 17.027313232 0.528030396 0.056276314 0.847358823 230.244354248
0.868520439 0.042447500 -0.493832260 63.662509918 -0.064752534 0.997504473 -0.028141521 17.006338120 0.491405368 0.056418337 0.869101584 230.687866211
0.887719452 0.042849109 -0.458386511 63.483856201 -0.064002924 0.997477114 -0.030706596 16.989088058 0.455914289 0.056596871 0.888222337 231.121978760
0.905193508 0.041139346 -0.423004001 63.291255951 -0.060603999 0.997627318 -0.032662749 16.963277817 0.420656502 0.055201791 0.905538857 231.577987671
0.920622051 0.037519563 -0.388648152 63.110389709 -0.055537950 0.997834921 -0.035227232 16.937742233 0.386484921 0.054015644 0.920712590 232.067977905
0.933589697 0.036252461 -0.356505305 62.968734741 -0.053389408 0.997837365 -0.038343318 16.903833389 0.354344219 0.054830499 0.933506131 232.549468994
0.944890022 0.038932353 -0.325064749 62.821743011 -0.055641212 0.997555971 -0.042260729 16.876825333 0.322624922 0.058018710 0.944746912 233.046340942
0.954862952 0.037059654 -0.294725835 62.681304932 -0.053332150 0.997452915 -0.047364354 16.844736099 0.292219788 0.060944807 0.954407275 233.554550171
0.963399529 0.034883648 -0.265790343 62.583206177 -0.050515492 0.997358084 -0.052202675 16.810672760 0.263267040 0.063718542 0.962616384 234.083389282
0.970310926 0.032711729 -0.239638060 62.496170044 -0.047788378 0.997208357 -0.057374183 16.783451080 0.237092227 0.067122690 0.969165623 234.572998047
0.976055980 0.031367369 -0.215245500 62.421020508 -0.045344092 0.997149587 -0.060304515 16.752388000 0.212740317 0.068620689 0.974696159 235.095108032
0.980420589 0.030898277 -0.194475576 62.333770752 -0.043563861 0.997175097 -0.061189029 16.721115112 0.192035496 0.068463065 0.978996873 235.623367310
0.983383775 0.029023236 -0.179203764 62.261352539 -0.040228494 0.997434497 -0.059212599 16.683858871 0.177025437 0.065437786 0.982028484 236.145553589
0.985423744 0.026594937 -0.168025613 62.186313629 -0.036339626 0.997814476 -0.055187874 16.642154694 0.166190639 0.060489409 0.984236598 236.659988403
0.986739695 0.025060594 -0.160363540 62.100208282 -0.033691239 0.998113513 -0.051327311 16.598413467 0.158774674 0.056049529 0.985722542 237.188217163
0.987616837 0.028921658 -0.154196233 62.010692596 -0.037029535 0.998064101 -0.049969949 16.567533493 0.152452439 0.055060968 0.986775815 237.720718384
0.988103390 0.029057123 -0.151021481 61.943477631 -0.036953758 0.998078108 -0.049746003 16.538553238 0.149285719 0.054734990 0.987277985 238.210784912
0.988219082 0.025116166 -0.150971308 61.886493683 -0.032956067 0.998222709 -0.049652785 16.511106491 0.149455830 0.054043226 0.987290442 238.717620850
0.987645030 0.018760996 -0.155580387 61.829402924 -0.026836529 0.998390257 -0.049967870 16.475576401 0.154392451 0.053525738 0.986558616 239.217880249
0.986291230 0.016024398 -0.164234206 61.731132507 -0.024579622 0.998437166 -0.050191518 16.439508438 0.163173214 0.053540252 0.985143602 239.717590332
0.984154701 0.016555507 -0.176537469 61.657047272 -0.025744341 0.998423040 -0.049886696 16.414571762 0.175433099 0.053641047 0.983028889 240.222808838
0.981287658 0.016479228 -0.191840842 61.554977417 -0.026446804 0.998423278 -0.049512580 16.389976501 0.190722391 0.053659640 0.980176270 240.727325439
0.977406502 0.014871823 -0.210844055 61.412220001 -0.025809431 0.998454571 -0.049218036 16.357259750 0.209786177 0.053547770 0.976279795 241.232315063
0.972421288 0.014388127 -0.232786879 61.264289856 -0.026266484 0.998501658 -0.048006911 16.323280334 0.231747270 0.052797414 0.971342146 241.750427246
0.965834022 0.015077095 -0.258722544 61.094593048 -0.027739547 0.998585403 -0.045360927 16.291870117 0.257672548 0.050987948 0.964886010 242.284927368
0.957275212 0.018601583 -0.288579494 60.913040161 -0.032112565 0.998594820 -0.042154670 16.256193161 0.287389845 0.049620613 0.956527472 242.827972412
0.945993364 0.019283189 -0.323611796 60.716133118 -0.034246147 0.998588145 -0.040605821 16.220849991 0.322371811 0.049495269 0.945318162 243.343490601
0.932240248 0.021451497 -0.361203551 60.488101959 -0.038455259 0.998461366 -0.039952274 16.183622360 0.359790653 0.051135264 0.931630671 243.830062866
0.915009737 0.023255177 -0.402760953 60.252754211 -0.042383105 0.998353839 -0.038643062 16.155244827 0.401199251 0.052428998 0.914489150 244.305999756
0.894729197 0.026000600 -0.445851743 59.973644257 -0.047544766 0.998176098 -0.037201539 16.132932663 0.444071203 0.054483172 0.894333363 244.752349854
0.869921207 0.032207623 -0.492137849 59.682430267 -0.057697263 0.997659445 -0.036696408 16.105531693 0.489804059 0.060317956 0.869743347 245.165557861
0.841313779 0.042558938 -0.538869083 59.340923309 -0.071884550 0.996850252 -0.033500608 16.078252792 0.535745978 0.066920832 0.841723025 245.550048828
0.807984948 0.055415228 -0.586591303 58.994098663 -0.087612271 0.995799303 -0.026605956 16.061918259 0.582652807 0.072889760 0.809445918 245.905075073
0.770903468 0.065980412 -0.633525252 58.660778046 -0.100516051 0.994759500 -0.018710246 16.047958374 0.628970742 0.078103207 0.773495674 246.238403320
0.729506671 0.072146207 -0.680158198 58.262500763 -0.108030066 0.994093001 -0.010421805 16.039161682 0.675388515 0.081080236 0.732991397 246.588912964
0.684412539 0.076737359 -0.725045383 57.868808746 -0.109394394 0.993996561 0.001939015 16.029464722 0.720841408 0.077988766 0.688698351 246.924530029
0.635912001 0.082994714 -0.767285943 57.483520508 -0.110987462 0.993700981 0.015501089 16.032247543 0.763739228 0.075301722 0.641117752 247.198730469
0.585672736 0.088696949 -0.805680037 57.051227570 -0.111688159 0.993344009 0.028167494 16.040887833 0.802815795 0.073487923 0.591680825 247.425262451
0.532674491 0.095786102 -0.840882182 56.611106873 -0.116398305 0.992424250 0.039313633 16.062143326 0.838277519 0.076935828 0.539788485 247.628662109
0.476799011 0.096908048 -0.873654187 56.179965973 -0.116412334 0.992111087 0.046515405 16.093215942 0.871269643 0.079525545 0.484318942 247.814346313
0.417298466 0.093513921 -0.903945267 55.713668823 -0.111683145 0.992428660 0.051110148 16.098598480 0.901880741 0.079627201 0.424582869 247.993453979
0.355954915 0.085841604 -0.930552185 55.245895386 -0.100673974 0.993499458 0.053138632 16.114236832 0.929064512 0.074767351 0.362283021 248.150695801
0.293639868 0.082186647 -0.952376544 54.797889709 -0.091295287 0.994154096 0.057643544 16.128225327 0.951546550 0.070020959 0.299426526 248.255462646
0.231773555 0.082478456 -0.969267011 54.307125092 -0.087254286 0.994145334 0.063731074 16.175443649 0.968848825 0.069801427 0.237613216 248.324661255
0.174009144 0.084436193 -0.981117547 53.817623138 -0.086176768 0.993800461 0.070243642 16.213481903 0.980966091 0.072326407 0.180206820 248.356750488
0.120301180 0.085830472 -0.989020228 53.324184418 -0.085906409 0.993418455 0.075762860 16.249881744 0.989013612 0.075848706 0.126882777 248.368728638
0.070528269 0.085960925 -0.993799090 52.782814026 -0.083999425 0.993253171 0.079952471 16.287975311 0.993966818 0.077839546 0.077273078 248.371780396
0.026031991 0.085753731 -0.995976269 52.274932861 -0.081036344 0.993215978 0.083398081 16.320310593 0.996371150 0.078539178 0.032804564 248.353332520
-0.014492204 0.084074847 -0.996354043 51.735786438 -0.078010567 0.993326306 0.084954120 16.360929489 0.996847272 0.078957245 -0.007836820 248.324401855
-0.048061389 0.082213312 -0.995455265 51.199375153 -0.077047825 0.993332326 0.085757993 16.412542343 0.995868385 0.080819234 -0.041406646 248.282684326
-0.075351633 0.080162868 -0.993929565 50.657131195 -0.078655437 0.993179798 0.086065464 16.459304810 0.994050145 0.084663048 -0.068532452 248.230087280
-0.096079789 0.078581393 -0.992266893 50.105449677 -0.080404676 0.993008375 0.086425662 16.513740540 0.992120862 0.088086583 -0.089089759 248.175628662
-0.112161726 0.077300735 -0.990678906 49.561614990 -0.081243083 0.992918551 0.086673670 16.561870575 0.990363181 0.090207174 -0.105087303 248.140151978
-0.125425100 0.076879695 -0.989119947 48.981201172 -0.079529516 0.993005395 0.087266460 16.606622696 0.988910437 0.089609534 -0.118433543 248.075332642
-0.134766325 0.075932808 -0.987963557 48.410167694 -0.078298435 0.993125737 0.087010153 16.656162262 0.987778902 0.089081965 -0.127894461 247.979064941
-0.139951617 0.075789109 -0.987253606 47.843772888 -0.077809699 0.993141234 0.087271318 16.713438034 0.987096369 0.089031585 -0.133094668 247.875137329
-0.142803311 0.075806342 -0.986843705 47.268501282 -0.078183226 0.993082941 0.087599352 16.761489868 0.986658216 0.089664012 -0.135888681 247.783920288
-0.143481046 0.076222897 -0.986713529 46.703720093 -0.078684434 0.992994666 0.088149920 16.804862976 0.986520231 0.090286747 -0.136478320 247.703140259
-0.143131077 0.076884203 -0.986712992 46.115539551 -0.077915438 0.993008316 0.088677078 16.849933624 0.986632168 0.089572512 -0.136139840 247.620803833
-0.142608196 0.077615298 -0.986731410 45.511905670 -0.077004634 0.993029058 0.089239880 16.892543793 0.986779213 0.088709161 -0.135637298 247.537994385
-0.141947821 0.077041224 -0.986871719 44.880298615 -0.075793587 0.993194044 0.088436700 16.944427490 0.986968398 0.087351836 -0.135142535 247.444900513
-0.141727194 0.075815327 -0.986998141 44.226696014 -0.074441016 0.993423283 0.086998232 16.988590240 0.987102807 0.085803092 -0.135151327 247.359710693
-0.141861111 0.075388536 -0.987011611 43.541961670 -0.074149080 0.993485093 0.086540334 17.043928146 0.987105548 0.085462622 -0.135346889 247.269439697
-0.141796201 0.075365819 -0.987022817 42.859916687 -0.073797971 0.993517876 0.086463682 17.100101471 0.987141252 0.085100405 -0.135315254 247.186737061
-0.141915798 0.075502284 -0.986995220 42.171932220 -0.074039213 0.993484139 0.086644523 17.154485703 0.987106025 0.085372470 -0.135401011 247.088088989
-0.142194480 0.076354578 -0.986889243 41.454418182 -0.072902463 0.993504703 0.087370507 17.210733414 0.987150311 0.084370196 -0.135704443 246.997879028
-0.141885117 0.076704979 -0.986906826 40.640636444 -0.071284309 0.993613005 0.087474637 17.275251389 0.987313092 0.082762219 -0.135511026 246.893356323
-0.141973153 0.076548748 -0.986906171 39.721973419 -0.070343256 0.993704557 0.087195478 17.351495743 0.987367749 0.081801534 -0.135694638 246.769424438
-0.142287180 0.076382287 -0.986873925 38.809829712 -0.069823794 0.993759871 0.086982489 17.433959961 0.987359762 0.081283696 -0.136066034 246.643615723
-0.143626913 0.076916166 -0.986638486 37.876857758 -0.069207631 0.993753552 0.087545574 17.510547638 0.987209141 0.080856696 -0.137406513 246.511215210
-0.145745263 0.078298792 -0.986218870 36.929653168 -0.067946889 0.993717074 0.088935480 17.589046478 0.986985981 0.079972342 -0.139509365 246.368927002
-0.147580475 0.078980014 -0.985891640 35.970668793 -0.067375891 0.993688107 0.089690313 17.668468475 0.986752570 0.079661764 -0.141327545 246.230148315
-0.150160015 0.077864520 -0.985590518 35.016571045 -0.067264952 0.993779242 0.088759676 17.750038147 0.986370683 0.079623803 -0.143988356 246.073013306
-0.152442902 0.075428322 -0.985429645 34.043418884 -0.067764863 0.993939042 0.086562723 17.842733383 0.985986412 0.079973310 -0.146407485 245.919387817
-0.153996289 0.073894195 -0.985304534 33.077011108 -0.068300381 0.994018197 0.085222624 17.924451828 0.985707998 0.080420539 -0.148028180 245.773635864
-0.155128017 0.075358868 -0.985016048 32.082820892 -0.067457974 0.993950963 0.086666316 18.008798599 0.985588610 0.079891473 -0.149106041 245.616455078
-0.156288460 0.079027332 -0.984545112 31.091091156 -0.065029137 0.993808031 0.090093747 18.088426590 0.985568523 0.078104630 -0.150181621 245.464477539
-0.157329366 0.082438096 -0.984099388 30.078130722 -0.063041851 0.993638694 0.093315862 18.170440674 0.985531867 0.076720685 -0.151131526 245.309341431
-0.157874346 0.083569944 -0.983916461 29.069353104 -0.061843012 0.993619502 0.094317161 18.254196167 0.985520661 0.075738564 -0.151698798 245.155883789
-0.158355296 0.083112188 -0.983878076 28.066984177 -0.061888512 0.993656218 0.093899213 18.351417542 0.985440731 0.075760089 -0.152207106 244.999588013
-0.159005672 0.082357861 -0.983836532 27.057352066 -0.061858807 0.993725479 0.093183227 18.442209244 0.985337794 0.075675532 -0.152913496 244.835678101
-0.158998281 0.082204401 -0.983850598 26.024951935 -0.062395312 0.993698776 0.093110904 18.536218643 0.985305250 0.076192044 -0.152867243 244.669448853
-0.158525810 0.082196988 -0.983927488 24.997961044 -0.062414180 0.993701398 0.093069434 18.622879028 0.985380232 0.076164842 -0.152397066 244.506759644
-0.158489153 0.081422985 -0.983997762 23.977050781 -0.063792780 0.993667245 0.092498057 18.712625504 0.985297918 0.077431805 -0.152291268 244.343353271
-0.158465326 0.080532089 -0.984074831 22.942708969 -0.066152081 0.993562818 0.091961063 18.795297623 0.985146046 0.079671174 -0.152117938 244.183731079
-0.158303663 0.080429897 -0.984109342 21.905496597 -0.065944046 0.993590355 0.091812573 18.881637573 0.985186040 0.079430334 -0.151985094 244.013824463
-0.157843262 0.080638483 -0.984166145 20.867042542 -0.065009087 0.993649244 0.091841877 18.964061737 0.985321939 0.078476287 -0.151598617 243.853027344
-0.157168597 0.080733642 -0.984266281 19.839910507 -0.065294862 0.993622661 0.091927491 19.039960861 0.985410810 0.078715570 -0.150894821 243.698822021
-0.157062456 0.081807457 -0.984194338 18.814826965 -0.062381662 0.993751347 0.092557065 19.126857758 0.985616326 0.075932860 -0.150977686 243.534500122
-0.156323165 0.083513223 -0.984168947 17.776552200 -0.057735734 0.993942559 0.093513265 19.207551956 0.986016929 0.071439937 -0.150554523 243.386154175
-0.156640515 0.083486788 -0.984121025 16.731369019 -0.057548165 0.993956506 0.093481056 19.296001434 0.985977769 0.071277171 -0.150889382 243.225753784
-0.157628685 0.083562970 -0.983956575 15.697626114 -0.056018721 0.994051993 0.093394510 19.381778717 0.985908329 0.069841541 -0.152010053 243.067794800
-0.159155235 0.084814146 -0.983603656 14.678680420 -0.054582603 0.994023204 0.094544575 19.466053009 0.985743523 0.068734840 -0.153574616 242.905792236
-0.160915568 0.087036304 -0.983123064 13.636190414 -0.053757284 0.993852496 0.096785128 19.558881760 0.985503137 0.068424173 -0.155247450 242.735473633
-0.162934840 0.088601276 -0.982650518 12.613588333 -0.053267304 0.993717194 0.098431490 19.647125244 0.985197902 0.068380982 -0.157191679 242.573135376
-0.165308565 0.087434493 -0.982358396 11.599197388 -0.056389607 0.993595064 0.097923741 19.736833572 0.984628499 0.071582377 -0.159319460 242.401565552
-0.166714177 0.085197300 -0.982317448 10.579640388 -0.058870412 0.993622541 0.096169040 19.823936462 0.984246135 0.073862098 -0.160635248 242.225646973
-0.168232799 0.083695322 -0.982187867 9.581116676 -0.060735874 0.993615806 0.095072262 19.917421341 0.983874440 0.075648226 -0.162075445 242.051910400
-0.169355020 0.083419904 -0.982018411 8.574127197 -0.060392831 0.993660450 0.094824031 19.998414993 0.983703077 0.075365707 -0.163243413 241.873092651
-0.170526549 0.084049597 -0.981761813 7.567664623 -0.061493225 0.993505478 0.095736071 20.081460953 0.983432293 0.076697178 -0.164250568 241.690719604
-0.170961052 0.086527154 -0.981471181 6.559604645 -0.062732652 0.993159354 0.098484956 20.166189194 0.983278811 0.078407273 -0.164363429 241.516098022
-0.171775624 0.087481193 -0.981244326 5.565253735 -0.064506397 0.992912948 0.099813975 20.264041901 0.983022034 0.080442041 -0.164915204 241.343734741
-0.172759458 0.087228119 -0.981094182 4.566894531 -0.066816851 0.992738485 0.100029163 20.351116180 0.982695282 0.082834497 -0.165676698 241.159637451
-0.173609406 0.086203255 -0.981034517 3.579819679 -0.069189534 0.992632508 0.099466592 20.442586899 0.982381046 0.085145578 -0.166366041 240.983489990
-0.173588336 0.085998431 -0.981056273 2.602266788 -0.070265844 0.992559552 0.099439710 20.536758423 0.982308447 0.086196229 -0.166253924 240.819061279
-0.173837170 0.085920088 -0.981019139 1.631992340 -0.071440101 0.992461503 0.099581525 20.620937347 0.982179701 0.087394990 -0.166388601 240.646942139
-0.173359394 0.085799225 -0.981114209 0.691150665 -0.072147749 0.992414892 0.099535786 20.704154968 0.982212543 0.088040553 -0.165854201 240.486022949
-0.172867626 0.085579611 -0.981220186 -0.258860618 -0.073441550 0.992324889 0.099486858 20.785985947 0.982203245 0.089260302 -0.165255725 240.317504883
-0.172402516 0.085929871 -0.981271327 -1.181113243 -0.073596314 0.992279530 0.099824272 20.869768143 0.982273340 0.089427829 -0.164747328 240.155670166
-0.172109008 0.086471915 -0.981275320 -2.076622963 -0.073624462 0.992224395 0.100350060 20.950107574 0.982322752 0.089516923 -0.164404258 240.001953125
-0.171941921 0.086044595 -0.981342316 -2.974859715 -0.075391471 0.992107093 0.100197941 21.032951355 0.982218087 0.091212966 -0.164097846 239.849609375
-0.171713784 0.085623845 -0.981418788 -3.870881319 -0.076211445 0.992075682 0.099887975 21.109846115 0.982194483 0.091947407 -0.163827479 239.697830200
-0.171976194 0.085529990 -0.981380999 -4.756235600 -0.075324275 0.992165446 0.099669687 21.183656693 0.982217014 0.091062553 -0.164186299 239.558609009
-0.172423571 0.085569009 -0.981299341 -5.604670525 -0.075139850 0.992174327 0.099720165 21.261280060 0.982152939 0.090928704 -0.164644688 239.404541016
-0.171915546 0.085931368 -0.981356740 -6.411323547 -0.073986419 0.992248356 0.099846192 21.338329315 0.982329428 0.089772090 -0.164225146 239.270095825
-0.171175182 0.085806057 -0.981497109 -7.210902691 -0.073971838 0.992269218 0.099648692 21.410955429 0.982459903 0.089660428 -0.163504690 239.131179810
-0.169566363 0.085959263 -0.981762767 -7.974895954 -0.073893592 0.992275774 0.099642411 21.479425430 0.982744515 0.089441903 -0.161904767 239.007049561
-0.167672634 0.086688392 -0.982024133 -8.655186653 -0.073922008 0.992216468 0.100209773 21.545143127 0.983067453 0.089395523 -0.159959361 238.903091431
-0.165404156 0.087533012 -0.982333720 -9.252784729 -0.074647725 0.992084920 0.100971073 21.598154068 0.983396769 0.090029933 -0.157560840 238.791992188
-0.162135020 0.088063821 -0.982831120 -9.783625603 -0.074890152 0.992039025 0.101243339 21.653881073 0.983922660 0.090019397 -0.154249027 238.694931030
-0.158206537 0.088456981 -0.983435750 -10.292486191 -0.076146729 0.991920173 0.101470008 21.702816010 0.984465539 0.090938568 -0.150192559 238.607879639
-0.153137833 0.088565640 -0.984228194 -10.785373688 -0.076788105 0.991897941 0.101203479 21.750785828 0.985217094 0.091075011 -0.145096302 238.520462036
-0.146615937 0.088676810 -0.985210836 -11.248281479 -0.077046797 0.991924286 0.100746989 21.790391922 0.986188471 0.090678349 -0.138599738 238.453063965
-0.139574483 0.088056818 -0.986288548 -11.744095802 -0.076790601 0.992075980 0.099440590 21.827657700 0.987229705 0.089616969 -0.131706581 238.361160278
-0.131723121 0.087365322 -0.987429142 -12.214615822 -0.076543599 0.992238224 0.098001793 21.859220505 0.988326967 0.088490389 -0.124013379 238.274444580
-0.123576187 0.086632699 -0.988546371 -12.669013977 -0.077074289 0.992334664 0.096599661 21.896141052 0.989337385 0.088128835 -0.115951844 238.192504883
-0.114428170 0.086274713 -0.989678204 -13.072893143 -0.077828519 0.992381334 0.095509082 21.932229996 0.990378261 0.087954015 -0.106841661 238.134674072
-0.105674006 0.086002454 -0.990674794 -13.455225945 -0.078271106 0.992442608 0.094505049 21.970014572 0.991315544 0.087527856 -0.098143861 238.093414307
-0.096526235 0.082773879 -0.991882741 -13.804856300 -0.077727042 0.992865920 0.090420075 21.995874405 0.992291033 0.085823923 -0.089403883 238.045181274
-0.086924471 0.079359040 -0.993048906 -14.123231888 -0.076655626 0.993333876 0.086091764 22.003768921 0.993261278 0.083606198 -0.080261670 238.014236450
-0.076528095 0.077274770 -0.994068444 -14.447355270 -0.076253898 0.993618608 0.083110258 22.038185120 0.994147360 0.082161792 -0.070147224 237.963790894
-0.066081442 0.076720640 -0.994860411 -14.674945831 -0.076636061 0.993704379 0.081721932 22.059247971 0.994866908 0.081642397 -0.059785761 237.962677002
-0.055263627 0.076306760 -0.995551884 -14.869725227 -0.077215642 0.993762851 0.080455989 22.080585480 0.995481789 0.081318356 -0.049026918 237.965850830
-0.042858787 0.074669696 -0.996286869 -15.121550560 -0.077582248 0.993943274 0.077831604 22.093561172 0.996064365 0.080629863 -0.036806252 237.965866089
-0.028889488 0.072680816 -0.996936798 -15.386702538 -0.078246787 0.994128168 0.074743591 22.116594315 0.996515453 0.080166325 -0.023032837 237.965148926
-0.012356185 0.071017466 -0.997398555 -15.645467758 -0.079090431 0.994280219 0.071775302 22.135110855 0.996790826 0.079771452 -0.006668713 237.979797363
0.006279389 0.070159487 -0.997515976 -15.876578331 -0.080247514 0.994353890 0.069431983 22.158063889 0.996755123 0.079612106 0.011874075 237.997024536
0.025788913 0.069855414 -0.997223794 -16.067985535 -0.081433423 0.994387031 0.067550838 22.170341492 0.996345222 0.079465181 0.031332746 238.005477905
0.045790993 0.070368946 -0.996469617 -16.298130035 -0.081746586 0.994434297 0.066468760 22.179943085 0.995600760 0.078414209 0.051288519 238.048065186
0.067088544 0.072355226 -0.995120108 -16.536344528 -0.082973905 0.994316936 0.066703007 22.183452606 0.994291067 0.078093909 0.072710857 238.102355957
0.089438789 0.073339611 -0.993288517 -16.766021729 -0.084051386 0.994283617 0.065844916 22.202625275 0.992439449 0.077598087 0.095091783 238.152633667
0.112402469 0.073245503 -0.990959466 -16.955997467 -0.085752934 0.994273901 0.063763775 22.218034744 0.989955544 0.077810392 0.118039876 238.171478271
0.138710454 0.070156731 -0.987844944 -17.177885056 -0.086403556 0.994541228 0.058499824 22.228750229 0.986556649 0.077238694 0.144015059 238.223297119
0.168103099 0.067327388 -0.983467638 -17.392202377 -0.086564571 0.994818926 0.053308181 22.231147766 0.981961370 0.076172084 0.173060298 238.279388428
0.199199647 0.065886743 -0.977741480 -17.624675751 -0.086464629 0.995027602 0.049435854 22.234786987 0.976136923 0.074692369 0.203906059 238.353652954
0.233625501 0.066688865 -0.970036864 -17.890127182 -0.083496213 0.995335937 0.048318855 22.238084793 0.968734920 0.069705822 0.238104120 238.469528198
0.271285743 0.069415778 -0.959992528 -18.160528183 -0.084197991 0.995283902 0.048174098 22.241619110 0.958809018 0.067760415 0.275850981 238.578262329
0.311996937 0.073527969 -0.947233617 -18.469100952 -0.087215550 0.995007634 0.048509695 22.256361008 0.946071327 0.067478567 0.316852093 238.732315063
0.354471922 0.076973297 -0.931893170 -18.753990173 -0.091042958 0.994712055 0.047531389 22.268474579 0.930623889 0.067993678 0.359605312 238.847640991
0.399381191 0.079021566 -0.913373113 -19.067483902 -0.094663002 0.994507670 0.044648819 22.292139053 0.911884785 0.068630643 0.404668063 238.974105835
0.445025265 0.079830691 -0.891952634 -19.414823532 -0.096599393 0.994486392 0.040810991 22.299034119 0.890292645 0.068000093 0.450283110 239.186401367
0.492356718 0.079738379 -0.866733313 -19.699924469 -0.096114948 0.994685650 0.036910880 22.295854568 0.865070462 0.065132633 0.497404158 239.411102295
0.541080117 0.079114102 -0.837241411 -20.042480469 -0.096161634 0.994855762 0.031861853 22.293539047 0.835455179 0.063270636 0.545904279 239.684448242
0.590030909 0.077758268 -0.803627551 -20.317644119 -0.096863791 0.994979739 0.025155146 22.301799774 0.801549137 0.063000016 0.594600737 239.942520142
0.638970077 0.075467572 -0.765520692 -20.613758087 -0.097743392 0.995074689 0.016512789 22.301258087 0.762996376 0.064273328 0.643199444 240.249557495
0.687286854 0.073848337 -0.722622395 -20.913179398 -0.099039875 0.995055258 0.007492851 22.302492142 0.719602466 0.066418633 0.691202223 240.618377686
0.733607292 0.073112130 -0.675629318 -21.167863846 -0.099471532 0.995040357 -0.000330658 22.301683426 0.672254264 0.067448415 0.737241328 240.997222900
0.777026713 0.072651938 -0.625260830 -21.422018051 -0.098056793 0.995161414 -0.006224972 22.294086456 0.621783197 0.066147991 0.780390978 241.405746460
0.816474497 0.071150079 -0.572980881 -21.713243484 -0.094773106 0.995433092 -0.011439380 22.275459290 0.569550037 0.063643076 0.819488943 241.853713989
0.851315618 0.069429979 -0.520039558 -21.939313889 -0.091342807 0.995681167 -0.016597390 22.252431870 0.516641259 0.061631452 0.853980899 242.311798096
0.881904423 0.068299003 -0.466454446 -22.178096771 -0.089113764 0.995763123 -0.022681862 22.242824554 0.462928981 0.061570708 0.884254336 242.816497803
0.907528877 0.067625254 -0.414509565 -22.359426498 -0.087734684 0.995702744 -0.029642191 22.223236084 0.410723656 0.063267961 0.909562111 243.335647583
0.929556191 0.067204103 -0.362503678 -22.535737991 -0.086268187 0.995597899 -0.036641613 22.204511642 0.358445376 0.065332934 0.931261659 243.903396606
0.947762609 0.066552579 -0.311956704 -22.720617294 -0.083601259 0.995631278 -0.041583281 22.184732437 0.307826281 0.065491021 0.949185848 244.502365112
0.961708069 0.066403806 -0.265909940 -22.873201370 -0.081237324 0.995670855 -0.045166079 22.148284912 0.261759520 0.065038368 0.962939084 245.130081177
0.972060323 0.064263575 -0.225763083 -23.014894485 -0.077118531 0.995837629 -0.048580274 22.110828400 0.221701398 0.064633459 0.972970188 245.783172607
0.979245543 0.062331408 -0.192854434 -23.132831573 -0.073434718 0.995997012 -0.050963700 22.064794540 0.188905746 0.064068161 0.979902923 246.456695557
0.984178007 0.058551297 -0.167228699 -23.245031357 -0.068265051 0.996261954 -0.052935846 22.028835297 0.163504079 0.063514158 0.984495938 247.160186768
0.987352967 0.056421835 -0.148157522 -23.369039536 -0.065028414 0.996426702 -0.053899560 21.979824066 0.144586965 0.062852316 0.987493873 247.873641968
0.989121139 0.055055343 -0.136411965 -23.471120834 -0.063014328 0.996510923 -0.054726996 21.930938721 0.132922962 0.062727533 0.989139378 248.623916626
0.990047097 0.054200597 -0.129880324 -23.571430206 -0.061834782 0.996543109 -0.055481609 21.885047913 0.126424149 0.062960520 0.989976108 249.440078735
0.990506530 0.053189762 -0.126757875 -23.684743881 -0.060711730 0.996570110 -0.056232370 21.831857681 0.123332091 0.063394211 0.990338445 250.325515747
0.990723848 0.053229988 -0.125031084 -23.801506042 -0.060683902 0.996552110 -0.056581046 21.782291412 0.121588133 0.063643560 0.990538120 251.212249756
0.990809202 0.053471997 -0.124248862 -23.917383194 -0.060864761 0.996546566 -0.056482472 21.726287842 0.120799504 0.063525714 0.990642130 252.111160278
0.990814567 0.053690970 -0.124111384 -24.034103394 -0.061010569 0.996568084 -0.055944216 21.674991608 0.120681696 0.063002422 0.990689933 253.017013550
0.990807712 0.053041972 -0.124445118 -24.152770996 -0.060273886 0.996660829 -0.055083226 21.621187210 0.121107817 0.062077653 0.990696311 253.957153320
0.990644991 0.053368375 -0.125595301 -24.278404236 -0.060543865 0.996702552 -0.054022275 21.559873581 0.122298025 0.061120912 0.990609586 254.898925781
0.990483940 0.052932981 -0.127041653 -24.411737442 -0.060234267 0.996704519 -0.054331727 21.512662888 0.123746991 0.061466947 0.990408182 255.862213135
0.990265012 0.052013706 -0.129111409 -24.543514252 -0.059627809 0.996658564 -0.055822223 21.465688705 0.125776410 0.062977403 0.990057647 256.824645996
0.989872217 0.052848719 -0.131757334 -24.680463791 -0.061121445 0.996352315 -0.059551343 21.408607483 0.128129438 0.067001402 0.989491582 257.795867920
0.989518940 0.052914359 -0.134358332 -24.824504852 -0.061785989 0.996115685 -0.062738597 21.354982376 0.130516618 0.070382491 0.988944709 258.782012939
0.989246488 0.053492568 -0.136125028 -24.972993851 -0.062498707 0.996069431 -0.062767059 21.293149948 0.132232338 0.070599712 0.988701344 259.789245605
0.989150524 0.054199141 -0.136541501 -25.115385056 -0.062567882 0.996367931 -0.057759903 21.226772308 0.132914975 0.065676332 0.988949001 260.811187744
0.989179552 0.054062799 -0.136385530 -25.256570816 -0.061499849 0.996807635 -0.050914768 21.166854858 0.133197516 0.058751516 0.989346623 261.823181152
0.989275455 0.051820338 -0.136560455 -25.398633957 -0.058999144 0.997052193 -0.049052872 21.101476669 0.133615896 0.056583732 0.989416540 262.855560303
0.989241421 0.049835511 -0.137542039 -25.536413193 -0.057481259 0.996981800 -0.052184805 21.049749374 0.134526178 0.059529439 0.989120305 263.888641357
0.989118457 0.048832845 -0.138780266 -25.685731888 -0.057315003 0.996681988 -0.057791792 21.002239227 0.135497585 0.065117098 0.988635480 264.940979004
0.989047825 0.048334833 -0.139456436 -25.839647293 -0.057342261 0.996470332 -0.061308507 20.934953690 0.136000812 0.068633765 0.988328457 265.998168945
0.988956451 0.048757657 -0.139956295 -25.992540359 -0.057778716 0.996456027 -0.061130743 20.860246658 0.136479661 0.068542115 0.988268852 267.052246094
0.988922298 0.050082188 -0.139729351 -26.151376724 -0.058512598 0.996664345 -0.056889590 20.784685135 0.136414051 0.064435296 0.988554060 268.116638184
0.988820910 0.051119473 -0.140071362 -26.313547134 -0.058652274 0.997016251 -0.050185185 20.712100983 0.137087941 0.057839651 0.988868713 269.208679199
0.988793015 0.051610351 -0.140087619 -26.467218399 -0.058488447 0.997253895 -0.045430269 20.646017075 0.137358174 0.053114623 0.989096344 270.307006836
0.988816619 0.051594645 -0.139927089 -26.626092911 -0.058506705 0.997238696 -0.045738757 20.580387115 0.137180775 0.053413898 0.989104867 271.391052246
0.988716304 0.050707202 -0.140956685 -26.774923325 -0.058060817 0.997131765 -0.048552271 20.523412704 0.138090402 0.056188468 0.988824487 272.470520020
0.988609195 0.049990498 -0.141960278 -26.931234360 -0.057779994 0.997011185 -0.051286280 20.458137512 0.138972104 0.058904536 0.988542855 273.573394775
0.988544166 0.049436059 -0.142606288 -27.088516235 -0.057350166 0.997002840 -0.051927157 20.390636444 0.139611736 0.059510767 0.988416374 274.689422607
0.988458693 0.049518112 -0.143169031 -27.254236221 -0.057256207 0.997084498 -0.050440423 20.326879501 0.140253872 0.058055572 0.988412023 275.803955078
0.988364995 0.049628709 -0.143775746 -27.413341522 -0.056984767 0.997244418 -0.047502182 20.266765594 0.141022041 0.055142518 0.988469481 276.908203125
0.988332868 0.048716716 -0.144307435 -27.582712173 -0.056124143 0.997283340 -0.047709450 20.204984665 0.141591102 0.055251934 0.988381982 278.044647217
0.988243341 0.048652925 -0.144941494 -27.749027252 -0.056467593 0.997136831 -0.050295852 20.144395828 0.142079383 0.057889022 0.988161027 279.159790039
0.988223314 0.048104666 -0.145259887 -27.916799545 -0.056230087 0.997044146 -0.052356340 20.079664230 0.142311841 0.059907712 0.988007188 280.293182373
0.988066256 0.048878338 -0.146068528 -28.084686279 -0.057094425 0.996982574 -0.052592311 20.011907578 0.143057093 0.060304366 0.987875462 281.420532227
0.987939775 0.049774762 -0.146620497 -28.248517990 -0.057911567 0.996979177 -0.051756702 19.929613113 0.143601358 0.059623502 0.987837851 282.553894043
0.987978220 0.050204813 -0.146214783 -28.427013397 -0.057989813 0.997090578 -0.049473621 19.860874176 0.143305495 0.057357796 0.988014996 283.681030273
0.987981498 0.051669821 -0.145680651 -28.600030899 -0.059069581 0.997150064 -0.046930995 19.803804398 0.142840520 0.054972231 0.988217771 284.806274414
0.988077700 0.053582855 -0.144330576 -28.768285751 -0.060849056 0.997067690 -0.046405450 19.730340958 0.141420782 0.054634545 0.988440752 285.916809082
0.988211930 0.053703524 -0.143363297 -28.933876038 -0.060994010 0.997033417 -0.046948280 19.665670395 0.140416622 0.055139143 0.988555908 287.053649902
0.988360524 0.053786479 -0.142303675 -29.089654922 -0.061361358 0.996893167 -0.049384777 19.600437164 0.139205277 0.057541903 0.988590300 288.160491943
0.988491774 0.053316783 -0.141567677 -29.246564865 -0.061305281 0.996728003 -0.052676488 19.526592255 0.138295904 0.060749099 0.988526046 289.266418457
0.988598883 0.053069942 -0.140909985 -29.404636383 -0.061147008 0.996687531 -0.053619895 19.457363129 0.137597576 0.061624769 0.988569260 290.359771729
0.988811553 0.052335292 -0.139687672 -29.562635422 -0.060239725 0.996777594 -0.052967720 19.393243790 0.136465400 0.060789824 0.988777876 291.483001709
0.988899410 0.052425645 -0.139030650 -29.729074478 -0.060054153 0.996878564 -0.051250409 19.320390701 0.135909796 0.059030853 0.988960981 292.605224609
0.988902688 0.053718116 -0.138512760 -29.899171829 -0.061196901 0.996857047 -0.050308391 19.251888275 0.135374919 0.058226645 0.989082038 293.730926514
0.988902748 0.055583782 -0.137773901 -30.058664322 -0.062725686 0.996873617 -0.048045751 19.184101105 0.134672537 0.056154519 0.989297688 294.851989746
0.989030838 0.055438638 -0.136910692 -30.212942123 -0.062023301 0.997091055 -0.044302203 19.122266769 0.134056300 0.052307878 0.989592314 295.968627930
0.988892913 0.057975259 -0.136856183 -30.382274628 -0.064637110 0.996905327 -0.044741862 19.053848267 0.133838698 0.053090878 0.989579916 297.095733643
0.988816381 0.059699416 -0.136667907 -30.530431747 -0.066851579 0.996590734 -0.048350073 18.987693787 0.133315444 0.056945790 0.989436269 298.201507568
0.988733470 0.060411956 -0.136953712 -30.691879272 -0.067910239 0.996399879 -0.050750941 18.931507111 0.133394614 0.059479691 0.989276528 299.314636230
0.988683641 0.060548898 -0.137252405 -30.853006363 -0.068229645 0.996315718 -0.051959682 18.870904922 0.133600578 0.060736358 0.989172339 300.409667969
0.988670766 0.060491964 -0.137370482 -31.020196915 -0.068150878 0.996332169 -0.051747352 18.799640656 0.133736268 0.060522992 0.989167094 301.545013428
0.988612235 0.060591184 -0.137748092 -31.184156418 -0.068075545 0.996412218 -0.050282888 18.729354858 0.134207129 0.059087530 0.989190102 302.669677734
0.988610983 0.060021851 -0.138006508 -31.345991135 -0.067320362 0.996535480 -0.048835319 18.668121338 0.134597167 0.057569761 0.989226580 303.800262451
0.988596141 0.060350191 -0.137968943 -31.507772446 -0.067515209 0.996570110 -0.047850832 18.592336655 0.134607896 0.056620136 0.989279926 304.926391602
0.988442123 0.061687674 -0.138479769 -31.669595718 -0.068897709 0.996473789 -0.047884956 18.519689560 0.135037497 0.056872435 0.989206910 306.045440674
0.988393605 0.061603725 -0.138863415 -31.826078415 -0.068778917 0.996501744 -0.047473103 18.453022003 0.135453075 0.056472968 0.989172935 307.180938721
0.988254786 0.062003382 -0.139671594 -31.992868423 -0.069210596 0.996478021 -0.047343615 18.383077621 0.136244133 0.056454286 0.989065468 308.323944092
0.988129616 0.061630368 -0.140717238 -32.158569336 -0.068866044 0.996511638 -0.047137503 18.315689087 0.137321219 0.056268588 0.988927066 309.460784912
0.988133252 0.061071824 -0.140935376 -32.319812775 -0.068278916 0.996564329 -0.046876248 18.255790710 0.137588292 0.055942878 0.988908350 310.586730957
0.988077581 0.061120395 -0.141304478 -32.484123230 -0.068499252 0.996497989 -0.047953796 18.190202713 0.137878656 0.057061315 0.988803983 311.697814941
0.987869322 0.063939884 -0.141513079 -32.651409149 -0.071728751 0.996138096 -0.050635222 18.117492676 0.137728900 0.060171522 0.988640487 312.835327148
0.987908006 0.063645713 -0.141375676 -32.818412781 -0.071342431 0.996195316 -0.050051454 18.040975571 0.137652159 0.059532307 0.988689899 313.966186523
0.988036036 0.062511541 -0.140986264 -32.981052399 -0.069888435 0.996399939 -0.047988102 17.977785110 0.137478843 0.057267260 0.988847792 315.080810547
0.988101006 0.063174434 -0.140233845 -33.144985199 -0.070294112 0.996446311 -0.046405397 17.905624390 0.136803791 0.055710815 0.989030302 316.204071045
0.988126755 0.064423174 -0.139481381 -33.308616638 -0.071392857 0.996407688 -0.045549367 17.839824677 0.136045814 0.054966502 0.989176571 317.319732666
0.988178015 0.064724974 -0.138977766 -33.470066071 -0.071633242 0.996402383 -0.045288865 17.771484375 0.135546416 0.054708876 0.989259422 318.442993164
0.988206208 0.063826680 -0.139192283 -33.631259918 -0.070822954 0.996432424 -0.045897439 17.693601608 0.135766163 0.055214133 0.989201128 319.574462891
0.988259792 0.063291155 -0.139056385 -33.790977478 -0.070383735 0.996426821 -0.046688132 17.628162384 0.135604516 0.055927295 0.989183247 320.705474854
0.988266587 0.062667437 -0.139290705 -33.951641083 -0.069830738 0.996444225 -0.047143362 17.555177689 0.135841042 0.056316964 0.989128649 321.829589844
0.988288403 0.061610553 -0.139606863 -34.116455078 -0.068683065 0.996558130 -0.046416257 17.483451843 0.136266574 0.055461261 0.989118576 322.969146729
0.988245010 0.060397416 -0.140441656 -34.276000977 -0.067295842 0.996722460 -0.044895325 17.423700333 0.137269735 0.053818703 0.989070475 324.099975586
0.988271654 0.058336239 -0.141124055 -34.429222107 -0.064991087 0.996958494 -0.043011017 17.370256424 0.138185710 0.051678363 0.989057124 325.220367432
0.988141179 0.059006769 -0.141757786 -34.590038300 -0.065774299 0.996884406 -0.043533530 17.292486191 0.138747320 0.052341271 0.988943636 326.334777832
0.987996995 0.059457384 -0.142572045 -34.750022888 -0.066477016 0.996773422 -0.044983573 17.216789246 0.139437392 0.053921375 0.988761663 327.465026855
0.987972081 0.058649331 -0.143078506 -34.909481049 -0.065780744 0.996790349 -0.045627445 17.146347046 0.139943197 0.054490428 0.988659024 328.573944092
0.987901509 0.058483075 -0.143633410 -35.078968048 -0.065548770 0.996836066 -0.044958420 17.073413849 0.140549630 0.053829461 0.988609195 329.693420410
0.987876236 0.057454750 -0.144220427 -35.239856720 -0.064384863 0.996961296 -0.043849327 17.003307343 0.141262740 0.052603304 0.988573551 330.780517578
0.988015592 0.054904904 -0.144259349 -35.396129608 -0.061499037 0.997237742 -0.041651472 16.940551758 0.141573921 0.050024096 0.988662839 331.868072510
0.988022804 0.053787891 -0.144630015 -35.550392151 -0.060231581 0.997360647 -0.040545546 16.873651505 0.142067358 0.048771203 0.988654673 332.933074951
0.988002658 0.053096276 -0.145022362 -35.706470490 -0.059545085 0.997404039 -0.040491078 16.807996750 0.142495915 0.048640639 0.988599539 333.996887207
0.987985671 0.052531090 -0.145344272 -35.863376617 -0.059084598 0.997404814 -0.041142486 16.742763519 0.142805785 0.049235772 0.988525271 335.058044434
0.987931192 0.052489482 -0.145728871 -36.023738861 -0.059190717 0.997361422 -0.042031638 16.688161850 0.143138096 0.050150149 0.988431215 336.095184326
0.987911344 0.053369012 -0.145543486 -36.180809021 -0.060208566 0.997259378 -0.042996291 16.618082047 0.142849892 0.051239468 0.988417089 337.139739990
0.987974405 0.053322751 -0.145132303 -36.332260132 -0.060204715 0.997240305 -0.043442927 16.557081223 0.142415226 0.051658124 0.988457918 338.179779053
0.988046169 0.054538839 -0.144188836 -36.496498108 -0.061317123 0.997192204 -0.042987339 16.498077393 0.141439468 0.051314708 0.988616049 339.209014893
0.988139749 0.055805515 -0.143057972 -36.659370422 -0.062550798 0.997111142 -0.043090895 16.439996719 0.140239939 0.051528201 0.988775790 340.218841553
0.988500595 0.055190671 -0.140785336 -36.810443878 -0.061923184 0.997115374 -0.043893036 16.382450104 0.137956679 0.052106153 0.989066720 341.233428955
0.988832235 0.054399773 -0.138749465 -36.952533722 -0.061057568 0.997155905 -0.044183899 16.326608658 0.135951176 0.052162156 0.989341378 342.242218018
0.989124656 0.054281704 -0.136696473 -37.100589752 -0.060822293 0.997172594 -0.044130281 16.270996094 0.133914456 0.051964514 0.989629626 343.238098145
0.989493012 0.052945230 -0.134537444 -37.244007111 -0.059306107 0.997282207 -0.043716405 16.218893051 0.131857157 0.051235951 0.989943624 344.208984375
0.989862502 0.050652415 -0.132690594 -37.378440857 -0.056856994 0.997438908 -0.043392517 16.162034988 0.130152747 0.050496984 0.990207076 345.187103271
0.990061343 0.050563734 -0.131231487 -37.514080048 -0.056660667 0.997460723 -0.043145657 16.109992981 0.128716573 0.050152496 0.990412414 346.147033691
0.990444839 0.048040360 -0.129270807 -37.637878418 -0.053892512 0.997656465 -0.042156819 16.055887222 0.126942575 0.048720710 0.990712702 347.090332031
0.990717709 0.048333190 -0.127052069 -37.762477875 -0.053920612 0.997706890 -0.040909220 16.005783081 0.124783382 0.047380194 0.991052091 348.038116455
0.990940154 0.048641033 -0.125186205 -37.880512238 -0.054096054 0.997712135 -0.040548149 15.952475548 0.122927420 0.046952851 0.991304338 348.943420410
0.991169989 0.048225358 -0.123516962 -37.997097015 -0.053757820 0.997676492 -0.041854102 15.892139435 0.121211492 0.048124515 0.991459429 349.863586426
0.991303265 0.049475133 -0.121942706 -38.110977173 -0.055373155 0.997430265 -0.045459479 15.835523605 0.119380176 0.051816463 0.991495550 350.764221191
0.991448045 0.050357953 -0.120394833 -38.226100922 -0.056438405 0.997269034 -0.047636431 15.772147179 0.117667124 0.054023921 0.991582453 351.624847412
0.991654813 0.050260585 -0.118721046 -38.337375641 -0.056239288 0.997284234 -0.047554579 15.723173141 0.116008446 0.053834498 0.991788268 352.496429443
0.991844356 0.049624413 -0.117396899 -38.442085266 -0.055352848 0.997404635 -0.046045955 15.677901268 0.114807151 0.052168660 0.992016971 353.362426758
0.991893589 0.049682021 -0.116956465 -38.536338806 -0.055306949 0.997439146 -0.045347448 15.625307083 0.114403971 0.051448334 0.992101192 354.191833496
0.991631150 0.050894577 -0.118648693 -38.625911713 -0.056802224 0.997280955 -0.046949588 15.572945595 0.115936555 0.053296164 0.991825640 354.983489990
0.991079032 0.051881604 -0.122762635 -38.712348938 -0.058281150 0.997090936 -0.049122505 15.515515327 0.119856894 0.055839010 0.991219640 355.697113037
0.990406573 0.052330218 -0.127891570 -38.778404236 -0.059114166 0.997006595 -0.049833924 15.476098061 0.124900863 0.056916028 0.990535378 356.303588867
0.989523590 0.054159824 -0.133827835 -38.865562439 -0.061276358 0.996885717 -0.049639143 15.446955681 0.130722553 0.057319559 0.989760637 356.854736328
0.988386035 0.056337520 -0.141135350 -38.952548981 -0.063796654 0.996764541 -0.048891645 15.409874916 0.137924239 0.057327766 0.988782287 357.399536133
0.986744404 0.058530062 -0.151359528 -39.036785126 -0.066466950 0.996637404 -0.047915690 15.377611160 0.148046017 0.057340920 0.987316787 357.934295654
0.984363079 0.058464039 -0.166166410 -39.100635529 -0.066966146 0.996693015 -0.046027113 15.340153694 0.162925944 0.056434900 0.985022902 358.472625732
0.980686307 0.058326893 -0.186687976 -39.210338593 -0.067690335 0.996727943 -0.044174209 15.305475235 0.183500513 0.055957988 0.981425524 358.981262207
0.975246310 0.057299457 -0.213568166 -39.340343475 -0.067802906 0.996806741 -0.042178147 15.279350281 0.210469365 0.055614594 0.976017237 359.462158203
0.966702044 0.057488304 -0.249363527 -39.468040466 -0.069155850 0.996871352 -0.038275514 15.250563622 0.246382907 0.054245938 0.967653215 359.928955078
0.954500377 0.058305737 -0.292454213 -39.633804321 -0.071074128 0.996917844 -0.033215839 15.228366852 0.289616108 0.052490424 0.955702424 360.404632568
0.938471198 0.059161615 -0.340252399 -39.817699432 -0.072595894 0.996999323 -0.026876913 15.202622414 0.337641209 0.049924098 0.939949930 360.892578125
0.916823745 0.060878649 -0.394623935 -40.048034668 -0.074799135 0.996998608 -0.019972332 15.185236931 0.392223567 0.047828600 0.918625653 361.358001709
0.889062285 0.062376197 -0.453516871 -40.295108795 -0.075787023 0.997058511 -0.011436267 15.183716774 0.451469362 0.044538215 0.891174316 361.766357422
0.856405795 0.066125870 -0.512051165 -40.620014191 -0.077854082 0.996963680 -0.001463668 15.190369606 0.510399520 0.041118734 0.858953714 362.157043457
0.818407834 0.071878456 -0.570124626 -40.939025879 -0.080483414 0.996704519 0.010126666 15.196668625 0.568973720 0.037597794 0.821495771 362.513275146
0.775925517 0.076622441 -0.626153767 -41.241836548 -0.081668586 0.996443868 0.020731892 15.210208893 0.625515640 0.035050627 0.779423952 362.852478027
0.729782522 0.078989357 -0.679100990 -41.651191711 -0.081683479 0.996262074 0.028100463 15.220721245 0.678782165 0.034964059 0.733506739 363.184143066
0.677343905 0.080399156 -0.731259882 -42.024639130 -0.079536520 0.996186912 0.035854731 15.232471466 0.731354237 0.033875830 0.681155920 363.505401611
0.618769765 0.082498282 -0.781228542 -42.392807007 -0.077673458 0.996022344 0.043659791 15.243321419 0.781723022 0.033665299 0.622716367 363.753601074
0.556117535 0.085697964 -0.826673508 -42.865997314 -0.077469669 0.995684206 0.051103562 15.274447441 0.827485204 0.035622451 0.560356498 364.034179688
0.488619030 0.090938210 -0.867745161 -43.324989319 -0.076672778 0.995181262 0.061119713 15.310466766 0.869121671 0.036668103 0.493236929 364.250183105
0.417941839 0.092111424 -0.903792024 -43.750816345 -0.068905570 0.995195031 0.069562905 15.347252846 0.905856788 0.033202987 0.422280580 364.403411865
0.342962712 0.090529196 -0.934976399 -44.265174866 -0.057921175 0.995489240 0.075142138 15.356287003 0.937561572 0.028383911 0.346659243 364.564605713
0.264437586 0.086699717 -0.960497856 -44.758602142 -0.049982995 0.995844424 0.076129422 15.397561073 0.963106751 0.027876988 0.267672211 364.645874023
0.184768960 0.083514176 -0.979227304 -45.214912415 -0.044863995 0.996060967 0.076484613 15.422327042 0.981757581 0.029799968 0.187787890 364.671203613
0.107024513 0.080797449 -0.990968049 -45.755687714 -0.039210513 0.996260285 0.076994285 15.469062805 0.993482947 0.030616000 0.109792329 364.669799805
0.034625333 0.080310427 -0.996168137 -46.259433746 -0.033887081 0.996287167 0.079142228 15.507837296 0.998825610 0.031016828 0.037218194 364.653228760
-0.030971564 0.082804829 -0.996084452 -46.837688446 -0.030656002 0.996015012 0.083752304 15.541156769 0.999050021 0.033129819 -0.028309627 364.604461670
-0.088300452 0.088740617 -0.992133081 -47.407855988 -0.028765902 0.995381117 0.091591366 15.589190483 0.995678484 0.036627084 -0.085339800 364.513488770
-0.136065215 0.093667053 -0.986262202 -47.951026917 -0.027094606 0.994796276 0.098215610 15.637351036 0.990329325 0.040086024 -0.132819235 364.374023438
-0.174541757 0.094489634 -0.980105519 -48.540588379 -0.025162764 0.994631827 0.100371219 15.683377266 0.984328330 0.042181041 -0.171227142 364.236236572
-0.204931676 0.092754595 -0.974371493 -49.114944458 -0.026105855 0.994627476 0.100173540 15.740603447 0.978428185 0.045965437 -0.201409116 364.108978271
-0.227430642 0.093155086 -0.969328284 -49.720748901 -0.027153235 0.994420111 0.101937428 15.801959038 0.973415673 0.049504016 -0.223632112 363.988403320
-0.241990298 0.095756784 -0.965542078 -50.310825348 -0.026780654 0.994079888 0.105299011 15.863012314 0.969909132 0.051339086 -0.237993330 363.862121582
-0.249711901 0.098179869 -0.963330090 -50.894546509 -0.026791571 0.993765175 0.108226620 15.944707870 0.967949629 0.052834515 -0.245524555 363.688079834
-0.252150804 0.099154741 -0.962594688 -51.493473053 -0.026658468 0.993647277 0.109336607 15.991887093 0.967320859 0.053230520 -0.247905567 363.530303955
-0.252524316 0.096811771 -0.962735057 -52.073192596 -0.027425494 0.993866026 0.107136011 16.057504654 0.967201531 0.053457867 -0.248320252 363.375213623
-0.252876908 0.091352835 -0.963176012 -52.635673523 -0.026959524 0.994480431 0.101400048 16.115921021 0.967122793 0.051608406 -0.249018326 363.208129883
-0.251602888 0.086254530 -0.963979304 -53.251277924 -0.024912324 0.995113492 0.095542625 16.179740906 0.967509925 0.048053686 -0.248224691 363.062896729
-0.250835955 0.086388290 -0.964167118 -53.858119965 -0.023729298 0.995161951 0.095338821 16.243385315 0.967738688 0.046793349 -0.247572452 362.902038574
-0.248837158 0.088603944 -0.964483976 -54.501495361 -0.022453710 0.995011389 0.097201511 16.316392899 0.968284905 0.045843519 -0.245606288 362.750274658
-0.246497244 0.089039110 -0.965044737 -55.135902405 -0.023297016 0.994938612 0.097747967 16.373895645 0.968863368 0.046577182 -0.243175298 362.578063965
-0.243518755 0.089249946 -0.965781093 -55.797134399 -0.025398804 0.994828880 0.098338604 16.444461823 0.969563544 0.048476908 -0.239992663 362.413146973
-0.239030167 0.088615365 -0.966960073 -56.491722107 -0.028097361 0.994778812 0.098110408 16.518295288 0.970605612 0.050620288 -0.235292315 362.237670898
-0.231855392 0.087135307 -0.968839884 -57.267295837 -0.032612000 0.994723856 0.097267762 16.591260910 0.972203553 0.054147772 -0.227790400 362.052520752
-0.223771647 0.086327747 -0.970810950 -58.125877380 -0.036524005 0.994627237 0.096864395 16.677156448 0.973957121 0.057133324 -0.219416365 361.872131348
-0.214248598 0.087181576 -0.972880900 -59.019313812 -0.038589835 0.994475782 0.097615078 16.763856888 0.976016819 0.058457110 -0.209700838 361.694396973
-0.204840094 0.089036293 -0.974737525 -59.932308197 -0.040037125 0.994258344 0.099233218 16.838476181 0.977976322 0.059352536 -0.200099230 361.512420654
-0.194863006 0.090191111 -0.976675034 -60.835147858 -0.040509455 0.994173586 0.099889375 16.919200897 0.979993701 0.059029218 -0.190074056 361.322387695
-0.185722530 0.089454316 -0.978521883 -61.759391785 -0.043995880 0.994091570 0.099228099 17.004003525 0.981616735 0.061479747 -0.180689543 361.146026611
-0.177922204 0.088861279 -0.980024219 -62.703796387 -0.045776621 0.994088829 0.098447308 17.096715927 0.982979417 0.062378071 -0.172802657 360.991607666
-0.171416774 0.089433469 -0.981131136 -63.660247803 -0.044574294 0.994147360 0.098407745 17.187232971 0.984189808 0.060601871 -0.166427165 360.839843750
-0.166735217 0.091562442 -0.981741071 -64.653007507 -0.042628497 0.994078577 0.099953018 17.274057388 0.985079706 0.058515768 -0.161844715 360.686767578
-0.163942844 0.094511993 -0.981931984 -65.641036987 -0.040501166 0.993915617 0.102427542 17.368375778 0.985638142 0.056561559 -0.159117475 360.532592773
-0.162186608 0.096382156 -0.982041836 -66.633132935 -0.039913930 0.993763089 0.104124464 17.460786819 0.985952556 0.056084644 -0.157328025 360.378204346
-0.161142945 0.096472934 -0.982204556 -67.613983154 -0.040117182 0.993748188 0.104188524 17.557926178 0.986115456 0.056192439 -0.156265289 360.220428467
-0.160268545 0.094651721 -0.982524872 -68.584022522 -0.044199508 0.993705273 0.102938630 17.645805359 0.986083388 0.059924848 -0.155076206 360.060119629
-0.159645125 0.093192823 -0.982765675 -69.589004517 -0.046042517 0.993747711 0.101713642 17.744117737 0.986100137 0.061487019 -0.154356152 359.904418945
-0.159030676 0.092298299 -0.982949853 -70.592613220 -0.045879882 0.993853867 0.100745112 17.836839676 0.986207128 0.061119102 -0.153818697 359.744689941
-0.157715306 0.092099212 -0.983180285 -71.592506409 -0.045778152 0.993888855 0.100445822 17.929473877 0.986422837 0.060849961 -0.152535364 359.584197998
-0.156269565 0.092202306 -0.983401597 -72.582221985 -0.046246994 0.993858516 0.100531757 18.016248703 0.986631155 0.061189324 -0.151045650 359.429992676
-0.154812500 0.092306085 -0.983622313 -73.607299805 -0.047279421 0.993792653 0.100701883 18.104270935 0.986811996 0.062094912 -0.149487376 359.267486572
-0.153367206 0.092857130 -0.983796835 -74.631294250 -0.048213627 0.993686259 0.101306789 18.195758820 0.986992478 0.062969461 -0.147921920 359.106506348
-0.151944324 0.093297675 -0.983975947 -75.660652161 -0.048003338 0.993663609 0.101628914 18.285940170 0.987222791 0.062675975 -0.146502927 358.941894531
-0.150466785 0.093883380 -0.984147072 -76.697120667 -0.046757400 0.993690848 0.101942636 18.370996475 0.987508595 0.061355066 -0.145127714 358.789184570
-0.149805278 0.093632460 -0.984272122 -77.718139648 -0.047053099 0.993702650 0.101691075 18.467735291 0.987595379 0.061546817 -0.144456223 358.631286621
-0.150128052 0.092932783 -0.984288990 -78.740379333 -0.046638958 0.993798316 0.100944251 18.558443069 0.987565875 0.061060715 -0.144862786 358.469665527
-0.151033282 0.092562400 -0.984185636 -79.781646729 -0.048814796 0.993693471 0.100947797 18.650613785 0.987322748 0.063289210 -0.145562410 358.315307617
-0.151511073 0.094719164 -0.983906984 -80.813400269 -0.047558874 0.993546784 0.102970779 18.749872208 0.987310827 0.062394619 -0.146028593 358.162048340
-0.152586937 0.096473284 -0.983570218 -81.861633301 -0.048220508 0.993312001 0.104909599 18.846130371 0.987113118 0.063435987 -0.146914393 357.999694824
-0.153765723 0.096106693 -0.983422458 -82.904083252 -0.050454319 0.993196666 0.104950882 18.947540283 0.986818492 0.065755665 -0.147870705 357.838653564
-0.155065641 0.095538557 -0.983273745 -83.940429688 -0.050220542 0.993263483 0.104429208 19.051914215 0.986627042 0.065573826 -0.149223015 357.684478760
-0.156307787 0.092938870 -0.983326077 -84.988510132 -0.046849914 0.993744969 0.101370849 19.134025574 0.986596644 0.061913718 -0.150975868 357.526733398
-0.158237636 0.092455648 -0.983062804 -86.001190186 -0.046699241 0.993791699 0.100981623 19.226942062 0.986295938 0.061887331 -0.152937576 357.370574951
-0.159800991 0.093746766 -0.982687712 -87.044883728 -0.046335883 0.993670821 0.102329552 19.325073242 0.986061215 0.061885975 -0.154445753 357.206237793
-0.161143199 0.094251275 -0.982420325 -88.084037781 -0.045453824 0.993664503 0.102785699 19.421619415 0.985883832 0.061217874 -0.155838087 357.048004150
-0.162086219 0.093487471 -0.982338071 -89.115493774 -0.046264485 0.993687332 0.102201268 19.513870239 0.985691488 0.062012687 -0.156737804 356.879943848
-0.162672088 0.093081847 -0.982279778 -90.145416260 -0.046525367 0.993709207 0.101869881 19.615673065 0.985582590 0.062272243 -0.157318160 356.710937500
-0.162609920 0.093120158 -0.982286572 -91.184700012 -0.048377961 0.993586779 0.102200061 19.714286804 0.985503793 0.064139664 -0.157062069 356.547821045
-0.161526397 0.094153315 -0.982366562 -92.205581665 -0.048493680 0.993478656 0.103192002 19.816055298 0.985676050 0.064306743 -0.155907243 356.381805420
-0.160122022 0.094690800 -0.982544899 -93.236732483 -0.049696527 0.993352532 0.103831299 19.915040970 0.985845447 0.065454669 -0.154351830 356.220520020
-0.158143565 0.095269285 -0.982809544 -94.263336182 -0.049284391 0.993332386 0.104219735 20.010709763 0.986185491 0.064918756 -0.152393848 356.059661865
-0.155290648 0.094989829 -0.983291328 -95.280876160 -0.049643174 0.993358254 0.103802502 20.105436325 0.986620784 0.064933166 -0.149543673 355.895446777
-0.153179199 0.094600551 -0.983660102 -96.309303284 -0.049814552 0.993402541 0.103294864 20.206611633 0.986942172 0.064823113 -0.147456229 355.741333008
-0.150223583 0.093096517 -0.984259009 -97.325553894 -0.050791565 0.993515193 0.101724193 20.305088043 0.987346411 0.065273359 -0.144520819 355.576110840
-0.147573248 0.092763409 -0.984691381 -98.341560364 -0.051469866 0.993522704 0.101309091 20.397655487 0.987710893 0.065632373 -0.141842872 355.422821045
-0.144441634 0.093049660 -0.985128522 -99.352241516 -0.052766819 0.993427932 0.101570420 20.489974976 0.988105416 0.066653013 -0.138582379 355.272613525
-0.141247839 0.094106175 -0.985491276 -100.374069214 -0.054212928 0.993242562 0.102616623 20.577253342 0.988488793 0.067920662 -0.135191649 355.122344971
-0.138550252 0.096035361 -0.985688090 -101.382751465 -0.055009570 0.993004441 0.104480483 20.671827316 0.988826394 0.068697996 -0.132298142 354.973205566
-0.135742575 0.096986666 -0.985985458 -102.376892090 -0.055347502 0.992900550 0.105286732 20.759069443 0.989196837 0.068863668 -0.129410893 354.840576172
-0.132377103 0.096375622 -0.986502945 -103.362434387 -0.054899476 0.993021131 0.104379334 20.852552414 0.989677787 0.067975849 -0.126162231 354.722442627
-0.129985645 0.094178148 -0.987032950 -104.342041016 -0.053936154 0.993333161 0.101882383 20.938735962 0.990047812 0.066479944 -0.124039494 354.584411621
-0.127916619 0.092779875 -0.987435699 -105.324104309 -0.052046075 0.993614912 0.100102790 21.029077530 0.990418494 0.064196870 -0.122271009 354.449737549
-0.126565233 0.092852674 -0.987602890 -106.290420532 -0.049184043 0.993797421 0.099738255 21.112428665 0.990738153 0.061197624 -0.121213317 354.333343506
-0.125249207 0.092538476 -0.987800181 -107.237190247 -0.048062090 0.993905663 0.099204592 21.201625824 0.990960419 0.059900962 -0.120038331 354.209808350
-0.124462388 0.091709226 -0.987976968 -108.198158264 -0.046218093 0.994102716 0.098100320 21.283824921 0.991147399 0.057872128 -0.119489886 354.091613770
-0.123941571 0.092060834 -0.988009870 -109.137306213 -0.045663197 0.994103014 0.098356903 21.364982605 0.991238356 0.057306100 -0.119006805 353.974914551
-0.123807013 0.092597388 -0.987976551 -110.069892883 -0.043910749 0.994149983 0.098678671 21.438673019 0.991334319 0.055599809 -0.119016714 353.864990234
-0.125533700 0.092142455 -0.987801313 -110.984657288 -0.043270238 0.994221568 0.098240353 21.521747589 0.991145492 0.055074777 -0.120821320 353.758422852
-0.128778443 0.092228338 -0.987375200 -111.914657593 -0.041269101 0.994304836 0.098258197 21.603578568 0.990814209 0.053401556 -0.124238819 353.647674561
-0.134097993 0.093127377 -0.986582518 -112.837852478 -0.039668582 0.994271994 0.099245109 21.681884766 0.990173817 0.052444823 -0.129635647 353.525604248
-0.141849518 0.094257236 -0.985390544 -113.747177124 -0.036538642 0.994279325 0.100367375 21.762884140 0.989213884 0.050241806 -0.137594134 353.415863037
-0.152135685 0.094519943 -0.983829737 -114.650146484 -0.035636015 0.994244754 0.101031229 21.844127655 0.987716973 0.050430134 -0.147891775 353.293701172
-0.163490519 0.092581496 -0.982191026 -115.539939880 -0.033885598 0.994472384 0.099379629 21.915273666 0.985962689 0.049529687 -0.159449756 353.159332275
-0.175770774 0.088381723 -0.980455697 -116.425483704 -0.032620691 0.994891882 0.095531166 21.989347458 0.983890593 0.048774637 -0.171989843 353.010681152
-0.187481642 0.084119432 -0.978659570 -117.313003540 -0.032383382 0.995255411 0.091749653 22.056224823 0.981734097 0.048893601 -0.183868036 352.845092773
-0.197475836 0.082072295 -0.976866066 -118.194427490 -0.033566669 0.995338798 0.090409942 22.128215790 0.979732811 0.050643850 -0.193800434 352.659729004
-0.205820635 0.081486799 -0.975191176 -119.101272583 -0.034859445 0.995284081 0.090523146 22.207569122 0.977968633 0.052626077 -0.202009365 352.485809326
-0.211175606 0.081240118 -0.974066257 -120.007034302 -0.035877131 0.995224178 0.090782896 22.272148132 0.976789474 0.054117750 -0.207252339 352.310638428
-0.214067757 0.080596253 -0.973488331 -120.918342590 -0.037003964 0.995205879 0.090531439 22.352087021 0.976117790 0.055402689 -0.210059181 352.119537354
-0.214801669 0.079442970 -0.973421276 -121.841819763 -0.038715880 0.995210171 0.089764550 22.441665649 0.975889981 0.056968357 -0.210697114 351.907562256
-0.214720249 0.078489602 -0.973516583 -122.773963928 -0.039766528 0.995236397 0.089011781 22.516815186 0.975865662 0.057825930 -0.210576132 351.696868896
-0.213113576 0.078667901 -0.973855257 -123.709991455 -0.039503165 0.995244265 0.089040421 22.583553314 0.976228476 0.057446010 -0.208992526 351.503021240
-0.211715117 0.080578357 -0.974004090 -124.658157349 -0.039882675 0.995052993 0.090988889 22.664752960 0.976517260 0.058109529 -0.207453981 351.286407471
-0.209787622 0.086597994 -0.973904729 -125.609840393 -0.040593848 0.994439781 0.097168274 22.759792328 0.976904154 0.059919145 -0.205105811 351.068115234
-0.207616940 0.097746931 -0.973314226 -126.582809448 -0.042456627 0.993157029 0.108796120 22.866830826 0.977288306 0.063911490 -0.202046260 350.852783203
-0.203957632 0.104800545 -0.973354101 -127.550231934 -0.044468764 0.992235541 0.116151586 22.958234787 0.977969289 0.066973768 -0.197713673 350.649719238
-0.198613822 0.100697331 -0.974891186 -128.513946533 -0.050346877 0.992346168 0.112757474 23.079475403 0.978783965 0.071477830 -0.192023918 350.446075439
-0.193036124 0.094694674 -0.976611495 -129.504867554 -0.053647682 0.992824614 0.106870733 23.160306931 0.979723990 0.073022760 -0.186570823 350.238922119
-0.187913641 0.094961412 -0.977584243 -130.502990723 -0.054640397 0.992763042 0.106939033 23.273838043 0.980664611 0.073510796 -0.181365058 350.020019531
-0.182823688 0.100020841 -0.978044629 -131.519409180 -0.053527784 0.992323220 0.111486949 23.404178619 0.981687427 0.072734945 -0.176066220 349.843475342
-0.179259032 0.101575926 -0.978544116 -132.531173706 -0.052947603 0.992217898 0.112694822 23.508270264 0.982376158 0.072013035 -0.172485754 349.668365479
-0.175577059 0.095741317 -0.979799092 -133.538574219 -0.053849690 0.992835820 0.106664933 23.600000381 0.982991874 0.071489707 -0.169163480 349.494354248
-0.173201486 0.088939570 -0.980862558 -134.562652588 -0.055653509 0.993439078 0.099907354 23.681804657 0.983312845 0.071892440 -0.167115420 349.307769775
-0.170598611 0.088974178 -0.981315255 -135.597076416 -0.057346631 0.993330121 0.100033142 23.797554016 0.983670294 0.073340565 -0.164358377 349.126708984
-0.166749641 0.090983830 -0.981792510 -136.650955200 -0.059119642 0.993019342 0.102065310 23.924341202 0.984225333 0.075062484 -0.160206676 348.958587646
-0.163324252 0.088554487 -0.982590079 -137.709915161 -0.061594158 0.993105233 0.099740267 24.026742935 0.984647930 0.076811738 -0.156743690 348.775573730
-0.159247473 0.079971164 -0.983994424 -138.759216309 -0.062836528 0.993871689 0.090943284 24.104713440 0.985237062 0.076313198 -0.153246492 348.594482422
-0.155234694 0.075869575 -0.984959900 -139.821029663 -0.059591159 0.994511545 0.085997246 24.175235748 0.986078620 0.072044574 -0.149861515 348.427551270
-0.151743874 0.079908729 -0.985184252 -140.913055420 -0.055721413 0.994449973 0.089242861 24.273824692 0.986847818 0.068437867 -0.146449029 348.275787354
-0.147578016 0.086703554 -0.985242724 -142.003097534 -0.055025890 0.993887603 0.095706612 24.382770538 0.987518609 0.068337969 -0.141904995 348.119537354
-0.143137217 0.091639414 -0.985451281 -143.085678101 -0.053036585 0.993563056 0.100097403 24.473150253 0.988280833 0.066592544 -0.137355551 347.971038818
-0.139416441 0.091720931 -0.985976756 -144.183059692 -0.054043539 0.993512213 0.100063689 24.576473236 0.988757849 0.067236118 -0.133554980 347.806396484
-0.136488318 0.090939999 -0.986458898 -145.268295288 -0.055317439 0.993524194 0.099245228 24.680143356 0.989096045 0.068114094 -0.130573869 347.656677246
-0.134446025 0.090676241 -0.986763597 -146.354919434 -0.052863471 0.993730128 0.098519087 24.777797699 0.989510000 0.065409139 -0.128809586 347.517547607
-0.133593425 0.090724818 -0.986874700 -147.444091797 -0.052447215 0.993758202 0.098457478 24.869171143 0.989647448 0.064912014 -0.128001302 347.374359131
-0.132967114 0.092757836 -0.986770511 -148.532897949 -0.052286085 0.993568063 0.100442432 24.967729568 0.989740491 0.064949803 -0.127261952 347.231262207
-0.133754671 0.094575278 -0.986491382 -149.640670776 -0.051962301 0.993397236 0.102282792 25.078201294 0.989651382 0.064941078 -0.127957180 347.088653564
-0.134881496 0.093478233 -0.986442566 -150.733627319 -0.052108385 0.993493199 0.101271503 25.178411484 0.989490688 0.065061480 -0.129132837 346.948181152
-0.137133777 0.088652208 -0.986577570 -151.799652100 -0.048819076 0.994171739 0.096120492 25.254159927 0.989348888 0.061345089 -0.132006615 346.821655273
-0.141374469 0.085739270 -0.986236393 -152.896560669 -0.044710387 0.994672835 0.092881881 25.341562271 0.988946140 0.057226047 -0.136787862 346.671936035
-0.148020655 0.087898076 -0.985070288 -153.992904663 -0.040147044 0.994687498 0.094788939 25.427806854 0.988168955 0.053578317 -0.143705383 346.525878906
-0.154370099 0.092123628 -0.983708858 -155.088104248 -0.036871564 0.994412780 0.098912239 25.536209106 0.987324893 0.051539890 -0.150110900 346.381591797
-0.160352170 0.092584573 -0.982708275 -156.207107544 -0.038085148 0.994269490 0.099888355 25.631788254 0.986324966 0.053443804 -0.155907124 346.204772949
-0.165343195 0.090765685 -0.982050359 -157.285720825 -0.042174719 0.994194329 0.098988891 25.733528137 0.985333741 0.057784770 -0.160555318 346.022674561
-0.168571040 0.088931739 -0.981669486 -158.354064941 -0.045828156 0.994137466 0.097930856 25.828815460 0.984623611 0.061496329 -0.163507149 345.830017090
-0.171080515 0.088619336 -0.981263459 -159.423324585 -0.045393731 0.994180083 0.097700179 25.916275024 0.984210849 0.061257735 -0.166062087 345.642272949
-0.172441900 0.089046471 -0.980986655 -160.488479614 -0.044931252 0.994157732 0.098140307 26.011903763 0.983994544 0.061000362 -0.167433575 345.462951660
-0.173761725 0.093386211 -0.980349779 -161.564590454 -0.042189788 0.993873715 0.102152415 26.105226517 0.983883500 0.059110865 -0.168757230 345.278167725
-0.175025880 0.099247329 -0.979548812 -162.642105103 -0.039505795 0.993397236 0.107709408 26.215873718 0.983770847 0.057549711 -0.169949308 345.094818115
-0.175680161 0.100808911 -0.979272246 -163.714019775 -0.038646374 0.993270099 0.109183073 26.313657761 0.983688354 0.057026535 -0.170602024 344.917572021
-0.176138476 0.097243175 -0.979550600 -164.777526855 -0.040720973 0.993536890 0.105953977 26.415670395 0.983522832 0.058550712 -0.171040222 344.723510742
-0.177017570 0.092746750 -0.979827821 -165.835296631 -0.043243393 0.993855715 0.101887047 26.501852036 0.983257174 0.060406823 -0.171919242 344.529907227
-0.177421853 0.092431374 -0.979784787 -166.903427124 -0.039456159 0.994111001 0.100927785 26.597848892 0.983343720 0.056565240 -0.172730103 344.346984863
-0.179016829 0.095529214 -0.979197025 -167.985900879 -0.037072930 0.993913054 0.103742607 26.700386047 0.983147144 0.054873314 -0.174385592 344.153198242
-0.180652410 0.099483944 -0.978502810 -169.061630249 -0.032879092 0.993704557 0.107099734 26.816471100 0.982997358 0.051520020 -0.176244184 343.955047607
-0.182685822 0.101765901 -0.977890193 -170.140747070 -0.029434482 0.993616700 0.108901404 26.932001114 0.982730508 0.048678368 -0.178524166 343.763061523
-0.185057431 0.102517076 -0.977365971 -171.205123901 -0.030193001 0.993481278 0.109924324 27.040185928 0.982263923 0.049851838 -0.180755675 343.563751221
-0.187023774 0.101992801 -0.977046430 -172.277008057 -0.032447811 0.993411541 0.109912284 27.143625259 0.981819332 0.052259151 -0.182482123 343.357666016
-0.189331606 0.100722775 -0.976733565 -173.335693359 -0.035516873 0.993371487 0.109323211 27.247123718 0.981270671 0.055388786 -0.184499219 343.149963379
-0.191273019 0.097620450 -0.976670206 -174.374038696 -0.037723787 0.993575573 0.106698126 27.357172012 0.980811596 0.057252098 -0.186361596 342.944641113
-0.191822737 0.095616661 -0.976760685 -175.404129028 -0.037539076 0.993799686 0.104656853 27.443798065 0.980711341 0.056742176 -0.187043950 342.744384766
-0.193120852 0.094919741 -0.976572931 -176.451995850 -0.038601428 0.993804038 0.104228176 27.546451569 0.980415344 0.057825662 -0.188260183 342.533569336
-0.194419369 0.098268539 -0.975983858 -177.501144409 -0.037002638 0.993526459 0.107405953 27.652832031 0.980220437 0.056995682 -0.189524621 342.332489014
-0.195184022 0.102527589 -0.975392818 -178.531433105 -0.036375970 0.993079782 0.111665919 27.773410797 0.980091751 0.057276193 -0.190103725 342.141418457
-0.195816651 0.104082830 -0.975101292 -179.581344604 -0.037758306 0.992813826 0.113556050 27.875970840 0.979913294 0.059054259 -0.190479413 341.937591553
-0.195543706 0.103424564 -0.975226223 -180.605529785 -0.038472503 0.992848992 0.113007694 27.980335236 0.979940116 0.059617240 -0.190166339 341.726776123
-0.196165353 0.101519682 -0.975301445 -181.636032104 -0.040020868 0.992968559 0.111408241 28.080238342 0.979753852 0.060886770 -0.190723106 341.517272949
-0.196667984 0.101131082 -0.975240469 -182.661621094 -0.041224275 0.992933810 0.111279242 28.190982819 0.979603052 0.062088579 -0.191109210 341.316864014
-0.196874395 0.101684250 -0.975141406 -183.684402466 -0.040874876 0.992891133 0.111787543 28.302356720 0.979576290 0.061866820 -0.191318557 341.124847412
-0.197201520 0.101280592 -0.975117445 -184.715515137 -0.038864095 0.993059695 0.111003861 28.403448105 0.979592323 0.059787095 -0.191896781 340.935638428
-0.197160915 0.095341749 -0.975724220 -185.732040405 -0.039102226 0.993703187 0.104999848 28.503870010 0.979591131 0.058854766 -0.192191452 340.739715576
-0.197017625 0.094045535 -0.975878894 -186.753646851 -0.037213191 0.993953824 0.103300333 28.599508286 0.979693413 0.056667469 -0.192326635 340.539276123
-0.197919473 0.097576097 -0.975349426 -187.784881592 -0.035584364 0.993662000 0.106629007 28.696979523 0.979571998 0.055811070 -0.193192840 340.334747314
-0.198165566 0.098819599 -0.975174487 -188.812667847 -0.035561528 0.993524909 0.107905664 28.813440323 0.979523301 0.056061786 -0.193368182 340.122406006
-0.197484493 0.096438482 -0.975550771 -189.841629028 -0.036687452 0.993725121 0.105661951 28.904245377 0.979619086 0.056657005 -0.192707106 339.913238525
-0.196515843 0.090700306 -0.976296544 -190.851623535 -0.042422626 0.993993461 0.100883581 28.995784760 0.979582489 0.061242200 -0.191487819 339.696807861
-0.194475725 0.089375228 -0.976827204 -191.879165649 -0.047290698 0.993828177 0.100345857 29.094133377 0.979766786 0.065709576 -0.189048827 339.481872559
-0.192426652 0.091042414 -0.977078915 -192.905822754 -0.050068781 0.993479192 0.102431200 29.191289902 0.980033219 0.068631560 -0.186613485 339.279571533
-0.189426929 0.092890322 -0.977491260 -193.931228638 -0.049863376 0.993320525 0.104057603 29.295192719 0.980627954 0.068452224 -0.183529854 339.090087891
-0.185824186 0.092900634 -0.978181422 -194.960632324 -0.048417725 0.993445277 0.103548214 29.395769119 0.981389463 0.066602990 -0.180108100 338.885589600
-0.182759598 0.092444271 -0.978801966 -195.984756470 -0.047639638 0.993567467 0.102734037 29.498884201 0.982002854 0.065405294 -0.177179918 338.692962646
-0.179128394 0.090960555 -0.979611933 -197.011489868 -0.045154907 0.993907392 0.100544855 29.593181610 0.982789099 0.062244616 -0.173929706 338.512023926
-0.175669461 0.090343133 -0.980294943 -198.039459229 -0.041595373 0.994209707 0.099079482 29.689594269 0.983569920 0.058180902 -0.170894355 338.329010010
-0.172436342 0.090317838 -0.980871201 -199.080062866 -0.037381973 0.994470060 0.098141775 29.764614105 0.984311163 0.053590029 -0.168106496 338.154754639
-0.169278443 0.093345813 -0.981137931 -200.140945435 -0.035687879 0.994271219 0.100752719 29.867630005 0.984922051 0.052069902 -0.164977446 337.971374512
-0.167259127 0.098690279 -0.980961025 -201.186019897 -0.031381655 0.993940234 0.105346866 29.954917908 0.985413253 0.048404336 -0.163148522 337.802520752
-0.166181803 0.099683478 -0.981043816 -202.213760376 -0.030764455 0.993869066 0.106197968 30.060344696 0.985615194 0.047829360 -0.162096187 337.637390137
-0.164254263 0.099037081 -0.981433928 -203.256439209 -0.028400656 0.994059741 0.105064400 30.151168823 0.986009240 0.045130543 -0.160465881 337.464569092
-0.163636312 0.099248916 -0.981515527 -204.299057007 -0.029831940 0.993973553 0.105482236 30.255077362 0.986069500 0.046541166 -0.159689367 337.281951904
-0.161783293 0.099907778 -0.981755912 -205.348861694 -0.031387500 0.993837655 0.106309637 30.362602234 0.986327112 0.048013899 -0.157650396 337.106872559
-0.158990160 0.099423125 -0.982261240 -206.403350830 -0.035948105 0.993673742 0.106396936 30.473648071 0.986625493 0.052226428 -0.154410303 336.941986084
-0.155703455 0.098126195 -0.982918084 -207.443939209 -0.040824533 0.993564367 0.105656087 30.574398041 0.986959934 0.056578085 -0.150695473 336.765594482
-0.151607513 0.097373068 -0.983632922 -208.484008789 -0.045011636 0.993423402 0.105279967 30.677852631 0.987415552 0.060236074 -0.146227583 336.594268799
-0.147456288 0.097295515 -0.984271288 -209.557022095 -0.047469445 0.993306875 0.105300263 30.786895752 0.987928689 0.062249936 -0.141850755 336.436126709
-0.144159123 0.097784534 -0.984711349 -210.625213623 -0.047670424 0.993264019 0.105612732 30.886621475 0.988405704 0.062166564 -0.138526723 336.277648926
-0.140681341 0.098914281 -0.985101342 -211.679504395 -0.048142627 0.993136168 0.106596321 30.989570618 0.988883793 0.062421393 -0.134953767 336.130615234
-0.138633132 0.099633060 -0.985319316 -212.752609253 -0.047050409 0.993140399 0.107043914 31.087003708 0.989225566 0.061199430 -0.132994473 335.983428955
-0.137170658 0.100097798 -0.985476792 -213.822784424 -0.046524033 0.993131995 0.107351199 31.188186646 0.989454210 0.060573705 -0.131571561 335.854370117
-0.135972545 0.100188859 -0.985633731 -214.895355225 -0.046368450 0.993139505 0.107348621 31.288063049 0.989627004 0.060298670 -0.130394086 335.721649170
-0.135262340 0.099788979 -0.985771835 -215.958755493 -0.046123020 0.993202627 0.106870003 31.392192841 0.989735782 0.059922189 -0.129740387 335.582305908
-0.134463862 0.100222170 -0.985837221 -217.030441284 -0.046551216 0.993134797 0.107313491 31.497093201 0.989824593 0.060321618 -0.128875211 335.434814453
-0.133403018 0.101338044 -0.985867262 -218.091308594 -0.046000481 0.993053257 0.108301342 31.596624374 0.989993751 0.059798025 -0.127814725 335.286590576
-0.132763907 0.101302348 -0.985957265 -219.160324097 -0.046349101 0.993040323 0.108271286 31.699251175 0.990063488 0.060072642 -0.127144635 335.141265869
-0.131911665 0.100609459 -0.986142516 -220.219558716 -0.046320546 0.993123472 0.107517816 31.800910950 0.990178525 0.059861436 -0.126344264 335.008850098
-0.130740345 0.100278661 -0.986332178 -221.288604736 -0.045662332 0.993206620 0.107030272 31.911720276 0.990364492 0.059031323 -0.125273198 334.867370605
-0.129953846 0.100315124 -0.986432552 -222.359237671 -0.045272321 0.993230939 0.106970787 32.013412476 0.990485966 0.058559261 -0.124532759 334.731170654
-0.128194436 0.099610649 -0.986733854 -223.413406372 -0.044561170 0.993359745 0.106068887 32.120273590 0.990747392 0.057567377 -0.122904435 334.602661133
-0.126425758 0.099234082 -0.987000048 -224.477447510 -0.044779181 0.993398547 0.105613254 32.228687286 0.990964949 0.057549216 -0.121147506 334.468444824
-0.124067627 0.099326164 -0.987289965 -225.551010132 -0.045719650 0.993348420 0.105681084 32.334136963 0.991219819 0.058250070 -0.118701242 334.337127686
-0.121541455 0.100577168 -0.987477541 -226.602752686 -0.045803566 0.993224919 0.106800228 32.431991577 0.991529047 0.058210567 -0.116111174 334.208923340
-0.119174540 0.102101438 -0.987609744 -227.667480469 -0.045629919 0.993084252 0.108173631 32.528335571 0.991824329 0.057955995 -0.113691568 334.072235107
-0.115346327 0.102704950 -0.988001585 -228.717941284 -0.047187407 0.992950857 0.108728498 32.633571625 0.992204010 0.059162568 -0.109686926 333.942321777
-0.110091455 0.102796853 -0.988591313 -229.763534546 -0.048512429 0.992896020 0.108646967 32.738536835 0.992736816 0.059919972 -0.104322441 333.823089600
-0.104554385 0.102151401 -0.989259124 -230.805038452 -0.049787972 0.992925942 0.107792184 32.836502075 0.993272185 0.060523272 -0.098728828 333.697753906
-0.098784149 0.101563655 -0.989912510 -231.836395264 -0.050268721 0.992998540 0.106896691 32.929771423 0.993838549 0.060321223 -0.092987075 333.577880859
-0.092874542 0.101383254 -0.990502775 -232.869995117 -0.050483923 0.993043482 0.106376983 33.027954102 0.994397163 0.059884097 -0.087110326 333.488250732
-0.088480420 0.101210669 -0.990922630 -233.893814087 -0.050205678 0.993106723 0.105916731 33.124404907 0.994811773 0.059121422 -0.082789116 333.405548096
-0.085813969 0.100844935 -0.991194487 -234.889907837 -0.049450111 0.993206918 0.105330959 33.214252472 0.995083213 0.058053449 -0.080244228 333.322631836
-0.083844580 0.100583710 -0.991389394 -235.893371582 -0.048446789 0.993304610 0.104875378 33.302944183 0.995300472 0.056822784 -0.078410231 333.243835449
-0.082158357 0.101780847 -0.991408467 -236.884445190 -0.047867622 0.993220389 0.105933726 33.393280029 0.995469213 0.056159612 -0.076729350 333.169708252
-0.080506571 0.105019815 -0.991206110 -237.876174927 -0.044907346 0.993041933 0.108861804 33.477733612 0.995741963 0.053276438 -0.075230181 333.094024658
-0.079188071 0.105966307 -0.991211534 -238.858306885 -0.042051837 0.993093848 0.109527141 33.566223145 0.995972276 0.050355434 -0.074185051 333.009887695
-0.077485710 0.102167323 -0.991744757 -239.826156616 -0.040114783 0.993610501 0.105493791 33.656505585 0.996186137 0.047957800 -0.072892167 332.939636230
-0.075490579 0.095214643 -0.992590249 -240.772308350 -0.043283932 0.994179428 0.098659083 33.721828461 0.996206641 0.050410949 -0.070929952 332.860351562
-0.073678866 0.095520444 -0.992697060 -241.726501465 -0.046183497 0.994007707 0.099074408 33.809707642 0.996212184 0.053145811 -0.068825930 332.785858154
-0.069944695 0.101342484 -0.992389798 -242.680862427 -0.045767546 0.993452609 0.104676820 33.893939972 0.996500432 0.052740734 -0.064848587 332.714569092
-0.064566180 0.106300414 -0.992235661 -243.614807129 -0.045679890 0.992953181 0.109349787 33.977005005 0.996867359 0.052385420 -0.059255399 332.638031006
-0.057626709 0.106432155 -0.992648602 -244.520019531 -0.050463639 0.992719412 0.109369405 34.047164917 0.997061849 0.056395192 -0.051836208 332.581390381
-0.049109459 0.105723731 -0.993182182 -245.388473511 -0.052219946 0.992750168 0.108259901 34.134052277 0.997427404 0.057180416 -0.043232433 332.543457031
-0.038062681 0.104984559 -0.993745148 -246.230651855 -0.050947927 0.992968559 0.106854007 34.214904785 0.997975647 0.054696325 -0.032446336 332.514068604
-0.025681254 0.103498600 -0.994298100 -247.039703369 -0.049190756 0.993290305 0.104664288 34.293003082 0.998459280 0.051598087 -0.020417815 332.495880127
-0.011007440 0.098938547 -0.995032728 -247.810577393 -0.050677165 0.993758976 0.099372588 34.351192474 0.998654485 0.051519189 -0.005924820 332.492279053
0.005170010 0.093346246 -0.995620430 -248.564956665 -0.050988778 0.994363070 0.092963658 34.425521851 0.998685896 0.050284751 0.009900472 332.495544434
0.021850960 0.091675878 -0.995549083 -249.305328369 -0.049567048 0.994661629 0.090506300 34.488597870 0.998531699 0.047368705 0.026278431 332.504302979
0.037412763 0.093941316 -0.994874477 -250.010543823 -0.046260484 0.994666994 0.092182145 34.553390503 0.998228669 0.042574506 0.041559018 332.538818359
0.052197792 0.096646681 -0.993949175 -250.675720215 -0.043110054 0.994596124 0.094445720 34.606903076 0.997705877 0.037919238 0.056082215 332.576019287
0.064859785 0.098166510 -0.993054211 -251.275360107 -0.041065887 0.994569063 0.095634185 34.647277832 0.997049093 0.034577765 0.068538800 332.636444092
0.075144649 0.098595634 -0.992286384 -251.852172852 -0.039210126 0.994622409 0.095858485 34.683567047 0.996401429 0.031704329 0.078606546 332.692077637
0.081642993 0.098056853 -0.991826355 -252.400344849 -0.036888562 0.994763851 0.095310844 34.730522156 0.995978892 0.028805492 0.084832668 332.747314453
0.085520618 0.097377881 -0.991566241 -252.939178467 -0.035239737 0.994885325 0.094664544 34.776714325 0.995713055 0.026846685 0.088514820 332.799713135
0.086541757 0.096784092 -0.991535842 -253.443557739 -0.032673329 0.995010316 0.094271556 34.818382263 0.995712399 0.024238277 0.089272164 332.857482910
0.086288027 0.096548423 -0.991581023 -253.948822021 -0.031498760 0.995060027 0.094146214 34.863647461 0.995772243 0.023109786 0.088902920 332.909881592
0.084315136 0.097295895 -0.991677761 -254.451416016 -0.031354405 0.994987726 0.094954893 34.899307251 0.995945811 0.023087230 0.086943217 332.955169678
0.080736324 0.097865187 -0.991919458 -254.953094482 -0.030789189 0.994938135 0.095657036 34.938095093 0.996259928 0.022817314 0.083340891 333.012878418
0.075453714 0.098392457 -0.992283165 -255.430343628 -0.031058751 0.994868934 0.096287221 34.976669312 0.996665537 0.023553750 0.078122467 333.057220459
0.067936532 0.098478720 -0.992817640 -255.892318726 -0.030542823 0.994855464 0.096590951 35.016082764 0.997222126 0.023761304 0.070594840 333.100067139
0.059988126 0.098115087 -0.993365467 -256.381896973 -0.031048985 0.994859517 0.096387729 35.058235168 0.997716129 0.025060777 0.062726133 333.139282227
0.049631651 0.097732931 -0.993974328 -256.856964111 -0.030292634 0.994890273 0.096310481 35.100364685 0.998308122 0.025329962 0.052338611 333.169067383
0.035633847 0.097682156 -0.994579613 -257.326538086 -0.028914601 0.994895756 0.096677326 35.134090424 0.998946607 0.025312802 0.038276378 333.170959473
0.018231967 0.097512901 -0.995067358 -257.798828125 -0.027617946 0.994902074 0.096990734 35.172088623 0.999452293 0.025713295 0.020832125 333.188415527
-0.001636355 0.097597003 -0.995224774 -258.224182129 -0.026357092 0.994876146 0.097606219 35.209369659 0.999651313 0.026390858 0.000944433 333.180786133
-0.022474183 0.098276719 -0.994905353 -258.632873535 -0.025610274 0.994773567 0.098842300 35.241363525 0.999419272 0.027701110 -0.019839739 333.152770996
-0.042716332 0.099062629 -0.994163930 -259.034271240 -0.025373876 0.994643629 0.100200728 35.278591156 0.998765171 0.029505905 -0.039973911 333.110351562
-0.063398309 0.099459037 -0.993020058 -259.416412354 -0.024042599 0.994580686 0.101150393 35.307037354 0.997698724 0.030287448 -0.060663458 333.065093994
-0.083499350 0.099622101 -0.991515756 -259.784667969 -0.022582671 0.994545698 0.101828374 35.341007233 0.996252060 0.030893579 -0.080794133 332.999237061
-0.103120431 0.099748850 -0.989654720 -260.123901367 -0.021087185 0.994516075 0.102436140 35.371253967 0.994445324 0.031432196 -0.100451544 332.926361084
-0.121661097 0.099669687 -0.987554908 -260.467590332 -0.020952564 0.994466007 0.102948494 35.404144287 0.992350519 0.033216547 -0.118899547 332.861846924
-0.138498053 0.099273838 -0.985374629 -260.847106934 -0.021162819 0.994439483 0.103161678 35.436096191 0.990136683 0.035140902 -0.135626972 332.780975342
-0.150984168 0.098056123 -0.983660996 -261.288543701 -0.022830907 0.994456887 0.102636732 35.478210449 0.988272607 0.037954301 -0.147908464 332.684722900
-0.159074470 0.097002245 -0.982489526 -261.734497070 -0.026366740 0.994389057 0.102446176 35.528240204 0.986914396 0.042201534 -0.155624226 332.586517334
-0.162777647 0.096874550 -0.981895566 -262.198883057 -0.027806565 0.994322538 0.102710418 35.572578430 0.986270964 0.044022024 -0.159159735 332.521514893
-0.164038658 0.097114339 -0.981661975 -262.650146484 -0.029042896 0.994235277 0.103211440 35.612644196 0.986026406 0.045440886 -0.160272598 332.445526123
-0.163415521 0.097189695 -0.981758475 -263.097625732 -0.030411491 0.994166434 0.103480153 35.653911591 0.986088574 0.046766907 -0.159506604 332.368408203
-0.161593139 0.097138301 -0.982065201 -263.562652588 -0.031623349 0.994122982 0.103534460 35.697303772 0.986350775 0.047786552 -0.157571584 332.289733887
-0.159168035 0.097043298 -0.982470274 -264.023010254 -0.032382905 0.994108438 0.103439204 35.740699768 0.986720026 0.048279386 -0.155087709 332.212921143
-0.156201765 0.096554115 -0.982994497 -264.492858887 -0.034566358 0.994066536 0.103134461 35.788410187 0.987120032 0.050088245 -0.151937395 332.123596191
-0.150784671 0.095805459 -0.983913183 -264.964477539 -0.037144739 0.994040787 0.102484092 35.834754944 0.987868547 0.052000158 -0.146327496 332.039672852
-0.143072680 0.095438167 -0.985099852 -265.433563232 -0.039590638 0.993991137 0.102049656 35.882347107 0.988920033 0.053601179 -0.138434619 331.951660156
-0.134018868 0.095448256 -0.986371279 -265.883697510 -0.041072063 0.993960500 0.101763181 35.926193237 0.990127206 0.054150432 -0.129289210 331.855407715
-0.125054404 0.096043274 -0.987490296 -266.313293457 -0.042354278 0.993879497 0.102028437 35.964065552 0.991245389 0.054583468 -0.120221168 331.758789062
-0.116534904 0.096724190 -0.988465548 -266.742736816 -0.043625936 0.993787408 0.102388293 36.007137299 0.992228031 0.055054471 -0.111591250 331.666839600
-0.107737169 0.097829893 -0.989354253 -267.168395996 -0.045339487 0.993627846 0.103189848 36.046630859 0.993144929 0.055974118 -0.102615036 331.594787598
-0.098333098 0.099750549 -0.990141690 -267.612518311 -0.047223318 0.993375063 0.104766205 36.084312439 0.994032562 0.057059668 -0.092971116 331.498535156
-0.088950910 0.100543126 -0.990948379 -268.025024414 -0.049087156 0.993240714 0.105182000 36.134082794 0.994825721 0.057998788 -0.083414212 331.419464111
-0.079582453 0.099657528 -0.991834283 -268.471893311 -0.048799112 0.993407547 0.103731200 36.170684814 0.995633304 0.056655731 -0.074194655 331.345153809
-0.070371553 0.098991930 -0.992596805 -268.903839111 -0.047769893 0.993587613 0.102477521 36.203327179 0.996376395 0.054627664 -0.065191448 331.288604736
-0.061328210 0.098531477 -0.993242443 -269.338012695 -0.047894221 0.993678749 0.101532079 36.238456726 0.996967971 0.053797267 -0.056221459 331.217681885
-0.053243544 0.097620398 -0.993798494 -269.769714355 -0.049838562 0.993710101 0.100281924 36.282043457 0.997337222 0.054868750 -0.048043430 331.166564941
-0.046326924 0.096888430 -0.994216383 -270.181640625 -0.051207047 0.993746221 0.099228740 36.324039459 0.997613013 0.055507787 -0.041075826 331.126190186
-0.040538996 0.094764471 -0.994674027 -270.595581055 -0.051819846 0.993953288 0.096807837 36.365444183 0.997833312 0.055468261 -0.035383187 331.093261719
-0.036155678 0.093132019 -0.994996965 -270.985290527 -0.049469523 0.994260609 0.094860747 36.403606415 0.998120904 0.052651711 -0.031340957 331.080993652
-0.033511948 0.092233062 -0.995173395 -271.405548096 -0.045629825 0.994553149 0.093712211 36.430473328 0.998396218 0.048549991 -0.029120924 331.077362061
-0.033214822 0.092364401 -0.995171189 -271.831176758 -0.043565199 0.994640350 0.093769222 36.471050262 0.998498440 0.046469256 -0.029012889 331.083923340
-0.036166068 0.092513554 -0.995054424 -272.224395752 -0.042923167 0.994643152 0.094035462 36.505996704 0.998423696 0.046111688 -0.032001339 331.089721680
-0.043437697 0.092476279 -0.994767010 -272.603240967 -0.042324528 0.994642496 0.094312936 36.541965485 0.998159289 0.046199698 -0.039291002 331.096862793
-0.055109952 0.092611216 -0.994175971 -272.962768555 -0.041438147 0.994619250 0.094949588 36.570564270 0.997620046 0.046429411 -0.050975762 331.112640381
-0.071294107 0.092713088 -0.993137240 -273.282287598 -0.040651694 0.994573474 0.095765494 36.598258972 0.996626616 0.047200147 -0.067138292 331.125732422
-0.092745177 0.092329793 -0.991399705 -273.577484131 -0.039134342 0.994583905 0.096287407 36.629035950 0.994920492 0.047727894 -0.088629708 331.134216309
-0.118109949 0.091270141 -0.988797128 -273.874359131 -0.036101367 0.994714081 0.096128590 36.651348114 0.992344022 0.047050595 -0.114190653 331.106994629
-0.146536872 0.089095019 -0.985184908 -274.173980713 -0.033723529 0.994906843 0.094990328 36.687717438 0.988630295 0.047143396 -0.142785922 331.035797119
-0.178168729 0.089131370 -0.979954839 -274.491027832 -0.031151297 0.994879127 0.096152566 36.724426270 0.983506680 0.047658160 -0.174479797 330.937805176
-0.212935925 0.089650206 -0.972944498 -274.785949707 -0.029189732 0.994753540 0.098048188 36.758747101 0.976629972 0.049277898 -0.209201887 330.812652588
-0.250620663 0.090863295 -0.963811815 -275.100280762 -0.026931837 0.994545817 0.100763910 36.793468475 0.967710733 0.051210660 -0.246806666 330.664031982
-0.289797187 0.092618637 -0.952596009 -275.445465088 -0.022463528 0.994374216 0.103514493 36.828262329 0.956824362 0.051396795 -0.286086142 330.538940430
-0.330652744 0.092553988 -0.939203203 -275.773040771 -0.018116720 0.994373620 0.104368910 36.852134705 0.943578780 0.051525056 -0.327115625 330.436584473
-0.374126613 0.093007565 -0.922702014 -276.110321045 -0.013174800 0.994324684 0.105569094 36.886852264 0.927284002 0.051652547 -0.370777965 330.288665771
-0.418643743 0.093643777 -0.903309762 -276.444244385 -0.008667084 0.994212210 0.107084259 36.923488617 0.908109426 0.052659120 -0.415409058 330.095672607
-0.463786215 0.093735218 -0.880974531 -276.751129150 -0.003769518 0.994169414 0.107763574 36.969650269 0.885939240 0.053300038 -0.460728735 329.873565674
-0.508623123 0.092664734 -0.855987906 -277.125213623 0.001440044 0.994281590 0.106780015 37.010009766 0.860987961 0.053078067 -0.505847991 329.611785889
-0.554331183 0.091281541 -0.827275455 -277.494567871 0.007747875 0.994490504 0.104540475 37.058914185 0.832260251 0.051540341 -0.551984310 329.331573486
-0.599501610 0.090864353 -0.795199215 -277.826995850 0.015104147 0.994642317 0.102266960 37.106094360 0.800231278 0.049298320 -0.597662091 329.048431396
-0.645434082 0.092547029 -0.758188963 -278.161834717 0.023299240 0.994556189 0.101564564 37.157592773 0.763460875 0.047887921 -0.644076526 328.696777344
-0.689566016 0.094314381 -0.718055606 -278.490844727 0.030670460 0.994397640 0.101157501 37.198780060 0.723573446 0.047731608 -0.688595474 328.304199219
-0.731878519 0.095786132 -0.674669087 -278.791564941 0.037228819 0.994213223 0.100767724 37.250328064 0.680417120 0.048632558 -0.731209278 327.922821045
-0.772688150 0.096383102 -0.627425849 -279.094818115 0.043186985 0.994097531 0.099524312 37.299968719 0.633314967 0.049804572 -0.772289872 327.494323730
-0.810280085 0.097538412 -0.577868760 -279.380187988 0.049678899 0.993935049 0.098107092 37.341262817 0.583933353 0.050786294 -0.810211420 327.064300537
-0.844434083 0.100582987 -0.526131213 -279.632385254 0.057998087 0.993606150 0.096866161 37.383163452 0.532510281 0.051282451 -0.844868660 326.615417480
-0.875520825 0.102667592 -0.472146749 -279.908386230 0.065452352 0.993358195 0.094633281 37.429203033 0.478726625 0.051950261 -0.876425743 326.101287842
-0.902438343 0.103186548 -0.418279260 -280.136260986 0.071214750 0.993265808 0.091385759 37.479053497 0.424892336 0.052682318 -0.903709710 325.537841797
-0.924632132 0.103833213 -0.366435021 -280.317718506 0.076470673 0.993140340 0.088456966 37.530811310 0.373106241 0.053768564 -0.926229715 324.956054688
-0.942910254 0.102449156 -0.316898465 -280.485931396 0.079044394 0.993164480 0.085885853 37.580856323 0.323531210 0.055933569 -0.944562852 324.310455322
-0.956665576 0.101781681 -0.272821605 -280.614959717 0.081785157 0.993127346 0.083721951 37.624652863 0.279468030 0.057781123 -0.958415091 323.653350830
-0.967476368 0.101807661 -0.231571198 -280.770050049 0.084848255 0.993007541 0.082078956 37.670269012 0.238308251 0.059760995 -0.969349444 322.943267822
-0.976017237 0.102253422 -0.192183673 -280.880126953 0.088203341 0.992859304 0.080315322 37.715034485 0.199023932 0.061437868 -0.978066742 322.222717285
-0.982546747 0.102043189 -0.155528948 -280.968719482 0.090798497 0.992826998 0.077782795 37.760494232 0.162350580 0.062303413 -0.984764278 321.494354248
-0.987191796 0.102006793 -0.122664586 -281.051361084 0.093336955 0.992845237 0.074475080 37.812938690 0.129383937 0.062072046 -0.989649653 320.734527588
-0.990182042 0.104442857 -0.092905901 -281.117858887 0.098291464 0.992797256 0.068501152 37.860321045 0.099391215 0.058696739 -0.993315876 319.951324463
-0.992282093 0.105165578 -0.065700971 -281.163787842 0.101169325 0.992969275 0.061455566 37.905891418 0.071702093 0.054334320 -0.995945156 319.171569824
-0.993489981 0.107010677 -0.039076548 -281.181762695 0.104677022 0.992839634 0.057551190 37.949531555 0.044955380 0.053086091 -0.997577727 318.344299316
-0.993992150 0.108672678 -0.013026195 -281.189514160 0.107778162 0.992572904 0.056416191 37.983825684 0.019060390 0.054673314 -0.998322248 317.491485596
-0.993724465 0.111275405 0.011379684 -281.171142578 0.111745775 0.992106855 0.056894239 38.026271820 -0.004958890 0.057808824 -0.998315334 316.623413086
-0.993236005 0.111116812 0.033692986 -281.128356934 0.112924263 0.991934061 0.057575677 38.070793152 -0.027023550 0.060990982 -0.997772515 315.725860596
-0.992544472 0.110305578 0.051854163 -281.082427979 0.113143638 0.992032230 0.055412486 38.104694366 -0.045328651 0.060866304 -0.997116387 314.819854736
-0.992294669 0.105492108 0.064985037 -281.019317627 0.108987808 0.992638826 0.052819073 38.149833679 -0.058934636 0.059494656 -0.996487498 313.896881104
-0.992191494 0.101871304 0.071962804 -280.945312500 0.105536819 0.993202150 0.049107544 38.192234039 -0.066470906 0.056318805 -0.996197701 312.939941406
-0.992387176 0.097222418 0.075600870 -280.864532471 0.100971602 0.993757010 0.047452759 38.236286163 -0.070515379 0.054725047 -0.996008396 311.963592529
-0.992248297 0.097940728 0.076492891 -280.792541504 0.101835698 0.993604124 0.048788622 38.270984650 -0.071225218 0.056200135 -0.995876074 310.972320557
-0.992209077 0.097838894 0.077128768 -280.715667725 0.101804748 0.993583262 0.049274713 38.314147949 -0.071812831 0.056742888 -0.995802879 309.964843750
-0.992059827 0.098600164 0.078074791 -280.636291504 0.102636538 0.993487239 0.049485460 38.359447479 -0.072686993 0.057105854 -0.995718777 308.958526611
-0.992065787 0.097715154 0.079105198 -280.557006836 0.101806402 0.993574619 0.049444459 38.403160095 -0.073765419 0.057105564 -0.995639443 307.946350098
-0.991832197 0.099584922 0.079697736 -280.476898193 0.103777528 0.993327320 0.050308414 38.451309204 -0.074155934 0.058168340 -0.995548785 306.894622803
-0.991829276 0.098957665 0.080513686 -280.390075684 0.103228040 0.993363678 0.050719727 38.497085571 -0.074960232 0.058616582 -0.995462418 305.856933594
-0.991847694 0.098323315 0.081061654 -280.299377441 0.102644816 0.993410766 0.050980549 38.540424347 -0.075514898 0.058885492 -0.995404601 304.818511963
-0.991830170 0.097657785 0.082075812 -280.214172363 0.102129854 0.993402004 0.052171294 38.589492798 -0.076439314 0.060127445 -0.995260000 303.782043457
-0.991835892 0.096770845 0.083048269 -280.121429443 0.101343982 0.993452907 0.052732114 38.635620117 -0.077401571 0.060718056 -0.995149434 302.714385986
-0.991727531 0.096632876 0.084490947 -280.030059814 0.101231962 0.993505538 0.051949002 38.679851532 -0.078922197 0.060072441 -0.995069206 301.637817383
-0.991529107 0.097241923 0.086103819 -279.934020996 0.101866186 0.993487895 0.051038656 38.720676422 -0.080579974 0.059377391 -0.994977891 300.590484619
-0.991240799 0.098231487 0.088274755 -279.840423584 0.102989703 0.993371010 0.051059648 38.766479492 -0.082673885 0.059703790 -0.994786620 299.517669678
-0.990889072 0.099898428 0.090328462 -279.746826172 0.104826987 0.993152916 0.051561836 38.809280396 -0.084558986 0.060560923 -0.994576335 298.457519531
-0.990778804 0.098834902 0.092678681 -279.645477295 0.103982247 0.993195236 0.052450467 38.846111298 -0.086864047 0.061603744 -0.994313717 297.392181396
-0.990484416 0.099302687 0.095288388 -279.544097900 0.104862481 0.992952526 0.055219635 38.895538330 -0.089133337 0.064686358 -0.993917108 296.297332764
-0.990058959 0.100423209 0.098481968 -279.439239502 0.106800638 0.992359996 0.061766956 38.947555542 -0.091526680 0.071670860 -0.993220210 295.198333740
-0.989678562 0.101483576 0.101178169 -279.329345703 0.108274095 0.992056429 0.064037003 39.009601593 -0.093875699 0.074331030 -0.992805064 294.102874756
-0.989456713 0.101481952 0.103329152 -279.220123291 0.108043917 0.992333174 0.060010750 39.052078247 -0.096446902 0.070542127 -0.992835224 293.005920410
-0.989581764 0.100078322 0.103503644 -279.112884521 0.105640478 0.993160725 0.049717933 39.090721130 -0.097820029 0.060134113 -0.993386090 291.901184082
-0.989800572 0.097848378 0.103539824 -278.992065430 0.102377780 0.993966520 0.039362475 39.113903046 -0.099063508 0.049561188 -0.993846238 290.819213867
-0.989769101 0.096852504 0.104772843 -278.867279053 0.101152189 0.994200408 0.036521710 39.141368866 -0.100627929 0.046746049 -0.993825734 289.724243164
-0.989439964 0.096592203 0.108066820 -278.746154785 0.101714313 0.993887246 0.042922098 39.170864105 -0.103260249 0.053460784 -0.993216634 288.629943848
-0.989137232 0.094982974 0.112188525 -278.625091553 0.101215914 0.993544877 0.051222250 39.216625214 -0.106599063 0.062021099 -0.992366016 287.524963379
-0.988891125 0.092976965 0.115973189 -278.494842529 0.099707372 0.993569970 0.053638231 39.252883911 -0.110240333 0.064605758 -0.991802990 286.419647217
-0.988506675 0.092302486 0.119729102 -278.350036621 0.099202976 0.993654549 0.053003017 39.300033569 -0.114077024 0.064271316 -0.991390884 285.318420410
-0.988096952 0.091784880 0.123452611 -278.213409424 0.098837465 0.993730366 0.052259229 39.343730927 -0.117881969 0.063838914 -0.990973711 284.224060059
-0.987692237 0.090608515 0.127492547 -278.075195312 0.097895682 0.993832469 0.052090112 39.380779266 -0.121986374 0.063929968 -0.990470827 283.115020752
-0.987131953 0.090011455 0.132167578 -277.932800293 0.097600095 0.993861318 0.052095007 39.414283752 -0.126667038 0.064324230 -0.989857316 282.033233643
-0.986613393 0.089167185 0.136540726 -277.784393311 0.097094141 0.993888080 0.052527722 39.453643799 -0.131022424 0.065081865 -0.989240825 280.959045410
-0.986075222 0.088581204 0.140744671 -277.636352539 0.096839264 0.993891180 0.052937824 39.490966797 -0.135195553 0.065830298 -0.988629758 279.874816895
-0.985392928 0.089033760 0.145167828 -277.476898193 0.097634241 0.993798137 0.053224653 39.535099030 -0.139528707 0.066620551 -0.987974405 278.785614014
-0.984733105 0.088108681 0.150126159 -277.317230225 0.096915670 0.993913293 0.052380357 39.574802399 -0.144597173 0.066130251 -0.987278283 277.690917969
-0.983971596 0.088838890 0.154621050 -277.153045654 0.097860776 0.993854463 0.051734895 39.612171173 -0.149074718 0.066037007 -0.986618459 276.606964111
-0.983288407 0.088350579 0.159180328 -276.976745605 0.097673178 0.993874133 0.051711980 39.655422211 -0.153636396 0.066395432 -0.985894382 275.501190186
-0.982629001 0.088328362 0.163214445 -276.799621582 0.097906269 0.993857741 0.051586617 39.698188782 -0.157655329 0.066670217 -0.985241294 274.416931152
-0.981960714 0.089231357 0.166707724 -276.626739502 0.098895751 0.993811309 0.050583087 39.748317719 -0.161162362 0.066157281 -0.984708190 273.347808838
-0.981164813 0.092851438 0.169394851 -276.452514648 0.102461480 0.993535101 0.048882276 39.791835785 -0.163760915 0.065318018 -0.984335542 272.274566650
-0.980552316 0.093090899 0.172776863 -276.260742188 0.102927737 0.993488193 0.048856571 39.829288483 -0.167103633 0.065689951 -0.983748913 271.195526123
-0.979772270 0.093929589 0.176701605 -276.072784424 0.104258709 0.993288040 0.050088122 39.868469238 -0.170810804 0.067497656 -0.982989132 270.129821777
-0.978887975 0.095467336 0.180733025 -275.886108398 0.105900340 0.993170559 0.048962977 39.905483246 -0.174824312 0.067068964 -0.982312679 269.068115234
-0.978204548 0.095969796 0.184134841 -275.686187744 0.106556192 0.993124962 0.048463140 39.942661285 -0.178217858 0.067027584 -0.981705546 267.996154785
-0.977519393 0.096175291 0.187633455 -275.483215332 0.107203200 0.993003428 0.049515769 39.977130890 -0.181558445 0.068517543 -0.980990291 266.940307617
-0.976941943 0.096500091 0.190452442 -275.273345947 0.107796654 0.992922485 0.049849618 40.015090942 -0.184293956 0.069230333 -0.980429769 265.875061035
-0.976372957 0.096559882 0.193319052 -275.062072754 0.107953951 0.992934048 0.049274538 40.059066772 -0.187195078 0.068979889 -0.979897976 264.815063477
-0.975951076 0.096744269 0.195347220 -274.855682373 0.108081929 0.992972195 0.048213024 40.103572845 -0.189309970 0.068167053 -0.979548573 263.759399414
-0.975646198 0.096208081 0.197126299 -274.647308350 0.107510529 0.993071795 0.047435079 40.146625519 -0.191196918 0.067473017 -0.979229867 262.719390869
-0.975193799 0.096473791 0.199223459 -274.434844971 0.107856818 0.993051529 0.047072046 40.187824249 -0.193297878 0.067391992 -0.978823006 261.658386230
-0.974732101 0.096865796 0.201281250 -274.214752197 0.108396992 0.992993474 0.047053292 40.227661133 -0.195313096 0.067682654 -0.978402674 260.595336914
-0.974230051 0.098032489 0.203139529 -273.995758057 0.109631404 0.992878020 0.046627462 40.269039154 -0.197121724 0.067696348 -0.978038967 259.526885986
-0.973827958 0.098061502 0.205045328 -273.784240723 0.109620981 0.992919147 0.045769326 40.300685883 -0.199105173 0.067048721 -0.977681875 258.487457275
-0.973456025 0.097780325 0.206936359 -273.568664551 0.109376095 0.992966354 0.045329012 40.333507538 -0.201048523 0.066759691 -0.977303982 257.424224854
-0.973069966 0.097176686 0.209024951 -273.335174561 0.108953871 0.993002236 0.045559570 40.371746063 -0.203134865 0.067106739 -0.976848364 256.342254639
-0.972707927 0.095223173 0.211594179 -273.098968506 0.107182346 0.993185818 0.045761131 40.402671814 -0.205794752 0.067191385 -0.976285696 255.287200928
-0.972378910 0.094014429 0.213636413 -272.862548828 0.106054172 0.993314743 0.045586377 40.435710907 -0.207922399 0.066984288 -0.975849032 254.221191406
-0.971815109 0.094112054 0.216144413 -272.631408691 0.106269352 0.993304729 0.045303956 40.470466614 -0.210433573 0.066996604 -0.975309849 253.160522461
-0.971356094 0.093577892 0.218428239 -272.382965088 0.105875164 0.993348598 0.045264211 40.502613068 -0.212739617 0.067093797 -0.974802852 252.083312988
-0.970861375 0.092844218 0.220926493 -272.147644043 0.105276510 0.993417263 0.045154467 40.538543701 -0.215279832 0.067097098 -0.974244773 251.008377075
-0.970312834 0.092254050 0.223566622 -271.907135010 0.104927197 0.993440330 0.045459934 40.576099396 -0.217906192 0.067568600 -0.973627687 249.940826416
-0.969716966 0.091626137 0.226392671 -271.652496338 0.104583971 0.993456483 0.045894973 40.613269806 -0.220706061 0.068182208 -0.972954273 248.867126465
-0.969105303 0.091504335 0.229046166 -271.402557373 0.104729451 0.993425131 0.046240229 40.650154114 -0.223309025 0.068799548 -0.972316802 247.803680420
-0.968606353 0.091029994 0.231333703 -271.150817871 0.104431219 0.993452132 0.046334770 40.694206238 -0.225601062 0.069038622 -0.971770346 246.747604370
-0.968233049 0.090168104 0.233226061 -270.895416260 0.103566892 0.993565977 0.045830764 40.726585388 -0.227592945 0.068529367 -0.971341789 245.683486938
-0.967921734 0.088168263 0.235274747 -270.638793945 0.101440661 0.993828177 0.044894274 40.762634277 -0.229864359 0.067320578 -0.970891714 244.621810913
-0.967423499 0.087953612 0.237394288 -270.372772217 0.101170316 0.993893325 0.044053447 40.800765991 -0.232069865 0.066635609 -0.970414162 243.558029175
-0.966845810 0.087157324 0.240026906 -270.103698730 0.100557879 0.993951797 0.044135816 40.847160339 -0.234728381 0.066809133 -0.969762385 242.485809326
-0.966263354 0.086042874 0.242758527 -269.817565918 0.099810377 0.993989706 0.044972189 40.881141663 -0.237429887 0.067684814 -0.969043732 241.410568237
-0.965592027 0.085154213 0.245725483 -269.546081543 0.099246979 0.994020820 0.045526434 40.913661957 -0.240379453 0.068347484 -0.968269885 240.336471558
-0.964870334 0.084087722 0.248907939 -269.265136719 0.098270193 0.994137824 0.045089692 40.946945190 -0.243657231 0.067965925 -0.967477202 239.238616943
-0.964086294 0.084012277 0.251952499 -268.984313965 0.098168686 0.994190812 0.044130683 40.985439301 -0.246781319 0.067279629 -0.966733217 238.165679932
-0.963072956 0.085107066 0.255436331 -268.701385498 0.099480450 0.994072258 0.043863535 41.022094727 -0.250189036 0.067654707 -0.965830624 237.093307495
-0.962155819 0.085121468 0.258864552 -268.416717529 0.099806353 0.994029105 0.044100441 41.054489136 -0.253564984 0.068267837 -0.964906633 236.010620117
-0.961113036 0.085533679 0.262574762 -268.125823975 0.100841008 0.993867993 0.045360148 41.094535828 -0.257084846 0.070074558 -0.963844895 234.938323975
-0.960136175 0.084571168 0.266432256 -267.829986572 0.100415707 0.993863344 0.046392862 41.123489380 -0.260873675 0.071297467 -0.962736487 233.876083374
-0.959026277 0.083418682 0.270757884 -267.524932861 0.099554613 0.993949950 0.046393860 41.170627594 -0.265249640 0.071448147 -0.961528838 232.787200928
-0.957806826 0.082584560 0.275292724 -267.209136963 0.098882027 0.994043231 0.045832150 41.212593079 -0.269867837 0.071119860 -0.960267365 231.718170166
-0.956770658 0.080681272 0.279428720 -266.899536133 0.096899182 0.994290113 0.044697311 41.251819611 -0.274226874 0.069841504 -0.959125578 230.648635864
-0.955596268 0.081401385 0.283213109 -266.586700439 0.097543128 0.994287074 0.043343697 41.291236877 -0.278066844 0.069044590 -0.958077133 229.553649902
-0.954166472 0.081219546 0.288044870 -266.265045166 0.097421214 0.994342208 0.042340703 41.326774597 -0.282976270 0.068461783 -0.956680477 228.464630127
-0.952712893 0.081939869 0.292616457 -265.931640625 0.098592743 0.994215786 0.042597268 41.364002228 -0.287433386 0.069432840 -0.955280840 227.360260010
-0.951519728 0.081147626 0.296690553 -265.600555420 0.098294437 0.994214296 0.043314353 41.406097412 -0.291459113 0.070377506 -0.953990936 226.270462036
-0.950451374 0.079620190 0.300504714 -265.239898682 0.097292058 0.994270265 0.044283412 41.447071075 -0.295257002 0.071325965 -0.952751875 225.168884277
-0.949426532 0.079296149 0.303811997 -264.880828857 0.097598895 0.994184494 0.045514882 41.489627838 -0.298435956 0.072864756 -0.951644421 224.049240112
-0.948124528 0.079259396 0.307860494 -264.514892578 0.097845890 0.994166076 0.045387685 41.526874542 -0.302466959 0.073156059 -0.950348377 222.944107056
-0.946672440 0.080979973 0.311855346 -264.162384033 0.099463485 0.994076848 0.043799207 41.562946320 -0.306461334 0.072481737 -0.949119627 221.841781616
-0.945158303 0.082107008 0.316123635 -263.799591064 0.100808963 0.993965805 0.043239031 41.596675873 -0.310665816 0.072735861 -0.947732151 220.732360840
-0.943311214 0.083054811 0.321350574 -263.423187256 0.102191493 0.993829846 0.043118011 41.635940552 -0.315786570 0.073513016 -0.945978224 219.623718262
-0.941467583 0.084102489 0.326444238 -263.041015625 0.103675403 0.993681431 0.042996433 41.665901184 -0.320765406 0.074323997 -0.944238186 218.512695312
-0.939648032 0.084774278 0.331474334 -262.652008057 0.104994364 0.993519127 0.043541420 41.696750641 -0.325634897 0.075716555 -0.942459047 217.392868042
-0.938213110 0.084607512 0.335556686 -262.260162354 0.105536841 0.993414700 0.044599552 41.739788055 -0.329573452 0.077257484 -0.940964043 216.299591064
-0.936945081 0.084117696 0.339201808 -261.853546143 0.105514906 0.993394256 0.045104846 41.777648926 -0.333166987 0.078051634 -0.939631522 215.182434082
-0.936086714 0.083963461 0.341601968 -261.460784912 0.105176836 0.993478537 0.044024155 41.807579041 -0.335677803 0.077139065 -0.938813150 214.098373413
-0.935352027 0.084295206 0.343527228 -261.074066162 0.104601495 0.993669569 0.040979691 41.833545685 -0.337898105 0.074263915 -0.938248217 213.037963867
-0.934528828 0.086181656 0.345295519 -260.674865723 0.105517305 0.993707836 0.037560731 41.864189148 -0.339885831 0.071536258 -0.937742174 211.972488403
-0.933799922 0.085958034 0.347317219 -260.285034180 0.105142906 0.993778348 0.036736377 41.890243530 -0.341998518 0.070822380 -0.937028050 210.923431396
-0.933269203 0.085306697 0.348900437 -259.892211914 0.105550483 0.993633449 0.039390638 41.916469574 -0.343318850 0.073588707 -0.936331749 209.864089966
-0.932522058 0.084818020 0.351011187 -259.496673584 0.106206723 0.993452430 0.042099595 41.944271088 -0.345142096 0.076538570 -0.935424447 208.793106079
-0.931868017 0.084464140 0.352828771 -259.101593018 0.106027357 0.993467093 0.042205013 41.971572876 -0.346958905 0.076739021 -0.934735775 207.745315552
-0.931303024 0.082487240 0.354782104 -258.692810059 0.103914365 0.993710160 0.041736472 41.999011993 -0.349107802 0.075736292 -0.934016943 206.686187744
-0.930515170 0.081666596 0.357032448 -258.281036377 0.103201322 0.993788004 0.041651975 42.031116486 -0.351413012 0.075604036 -0.933162987 205.603027344
-0.929641902 0.081070527 0.359435320 -257.869506836 0.102557607 0.993878245 0.041085605 42.059131622 -0.353904039 0.075057745 -0.932265043 204.549621582
-0.928371370 0.080147088 0.362909049 -257.459106445 0.101259604 0.994075656 0.039498188 42.077743530 -0.357593328 0.073417045 -0.930986881 203.481597900
-0.926937401 0.081201613 0.366324693 -257.043731689 0.101823971 0.994103134 0.037293825 42.097537994 -0.361136168 0.071869694 -0.929739654 202.434951782
-0.925625026 0.081058569 0.369659007 -256.625854492 0.102000222 0.994080067 0.037427064 42.118835449 -0.364436805 0.072348751 -0.928413451 201.375854492
-0.924338996 0.080556072 0.372972250 -256.202880859 0.102439426 0.993966758 0.039195072 42.151382446 -0.367564559 0.074436612 -0.927014351 200.322128296
-0.923117280 0.079703972 0.376167417 -255.777542114 0.103250802 0.993733108 0.042821649 42.180923462 -0.370396912 0.078369014 -0.925561666 199.285629272
-0.922089696 0.079152875 0.378794491 -255.364593506 0.103828095 0.993570805 0.045129545 42.205558777 -0.372786999 0.080943033 -0.924379766 198.239608765
-0.920663178 0.079274267 0.382223696 -254.927474976 0.104248002 0.993530810 0.045041278 42.235958099 -0.376180410 0.081313938 -0.922971427 197.160522461
-0.919631004 0.079752013 0.384601563 -254.500152588 0.104448989 0.993568718 0.043721683 42.263713837 -0.378641129 0.080379084 -0.922046602 196.131271362
-0.918877482 0.080526143 0.386238515 -254.067611694 0.104325525 0.993696809 0.041020717 42.294635773 -0.380500674 0.077987567 -0.921486557 195.087127686
-0.918505907 0.080250263 0.387178570 -253.645645142 0.103494100 0.993844390 0.039526053 42.329071045 -0.381623238 0.076375626 -0.921157360 194.042892456
-0.917959094 0.078749217 0.388780057 -253.195693970 0.101914264 0.994017005 0.039289657 42.355144501 -0.383359998 0.075688556 -0.920492768 192.998291016
-0.917252660 0.076403119 0.390909791 -252.754486084 0.100181215 0.994133711 0.040767863 42.387432098 -0.385501713 0.076556265 -0.919525802 191.963668823
-0.916726589 0.075138345 0.392386019 -252.300415039 0.099553823 0.994136214 0.042218331 42.416286469 -0.386912823 0.077766217 -0.918831348 190.923355103
-0.916138589 0.073871188 0.393995970 -251.855438232 0.098325789 0.994258463 0.042216159 42.443313599 -0.388615280 0.077415854 -0.918141961 189.866958618
-0.915607274 0.073243499 0.395346642 -251.407196045 0.097470738 0.994372070 0.041516963 42.471149445 -0.390080780 0.076547973 -0.917593420 188.827957153
-0.915188134 0.072759926 0.396405518 -250.968643188 0.096701436 0.994480014 0.040720098 42.497692108 -0.391254485 0.075599536 -0.917172253 187.809326172
-0.914709806 0.071843185 0.397673607 -250.527282715 0.095913678 0.994547188 0.040942479 42.524185181 -0.392563701 0.075592868 -0.916612864 186.773773193
-0.914415419 0.070739008 0.398548484 -250.085617065 0.095710196 0.994476438 0.043082763 42.553882599 -0.393299341 0.077540711 -0.916134953 185.746047974
-0.913821876 0.070033982 0.400031656 -249.629989624 0.096287720 0.994295418 0.045884691 42.587936401 -0.394536078 0.080448583 -0.915352225 184.726058960
-0.913079202 0.069436416 0.401827604 -249.178680420 0.095678896 0.994368017 0.045584373 42.619800568 -0.396399200 0.080068581 -0.914580345 183.700027466
-0.912377119 0.068344772 0.403605372 -248.723907471 0.093787417 0.994637668 0.043585066 42.647876740 -0.398462355 0.077619135 -0.913894475 182.665695190
-0.911508024 0.067921028 0.405635178 -248.279281616 0.092931345 0.994775295 0.042258374 42.678947449 -0.400645614 0.076215088 -0.913057864 181.671844482
-0.910686731 0.067179963 0.407598406 -247.818313599 0.092265159 0.994840801 0.042176992 42.707733154 -0.402662039 0.076017193 -0.912186742 180.651428223
-0.909435749 0.066844694 0.410436749 -247.358489990 0.092307508 0.994822562 0.042513590 42.737842560 -0.405469924 0.076549806 -0.910897553 179.628189087
-0.908590734 0.066188790 0.412410110 -246.902374268 0.092477061 0.994738102 0.044090237 42.777866364 -0.407321781 0.078198478 -0.909930825 178.605422974
-0.907458961 0.065270506 0.415040106 -246.420516968 0.092097476 0.994735777 0.044929981 42.815479279 -0.409922570 0.078996286 -0.908693194 177.538085938
-0.905957580 0.063445695 0.418587625 -245.932357788 0.090220682 0.994928658 0.044464167 42.850868225 -0.413643807 0.078047931 -0.907087266 176.500427246
-0.904737949 0.062228046 0.421398848 -245.451232910 0.088804476 0.995089233 0.043717023 42.885929108 -0.416609019 0.076974578 -0.905821025 175.470947266
-0.903804839 0.060190007 0.423691362 -244.955703735 0.086218610 0.995368719 0.042515688 42.923625946 -0.419169992 0.074955985 -0.904808581 174.437332153
-0.902715206 0.058999974 0.426173717 -244.474060059 0.084566012 0.995561600 0.041299891 42.959533691 -0.421845466 0.073321894 -0.903698027 173.432128906
-0.901597440 0.056724582 0.428841084 -243.986999512 0.082247317 0.995759785 0.041203815 42.989135742 -0.424685389 0.072420299 -0.902440012 172.404937744
-0.899734139 0.057491802 0.432635069 -243.498291016 0.083793446 0.995599329 0.041959170 43.025703430 -0.428318858 0.074004106 -0.900592089 171.365737915
-0.897928536 0.056560464 0.436492234 -242.997512817 0.084122673 0.995480955 0.044058695 43.066802979 -0.432027698 0.076280482 -0.898628831 170.329513550
-0.895994067 0.055616125 0.440570146 -242.484481812 0.084006108 0.995440304 0.045183301 43.093681335 -0.436048239 0.077494569 -0.896580637 169.295928955
-0.893913448 0.055461358 0.444794953 -241.986541748 0.083934769 0.995474517 0.044559978 43.138935089 -0.440310568 0.077166565 -0.894522965 168.291000366
-0.892159581 0.054870490 0.448375642 -241.486999512 0.083181992 0.995576739 0.043677226 43.169750214 -0.443995744 0.076263860 -0.892777443 167.285217285
-0.890538454 0.054077718 0.451682210 -240.970764160 0.082447104 0.995652258 0.043348413 43.202777863 -0.447374165 0.075843349 -0.891125202 166.260345459
-0.888799429 0.053963929 0.455108374 -240.458480835 0.082464986 0.995666325 0.042989176 43.234634399 -0.450816154 0.075739287 -0.889397681 165.259384155
-0.887181580 0.053507201 0.458307862 -239.942672729 0.082020365 0.995723069 0.042522896 43.261074066 -0.454072356 0.075316124 -0.887775719 164.262222290
-0.885754585 0.052885856 0.461130977 -239.427001953 0.081331111 0.995801032 0.042017564 43.295654297 -0.456972569 0.074721582 -0.886336505 163.261932373
-0.884538889 0.052506700 0.463502437 -238.910797119 0.081243098 0.995798945 0.042236090 43.327358246 -0.459337533 0.075015858 -0.885088682 162.291366577
-0.883348405 0.051615287 0.465866476 -238.398849487 0.080913909 0.995788872 0.043096524 43.356620789 -0.461680233 0.075764358 -0.883805096 161.313568115
-0.882337928 0.050861049 0.467859685 -237.893798828 0.080968909 0.995724797 0.044454210 43.387069702 -0.463598430 0.077105768 -0.882683873 160.333908081
-0.881005228 0.052758701 0.470155835 -237.391830444 0.083644778 0.995477736 0.045030516 43.425727844 -0.465653837 0.078998230 -0.881433964 159.360687256
-0.879501760 0.054002766 0.472822070 -236.867980957 0.085020684 0.995386720 0.044461086 43.458034515 -0.468239725 0.079303272 -0.880035520 158.369552612
-0.877889454 0.055479195 0.475639313 -236.344573975 0.086783655 0.995251119 0.044089466 43.495048523 -0.470934421 0.079983398 -0.878535151 157.406372070
-0.876631856 0.056033328 0.477887481 -235.825424194 0.087799773 0.995149255 0.044375636 43.523624420 -0.473082811 0.080859557 -0.877299309 156.419387817
-0.875289559 0.055902738 0.480357766 -235.290679932 0.088349089 0.995064318 0.045183387 43.563453674 -0.475460947 0.081987739 -0.875908256 155.417022705
-0.874043822 0.056833737 0.482511818 -234.770370483 0.088849358 0.995084405 0.043737475 43.592346191 -0.477654189 0.081099361 -0.874796867 154.459762573
-0.873021185 0.057742994 0.484252095 -234.234344482 0.088681087 0.995207369 0.041206222 43.622913361 -0.479551882 0.078917943 -0.873957932 153.504501343
-0.872024477 0.057924330 0.486023128 -233.699157715 0.088664249 0.995239139 0.040468898 43.658546448 -0.481365055 0.078382760 -0.873008728 152.536895752
-0.870824933 0.056608718 0.488323092 -233.157043457 0.088078186 0.995240450 0.041696526 43.683246613 -0.483638525 0.079321027 -0.871666253 151.563644409
-0.869671285 0.055981603 0.490446746 -232.612213135 0.087373443 0.995318174 0.041322827 43.715660095 -0.485837221 0.078789331 -0.870490909 150.597152710
-0.868540227 0.054430649 0.492621303 -232.054260254 0.084999204 0.995583475 0.039858080 43.746578217 -0.488276124 0.076490775 -0.869330764 149.634826660
-0.867084682 0.054407947 0.495180875 -231.487869263 0.084796108 0.995631397 0.039087001 43.783458710 -0.490890920 0.075881183 -0.867910445 148.672332764
-0.865540206 0.054357279 0.497881502 -230.933425903 0.084508590 0.995689929 0.038206987 43.812644958 -0.493658781 0.075144961 -0.866403341 147.711288452
-0.863734007 0.057704877 0.500633836 -230.373672485 0.087426126 0.995517194 0.036087647 43.843101501 -0.496307075 0.074938625 -0.864906847 146.755172729
-0.862303615 0.057250924 0.503145039 -229.806259155 0.086898282 0.995579243 0.035645466 43.875591278 -0.498880029 0.074459687 -0.863466561 145.778076172
-0.860087335 0.058771174 0.506750762 -229.246734619 0.089543961 0.995312154 0.036546446 43.895565033 -0.502227247 0.076809615 -0.861317992 144.801605225
-0.857884228 0.061092738 0.510198534 -228.677047729 0.092873648 0.994989395 0.037021231 43.919940948 -0.505380452 0.079143956 -0.859259486 143.844009399
-0.856040180 0.061949976 0.513183951 -228.097595215 0.093777969 0.994930208 0.036325701 43.952449799 -0.508331835 0.079221629 -0.857509732 142.868865967
-0.854156852 0.062180076 0.516284883 -227.501113892 0.093416192 0.995021820 0.034712449 43.976718903 -0.511556387 0.077879265 -0.855713308 141.879013062
-0.852571428 0.061358679 0.518996656 -226.900283813 0.092716366 0.995088995 0.034662928 44.004508972 -0.514320970 0.077672139 -0.854073405 140.904693604
-0.850994051 0.059806895 0.521759450 -226.300674438 0.092524685 0.995028138 0.036852926 44.040237427 -0.516961336 0.079637259 -0.852296531 139.928604126
-0.848923862 0.059933305 0.525106490 -225.686874390 0.094016023 0.994827986 0.038447592 44.074886322 -0.520086408 0.082007535 -0.850167751 138.949462891
-0.847210884 0.058981854 0.527972162 -225.085540771 0.092983961 0.994939983 0.038058113 44.098430634 -0.523055732 0.081336230 -0.848408341 137.997985840
-0.845965922 0.057227828 0.530157447 -224.470809937 0.090520389 0.995206535 0.037014730 44.127132416 -0.525497794 0.079303280 -0.847091079 137.026550293
-0.844877958 0.055251069 0.532098472 -223.865692139 0.088086098 0.995443940 0.036501952 44.155105591 -0.527657390 0.077710211 -0.845895410 136.071334839
-0.843384206 0.053878941 0.534602940 -223.247695923 0.087449029 0.995457947 0.037633345 44.193256378 -0.530146956 0.078489907 -0.844265103 135.105285645
-0.841800809 0.054639868 0.537015915 -222.638793945 0.089187086 0.995269001 0.038539592 44.222335815 -0.532369494 0.080337584 -0.842691481 134.150222778
-0.839785874 0.054142240 0.540211260 -222.027008057 0.088868506 0.995302975 0.038397152 44.248035431 -0.535594940 0.080253199 -0.840652764 133.209457397
-0.838215590 0.052711718 0.542786002 -221.403823853 0.087715715 0.995389938 0.038792334 44.267654419 -0.538238764 0.080127224 -0.838974953 132.259277344
-0.836791694 0.051896736 0.545056939 -220.785446167 0.087627389 0.995359659 0.039757174 44.300975800 -0.540464222 0.081030399 -0.837456226 131.316528320
-0.835418880 0.050488167 0.547290027 -220.167419434 0.086491831 0.995441377 0.040196039 44.330158234 -0.542765677 0.080916680 -0.835977376 130.385070801
-0.834036827 0.049543045 0.549479663 -219.552200317 0.085305370 0.995562792 0.039718661 44.357170105 -0.545073748 0.080000430 -0.834562302 129.460174561
-0.833107293 0.048565529 0.550975204 -218.932769775 0.084488489 0.995621562 0.039992854 44.394954681 -0.546620429 0.079869434 -0.833563030 128.524337769
-0.831540287 0.048974946 0.553301811 -218.305938721 0.085665792 0.995495200 0.040629178 44.420425415 -0.548819244 0.081183836 -0.831989825 127.592544556
-0.830036759 0.050616570 0.555407524 -217.693267822 0.085736096 0.995615900 0.037394926 44.432643890 -0.551079690 0.078657664 -0.830737412 126.674400330
-0.828469336 0.051750768 0.557638705 -217.080154419 0.084398277 0.995886505 0.032966614 44.454883575 -0.553638756 0.074375607 -0.829429090 125.769195557
-0.827265620 0.050313912 0.559553742 -216.467330933 0.082605191 0.996050119 0.032563858 44.465995789 -0.555705190 0.073161028 -0.828154147 124.869758606
-0.826032281 0.049380809 0.561455667 -215.835021973 0.083287708 0.995912671 0.034943700 44.500854492 -0.557435215 0.075627014 -0.826768875 123.946121216
-0.824588537 0.049381293 0.563573658 -215.229324341 0.084666997 0.995735705 0.036631756 44.522216797 -0.559361637 0.077922262 -0.825253189 123.057922363
-0.822441399 0.049519911 0.566690207 -214.603149414 0.085175537 0.995693266 0.036607724 44.542060852 -0.562436759 0.078375898 -0.823117077 122.143928528
-0.819703043 0.049236178 0.570668995 -213.968460083 0.084806778 0.995750308 0.035904184 44.561733246 -0.566475987 0.077827394 -0.820395052 121.233390808
-0.817370057 0.048407413 0.574075758 -213.338455200 0.083908975 0.995840847 0.035498075 44.583271027 -0.569969714 0.077185214 -0.818032265 120.340919495
-0.815254509 0.047573488 0.577145696 -212.690551758 0.084237576 0.995761812 0.036911264 44.620834351 -0.572943687 0.078709453 -0.815806746 119.438598633
-0.813696682 0.048182297 0.579289675 -212.053985596 0.086887486 0.995444655 0.039250173 44.656368256 -0.574759603 0.082270786 -0.814176440 118.538558960
-0.811346591 0.048294708 0.582566917 -211.412399292 0.088095531 0.995301306 0.040181153 44.695404053 -0.577889144 0.083922423 -0.811788917 117.655776978
-0.808801889 0.050710794 0.585890949 -210.776687622 0.090839781 0.995090902 0.039272670 44.716259003 -0.581023097 0.084986046 -0.809437811 116.753746033
-0.806072772 0.051278044 0.589590788 -210.131408691 0.091363490 0.995078325 0.038365483 44.745277405 -0.584721625 0.084792487 -0.806790411 115.860923767
-0.803503036 0.050321631 0.593170285 -209.471405029 0.091231093 0.995059252 0.039164849 44.770961761 -0.588268638 0.085584678 -0.804123938 114.954833984
-0.801000416 0.049655132 0.596601129 -208.805328369 0.092212841 0.994894862 0.041000355 44.808250427 -0.591519415 0.087855622 -0.801490009 114.064254761
-0.798868597 0.048913367 0.599513888 -208.130661011 0.091288686 0.995001972 0.040464006 44.845615387 -0.594538152 0.087054268 -0.799341083 113.166519165
-0.796688437 0.049265046 0.602379143 -207.465805054 0.090987831 0.995089829 0.038955167 44.876716614 -0.597502172 0.085844338 -0.797259033 112.281410217
-0.794934154 0.050042484 0.604628146 -206.795059204 0.090861842 0.995172441 0.037094325 44.906082153 -0.599852920 0.084425226 -0.795643449 111.396430969
-0.793230295 0.050548077 0.606820345 -206.128524780 0.090618685 0.995250940 0.035551578 44.923595428 -0.602141380 0.083189875 -0.794043660 110.518890381
-0.791099012 0.050581928 0.609593332 -205.453033447 0.091131747 0.995199203 0.035687912 44.954963684 -0.604861677 0.083786018 -0.791910708 109.629501343
-0.788941681 0.050589666 0.612382293 -204.760864258 0.092081189 0.995085120 0.036424354 44.979701996 -0.607529759 0.085125610 -0.789722443 108.736038208
-0.787076116 0.050246011 0.614806175 -204.085250854 0.091842741 0.995113492 0.036249980 45.009407043 -0.609980404 0.084997021 -0.787844718 107.863792419
-0.785125077 0.049547307 0.617352307 -203.389968872 0.091904774 0.995079517 0.037018117 45.038715363 -0.612480342 0.085801512 -0.785815537 106.985069275
-0.782830775 0.050134540 0.620212078 -202.685241699 0.093184248 0.994954050 0.037190329 45.072750092 -0.615217924 0.086907759 -0.783552289 106.106521606
-0.780901194 0.051373813 0.622538447 -202.000503540 0.094391979 0.994872928 0.036303587 45.101390839 -0.617481470 0.087112203 -0.781746745 105.219573975
-0.778641403 0.051689088 0.625336289 -201.300460815 0.092678905 0.995144308 0.033142991 45.123313904 -0.620586753 0.083762042 -0.779651046 104.341598511
-0.776670873 0.051786870 0.627774179 -200.606262207 0.092036702 0.995248854 0.031765211 45.154891968 -0.623146534 0.082449429 -0.777747095 103.487716675
-0.774950147 0.050254315 0.630021334 -199.887359619 0.090472102 0.995388448 0.031885881 45.180206299 -0.625513494 0.081709370 -0.775923073 102.610481262
-0.773203373 0.048530269 0.632298470 -199.156799316 0.088435888 0.995576322 0.031730797 45.203067780 -0.627961338 0.080452286 -0.774074852 101.714752197
-0.771397471 0.048080429 0.634534955 -198.429870605 0.087982394 0.995623291 0.031518143 45.231243134 -0.630242348 0.080140948 -0.772251427 100.835235596
-0.769237638 0.047169212 0.637219310 -197.691802979 0.087488078 0.995654285 0.031911872 45.253314972 -0.632944882 0.080296949 -0.770021439 99.950332642
-0.766882002 0.046428908 0.640106738 -196.946655273 0.087549783 0.995624185 0.032673594 45.280838013 -0.635788620 0.081098035 -0.767591000 99.045280457
-0.764586806 0.046029788 0.642875195 -196.208801270 0.088444792 0.995503664 0.033911519 45.311935425 -0.638423622 0.082787298 -0.765219927 98.147651672
-0.762406409 0.045042004 0.645529151 -195.463684082 0.086936377 0.995660365 0.033204213 45.331760406 -0.641232133 0.081435107 -0.763013542 97.251075745
-0.760106027 0.044675943 0.648261249 -194.718307495 0.086436555 0.995719671 0.032727893 45.351882935 -0.644024312 0.080910191 -0.760713995 96.380805969
-0.757622361 0.043250814 0.651258647 -193.950164795 0.085408151 0.995791912 0.033225331 45.375068665 -0.647081017 0.080795087 -0.758128226 95.496063232
-0.755246639 0.042911693 0.654034793 -193.186859131 0.086209647 0.995689034 0.034222655 45.410476685 -0.649746537 0.082230687 -0.755690277 94.616897583
-0.752891302 0.043374386 0.656713903 -192.424011230 0.085808612 0.995777905 0.032606725 45.438709259 -0.652526915 0.080901071 -0.753434360 93.746894836
-0.751179636 0.044335667 0.658607244 -191.665115356 0.085747957 0.995841742 0.030763075 45.461032867 -0.654504716 0.079582870 -0.751857698 92.874282837
-0.749192238 0.044364765 0.660865128 -190.895019531 0.085786581 0.995849609 0.030399514 45.480522156 -0.656773686 0.079468496 -0.749888599 91.988876343
-0.746916473 0.043326385 0.663504958 -190.123840332 0.085956313 0.995793283 0.031737570 45.508842468 -0.659338713 0.080737799 -0.747498453 91.114555359
-0.744912148 0.041476138 0.665872335 -189.357788086 0.085898012 0.995721161 0.034072261 45.534664154 -0.661609888 0.082577981 -0.745287418 90.249328613
-0.743504703 0.039451934 0.667565882 -188.577484131 0.084187761 0.995838046 0.034912262 45.565238953 -0.663410246 0.082158364 -0.743731678 89.376426697
-0.742042422 0.037581872 0.669298887 -187.797134399 0.080806807 0.996161461 0.033653766 45.586326599 -0.665464938 0.079056457 -0.742230952 88.525108337
-0.740906179 0.036968425 0.670590520 -187.011322021 0.078361295 0.996422648 0.031646978 45.614868164 -0.667021513 0.075995810 -0.741152644 87.666976929
-0.739754558 0.035579130 0.671935737 -186.220291138 0.076507695 0.996572554 0.031460892 45.636184692 -0.668513298 0.074681640 -0.739941061 86.804183960
-0.738305092 0.033695534 0.673624635 -185.434921265 0.074614920 0.996701300 0.031923071 45.662845612 -0.670326889 0.073831461 -0.738383770 85.937568665
-0.737262845 0.033454802 0.674777210 -184.618255615 0.074799180 0.996675014 0.032311521 45.691581726 -0.671452582 0.074294910 -0.737313926 85.040824890
-0.736150861 0.033028197 0.676011384 -183.804977417 0.074665137 0.996675313 0.032612443 45.712722778 -0.672686577 0.074482203 -0.736169279 84.147491455
-0.735077083 0.032679807 0.677195549 -182.985839844 0.075166121 0.996608317 0.033496819 45.741329193 -0.673803866 0.075524941 -0.735040247 83.250976562
-0.734308720 0.031542052 0.678082645 -182.149902344 0.073892668 0.996698022 0.033656817 45.768833160 -0.674782097 0.074819878 -0.734214783 82.340873718
-0.733302653 0.031002518 0.679194868 -181.299972534 0.073419310 0.996729195 0.033771545 45.809425354 -0.675926387 0.074630857 -0.733180344 81.436363220
-0.732707500 0.030213531 0.679872990 -180.396026611 0.072000436 0.996848702 0.033295780 45.834732056 -0.676724494 0.073347256 -0.732573867 80.462608337
-0.732264459 0.029565426 0.680378675 -179.423278809 0.069339424 0.997102082 0.031298772 45.861648560 -0.677481472 0.070096083 -0.732192397 79.431877136
-0.731463492 0.027769262 0.681314766 -178.442321777 0.067017466 0.997260571 0.031303614 45.897388458 -0.678579211 0.068557501 -0.731320739 78.394561768
-0.730895698 0.027113816 0.681950390 -177.465820312 0.067936666 0.997138202 0.033167191 45.930480957 -0.679099321 0.070571236 -0.730646074 77.349891663
-0.730565369 0.023306072 0.682445288 -176.478454590 0.064769134 0.997276485 0.035278216 45.974250793 -0.679764450 0.069974467 -0.730085135 76.314285278
-0.730623007 0.020665646 0.682468355 -175.490371704 0.062895872 0.997329056 0.037133873 46.001560211 -0.679878056 0.070055351 -0.729971409 75.266120911
-0.731260598 0.018066946 0.681859255 -174.516983032 0.059632257 0.997514963 0.037521869 46.039608002 -0.679486871 0.068099104 -0.730520606 74.228912354
-0.732205927 0.022090007 0.680724919 -173.548919678 0.063785180 0.997305155 0.036245745 46.074985504 -0.678089857 0.069959566 -0.731641889 73.195632935
-0.733074009 0.025753623 0.679661274 -172.583114624 0.067010909 0.997155845 0.034492992 46.107063293 -0.676839948 0.070830673 -0.732714713 72.147590637
-0.733328700 0.030191146 0.679203987 -171.632446289 0.073202215 0.996712148 0.034730904 46.133594513 -0.675922155 0.075188428 -0.733127832 71.098007202
-0.733651638 0.032700971 0.678738892 -170.689498901 0.077303410 0.996373534 0.035553213 46.163646698 -0.675114810 0.078552537 -0.733518839 70.055969238
-0.734481752 0.035224929 0.677713394 -169.742507935 0.080684133 0.996101260 0.035669085 46.200660706 -0.673814654 0.080879062 -0.734460294 69.002357483
-0.735454440 0.035776049 0.676628947 -168.790756226 0.080635503 0.996129751 0.034976520 46.224697113 -0.672758937 0.080283999 -0.735492826 67.970405579
-0.736283839 0.034436084 0.675796211 -167.832489014 0.079214275 0.996223807 0.035540476 46.251182556 -0.672020376 0.079700619 -0.736231387 66.939613342
-0.737354219 0.034468487 0.674626529 -166.879470825 0.080002852 0.996124387 0.036546901 46.291999817 -0.670752168 0.080920108 -0.737254143 65.889358521
-0.737993419 0.033559076 0.673973083 -165.925521851 0.077982865 0.996312380 0.035781078 46.322269440 -0.670286953 0.078964598 -0.737888992 64.860435486
-0.739032328 0.032124050 0.672903478 -164.959945679 0.075048223 0.996570826 0.034847736 46.355873108 -0.669476449 0.076253876 -0.738908947 63.811210632
-0.739476264 0.031405523 0.672449648 -164.007751465 0.073480338 0.996708155 0.034255061 46.384040833 -0.669160247 0.074742682 -0.739349663 62.768585205
-0.739654958 0.032057747 0.672222435 -163.064132690 0.074042127 0.996677399 0.033938706 46.409374237 -0.668900907 0.074875757 -0.739570856 61.727592468
-0.739764154 0.031876728 0.672111213 -162.115692139 0.071897715 0.996903241 0.031853817 46.431041718 -0.669014394 0.071887597 -0.739765108 60.686431885
-0.740053117 0.032861758 0.671745121 -161.166076660 0.072383910 0.996895671 0.030976297 46.456943512 -0.668641806 0.071547695 -0.740134358 59.640419006
-0.739703774 0.034550898 0.672045350 -160.218688965 0.074912623 0.996701479 0.031212451 46.484497070 -0.668750107 0.073432684 -0.739852190 58.582599640
-0.739382684 0.035075337 0.672371447 -159.258666992 0.076505885 0.996550858 0.032144040 46.510623932 -0.668924868 0.075207159 -0.739515901 57.519779205
-0.738721669 0.036423467 0.673025548 -158.302368164 0.079732582 0.996249855 0.033599444 46.540004730 -0.669277847 0.078482762 -0.738855422 56.463096619
-0.738006890 0.037014212 0.673777163 -157.346862793 0.080307297 0.996215880 0.033235278 46.563114166 -0.669997334 0.078637138 -0.738186598 55.409397125
-0.737157702 0.037549354 0.674676955 -156.375946045 0.080402106 0.996235728 0.032402154 46.591144562 -0.670920670 0.078130990 -0.737401962 54.346290588
-0.736699522 0.037254263 0.675193071 -155.420898438 0.079957269 0.996275783 0.032270703 46.622592926 -0.671476245 0.077760458 -0.736934721 53.307365417
-0.736535668 0.035349555 0.675474465 -154.458831787 0.078107722 0.996397793 0.033024009 46.649707794 -0.671873868 0.077083178 -0.736643672 52.253398895
-0.736402988 0.033758990 0.675700605 -153.490921021 0.077151529 0.996429205 0.034299426 46.684757233 -0.672129750 0.077389561 -0.736377954 51.200698853
-0.735978127 0.033804167 0.676160753 -152.528717041 0.077266313 0.996420801 0.034286402 46.720157623 -0.672581673 0.077478550 -0.735955775 50.152633667
-0.735865057 0.033836395 0.676282108 -151.555633545 0.076680042 0.996490180 0.033578455 46.753467560 -0.672772288 0.076566614 -0.735876799 49.098587036
-0.735958576 0.034480806 0.676148295 -150.593795776 0.076413043 0.996551275 0.032352231 46.781753540 -0.672700822 0.075476483 -0.736055195 48.055606842
-0.735883772 0.034682967 0.676219285 -149.633758545 0.076090284 0.996597290 0.031688869 46.809234619 -0.672819257 0.074773081 -0.736018777 47.010780334
-0.735727429 0.034761157 0.676385462 -148.666641235 0.075962394 0.996615946 0.031408209 46.833248138 -0.673004806 0.074487783 -0.735878110 45.962207794
-0.735399783 0.034770858 0.676741302 -147.698913574 0.077051915 0.996496201 0.032530751 46.868839264 -0.673238933 0.076067351 -0.735502362 44.911128998
-0.735038579 0.033856556 0.677179754 -146.721054077 0.076107964 0.996560454 0.032786202 46.897338867 -0.673740327 0.075637922 -0.735087156 43.849571228
-0.735099435 0.033295836 0.677141547 -145.750854492 0.075037129 0.996652544 0.032453094 46.924648285 -0.673794150 0.074667044 -0.735137105 42.797130585
-0.735275984 0.033434659 0.676943064 -144.785797119 0.073915832 0.996780872 0.031053528 46.948066711 -0.673725486 0.072869755 -0.735380471 41.752151489
-0.735649168 0.034260444 0.676495790 -143.818572998 0.072419629 0.996973753 0.028261300 46.970394135 -0.673480272 0.069782034 -0.735903859 40.698261261
-0.735963881 0.034803133 0.676126063 -142.863662720 0.072609089 0.996975303 0.027716372 46.994255066 -0.673116267 0.069491178 -0.736264646 39.660350800
-0.735505700 0.034307394 0.676649809 -141.906661987 0.072375238 0.996980965 0.028121708 47.016105652 -0.673642099 0.069656409 -0.735768080 38.615585327
-0.735787272 0.033442255 0.676386893 -140.950836182 0.071999408 0.996982157 0.029029049 47.034660339 -0.673374891 0.070058696 -0.735974431 37.578891754
-0.735702515 0.031982254 0.676549137 -139.988510132 0.071358800 0.996985257 0.030467836 47.052650452 -0.673535109 0.070693038 -0.735766709 36.535728455
-0.735766649 0.030384278 0.676553249 -139.029190063 0.070273280 0.997025669 0.031646885 47.078479767 -0.673579395 0.070828386 -0.735713303 35.496761322
-0.735971987 0.027048562 0.676471651 -138.053039551 0.067700095 0.997133553 0.033784579 47.102886200 -0.673618674 0.070661746 -0.735693336 34.445190430
-0.736202180 0.024318587 0.676324904 -137.079620361 0.064749844 0.997300744 0.034622416 47.133258820 -0.673657298 0.069281064 -0.735789359 33.414955139
-0.736459434 0.023789035 0.676063657 -136.126480103 0.062974796 0.997452617 0.033502627 47.161190033 -0.673544466 0.067248330 -0.736081481 32.386104584
-0.736822844 0.022910446 0.675697625 -135.154968262 0.060180612 0.997680962 0.031796940 47.195320129 -0.673402131 0.064092658 -0.736492872 31.329257965
-0.736621439 0.023096781 0.675910950 -134.211456299 0.059233569 0.997779369 0.030458439 47.224281311 -0.673706591 0.062473007 -0.736353695 30.294757843
-0.736499608 0.022681182 0.676057816 -133.263519287 0.057962157 0.997877896 0.029666133 47.256587982 -0.673950315 0.061034910 -0.736251116 29.268104553
-0.736593485 0.022330558 0.675967097 -132.303771973 0.057344150 0.997917891 0.029521015 47.281997681 -0.673900485 0.060507800 -0.736340284 28.225313187
-0.736383617 0.021947425 0.676207960 -131.356155396 0.057439931 0.997893155 0.030163232 47.305782318 -0.674121320 0.061053101 -0.736092746 27.199346542
-0.735807538 0.020869277 0.676869094 -130.394577026 0.057114027 0.997876227 0.031320609 47.339744568 -0.674777925 0.061704706 -0.735436916 26.157447815
-0.735637486 0.020690784 0.677059412 -129.435653687 0.057719938 0.997812748 0.032220814 47.362930298 -0.674911797 0.062782712 -0.735222757 25.114458084
-0.735180974 0.021559998 0.677527785 -128.496093750 0.057871014 0.997841358 0.031042550 47.392059326 -0.675395966 0.062031172 -0.734841645 24.076185226
-0.734819591 0.023064770 0.677870393 -127.541999817 0.058813527 0.997824013 0.029803220 47.410308838 -0.675707996 0.061767984 -0.734577119 23.027873993
-0.734479427 0.023813579 0.678213477 -126.596282959 0.059186526 0.997823894 0.029060896 47.423927307 -0.676045537 0.061485760 -0.734290481 21.995222092
-0.734031200 0.025361309 0.678642035 -125.645416260 0.060543213 0.997767270 0.028197337 47.438137054 -0.676411569 0.061784945 -0.733927727 20.956001282
-0.733781636 0.025589902 0.678903461 -124.689071655 0.059954740 0.997830749 0.027189828 47.446422577 -0.676734984 0.060654923 -0.733724058 19.922784805
-0.733146250 0.024018716 0.679646850 -123.733795166 0.059613772 0.997798920 0.029044123 47.462409973 -0.677453101 0.061809946 -0.732964456 18.888633728
-0.732613862 0.020701041 0.680329502 -122.770881653 0.059132785 0.997693896 0.033319399 47.492473602 -0.678070784 0.064640090 -0.732148409 17.842407227
-0.732250512 0.018859709 0.680774391 -121.793014526 0.058952793 0.997619569 0.035773046 47.517646790 -0.678479075 0.066328429 -0.731619418 16.800851822
-0.731575072 0.019303203 0.681487739 -120.854690552 0.059103440 0.997631490 0.035189334 47.547420502 -0.679194272 0.066021957 -0.730983377 15.793921471
-0.731023729 0.021417271 0.682016075 -119.896949768 0.059774064 0.997674942 0.032739319 47.564140320 -0.679729164 0.064700134 -0.730604291 14.768096924
-0.730453372 0.022367511 0.682596385 -118.933341980 0.060618572 0.997642219 0.032177486 47.596614838 -0.680267274 0.064882204 -0.730087042 13.743568420
-0.730250299 0.021801937 0.682832062 -117.984580994 0.060611177 0.997616887 0.032967579 47.615299225 -0.680485964 0.065461874 -0.729831398 12.720987320
-0.729379237 0.020162119 0.683813035 -117.005409241 0.060399774 0.997560024 0.035011582 47.639358521 -0.681438506 0.066838898 -0.728817225 11.684043884
-0.729072809 0.019076321 0.684170604 -116.042518616 0.060793869 0.997465372 0.036972001 47.663997650 -0.681731105 0.068548694 -0.728384733 10.652873039
-0.728245080 0.018739961 0.685060203 -115.081832886 0.060225204 0.997508645 0.036734607 47.685283661 -0.682665110 0.068009749 -0.727559507 9.638303757
-0.727887750 0.022951145 0.685311973 -114.118103027 0.061384115 0.997607887 0.031787690 47.703651428 -0.682943046 0.065205194 -0.727555513 8.610355377
-0.727281332 0.027764540 0.685777903 -113.172248840 0.063410997 0.997626066 0.026858512 47.735324860 -0.683404148 0.063019603 -0.727315307 7.615765095
-0.727105618 0.027839871 0.685961127 -112.203964233 0.062429529 0.997718930 0.025681429 47.763011932 -0.683681369 0.061497379 -0.727184892 6.610230923
-0.727389812 0.025601834 0.685747087 -111.220130920 0.061359562 0.997727513 0.027836258 47.795089722 -0.683475971 0.062324990 -0.727307558 5.578522205
-0.727421463 0.023100238 0.685801923 -110.248619080 0.060088284 0.997738302 0.030127494 47.815486908 -0.683554828 0.063124105 -0.727164149 4.556670666
-0.727796912 0.023261612 0.685398221 -109.289314270 0.059689593 0.997780502 0.029518444 47.836566925 -0.683190227 0.062394612 -0.727570057 3.538689375
-0.727646232 0.026131220 0.685454786 -108.312957764 0.060665276 0.997810066 0.026360363 47.851707458 -0.683264792 0.060764369 -0.727638006 2.498662949
-0.727509320 0.026796956 0.685573995 -107.351249695 0.060983941 0.997807562 0.025713008 47.877079010 -0.683381855 0.060515516 -0.727548480 1.471490979
-0.727672100 0.025905436 0.685435712 -106.376861572 0.059639141 0.997891665 0.025599629 47.890682220 -0.683327317 0.059506986 -0.727682948 0.434919953
-0.727873147 0.024293372 0.685281336 -105.411903381 0.057689920 0.997998595 0.025896180 47.915691376 -0.683280647 0.058383010 -0.727818012 -0.590519905
-0.728020906 0.020455092 0.685249686 -104.444190979 0.055288754 0.998050630 0.028947294 47.929733276 -0.683321774 0.058960885 -0.727732837 -1.617901206
-0.728372931 0.017699890 0.684952497 -103.460563660 0.054649815 0.997982204 0.032325216 47.957771301 -0.682998180 0.060977384 -0.727870464 -2.666366577
-0.728031993 0.017152116 0.685328662 -102.495590210 0.053969365 0.998018265 0.032354224 47.979061127 -0.683415473 0.060541704 -0.727515042 -3.697493553
-0.727788150 0.019367697 0.685528159 -101.518722534 0.054919615 0.998036742 0.030108413 48.009853363 -0.683599055 0.059561551 -0.727423131 -4.724846363
-0.727927625 0.019309973 0.685382009 -100.537239075 0.053915408 0.998120189 0.029141143 48.035655975 -0.683530927 0.058165342 -0.727600396 -5.762790203
-0.727564096 0.018928740 0.685778737 -99.572196960 0.053873379 0.998108745 0.029606290 48.067375183 -0.683921397 0.058485735 -0.727207720 -6.784524441
-0.727359056 0.018247910 0.686014354 -98.605934143 0.053797115 0.998086274 0.030490346 48.099746704 -0.684145033 0.059083074 -0.726948738 -7.806882381
-0.727050841 0.018806037 0.686326146 -97.637794495 0.055190124 0.997990727 0.031118948 48.132366180 -0.684361875 0.060503528 -0.726627767 -8.845309258
-0.726455033 0.017899415 0.686980903 -96.671867371 0.054666463 0.997997940 0.031804558 48.166542053 -0.685036242 0.060659446 -0.725979269 -9.865598679
-0.726317227 0.017425161 0.687138855 -95.701744080 0.053931370 0.998041391 0.031696983 48.186828613 -0.685240567 0.060080450 -0.725834548 -10.895231247
-0.726128340 0.017025178 0.687348425 -94.724678040 0.053344365 0.998075008 0.031632319 48.212902069 -0.685486734 0.059635334 -0.725638747 -11.934809685
-0.725582957 0.016211696 0.687943935 -93.747787476 0.052090164 0.998148024 0.031418301 48.235008240 -0.686160564 0.058631744 -0.725083649 -12.945244789
-0.725536585 0.015649108 0.688005865 -92.766845703 0.051326171 0.998187482 0.031421594 48.264038086 -0.686267138 0.058110267 -0.725024641 -13.974158287
-0.725320697 0.015167885 0.688244402 -91.802749634 0.051514514 0.998149991 0.032291852 48.298233032 -0.686481297 0.058876559 -0.724760056 -14.989830017
-0.725207567 0.013085028 0.688405991 -90.814239502 0.049455654 0.998226881 0.033125464 48.318344116 -0.686751783 0.058068454 -0.724568725 -16.009714127
-0.725190163 0.013380493 0.688418686 -89.831001282 0.050763655 0.998129189 0.034074940 48.352066040 -0.686674774 0.059657503 -0.724512637 -17.051557541
-0.725085020 0.011901058 0.688556731 -88.851600647 0.048821170 0.998223305 0.034157746 48.379150391 -0.686926961 0.058383454 -0.724377692 -18.072185516
-0.724983335 0.010723377 0.688683152 -87.873077393 0.047106788 0.998309493 0.034045208 48.401081085 -0.687153816 0.057123899 -0.724262953 -19.086351395
-0.725011945 0.010146568 0.688661575 -86.905853271 0.046479769 0.998332798 0.034223944 48.429843903 -0.687166214 0.056821652 -0.724274814 -20.105007172
-0.725181520 0.009574873 0.688491046 -85.943954468 0.045933060 0.998348653 0.034496769 48.455348969 -0.687023818 0.056640971 -0.724423766 -21.115488052
-0.725948930 0.010434873 0.687669575 -84.956642151 0.046984129 0.998301387 0.034450997 48.480430603 -0.686142027 0.057319261 -0.725205898 -22.142732620
-0.726418316 0.012473801 0.687139452 -84.001213074 0.049041711 0.998227239 0.033723988 48.501834869 -0.685500622 0.058196269 -0.725742340 -23.147115707
-0.727009654 0.015514765 0.686452210 -83.050102234 0.052370384 0.998085439 0.032906413 48.533077240 -0.684627295 0.059873082 -0.726430178 -24.158740997
-0.727906764 0.017564548 0.685451388 -82.087577820 0.054273210 0.998011291 0.032060906 48.566589355 -0.683525026 0.060539033 -0.727412522 -25.185447693
-0.728686631 0.018032251 0.684610128 -81.132400513 0.054746479 0.997987866 0.031984668 48.596084595 -0.682655752 0.060786836 -0.728207648 -26.200679779
-0.729204953 0.019056160 0.684030056 -80.167320251 0.057049349 0.997825205 0.033018909 48.619560242 -0.681913197 0.063101068 -0.728706300 -27.230234146
-0.729863942 0.018727023 0.683336020 -79.192039490 0.058753304 0.997644246 0.035413019 48.642364502 -0.681062937 0.065994971 -0.729244888 -28.262441635
-0.730257571 0.019578030 0.682891369 -78.236816406 0.059765555 0.997587740 0.035310768 48.671447754 -0.680552840 0.066599384 -0.729666173 -29.291316986
-0.730978906 0.019570712 0.682119548 -77.286216736 0.058105104 0.997743487 0.033640765 48.693637848 -0.679921925 0.064225353 -0.730466723 -30.311233521
-0.731912792 0.023909550 0.680978656 -76.336853027 0.059931561 0.997770011 0.029381871 48.708602905 -0.678757429 0.062317125 -0.731713533 -31.335155487
-0.732379496 0.023447067 0.680492938 -75.393379211 0.056896463 0.998019040 0.026846945 48.717914581 -0.678515434 0.058379844 -0.732262671 -32.375328064
-0.732962310 0.025137164 0.679804921 -74.450820923 0.059440348 0.997861385 0.027190287 48.731933594 -0.677667737 0.060337346 -0.732888997 -33.386306763
-0.733116210 0.024605222 0.679658353 -73.507484436 0.060458295 0.997746706 0.029092781 48.757610321 -0.677410960 0.062419415 -0.732951999 -34.406867981
-0.733177662 0.024951497 0.679578960 -72.559852600 0.061321624 0.997681201 0.029527100 48.770271301 -0.677266300 0.063321561 -0.733007669 -35.430309296
-0.733044922 0.024550425 0.679737210 -71.616958618 0.061019659 0.997692466 0.029770829 48.797939301 -0.677437901 0.063300729 -0.732851386 -36.445930481
-0.732660651 0.024087302 0.680167913 -70.678192139 0.061475039 0.997630537 0.030889558 48.812545776 -0.677812278 0.064444952 -0.732405305 -37.455158234
-0.732658505 0.022610288 0.680220902 -69.738571167 0.060765501 0.997629702 0.032288980 48.842281342 -0.677878559 0.064990804 -0.732295692 -38.464000702
-0.731886506 0.022140455 0.681067109 -68.810653687 0.060413107 0.997644544 0.032489032 48.867866516 -0.678743541 0.064923704 -0.731500089 -39.460323334
-0.731598496 0.021342024 0.681401968 -67.894500732 0.058688790 0.997771025 0.031761196 48.890529633 -0.679205179 0.063227139 -0.731220245 -40.442256927
-0.731107056 0.020748911 0.681947351 -66.977676392 0.057949670 0.997814000 0.031767603 48.918228149 -0.679797411 0.062744193 -0.730711162 -41.413654327
-0.730083883 0.019197116 0.683088124 -66.072273254 0.056778207 0.997853041 0.032641351 48.935573578 -0.680994868 0.062615484 -0.729606390 -42.378494263
-0.728748322 0.018491391 0.684531987 -65.179618835 0.057756789 0.997733176 0.034535512 48.962703705 -0.682341695 0.064704113 -0.728164375 -43.324356079
-0.727697730 0.017359309 0.685678422 -64.282341003 0.057024684 0.997749984 0.035259187 48.987758636 -0.683523357 0.064758673 -0.727050304 -44.265869141
-0.726538718 0.017001709 0.686914980 -63.431491852 0.055671498 0.997863710 0.034184858 49.002128601 -0.684866309 0.063078269 -0.725933254 -45.157585144
-0.725681186 0.017672781 0.687804222 -62.667118073 0.054207575 0.998031199 0.031548806 49.014274597 -0.685892463 0.060178619 -0.725210369 -45.961166382
-0.725212872 0.017570565 0.688300610 -61.937961578 0.052479453 0.998176873 0.029812880 49.033634186 -0.686521828 0.057742368 -0.724812865 -46.718841553
-0.724462152 0.017756423 0.689086199 -61.213005066 0.052736461 0.998166025 0.029722957 49.051433563 -0.687294602 0.057873163 -0.724069893 -47.476707458
-0.723452091 0.018294876 0.690132380 -60.489356995 0.054064177 0.998080134 0.030216033 49.068531036 -0.688254535 0.059171334 -0.723052323 -48.235862732
-0.722416401 0.018664500 0.691206515 -59.774230957 0.055010997 0.998018384 0.030545574 49.076488495 -0.689266741 0.060090631 -0.722011685 -48.982894897
-0.721304953 0.019976452 0.692329526 -59.071960449 0.057102729 0.997896135 0.030699290 49.089229584 -0.690259755 0.061677512 -0.720928133 -49.729789734
-0.720374584 0.021192150 0.693261683 -58.368381500 0.059222959 0.997762084 0.031038716 49.102478027 -0.691052616 0.063416548 -0.720017493 -50.466156006
-0.719533026 0.020721599 0.694149494 -57.670505524 0.058774389 0.997785568 0.031137913 49.117179871 -0.691967010 0.063203000 -0.719157517 -51.209480286
-0.718430519 0.020287300 0.695302725 -56.973396301 0.057830617 0.997856081 0.030639099 49.128601074 -0.693190515 0.062221903 -0.718063295 -51.921897888
-0.717182636 0.019907566 0.696600854 -56.270347595 0.057725452 0.997853696 0.030914156 49.146892548 -0.694490254 0.062382750 -0.716792464 -52.640476227
-0.714974403 0.018728342 0.698899806 -55.569087982 0.057588071 0.997821867 0.032174028 49.161060333 -0.696774900 0.063251950 -0.714495659 -53.351337433
-0.712487638 0.017040592 0.701477647 -54.885330200 0.056999512 0.997806787 0.033654958 49.172477722 -0.699365616 0.063962676 -0.711896360 -54.039409637
-0.709254503 0.014210179 0.704809487 -54.206825256 0.053630546 0.997987032 0.033847582 49.177051544 -0.702909768 0.061805911 -0.708588779 -54.711837769
-0.705101967 0.013589385 0.708975673 -53.535110474 0.052613340 0.998063087 0.033195335 49.192310333 -0.707151294 0.060707729 -0.704451203 -55.374481201
-0.700006366 0.013613805 0.714006960 -52.852264404 0.051612623 0.998168111 0.031568687 49.202152252 -0.712269306 0.058950100 -0.699426532 -56.034458160
-0.693070471 0.013347823 0.720746458 -52.170738220 0.050412908 0.998278141 0.029989492 49.209743500 -0.719105124 0.057119802 -0.692549944 -56.679004669
-0.684144676 0.012594694 0.729237854 -51.489402771 0.049128335 0.998375833 0.028847400 49.217079163 -0.727690101 0.055562079 -0.683652222 -57.309082031
-0.672234178 0.012151187 0.740239024 -50.823352814 0.049370036 0.998375416 0.028445879 49.230937958 -0.738690794 0.055667967 -0.671741962 -57.915340424
-0.657722116 0.011468543 0.753173530 -50.173355103 0.050464444 0.998308599 0.028867722 49.240055084 -0.751568496 0.056995474 -0.657188356 -58.481338501
-0.641074657 0.010186572 0.767410874 -49.556949615 0.049467716 0.998381197 0.028071525 49.243156433 -0.765882492 0.055958066 -0.640540838 -58.979141235
-0.621930003 0.009257290 0.783018291 -48.927146912 0.049002632 0.998430490 0.027117385 49.258201599 -0.781538188 0.055235118 -0.621407509 -59.472080231
-0.600860000 0.008846171 0.799305320 -48.281906128 0.049322534 0.998443782 0.026026981 49.270576477 -0.797831118 0.055062391 -0.600361288 -59.912677765
-0.576816142 0.007818290 0.816836596 -47.634101868 0.049426753 0.998456120 0.025346432 49.272438049 -0.815377295 0.054993872 -0.576311886 -60.329490662
-0.549476087 0.005836785 0.835489154 -46.977844238 0.048416249 0.998517692 0.024866147 49.274566650 -0.834105492 0.054114666 -0.548944056 -60.729579926
-0.519282639 0.004946696 0.854588211 -46.294288635 0.047673427 0.998593807 0.023188014 49.274887085 -0.853271782 0.052782349 -0.518788218 -61.119800568
-0.485107511 0.004013007 0.874445558 -45.603412628 0.044929579 0.998782992 0.020341467 49.284976959 -0.873299658 0.049156327 -0.484697491 -61.472759247
-0.446758449 0.001893852 0.894652605 -44.914913177 0.043603599 0.998855412 0.019659642 49.281967163 -0.893591344 0.047793254 -0.446329713 -61.803195953
-0.406704605 -0.000325709 0.913559616 -44.220409393 0.042229649 0.998924255 0.019156173 49.284339905 -0.912583113 0.046370272 -0.406253308 -62.072185516
-0.364673585 -0.001899838 0.931133568 -43.516857147 0.039278299 0.999076426 0.017421545 49.283535004 -0.930306613 0.042926587 -0.364262164 -62.320995331
-0.320223957 -0.003231706 0.947336257 -42.799781799 0.036979377 0.999189317 0.015908517 49.287742615 -0.946619630 0.040126264 -0.319844782 -62.543151855
-0.273403227 -0.003639372 0.961892724 -42.123477936 0.037324242 0.999199569 0.014389306 49.290359497 -0.961175203 0.039836064 -0.273048609 -62.725120544
-0.224209234 -0.004517443 0.974530697 -41.435916901 0.037363932 0.999214113 0.013228079 49.285095215 -0.973824561 0.039378222 -0.223864347 -62.854835510
-0.172108799 -0.007228694 0.985051334 -40.741321564 0.036473166 0.999240577 0.013705369 49.282829285 -0.984402418 0.038286835 -0.171714470 -62.947216034
-0.119323611 -0.008802658 0.992816448 -40.013156891 0.037299328 0.999215007 0.013342211 49.273323059 -0.992154598 0.038623489 -0.118901625 -63.005222321
-0.064619325 -0.008165848 0.997876644 -39.289447784 0.036306642 0.999285221 0.010528401 49.263057709 -0.997249305 0.036909956 -0.064276695 -63.038875580
-0.010833950 -0.007279961 0.999914825 -38.568183899 0.035362057 0.999345183 0.007658878 49.258411407 -0.999315798 0.035442092 -0.010569442 -63.028011322
0.043451324 -0.006577771 0.999033868 -37.846054077 0.034279346 0.999399304 0.005089170 49.255485535 -0.998467326 0.034025166 0.043650709 -62.965526581
0.098186798 -0.005553903 0.995152533 -37.123855591 0.032259911 0.999476612 0.002395019 49.256908417 -0.994645000 0.031868439 0.098314613 -62.906520844
0.151584193 -0.006343029 0.988423944 -36.430950165 0.031474259 0.999503255 0.001587161 49.252017975 -0.987942994 0.030869396 0.151708513 -62.789951324
0.203705102 -0.006779339 0.979008794 -35.729038239 0.028878357 0.999582469 0.000912911 49.235961914 -0.978606343 0.028086269 0.203815803 -62.615127563
0.254565388 -0.007967419 0.967022717 -35.059085846 0.026583381 0.999645829 0.001238122 49.223365784 -0.966690004 0.025391620 0.254687011 -62.412078857
0.302106172 -0.008763478 0.953234017 -34.386024475 0.024684891 0.999694288 0.001367175 49.205806732 -0.952954590 0.023117512 0.302230209 -62.164043427
0.345564157 -0.008429008 0.938357174 -33.749572754 0.022984121 0.999735713 0.000515994 49.191928864 -0.938113570 0.021389071 0.345666558 -61.899265289
0.384399176 -0.005302182 0.923151791 -33.128170013 0.017994694 0.999836564 -0.001750457 49.186325073 -0.922991633 0.017284770 0.384431750 -61.623855591
0.417050093 -0.000182348 0.908883631 -32.498958588 0.011571521 0.999920011 -0.005109212 49.170955658 -0.908809900 0.012648026 0.417018771 -61.325935364
0.442123771 0.005371448 0.896938026 -31.904043198 0.005003172 0.999951780 -0.008454675 49.158752441 -0.896940172 0.008225610 0.442075551 -61.016239166
0.460859954 0.009431847 0.887422681 -31.331071854 0.000442541 0.999940932 -0.010857680 49.148452759 -0.887472808 0.005396653 0.460828513 -60.690246582
0.473713070 0.009437820 0.880628765 -30.747827530 0.000240631 0.999941170 -0.010846079 49.129306793 -0.880679190 0.005349897 0.473682910 -60.358356476
0.481761277 0.009035880 0.876255929 -30.208976746 0.000219332 0.999945521 -0.010432071 49.115726471 -0.876302540 0.005218018 0.481733054 -60.040966034
0.486246318 0.008498488 0.873780429 -29.682010651 0.000377563 0.999950528 -0.009935872 49.100238800 -0.873821735 0.005161249 0.486219019 -59.759639740
0.487868667 0.007913692 0.872881174 -29.167903900 0.000651699 0.999955297 -0.009430141 49.088363647 -0.872916877 0.005169585 0.487841725 -59.493373871
0.488551974 0.007433773 0.872503161 -28.662721634 0.001256619 0.999956727 -0.009223448 49.080963135 -0.872533858 0.005602598 0.488521457 -59.217418671
0.488675147 0.007010560 0.872437596 -28.162282944 0.002257482 0.999954224 -0.009299837 49.072147369 -0.872462928 0.006514170 0.488636941 -58.945293427
0.487639964 0.006578505 0.873020113 -27.663978577 0.002729530 0.999955237 -0.009059757 49.061302185 -0.873040617 0.006800896 0.487600058 -58.680286407
0.485304892 0.006116744 0.874323666 -27.167030334 0.003087903 0.999957323 -0.008709788 49.048706055 -0.874339521 0.006926788 0.485265285 -58.429752350
0.481447101 0.005692542 0.876456678 -26.675746918 0.003456748 0.999958754 -0.008393642 49.040637970 -0.876468420 0.007070845 0.481407553 -58.175647736
0.476142436 0.005205128 0.879352689 -26.182683945 0.004298822 0.999956727 -0.008246824 49.030185699 -0.879357636 0.007706903 0.476099402 -57.922466278
0.471134126 0.004972016 0.882047594 -25.677846909 0.005660052 0.999946415 -0.008659973 49.018093109 -0.882043481 0.009072504 0.471080750 -57.670257568
0.466553092 0.004551794 0.884481609 -25.177232742 0.007127447 0.999934971 -0.008905720 49.007102966 -0.884464502 0.010459147 0.466490299 -57.416858673
0.461741030 0.004496832 0.887003362 -24.690008163 0.008109766 0.999923944 -0.009291074 48.999107361 -0.886977673 0.011483519 0.461669385 -57.170787811
0.456459075 0.004414248 0.889733374 -24.203794479 0.008681286 0.999917984 -0.009414783 48.991039276 -0.889702022 0.012021555 0.456383348 -56.918758392
0.451956213 0.004519899 0.892028689 -23.733989716 0.008862396 0.999915004 -0.009556914 48.986030579 -0.891996086 0.012224879 0.451877743 -56.680732727
0.447833598 0.004327073 0.894106269 -23.273004532 0.009516375 0.999908566 -0.009605724 48.977108002 -0.894066155 0.012810480 0.447751492 -56.455677032
0.443037540 0.002978905 0.896498024 -22.825647354 0.011220241 0.999897718 -0.008867502 48.971954346 -0.896432877 0.013987622 0.442958862 -56.239753723
0.438302159 0.001989216 0.898825347 -22.381767273 0.012162039 0.999892890 -0.008143692 48.961601257 -0.898745298 0.014501011 0.438231051 -56.044017792
0.434126675 0.001076745 0.900851250 -21.945262909 0.012711680 0.999892414 -0.007321096 48.948982239 -0.900762081 0.014629676 0.434066206 -55.856876373
0.429953367 0.000664711 0.902850807 -21.534561157 0.012394716 0.999901116 -0.006638865 48.938461304 -0.902766049 0.014045046 0.429902613 -55.651863098
0.425658166 0.000262901 0.904883981 -21.138971329 0.012305450 0.999905765 -0.006079122 48.928482056 -0.904800355 0.013722694 0.425614804 -55.462497711
0.421589702 0.000156676 0.906786680 -20.756774902 0.012294935 0.999907076 -0.005889133 48.917999268 -0.906703293 0.013631744 0.421548605 -55.311431885
0.418295860 -0.000529200 0.908310592 -20.359024048 0.013376849 0.999894977 -0.005577874 48.908828735 -0.908212304 0.014483600 0.418258995 -55.145561218
0.415570706 -0.001257445 0.909560144 -19.984481812 0.014197110 0.999886155 -0.005104348 48.896621704 -0.909450173 0.015034404 0.415541232 -54.990455627
0.412767351 -0.001242434 0.910835624 -19.604995728 0.014537266 0.999880672 -0.005224139 48.894947052 -0.910720527 0.015397478 0.412736148 -54.839855194
0.410128683 -0.001102193 0.912027001 -19.283275604 0.014722485 0.999876916 -0.005412301 48.889820099 -0.911908984 0.015647108 0.410094500 -54.683887482
0.408242881 -0.000065458 0.912873387 -18.944520950 0.014356114 0.999876738 -0.006348569 48.895801544 -0.912760496 0.015697135 0.408193558 -54.544048309
0.407150328 0.001065467 0.913360536 -18.618230820 0.014458537 0.999866486 -0.007611702 48.888286591 -0.913246691 0.016305026 0.407080531 -54.394874573
0.406589806 0.002690000 0.913606763 -18.288560867 0.014831736 0.999844432 -0.009544717 48.892604828 -0.913490355 0.017431226 0.406486660 -54.258419037
0.407053590 0.004499992 0.913393259 -17.968750000 0.015703443 0.999805510 -0.011924078 48.895992279 -0.913269281 0.019197220 0.406903774 -54.111972809
0.409160912 0.005017992 0.912448347 -17.639030457 0.016738050 0.999775350 -0.013004053 48.889263153 -0.912308633 0.020593420 0.408985078 -53.974834442
0.413725078 0.004832804 0.910388947 -17.343111038 0.017019708 0.999770045 -0.013041984 48.886562347 -0.910242736 0.020890415 0.413547754 -53.869258881
0.421074957 0.004664859 0.907013774 -17.117362976 0.016763683 0.999775946 -0.012924489 48.878463745 -0.906870902 0.020647135 0.420902401 -53.732143402
0.430390030 0.005901709 0.902623892 -16.902009964 0.016113214 0.999769032 -0.014220126 48.882358551 -0.902499199 0.020664431 0.430195570 -53.627426147
0.441815913 0.007764479 0.897072077 -16.669109344 0.015321840 0.999751329 -0.016199470 48.878067017 -0.896974862 0.020902041 0.441587090 -53.521240234
0.455148786 0.009378880 0.890365958 -16.448055267 0.014659738 0.999729991 -0.018024970 48.870304108 -0.890294731 0.021256635 0.454888433 -53.394432068
0.470272332 0.010349726 0.882460654 -16.270679474 0.014084296 0.999715805 -0.019230722 48.868888855 -0.882408857 0.021472571 0.469992965 -53.297206879
0.487010419 0.010468727 0.873333395 -16.096223831 0.013481511 0.999718904 -0.019501757 48.865341187 -0.873292029 0.021271471 0.486732453 -53.180622101
0.504878819 0.010256017 0.863129139 -15.935877800 0.012741886 0.999731898 -0.019332549 48.862163544 -0.863096237 0.020758549 0.504612744 -53.019001007
0.523788810 0.010791255 0.851779759 -15.778557777 0.012124315 0.999723971 -0.020121366 48.867553711 -0.851761878 0.020866651 0.523513436 -52.912796021
0.544021130 0.012669630 0.838975847 -15.594499588 0.012023378 0.999665558 -0.022892771 48.869926453 -0.838985264 0.022541529 0.543686867 -52.723876953
0.565386176 0.013511395 0.824715614 -15.399546623 0.011957015 0.999626517 -0.024574285 48.873832703 -0.824739635 0.023755157 0.565013468 -52.511619568
0.587360501 0.013541376 0.809212148 -15.204517365 0.011261385 0.999626517 -0.024901915 48.864433289 -0.809247077 0.023739304 0.586988688 -52.366821289
0.609616816 0.013569586 0.792580068 -15.005633354 0.008857651 0.999674380 -0.023928264 48.850898743 -0.792646766 0.021607522 0.609298050 -52.194858551
0.632354736 0.012723120 0.774574399 -14.791746140 0.005293289 0.999770820 -0.020743731 48.836067200 -0.774660826 0.017217493 0.632142365 -52.009239197
0.655193150 0.009384753 0.755403221 -14.593709946 0.003817483 0.999868929 -0.015733104 48.819103241 -0.755451858 0.013192012 0.655071378 -51.792289734
0.677878797 0.006428391 0.735145509 -14.387988091 0.004760638 0.999902368 -0.013133492 48.801551819 -0.735158145 0.012402726 0.677782118 -51.551380157
0.700291276 0.005034006 0.713839352 -14.167254448 0.004880620 0.999917924 -0.011839606 48.782890320 -0.713840425 0.011775197 0.700209260 -51.333438873
0.723423481 0.004456952 0.690390170 -13.945215225 0.004563981 0.999926448 -0.011237768 48.779457092 -0.690389633 0.011280640 0.723349810 -51.039138794
0.746475399 0.004559805 0.665397346 -13.756731033 0.002818552 0.999945879 -0.010014573 48.773723602 -0.665407121 0.009351132 0.746422172 -50.725166321
0.767905176 0.003949922 0.640551269 -13.518468857 0.002276908 0.999957860 -0.008895988 48.756038666 -0.640559375 0.008289794 0.767863810 -50.456726074
0.789574921 0.002811297 0.613647580 -13.295090675 0.003156598 0.999957621 -0.008642878 48.745559692 -0.613645911 0.008761278 0.789532542 -50.116897583
0.811259389 0.000198822 0.584686399 -13.080985069 0.006560931 0.999933898 -0.009443631 48.745449066 -0.584649622 0.011497356 0.811204374 -49.782558441
0.832095623 -0.001603348 0.554629803 -12.901466370 0.008111229 0.999924064 -0.009278672 48.746448517 -0.554572821 0.012219507 0.832045436 -49.428234100
0.852324486 -0.003725603 0.523000062 -12.687057495 0.009131207 0.999928176 -0.007758227 48.745582581 -0.522933722 0.011388181 0.852297306 -49.002895355
0.871342003 -0.003933408 0.490660489 -12.488776207 0.008038154 0.999948084 -0.006258741 48.736251831 -0.490610391 0.009397538 0.871328294 -48.547203064
0.889534771 -0.003745869 0.456851959 -12.317351341 0.006937104 0.999961853 -0.005308527 48.734569550 -0.456814677 0.007891378 0.889526904 -48.122627258
0.906579554 -0.006398096 0.421986133 -12.113943100 0.008604891 0.999957442 -0.003325554 48.717041016 -0.421946943 0.006646049 0.906596184 -47.653812408
0.922339857 -0.013461506 0.386145025 -11.914943695 0.014840366 0.999889672 -0.000590407 48.707748413 -0.386094511 0.006275112 0.922437787 -47.149135590
0.936729312 -0.020295080 0.349465609 -11.742238998 0.020939734 0.999778867 0.001933203 48.692592621 -0.349427611 0.005506849 0.936947227 -46.647647858
0.950170934 -0.024098033 0.310796082 -11.588762283 0.024675388 0.999693334 0.002074220 48.692535400 -0.310750842 0.005698168 0.950474262 -46.077281952
0.961861730 -0.024145149 0.272468179 -11.416455269 0.024743332 0.999692976 0.001240242 48.687591553 -0.272414565 0.005548843 0.962164044 -45.554397583
0.971916318 -0.023678554 0.234131932 -11.274209023 0.024296600 0.999704778 0.000244117 48.694908142 -0.234068632 0.005451358 0.972204685 -45.007713318
0.979649484 -0.022631461 0.199435562 -11.153816223 0.023314573 0.999727607 -0.001077842 48.683403015 -0.199356854 0.005705669 0.979910374 -44.350814819
0.985455155 -0.022701919 0.168411925 -11.055274963 0.023339476 0.999725878 -0.001807814 48.677387238 -0.168324813 0.005712172 0.985714972 -43.668079376
0.989885747 -0.025000758 0.139646605 -10.938520432 0.025488997 0.999673605 -0.001709628 48.670227051 -0.139558360 0.005251795 0.990199804 -43.008949280
0.993177176 -0.025070600 0.113888398 -10.869211197 0.025450487 0.999674261 -0.001883877 48.664691925 -0.113804117 0.004769542 0.993491769 -42.318386078
0.995596170 -0.023939468 0.090636939 -10.812278748 0.024266303 0.999702334 -0.002507220 48.654193878 -0.090549998 0.004695604 0.995880783 -41.589340210
0.997325003 -0.023456804 0.069227353 -10.787982941 0.023685468 0.999716401 -0.002486148 48.650207520 -0.069149449 0.004119178 0.997597814 -40.844543457
0.998459339 -0.022843326 0.050567459 -10.771110535 0.022949684 0.999735415 -0.001526547 48.646152496 -0.050519265 0.002684700 0.998719454 -40.074279785
0.999126613 -0.022153035 0.035427965 -10.763778687 0.022173345 0.999754071 -0.000184725 48.627922058 -0.035415210 0.000970116 0.999372184 -39.289081573
0.999484658 -0.019952822 0.025141895 -10.737406731 0.019964483 0.999800682 -0.000218716 48.630100250 -0.025132565 0.000720543 0.999683857 -38.497310638
0.999674499 -0.015447738 0.020306367 -10.723731995 0.015473671 0.999879599 -0.001127825 48.634151459 -0.020286549 0.001441669 0.999793053 -37.660934448
0.999715865 -0.014708186 0.018756479 -10.705101967 0.014750188 0.999888957 -0.002111018 48.630176544 -0.018723393 0.002387073 0.999821842 -36.742633820
0.999700546 -0.016590804 0.017988108 -10.684710503 0.016627304 0.999859989 -0.001889695 48.617530823 -0.017954282 0.002188218 0.999836326 -35.845829010
0.999656081 -0.019170150 0.017894207 -10.668034554 0.019196741 0.999814868 -0.001323663 48.614482880 -0.017865567 0.001666713 0.999839008 -34.904197693
0.999669135 -0.018633071 0.017729761 -10.664833069 0.018660430 0.999824882 -0.001387107 48.604434967 -0.017700860 0.001717489 0.999841809 -33.954364777
0.999711812 -0.016305747 0.017614499 -10.659314156 0.016365064 0.999860823 -0.003236984 48.600044250 -0.017559314 0.003524309 0.999839544 -32.991874695
0.999732435 -0.015242401 0.017396919 -10.658141136 0.015314778 0.999874532 -0.004043239 48.594944000 -0.017333155 0.004308583 0.999840438 -32.024311066
0.999771237 -0.012939984 0.017025394 -10.650017738 0.013018439 0.999905050 -0.004513991 48.591262817 -0.016965413 0.004734596 0.999844849 -31.070497513
0.999768794 -0.013524441 0.016716447 -10.640349388 0.013587781 0.999900877 -0.003690290 48.571044922 -0.016664930 0.003916570 0.999853432 -30.085676193
0.999775350 -0.014302807 0.015641466 -10.623303413 0.014346171 0.999893486 -0.002673189 48.550899506 -0.015601614 0.002896979 0.999873996 -29.101509094
0.999795675 -0.014619490 0.013957303 -10.620893478 0.014651388 0.999890268 -0.002196495 48.548748016 -0.013923707 0.002400535 0.999900162 -28.131015778
0.999827802 -0.014498683 0.011575875 -10.608618736 0.014525512 0.999891937 -0.002250034 48.538375854 -0.011542048 0.002417787 0.999930382 -27.141513824
0.999855816 -0.015006397 0.007944659 -10.591397285 0.015029693 0.999882817 -0.002899514 48.526119232 -0.007900266 0.003018496 0.999964237 -26.138849258
0.999879539 -0.014802053 0.004655229 -10.581445694 0.014815450 0.999886096 -0.002888519 48.516441345 -0.004611990 0.002957135 0.999984920 -25.133348465
0.999889433 -0.014809683 0.001338812 -10.576806068 0.014811251 0.999889493 -0.001281553 48.503864288 -0.001319733 0.001301235 0.999998212 -24.108600616
0.999882102 -0.015257999 -0.001669959 -10.584333420 0.015259690 0.999882996 0.001092893 48.495239258 0.001653041 -0.001118253 0.999997973 -23.059471130
0.999863386 -0.015895769 -0.004522786 -10.592000008 0.015914094 0.999865055 0.004078696 48.491313934 0.004457294 -0.004150121 0.999981403 -22.014747620
0.999847651 -0.015960271 -0.007051630 -10.605151176 0.015997678 0.999857962 0.005302135 48.487270355 0.006965958 -0.005414144 0.999961078 -20.985422134
0.999842405 -0.015462978 -0.008718905 -10.617445946 0.015490932 0.999874949 0.003164867 48.478771210 0.008668828 -0.003299439 0.999956906 -19.958618164
0.999887943 -0.011278644 -0.009838962 -10.635237694 0.011273078 0.999936283 -0.000606126 48.472179413 0.009845125 0.000495137 0.999951363 -18.920022964
0.999893010 -0.009674179 -0.010971291 -10.643562317 0.009651891 0.999951303 -0.002069110 48.461143494 0.010990726 0.001962988 0.999937594 -17.872528076
0.999859333 -0.011669625 -0.012045074 -10.652227402 0.011677019 0.999931633 0.000556026 48.451625824 0.012037714 -0.000696606 0.999927282 -16.813533783
0.999783635 -0.016199764 -0.013041390 -10.664223671 0.016269907 0.999853551 0.005302201 48.457725525 0.012953538 -0.005513243 0.999900818 -15.734734535
0.999690771 -0.020450138 -0.014147911 -10.671499252 0.020546082 0.999766588 0.006680279 48.438301086 0.014007949 -0.006968904 0.999877512 -14.669487000
0.999703169 -0.019372834 -0.014771085 -10.681693077 0.019447785 0.999798536 0.004957472 48.433921814 0.014672022 -0.005243272 0.999878585 -13.598764420
0.999752522 -0.016289122 -0.015148029 -10.707172394 0.016317980 0.999865234 0.001793122 48.417533875 0.015116730 -0.002039872 0.999883652 -12.560680389
0.999791384 -0.013862306 -0.015000803 -10.735116005 0.013871633 0.999903619 0.000527685 48.414237976 0.014991995 -0.000735668 0.999887288 -11.507514954
0.999819994 -0.013240787 -0.013586946 -10.754708290 0.013260895 0.999911070 0.001401799 48.404743195 0.013567130 -0.001581729 0.999906600 -10.441373825
0.999852538 -0.011418964 -0.012823598 -10.774703026 0.011452744 0.999931097 0.002575394 48.394187927 0.012793258 -0.002721887 0.999914408 -9.378201485
0.999863446 -0.011541861 -0.011823505 -10.794564247 0.011585189 0.999926329 0.003615133 48.385314941 0.011780860 -0.003751623 0.999923527 -8.329677582
0.999881864 -0.011144310 -0.010587106 -10.813203812 0.011196176 0.999925435 0.004866389 48.382976532 0.010532036 -0.004984356 0.999932110 -7.241045952
0.999904037 -0.010031494 -0.009551242 -10.835703850 0.010097870 0.999924958 0.006942460 48.383918762 0.009480832 -0.007038247 0.999930263 -6.160058498
0.999936163 -0.008351457 -0.007607839 -10.854994774 0.008404640 0.999940157 0.007005438 48.373264313 0.007548831 -0.007068939 0.999946475 -5.100106716
0.999960244 -0.006875145 -0.005675712 -10.858105659 0.006909066 0.999958098 0.006004777 48.361675262 0.005634143 -0.006043759 0.999965847 -4.015905380
0.999985278 -0.004420176 -0.003143538 -10.875418663 0.004432603 0.999982178 0.004004551 48.361015320 0.003125734 -0.004018432 0.999987006 -2.963913679
0.999986529 -0.004940724 -0.001553858 -10.882701874 0.004946914 0.999979377 0.004100207 48.351493835 0.001533520 -0.004107844 0.999990344 -1.891815424
0.999988139 -0.004858968 -0.000041763 -10.880140305 0.004858970 0.999974906 0.005155232 48.345111847 0.000016665 -0.005155381 0.999986649 -0.822966576
0.999977827 -0.006364450 0.001937201 -10.883891106 0.006354263 0.999966562 0.005144565 48.337219238 -0.001969927 -0.005132148 0.999984860 0.266362011
0.999987364 -0.003289313 0.003809734 -10.893025398 0.003283614 0.999993503 0.001461903 48.335494995 -0.003814566 -0.001449382 0.999991655 1.336413145
0.999985874 -0.002747498 0.004535913 -10.889499664 0.002752313 0.999995649 -0.001087941 48.320602417 -0.004532952 0.001100405 0.999989092 2.399246693
0.999981284 -0.004409360 0.004240347 -10.883147240 0.004410545 0.999990225 -0.000305368 48.311019897 -0.004239006 0.000324059 0.999990880 3.473744631
0.999976158 -0.005376868 0.004339890 -10.867746353 0.005368757 0.999983847 0.001844134 48.288627625 -0.004349783 -0.001820797 0.999988854 4.578985691
0.999969661 -0.006440847 0.004359735 -10.863681793 0.006427727 0.999974847 0.002982975 48.278762817 -0.004378886 -0.002954867 0.999985933 5.653802872
0.999944866 -0.009180377 0.005089833 -10.852019310 0.009167796 0.999954939 0.002460892 48.265663147 -0.005112244 -0.002414099 0.999983966 6.746392727
0.999943078 -0.008829863 0.005997799 -10.855854988 0.008814773 0.999957979 0.002513241 48.260898590 -0.006019786 -0.002460234 0.999978840 7.846997261
0.999921679 -0.010454087 0.006874573 -10.850399971 0.010422919 0.999935389 0.004532734 48.241016388 -0.006921563 -0.004460732 0.999966025 8.933027267
0.999884129 -0.013386378 0.007242563 -10.843141556 0.013315459 0.999863982 0.009733241 48.243087769 -0.007371918 -0.009635680 0.999926329 10.021183968
0.999859214 -0.014631271 0.008217760 -10.833139420 0.014543054 0.999837220 0.010676400 48.244525909 -0.008372678 -0.010555391 0.999909222 11.115545273
0.999878466 -0.013182741 0.008314302 -10.836456299 0.013122607 0.999887764 0.007228577 48.244106293 -0.008408708 -0.007118600 0.999939263 12.208638191
0.999890804 -0.011932258 0.008719591 -10.831840515 0.011920290 0.999927938 0.001406150 48.242893219 -0.008735791 -0.001302063 0.999960899 13.311064720
0.999917269 -0.009198796 0.008990566 -10.832813263 0.009208905 0.999957025 -0.001100108 48.238624573 -0.008980107 0.001182803 0.999958932 14.413165092
0.999905825 -0.010158654 0.009230194 -10.826750755 0.010163838 0.999948204 -0.000530960 48.233165741 -0.009224370 0.000624718 0.999957204 15.512561798
0.999917626 -0.008954894 0.009192118 -10.828176498 0.008952118 0.999959826 0.000327045 48.215885162 -0.009194725 -0.000244735 0.999957681 16.630083084
0.999912977 -0.009861538 0.008768750 -10.822354317 0.009845041 0.999949753 0.001905787 48.199935913 -0.008787151 -0.001819298 0.999959707 17.742815018
0.999906600 -0.010626785 0.008590750 -10.815003395 0.010602335 0.999939680 0.002869443 48.185546875 -0.008620772 -0.002778099 0.999958992 18.852159500
0.999907434 -0.010417008 0.008750786 -10.810029984 0.010384399 0.999939024 0.003746924 48.170558929 -0.008789332 -0.003655712 0.999954641 19.969264984
0.999915123 -0.009597294 0.008803504 -10.804348946 0.009547087 0.999938130 0.005710871 48.159938812 -0.008857817 -0.005626345 0.999944925 21.070854187
0.999910653 -0.009717628 0.009179181 -10.801581383 0.009644414 0.999921679 0.007971085 48.157382965 -0.009255970 -0.007881851 0.999926031 22.177314758
0.999929905 -0.007455518 0.009190792 -10.796785355 0.007408578 0.999959469 0.005114797 48.149383545 -0.009228599 -0.005046353 0.999944627 23.284099579
0.999930680 -0.007091885 0.009391157 -10.791084290 0.007104534 0.999973834 -0.001329931 48.134517670 -0.009381529 0.001396553 0.999954998 24.373544693
0.999923944 -0.007681806 0.009645282 -10.789946556 0.007724792 0.999960303 -0.004442616 48.128391266 -0.009610820 0.004516781 0.999943614 25.479032516
0.999900401 -0.010033994 0.009917975 -10.771315575 0.010077711 0.999939620 -0.004382532 48.113506317 -0.009873451 0.004482041 0.999941170 26.589797974
0.999863088 -0.012866268 0.010401949 -10.750762939 0.012922542 0.999902070 -0.005375382 48.080348969 -0.010331819 0.005509063 0.999931395 27.700151443
0.999863327 -0.012247967 0.011101370 -10.753867149 0.012310298 0.999908626 -0.005577342 48.062755585 -0.011032091 0.005713236 0.999922693 28.810632706
0.999809742 -0.015687641 0.011585340 -10.736483574 0.015723797 0.999871731 -0.003049078 48.038986206 -0.011536072 0.003230659 0.999928176 29.918136597
0.999793768 -0.016249616 0.012175038 -10.711988449 0.016230304 0.999866843 0.001671014 48.025348663 -0.012200620 -0.001473070 0.999924421 31.007919312
0.999796331 -0.015050407 0.013445891 -10.708591461 0.014983892 0.999875069 0.005023007 48.013134003 -0.013519858 -0.004820517 0.999896944 32.129905701
0.999809980 -0.013742963 0.013824608 -10.695489883 0.013647554 0.999882638 0.006961514 48.001560211 -0.013918704 -0.006771525 0.999880135 33.221591949
0.999822259 -0.011801485 0.014699798 -10.688558578 0.011692303 0.999903679 0.007481526 47.994449615 -0.014786722 -0.007308326 0.999863923 34.322692871
0.999833345 -0.009842537 0.015370252 -10.682768822 0.009736606 0.999928474 0.006942211 47.992458344 -0.015437530 -0.006791406 0.999857724 35.429618835
0.999848843 -0.006481368 0.016129903 -10.674998283 0.006429549 0.999974072 0.003253294 47.968109131 -0.016150616 -0.003149099 0.999864519 36.508632660
0.999855638 -0.003700158 0.016583676 -10.658176422 0.003717262 0.999992609 -0.001009649 47.972972870 -0.016579865 0.001071144 0.999861956 37.599411011
0.999837041 -0.006127878 0.016976137 -10.643613815 0.006141908 0.999980867 -0.000783020 47.951454163 -0.016971059 0.000887154 0.999855518 38.689132690
0.999828935 -0.006341687 0.017371183 -10.622614861 0.006315022 0.999978781 0.001581043 47.942241669 -0.017380890 -0.001471078 0.999847770 39.772720337
0.999777377 -0.009625936 0.018774446 -10.613372803 0.009540301 0.999943733 0.004637683 47.938884735 -0.018818077 -0.004457540 0.999812961 40.861064911
0.999738753 -0.013136424 0.018704658 -10.593276978 0.013004716 0.999889970 0.007138000 47.924514771 -0.018796412 -0.006892891 0.999799490 41.921375275
0.999684334 -0.015743269 0.019574590 -10.582209587 0.015610574 0.999854267 0.006905811 47.917572021 -0.019680504 -0.006598066 0.999784470 43.001480103
0.999654412 -0.016741700 0.020261560 -10.557025909 0.016629031 0.999845386 0.005709170 47.926498413 -0.020354055 -0.005370273 0.999778390 44.078639984
0.999633849 -0.017527357 0.020611815 -10.534125328 0.017458761 0.999841452 0.003495957 47.917400360 -0.020669870 -0.003134825 0.999781370 45.150928497
0.999598563 -0.018692363 0.021288814 -10.509794235 0.018669780 0.999824882 0.001252033 47.908752441 -0.021308539 -0.000854078 0.999772489 46.220294952
